AXNA012A0E13E4CAE10B9F78BA46365F9A14
HFDTEDATE:100626,02
HFPLTPILOTINCHARGE:James Burgess
HFCM2CREW2:NIL
HFGTYGLIDERTYPE:Ozone Rush 4
HFGIDGLIDERID:NKN
HFDTMGPSDATUM:WGS84
HFRFWFIRMWAREVERSION:3.10.6+3561
HFRHWHARDWAREVERSION:Google Pixel 10 Pro,Android 16
HFFTYFRTYPE:Naviter,SeeYou Navigator
HFGPSRECEIVER:Unknown,Internal,0,0
HFPRSPRESSALTSENSOR:NIL
HFALGALTGPS:GEO
HFALPALTPRESSURE:ISA
HFCIDCOMPETITIONID:NKN
HFCCLCOMPETITIONCLASS:NKN
HFTZNTIMEZONE:-7.0
J020810WDI1113WSP
C100626203851000000000005
C0000000N00000000E
C4213881N12300217WWDLAUN
C4213384N12300153WWOODRA
C4215813N12303090WRABIES
C4218190N12306284WMT-ISA
C4216990N12310589WBILLY
C4213575N12310183WQTZ-PK
C4216990N12310589WBILLY
C0000000N00000000E
LXNAOZN=-1,Style=2,R1=400.0m,A1=180.0,R2=0.0m,A2=0.0,SpeedStyle=0
LXNAOZN=-1,PntElev=1152.0m,Lat=4213.881N,Lon=12300.217W
LXNAOZN=0,Style=1,R1=400.0m,A1=180.0,R2=0.0m,A2=0.0,PntElev=1249.0m
LXNAOZN=0,Lat=4213.384N,Lon=12300.153W
LXNAOZN=1,Style=1,R1=1000.0m,A1=180.0,R2=0.0m,A2=0.0,PntElev=923.0m
LXNAOZN=1,Lat=4215.813N,Lon=12303.090W
LXNAOZN=2,Style=1,R1=3700.0m,A1=180.0,R2=0.0m,A2=0.0,PntElev=1361.0m
LXNAOZN=2,Lat=4218.190N,Lon=12306.284W
LXNAOZN=3,Style=1,R1=1500.0m,A1=180.0,R2=0.0m,A2=0.0,PntElev=1089.0m
LXNAOZN=3,Lat=4216.990N,Lon=12310.589W
LXNAOZN=4,Style=1,R1=1500.0m,A1=180.0,R2=0.0m,A2=0.0,SpeedStyle=2
LXNAOZN=4,PntElev=889.0m,Lat=4213.575N,Lon=12310.183W
LXNAOZN=5,Style=3,R1=3200.0m,A1=180.0,R2=0.0m,A2=0.0,PntElev=1089.0m
LXNAOZN=5,Lat=4216.990N,Lon=12310.589W
LXNATSKN,NoStart=39600,GateTime=11:00,GateCount=1,Deadline=23:00,Short=true
LXNA::VEHICLE:1
LXNA::ACTIVITY:fly
LXNA::LOGSTART,GSP,VARIO
LXNA::PHASE:onGround
E203852ATS102120
B2038524213898N12300211WA0107801155
B2038534213898N12300211WA0107901155
B2038544213898N12300211WA0107901155
B2038554213898N12300212WA0107801155
B2038564213898N12300212WA0107901155
B2038574213898N12300212WA0107801155
B2038584213899N12300212WA0107901155
B2038594213899N12300212WA0107801155
B2039004213899N12300212WA0107801155
B2039014213899N12300212WA0107901155
B2039024213899N12300212WA0107801156
B2039034213898N12300212WA0107801155
B2039044213898N12300212WA0107901156
B2039054213897N12300212WA0107801156
B2039064213897N12300212WA0107801156
B2039074213897N12300212WA0107801156
B2039084213897N12300213WA0107801156
B2039094213897N12300212WA0107801156
B2039104213897N12300212WA0107901156
B2039114213898N12300212WA0107801156
B2039124213898N12300212WA0107801156
B2039134213898N12300212WA0107801155
B2039144213898N12300212WA0107901155
B2039154213898N12300212WA0107801155
B2039164213898N12300212WA0107801155
B2039174213898N12300212WA0107801155
B2039184213898N12300212WA0107801155
B2039194213898N12300212WA0107901155
B2039204213898N12300212WA0107801155
B2039214213898N12300212WA0107801155
B2039224213898N12300212WA0107801155
B2039234213898N12300212WA0108001155
B2039244213898N12300212WA0107901155
B2039254213898N12300211WA0107901155
B2039264213898N12300211WA0107901155
B2039274213898N12300211WA0107801155
B2039284213898N12300211WA0107801155
B2039294213898N12300211WA0107701155
B2039304213898N12300211WA0107901155
B2039314213898N12300211WA0107901155
B2039324213898N12300211WA0107701155
B2039334213898N12300211WA0107801155
B2039344213898N12300211WA0107801155
B2039354213898N12300211WA0107901155
B2039364213898N12300211WA0107801155
B2039374213898N12300211WA0107901155
B2039384213898N12300211WA0107901155
B2039394213898N12300211WA0107801155
B2039404213898N12300211WA0107901155
B2039414213898N12300211WA0107901155
B2039424213898N12300211WA0107801155
B2039434213898N12300211WA0107901155
B2039444213898N12300211WA0108301155
B2039454213898N12300211WA0107401155
B2039464213898N12300211WA0107301155
LXNA::PHASE:takingOff
B2039474213898N12300211WA0107701155
LXNA::PHASE:onGround
B2039484213898N12300211WA0107801155
B2039494213898N12300211WA0107101155
B2039504213898N12300211WA0107601155
B2039514213898N12300211WA0107901155
LXNA::PHASE:takingOff
B2039524213898N12300211WA0107601155
LXNA::PHASE:onGround
B2039534213898N12300211WA0108201155
B2039544213898N12300211WA0107901155
B2039554213898N12300211WA0107901155
B2039564213898N12300210WA0107801155
LXNA::PHASE:takingOff
B2039574213898N12300210WA0107701155
B2039584213898N12300210WA0107801155
LXNA::PHASE:onGround
B2039594213898N12300210WA0107901155
B2040004213898N12300210WA0107801155
B2040014213898N12300210WA0108001156
B2040024213898N12300210WA0107301156
B2040034213898N12300210WA0108001156
B2040044213899N12300210WA0107801155
B2040054213899N12300209WA0107901155
B2040064213899N12300209WA0107501155
B2040074213899N12300209WA0107601155
B2040084213899N12300209WA0107501155
B2040094213900N12300209WA0107401155
LXNA::PHASE:takingOff
B2040104213900N12300209WA0107301155
B2040114213900N12300209WA0107201154
B2040124213900N12300210WA0106501154
B2040134213914N12300198WA0106901153
B2040144213917N12300193WA0107101151
B2040154213919N12300192WA0107001150
B2040164213922N12300192WA0107101149
B2040174213926N12300192WA0106801149
B2040184213930N12300192WA0106801148
B2040194213933N12300189WA0106701147
LXNA::PHASE:soaring
B2040204213936N12300184WA0106801147
B2040214213938N12300182WA0106901146
B2040224213942N12300182WA0107001146
B2040234213947N12300183WA0107101146
B2040244213949N12300183WA0107201146
B2040254213952N12300183WA0107301146
B2040264213956N12300184WA0107501146
B2040274213959N12300185WA0107501147
B2040284213963N12300187WA0107601147
B2040294213965N12300191WA0107701148
B2040304213968N12300196WA0107801149
B2040314213970N12300202WA0108001151
B2040324213972N12300205WA0108101152
B2040334213974N12300208WA0108201153
B2040344213977N12300210WA0108401154
LXNA::BAT:discharging,89%,4.292V,-880mA
B2040354213979N12300212WA0108401155
B2040364213982N12300211WA0108501156
B2040374213984N12300209WA0108401158
B2040384213986N12300207WA0108501159
B2040394213988N12300203WA0108601160
B2040404213989N12300201WA0108701160
B2040414213991N12300201WA0108501161
B2040424213995N12300201WA0108401161
B2040434213999N12300204WA0108301161
B2040444214004N12300208WA0108301161
B2040454214008N12300218WA0108201161
B2040464214008N12300228WA0108201161
B2040474214008N12300241WA0108201160
B2040484214007N12300248WA0108301160
B2040494214006N12300256WA0108501160
B2040504214006N12300265WA0108601160
B2040514214006N12300272WA0108601160
B2040524214007N12300279WA0108601160
B2040534214009N12300286WA0108701160
B2040544214011N12300293WA0108801162
B2040554214012N12300298WA0109001162
B2040564214014N12300302WA0109101162
B2040574214016N12300304WA0109001163
B2040584214018N12300305WA0109001165
B2040594214020N12300303WA0109301165
B2041004214024N12300298WA0109401166
B2041014214025N12300293WA0109701167
B2041024214025N12300288WA0109601167
B2041034214022N12300283WA0109801168
B2041044214018N12300279WA0109701170
B2041054214013N12300276WA0110001171
B2041064214009N12300274WA0110201173
B2041074214005N12300273WA0110401174
B2041084214002N12300272WA0110401174
B2041094213998N12300270WA0110501175
B2041104213994N12300268WA0110701177
B2041114213992N12300266WA0110901179
B2041124213990N12300263WA0111101180
B2041134213987N12300260WA0111201182
B2041144213983N12300258WA0111401182
B2041154213979N12300255WA0111501185
B2041164213975N12300252WA0111801187
B2041174213972N12300251WA0112001189
B2041184213968N12300250WA0112001190
B2041194213962N12300251WA0111901191
B2041204213956N12300253WA0111701193
B2041214213948N12300257WA0111601194
B2041224213941N12300261WA0111701195
B2041234213936N12300267WA0111701195
B2041244213931N12300275WA0111701195
B2041254213926N12300287WA0111701195
B2041264213924N12300298WA0111601195
B2041274213922N12300308WA0111501195
B2041284213925N12300312WA0111401195
B2041294213926N12300313WA0111201194
B2041304213932N12300309WA0111201194
B2041314213935N12300306WA0111301193
B2041324213937N12300303WA0111501193
B2041334213939N12300299WA0111601193
B2041344213940N12300296WA0111801193
B2041354213940N12300292WA0112001193
B2041364213939N12300288WA0112001193
B2041374213938N12300285WA0112101193
B2041384213937N12300282WA0112001193
B2041394213937N12300281WA0112101195
B2041404213935N12300275WA0112001198
B2041414213934N12300270WA0112001198
B2041424213933N12300266WA0112101198
B2041434213931N12300263WA0112101198
B2041444213930N12300260WA0112201198
B2041454213930N12300257WA0112201198
B2041464213929N12300254WA0112101198
B2041474213929N12300250WA0112101199
B2041484213929N12300246WA0112201199
B2041494213929N12300243WA0112301199
B2041504213930N12300239WA0112401199
B2041514213931N12300237WA0112801199
B2041524213933N12300236WA0113001199
B2041534213934N12300235WA0113101200
B2041544213936N12300235WA0113201201
B2041554213937N12300236WA0113101201
B2041564213942N12300236WA0113001206
B2041574213946N12300236WA0113101208
B2041584213950N12300233WA0113101209
B2041594213953N12300229WA0113001209
B2042004213955N12300226WA0112901209
B2042014213954N12300223WA0112901208
B2042024213948N12300220WA0112801208
B2042034213940N12300218WA0112601208
B2042044213932N12300218WA0112701208
B2042054213924N12300219WA0112801207
B2042064213918N12300221WA0113001207
B2042074213915N12300227WA0113001207
B2042084213914N12300238WA0113101207
B2042094213913N12300246WA0113101207
B2042104213916N12300251WA0113401207
B2042114213918N12300253WA0113601208
B2042124213920N12300253WA0113801208
B2042134213922N12300252WA0114101209
B2042144213925N12300251WA0114101210
B2042154213927N12300250WA0114101211
B2042164213928N12300249WA0113801214
B2042174213931N12300246WA0113701216
B2042184213935N12300242WA0113701216
B2042194213938N12300239WA0113701216
B2042204213942N12300239WA0113701216
B2042214213947N12300240WA0113601216
B2042224213951N12300245WA0113701216
B2042234213959N12300251WA0113501216
B2042244213964N12300255WA0113301216
B2042254213971N12300262WA0113201215
B2042264213975N12300268WA0113001215
B2042274213979N12300275WA0112801215
B2042284213983N12300282WA0112901214
B2042294213986N12300288WA0113001211
B2042304213990N12300294WA0113201210
B2042314213992N12300297WA0113201209
B2042324213994N12300302WA0113101209
B2042334213996N12300307WA0113101209
B2042344213999N12300313WA0113101209
B2042354214002N12300316WA0113101209
B2042364214004N12300317WA0113101209
B2042374214008N12300317WA0113201208
B2042384214010N12300315WA0113201208
B2042394214011N12300311WA0113301209
B2042404214010N12300307WA0113301209
B2042414214008N12300303WA0113301209
B2042424214005N12300300WA0113301209
B2042434214002N12300297WA0113201210
B2042444213997N12300294WA0113101210
B2042454213994N12300291WA0113001210
B2042464213990N12300286WA0113101210
B2042474213986N12300282WA0113201210
B2042484213981N12300279WA0113301210
B2042494213977N12300279WA0113401211
B2042504213974N12300279WA0113401210
B2042514213971N12300278WA0113101210
B2042524213968N12300275WA0112901210
B2042534213966N12300270WA0112901209
B2042544213964N12300264WA0112901209
B2042554213965N12300261WA0112801209
B2042564213970N12300258WA0112801209
B2042574213977N12300258WA0112901207
B2042584213981N12300260WA0112901207
B2042594213986N12300262WA0112901207
B2043004213989N12300265WA0112801207
B2043014213993N12300267WA0112801207
B2043024213998N12300268WA0112701207
B2043034214003N12300271WA0112701206
B2043044214007N12300275WA0112701206
B2043054214011N12300280WA0112601206
B2043064214014N12300286WA0112701205
B2043074214017N12300291WA0112701205
B2043084214021N12300296WA0112701205
B2043094214024N12300300WA0112701205
B2043104214027N12300305WA0112601205
B2043114214030N12300310WA0112601205
B2043124214035N12300315WA0112601205
B2043134214039N12300320WA0112701205
B2043144214042N12300324WA0112701205
B2043154214045N12300328WA0112701205
B2043164214048N12300333WA0112801205
B2043174214052N12300338WA0112901205
B2043184214055N12300343WA0113101205
B2043194214058N12300348WA0113201205
B2043204214062N12300354WA0113101205
B2043214214064N12300357WA0113101206
B2043224214068N12300362WA0113101207
B2043234214071N12300365WA0113001209
B2043244214074N12300366WA0113101209
B2043254214078N12300364WA0113001209
B2043264214081N12300361WA0113201209
B2043274214082N12300355WA0113201209
B2043284214080N12300349WA0113101210
B2043294214077N12300344WA0113101210
B2043304214075N12300339WA0113001210
B2043314214073N12300334WA0112801210
B2043324214071N12300329WA0112801209
B2043334214068N12300323WA0112801209
B2043344214063N12300319WA0112801209
B2043354214059N12300315WA0112901209
LXNA::BAT:discharging,88%,4.265V,-677mA
B2043364214056N12300312WA0112901207
B2043374214053N12300307WA0112901207
B2043384214051N12300303WA0112801207
B2043394214047N12300298WA0112801207
B2043404214044N12300295WA0112801207
B2043414214041N12300291WA0112801206
B2043424214039N12300287WA0112801206
B2043434214035N12300284WA0112701206
B2043444214030N12300280WA0112601206
B2043454214025N12300277WA0112501206
B2043464214021N12300275WA0112401206
B2043474214016N12300271WA0112401206
B2043484214012N12300268WA0112401205
B2043494214007N12300264WA0112301204
B2043504214003N12300260WA0112501203
B2043514213999N12300256WA0112701203
B2043524213996N12300255WA0112701203
B2043534213993N12300253WA0112601203
B2043544213989N12300251WA0112301203
B2043554213984N12300248WA0112201203
B2043564213980N12300245WA0112201203
B2043574213976N12300242WA0112301202
B2043584213972N12300240WA0112501202
B2043594213967N12300239WA0112501203
B2044004213964N12300237WA0112601203
B2044014213960N12300234WA0112601203
B2044024213957N12300231WA0112701203
B2044034213954N12300229WA0112801203
B2044044213950N12300227WA0112701204
B2044054213945N12300225WA0112401204
B2044064213940N12300224WA0112401204
B2044074213933N12300223WA0112301204
B2044084213927N12300224WA0112101204
B2044094213922N12300226WA0111901204
B2044104213915N12300230WA0111701203
B2044114213909N12300234WA0111701202
B2044124213901N12300238WA0111401201
B2044134213895N12300242WA0111701199
B2044144213889N12300247WA0111801197
B2044154213884N12300250WA0112001197
B2044164213880N12300254WA0112301197
B2044174213877N12300257WA0112401197
B2044184213872N12300259WA0112101197
B2044194213866N12300262WA0112601197
B2044204213861N12300265WA0112201199
B2044214213856N12300269WA0112401200
B2044224213853N12300273WA0113001201
B2044234213850N12300277WA0113201201
B2044244213848N12300280WA0113701203
B2044254213846N12300283WA0114101203
B2044264213842N12300287WA0114201206
B2044274213837N12300292WA0114601209
B2044284213835N12300294WA0114601211
B2044294213831N12300296WA0114901216
B2044304213828N12300297WA0114801220
B2044314213825N12300299WA0114501222
B2044324213821N12300303WA0114101224
B2044334213818N12300307WA0113901224
B2044344213815N12300316WA0113901224
B2044354213812N12300324WA0113901224
B2044364213809N12300329WA0114201224
B2044374213807N12300333WA0114301222
B2044384213803N12300338WA0114401222
B2044394213800N12300342WA0114601222
B2044404213797N12300346WA0114601222
B2044414213793N12300349WA0114501222
B2044424213788N12300352WA0114501222
B2044434213784N12300357WA0114601224
B2044444213781N12300361WA0114801225
B2044454213778N12300365WA0114901224
B2044464213776N12300368WA0115001225
B2044474213774N12300372WA0115101225
B2044484213772N12300376WA0115201225
B2044494213769N12300382WA0115201228
B2044504213768N12300387WA0115201228
B2044514213769N12300392WA0115101230
B2044524213770N12300396WA0115201230
B2044534213772N12300400WA0115101231
B2044544213775N12300403WA0115501231
B2044554213777N12300403WA0115601231
B2044564213779N12300402WA0115801231
B2044574213782N12300400WA0116001232
B2044584213784N12300398WA0116001232
B2044594213787N12300396WA0116001233
B2045004213789N12300394WA0116101236
B2045014213792N12300391WA0116101238
B2045024213795N12300385WA0116001240
B2045034213797N12300378WA0115801240
B2045044213798N12300368WA0115901240
B2045054213797N12300358WA0115701240
B2045064213796N12300351WA0115801240
B2045074213795N12300344WA0115801239
B2045084213796N12300339WA0115701238
B2045094213797N12300334WA0115401238
B2045104213799N12300330WA0115401238
B2045114213802N12300326WA0115501237
B2045124213806N12300322WA0115601237
B2045134213810N12300317WA0115801236
B2045144213812N12300314WA0116001236
B2045154213814N12300311WA0116201237
B2045164213816N12300307WA0116301237
B2045174213817N12300303WA0116501237
B2045184213819N12300299WA0116601237
B2045194213821N12300294WA0116701239
B2045204213824N12300286WA0117001241
B2045214213825N12300278WA0117201243
B2045224213822N12300274WA0117301245
B2045234213816N12300267WA0117201246
B2045244213809N12300263WA0117601247
B2045254213799N12300259WA0117901250
B2045264213795N12300261WA0117801252
B2045274213791N12300266WA0117801253
B2045284213788N12300275WA0118001254
B2045294213785N12300283WA0118501258
B2045304213785N12300286WA0118801259
B2045314213785N12300287WA0119501260
B2045324213785N12300290WA0119301260
B2045334213785N12300293WA0119401260
B2045344213786N12300298WA0119401265
B2045354213786N12300302WA0119201271
B2045364213786N12300306WA0119001272
B2045374213787N12300304WA0119001272
B2045384213790N12300301WA0119201273
B2045394213793N12300298WA0119201273
B2045404213796N12300296WA0119201273
B2045414213799N12300294WA0119101273
B2045424213801N12300293WA0119101273
B2045434213804N12300290WA0119201273
B2045444213805N12300287WA0119301273
B2045454213807N12300285WA0119201273
B2045464213809N12300284WA0119201273
B2045474213811N12300283WA0119201273
B2045484213812N12300281WA0119301273
B2045494213819N12300279WA0119501274
K204549318999
B2045504213821N12300277WA0119601274
B2045514213823N12300274WA0119601274
B2045524213825N12300271WA0119701274
B2045534213828N12300266WA0119701275
B2045544213831N12300258WA0119801277
B2045554213833N12300251WA0119801278
B2045564213838N12300242WA0119601278
B2045574213838N12300236WA0119701278
B2045584213833N12300233WA0119501278
B2045594213827N12300232WA0119401278
B2046004213818N12300236WA0119401278
B2046014213811N12300243WA0119201278
B2046024213806N12300254WA0119401276
B2046034213803N12300265WA0119801276
B2046044213799N12300275WA0120201276
B2046054213799N12300279WA0120501276
B2046064213800N12300279WA0120801276
B2046074213801N12300279WA0120901276
B2046084213802N12300279WA0121201279
B2046094213805N12300280WA0120601284
B2046104213808N12300280WA0120701287
B2046114213811N12300279WA0120801289
B2046124213816N12300276WA0120601289
B2046134213819N12300271WA0120601289
B2046144213822N12300265WA0120701289
B2046154213825N12300259WA0120801289
B2046164213826N12300255WA0120901290
B2046174213827N12300251WA0121101290
B2046184213829N12300249WA0121001290
B2046194213831N12300246WA0120901290
B2046204213834N12300242WA0120901290
B2046214213837N12300239WA0121001291
B2046224213840N12300237WA0121101291
B2046234213842N12300236WA0121201292
B2046244213845N12300237WA0121401292
B2046254213849N12300241WA0121701292
B2046264213852N12300243WA0121901293
B2046274213855N12300244WA0122201293
B2046284213858N12300243WA0122301294
B2046294213859N12300242WA0122301297
B2046304213864N12300239WA0122401299
B2046314213868N12300235WA0122501301
B2046324213872N12300232WA0122601304
B2046334213877N12300226WA0122601305
B2046344213885N12300218WA0122701306
B2046354213882N12300216WA0122801306
LXNA::BAT:discharging,87%,4.263V,-609mA
B2046364213873N12300214WA0122901306
B2046374213865N12300212WA0122901309
B2046384213858N12300213WA0122901309
B2046394213853N12300215WA0122801310
B2046404213851N12300218WA0122801310
B2046414213850N12300226WA0122801311
B2046424213850N12300235WA0123101311
B2046434213853N12300241WA0123301311
B2046444213855N12300245WA0123301312
B2046454213857N12300250WA0123401312
B2046464213859N12300253WA0123401313
B2046474213861N12300255WA0123301314
B2046484213864N12300256WA0123401316
B2046494213868N12300256WA0123601316
B2046504213872N12300256WA0123801317
B2046514213873N12300260WA0124201318
B2046524213874N12300260WA0124501317
B2046534213876N12300260WA0124801317
B2046544213877N12300259WA0124601320
B2046554213877N12300259WV0124800000
B2046564213881N12300256WA0125001324
B2046574213886N12300251WA0125101326
B2046584213890N12300246WA0125301329
B2046594213892N12300242WA0125401332
B2047004213890N12300235WA0125501333
B2047014213885N12300228WA0125501335
B2047024213879N12300224WA0125701336
B2047034213870N12300224WA0125801337
B2047044213863N12300224WA0125801338
B2047054213855N12300226WA0126001340
B2047064213848N12300229WA0126201340
B2047074213845N12300231WA0126501342
B2047084213843N12300233WA0126501343
B2047094213843N12300235WA0126701343
B2047104213842N12300241WA0126901345
B2047114213846N12300252WA0127301344
B2047124213849N12300259WA0127501348
B2047134213851N12300263WA0127901349
K204713346999
B2047144213853N12300267WA0128001351
B2047154213855N12300270WA0128301354
B2047164213857N12300273WA0128501357
B2047174213859N12300276WA0128601359
B2047184213861N12300277WA0128701364
B2047194213862N12300278WA0128901366
B2047204213864N12300277WA0129001369
B2047214213866N12300276WA0129201372
B2047224213871N12300276WA0129401373
B2047234213872N12300273WA0129601374
B2047244213866N12300268WA0129701376
B2047254213858N12300264WA0129901378
B2047264213851N12300262WA0130201380
B2047274213845N12300260WA0130501381
B2047284213839N12300258WA0130701383
B2047294213832N12300257WA0130801385
B2047304213828N12300256WA0131101387
B2047314213827N12300257WA0131501388
B2047324213830N12300262WA0131801392
B2047334213834N12300267WA0132201394
B2047344213838N12300273WA0132401395
B2047354213842N12300276WA0132701399
B2047364213844N12300278WA0133101404
B2047374213848N12300279WA0133201407
B2047384213851N12300278WA0133401410
B2047394213854N12300276WA0133701413
B2047404213857N12300273WA0133801416
B2047414213858N12300270WA0133901419
B2047424213858N12300269WA0133901421
B2047434213857N12300265WA0134101423
B2047444213855N12300260WA0134401426
B2047454213851N12300256WA0134601427
B2047464213846N12300253WA0134801428
B2047474213839N12300251WA0134901430
B2047484213831N12300251WA0135101431
B2047494213825N12300252WA0135301434
B2047504213819N12300254WA0135501436
B2047514213813N12300258WA0135701439
B2047524213810N12300264WA0135801438
B2047534213808N12300271WA0136001440
B2047544213808N12300284WA0136401442
B2047554213809N12300293WA0136801445
B2047564213811N12300300WA0137301447
B2047574213814N12300305WA0137701448
B2047584213817N12300310WA0138001450
B2047594213820N12300313WA0138501454
B2048004213823N12300317WA0138701458
B2048014213826N12300320WA0138901464
B2048024213829N12300324WA0139201470
B2048034213832N12300326WA0139101473
B2048044213835N12300325WA0139001477
B2048054213836N12300320WA0139001479
B2048064213836N12300314WA0138901482
B2048074213833N12300305WA0138801482
K204807022999
B2048084213830N12300298WA0138801483
B2048094213827N12300293WA0138801483
B2048104213821N12300289WA0138901483
B2048114213816N12300286WA0139201484
B2048124213810N12300284WA0139401484
B2048134213804N12300283WA0139401484
B2048144213799N12300283WA0139501483
B2048154213791N12300284WA0139601484
B2048164213786N12300287WA0139801487
B2048174213782N12300293WA0140001489
B2048184213781N12300301WA0140201489
B2048194213782N12300314WA0140501489
B2048204213783N12300324WA0140901491
B2048214213786N12300333WA0141001493
B2048224213790N12300338WA0141001494
B2048234213794N12300339WA0141101494
B2048244213799N12300340WA0141201498
B2048254213802N12300336WA0141301502
B2048264213803N12300330WA0141401503
B2048274213802N12300322WA0141401504
B2048284213800N12300313WA0141501505
B2048294213797N12300308WA0141501506
B2048304213793N12300303WA0141501507
B2048314213788N12300297WA0141701508
B2048324213783N12300292WA0142001509
B2048334213777N12300288WA0142401509
B2048344213772N12300284WA0143101510
B2048354213768N12300281WA0143701510
B2048364213765N12300278WA0144101512
K204836017999
B2048374213762N12300275WA0144401515
B2048384213758N12300272WA0144701519
B2048394213753N12300268WA0144801527
B2048404213748N12300265WA0145001533
B2048414213744N12300263WA0144901537
B2048424213739N12300263WA0144801542
B2048434213738N12300267WA0145001544
B2048444213738N12300274WA0145401545
B2048454213738N12300278WA0145601548
B2048464213739N12300280WA0145901548
B2048474213743N12300281WA0146101549
B2048484213747N12300282WA0146401549
B2048494213752N12300282WA0146401554
B2048504213757N12300281WA0146701556
B2048514213762N12300280WA0146901557
B2048524213766N12300279WA0146901560
B2048534213768N12300279WA0147001563
B2048544213769N12300280WA0147401564
B2048554213767N12300276WA0147901566
B2048564213763N12300273WA0148101568
B2048574213760N12300272WA0148301568
B2048584213756N12300270WA0148501570
B2048594213751N12300269WA0148601573
B2049004213746N12300267WA0148701578
B2049014213740N12300266WA0149301580
B2049024213736N12300267WA0149901583
B2049034213731N12300270WA0150301583
B2049044213732N12300279WA0150801585
B2049054213735N12300289WA0151001586
B2049064213738N12300297WA0151101591
B2049074213741N12300304WA0151201597
B2049084213746N12300310WA0151401602
B2049094213750N12300318WA0151201607
B2049104213755N12300324WA0151301609
B2049114213756N12300326WA0150801609
B2049124213758N12300328WA0151201610
B2049134213761N12300328WA0151201611
B2049144213764N12300326WA0151201611
B2049154213765N12300322WA0151101611
B2049164213764N12300317WA0150801611
B2049174213755N12300308WA0150701611
B2049184213749N12300303WA0150801611
B2049194213742N12300299WA0150901611
B2049204213736N12300298WA0150901609
B2049214213731N12300298WA0150801608
B2049224213724N12300297WA0151001608
B2049234213716N12300294WA0152001608
B2049244213710N12300293WA0152901607
B2049254213707N12300295WA0153601607
B2049264213705N12300298WA0154301608
B2049274213703N12300301WA0154601609
B2049284213700N12300306WA0155001621
B2049294213696N12300310WA0155201628
B2049304213691N12300312WA0155701636
B2049314213687N12300316WA0155801641
B2049324213685N12300319WA0155701646
B2049334213684N12300326WA0155701649
B2049344213684N12300332WA0156301652
B2049354213685N12300336WA0156901657
B2049364213684N12300337WA0157301658
LXNA::BAT:discharging,87%,4.263V,-641mA
B2049374213681N12300334WA0157601658
B2049384213678N12300326WA0158001659
B2049394213673N12300320WA0158401664
B2049404213672N12300315WA0159001671
B2049414213673N12300315WA0159501675
B2049424213673N12300317WA0159901677
B2049434213670N12300323WA0160301682
B2049444213668N12300331WA0160501686
B2049454213665N12300340WA0160801693
B2049464213663N12300349WA0161001698
B2049474213660N12300357WA0161401703
B2049484213660N12300364WA0161901706
B2049494213661N12300367WA0162401708
B2049504213665N12300369WA0162601712
B2049514213669N12300365WA0162601714
B2049524213672N12300354WA0162601720
B2049534213673N12300344WA0162801722
B2049544213672N12300335WA0163201727
B2049554213670N12300329WA0163601729
B2049564213668N12300327WA0164101729
B2049574213665N12300327WA0164401730
B2049584213662N12300326WA0164601731
B2049594213658N12300326WA0164601735
B2050004213653N12300326WA0164601739
B2050014213647N12300326WA0164801744
B2050024213641N12300326WA0164901747
B2050034213635N12300326WA0165201749
B2050044213630N12300327WA0165401749
B2050054213625N12300327WA0165801749
B2050064213620N12300326WA0166301751
B2050074213615N12300325WA0166801752
B2050084213611N12300324WA0167101755
B2050094213606N12300323WA0167101758
B2050104213600N12300322WA0167301761
B2050114213595N12300322WA0167601767
B2050124213592N12300324WA0167501772
B2050134213587N12300327WA0167701775
B2050144213583N12300328WA0167801776
B2050154213578N12300329WA0168001777
B2050164213574N12300328WA0168301780
B2050174213569N12300329WA0168801780
B2050184213564N12300331WA0169101781
B2050194213560N12300332WA0169401782
B2050204213556N12300332WA0169601784
B2050214213551N12300329WA0169801787
B2050224213545N12300325WA0170101794
B2050234213542N12300322WA0170201797
B2050244213537N12300318WA0170301800
B2050254213533N12300314WA0170301801
B2050264213527N12300310WA0170201804
B2050274213522N12300308WA0169901806
B2050284213519N12300310WA0169901806
B2050294213514N12300319WA0169901806
B2050304213511N12300330WA0170101806
B2050314213511N12300340WA0170301805
B2050324213515N12300349WA0170701806
B2050334213520N12300356WA0171101807
B2050344213524N12300360WA0171301810
B2050354213529N12300365WA0171501810
B2050364213534N12300368WA0171501810
B2050374213540N12300372WA0172101814
B2050384213545N12300374WA0172501818
B2050394213550N12300375WA0172801820
B2050404213554N12300375WA0173201822
B2050414213559N12300375WA0173301820
B2050424213565N12300377WA0173501826
B2050434213570N12300379WA0173501831
B2050444213575N12300382WA0173601835
B2050454213582N12300384WA0174001839
K205045252821
B2050464213588N12300385WA0174001840
B2050474213594N12300385WA0174001842
B2050484213600N12300386WA0174001843
B2050494213606N12300386WA0174001845
B2050504213611N12300387WA0174001847
B2050514213616N12300389WA0173901847
B2050524213620N12300390WA0173701847
B2050534213624N12300392WA0173401848
B2050544213629N12300394WA0173301848
B2050554213635N12300395WA0173401848
B2050564213639N12300395WA0173401847
B2050574213640N12300395WA0173201845
B2050584213641N12300395WA0172701843
B2050594213642N12300394WA0172101843
B2051004213642N12300395WA0171601842
B2051014213644N12300398WA0171101841
B2051024213649N12300404WA0171101839
B2051034213653N12300407WA0171001835
B2051044213655N12300409WA0171101835
B2051054213658N12300408WA0171101820
B2051064213661N12300406WA0171001817
B2051074213664N12300405WA0170701816
B2051084213667N12300403WA0170501815
B2051094213674N12300402WA0170201815
B2051104213680N12300402WA0169801814
B2051114213685N12300404WA0169701817
B2051124213690N12300405WA0169601812
B2051134213694N12300406WA0169401810
B2051144213698N12300405WA0169101807
B2051154213701N12300405WA0168801804
B2051164213705N12300404WA0168401803
B2051174213710N12300403WA0168101802
B2051184213715N12300402WA0167901800
B2051194213720N12300401WA0167901797
B2051204213725N12300401WA0167901794
B2051214213728N12300400WA0167801790
B2051224213732N12300401WA0167701786
B2051234213735N12300401WA0167401783
B2051244213738N12300402WA0167301783
B2051254213742N12300402WA0167201782
B2051264213746N12300403WA0167101781
B2051274213750N12300405WA0167001779
B2051284213753N12300407WA0167001776
B2051294213757N12300410WA0167101775
B2051304213761N12300414WA0167301774
B2051314213765N12300417WA0167501775
B2051324213769N12300419WA0167601776
B2051334213773N12300421WA0167901776
B2051344213777N12300423WA0168001776
B2051354213781N12300425WA0168201777
B2051364213784N12300427WA0168201780
B2051374213787N12300429WA0168101782
B2051384213789N12300430WA0168001784
B2051394213792N12300432WA0167701784
B2051404213796N12300434WA0167401785
B2051414213802N12300438WA0167301784
B2051424213808N12300441WA0167201783
B2051434213814N12300443WA0167501783
B2051444213819N12300444WA0167601780
B2051454213823N12300446WA0167501779
B2051464213826N12300447WA0167301779
B2051474213829N12300449WA0166901778
B2051484213834N12300452WA0166801777
B2051494213838N12300455WA0166601776
B2051504213844N12300459WA0166601776
B2051514213848N12300461WA0166401776
B2051524213854N12300464WA0166301773
B2051534213858N12300466WA0166101772
B2051544213864N12300468WA0166001771
B2051554213869N12300471WA0166001770
B2051564213876N12300473WA0165901769
B2051574213881N12300476WA0165701767
B2051584213887N12300478WA0165401766
B2051594213893N12300482WA0165401765
B2052004213900N12300486WA0165301764
B2052014213906N12300490WA0165301762
B2052024213912N12300494WA0165401760
B2052034213916N12300499WA0165301756
B2052044213920N12300502WA0165201756
B2052054213925N12300506WA0165101756
B2052064213929N12300510WA0165201755
B2052074213934N12300514WA0165101755
B2052084213937N12300517WA0165101754
B2052094213942N12300522WA0165201754
B2052104213947N12300527WA0165401754
B2052114213952N12300532WA0165801754
B2052124213956N12300536WA0166101754
B2052134213960N12300538WA0166501754
B2052144213962N12300539WA0166701755
B2052154213965N12300540WA0167001757
B2052164213968N12300542WA0167201761
B2052174213971N12300544WA0167201764
B2052184213974N12300546WA0167401769
B2052194213977N12300548WA0167501772
B2052204213981N12300551WA0167701775
B2052214213984N12300554WA0167801777
B2052224213986N12300557WA0167801778
B2052234213989N12300558WA0167801779
B2052244213992N12300560WA0167901780
B2052254213995N12300561WA0167801782
B2052264213999N12300563WA0167801783
B2052274214002N12300564WA0167901784
B2052284214006N12300565WA0168101784
B2052294214010N12300566WA0168001784
B2052304214013N12300568WA0168101783
B2052314214017N12300571WA0168001784
B2052324214021N12300573WA0168001782
B2052334214025N12300575WA0168101783
B2052344214030N12300577WA0168301783
B2052354214033N12300579WA0168401783
B2052364214037N12300582WA0168501784
B2052374214040N12300585WA0168801777
LXNA::BAT:discharging,86%,4.246V,-705mA
B2052384214044N12300588WA0168801777
B2052394214049N12300592WA0168901783
B2052404214052N12300595WA0168901784
B2052414214057N12300599WA0169101785
B2052424214061N12300604WA0169401787
B2052434214065N12300609WA0169901784
B2052444214069N12300613WA0170301785
B2052454214072N12300617WA0170801785
B2052464214073N12300619WA0171101791
B2052474214074N12300622WA0171201795
B2052484214075N12300625WA0171301799
B2052494214076N12300629WA0171401805
B2052504214079N12300632WA0171501810
B2052514214081N12300636WA0171601813
B2052524214085N12300639WA0171601815
B2052534214089N12300643WA0171701820
B2052544214093N12300647WA0171901820
B2052554214097N12300652WA0172101821
B2052564214102N12300656WA0172301822
B2052574214105N12300659WA0172701823
B2052584214107N12300661WA0172901823
B2052594214109N12300663WA0173001824
B2053004214111N12300666WA0172901827
B2053014214113N12300669WA0172901828
B2053024214117N12300672WA0172901832
B2053034214121N12300675WA0173001833
B2053044214126N12300679WA0173401834
B2053054214131N12300681WA0173701835
B2053064214134N12300684WA0173901836
B2053074214137N12300686WA0174201837
B2053084214140N12300687WA0174401836
B2053094214143N12300688WA0174501840
B2053104214146N12300690WA0174701844
B2053114214149N12300691WA0174801845
B2053124214151N12300691WA0175001848
B2053134214153N12300693WA0175101851
B2053144214155N12300694WA0175201852
B2053154214157N12300696WA0175301854
B2053164214159N12300699WA0175301855
B2053174214162N12300702WA0175301857
B2053184214165N12300706WA0175301858
B2053194214167N12300711WA0175301859
B2053204214170N12300716WA0175501859
B2053214214174N12300722WA0175601852
B2053224214177N12300726WA0175701853
B2053234214179N12300731WA0175701853
B2053244214182N12300736WA0175801854
B2053254214184N12300740WA0176001854
B2053264214187N12300746WA0176301864
B2053274214190N12300750WA0176501866
B2053284214192N12300753WA0176701866
B2053294214194N12300756WA0176801868
B2053304214197N12300759WA0176901866
B2053314214199N12300762WA0177001869
B2053324214202N12300763WA0177001869
B2053334214205N12300764WA0176901871
B2053344214209N12300764WA0177001872
B2053354214214N12300765WA0177001872
B2053364214217N12300764WA0177101872
B2053374214221N12300762WA0177201872
B2053384214224N12300759WA0177201873
B2053394214226N12300753WA0177301872
B2053404214227N12300746WA0177401873
B2053414214229N12300738WA0177501875
B2053424214229N12300732WA0177501875
B2053434214227N12300726WA0177501874
B2053444214224N12300723WA0177501875
B2053454214219N12300722WA0177701876
B2053464214212N12300726WA0177801877
K205346252821
B2053474214204N12300733WA0177901877
B2053484214197N12300740WA0177701877
B2053494214191N12300747WA0177801878
B2053504214189N12300753WA0177801879
B2053514214188N12300759WA0177901880
B2053524214188N12300766WA0177901881
B2053534214191N12300769WA0177901884
B2053544214197N12300767WA0177801884
B2053554214202N12300763WA0177801884
B2053564214208N12300758WA0177601884
B2053574214213N12300750WA0177701884
B2053584214219N12300745WA0177801884
B2053594214224N12300741WA0177701884
B2054004214229N12300740WA0177701877
B2054014214234N12300741WA0178001877
B2054024214240N12300742WA0178301885
B2054034214244N12300742WA0178501888
B2054044214247N12300743WA0178601888
B2054054214251N12300744WA0178701886
B2054064214255N12300746WA0178801889
B2054074214259N12300747WA0178901892
B2054084214264N12300748WA0178901894
B2054094214270N12300751WA0178901888
B2054104214275N12300755WA0178901896
B2054114214278N12300757WA0179101889
B2054124214282N12300759WA0179201891
B2054134214285N12300762WA0179401891
B2054144214288N12300764WA0179501892
B2054154214291N12300767WA0179301892
B2054164214293N12300769WA0179001894
B2054174214296N12300773WA0178901894
B2054184214299N12300779WA0178901894
B2054194214302N12300783WA0179101895
B2054204214306N12300788WA0179101896
B2054214214308N12300791WA0179101896
B2054224214311N12300795WA0178901895
B2054234214313N12300799WA0178601894
B2054244214315N12300803WA0178301894
B2054254214318N12300808WA0178101893
B2054264214320N12300811WA0177901894
B2054274214324N12300815WA0177601893
B2054284214326N12300819WA0177201886
B2054294214329N12300823WA0176901883
B2054304214333N12300828WA0176601881
B2054314214337N12300833WA0176501879
B2054324214340N12300837WA0176401875
B2054334214342N12300841WA0176301872
B2054344214345N12300845WA0176101866
B2054354214347N12300850WA0175901864
B2054364214349N12300855WA0175801861
B2054374214352N12300859WA0175701861
B2054384214356N12300863WA0175601860
B2054394214359N12300867WA0175501858
B2054404214361N12300870WA0175401868
B2054414214364N12300874WA0175301866
B2054424214365N12300876WA0175001865
B2054434214367N12300879WA0174701864
B2054444214369N12300883WA0174501863
B2054454214373N12300888WA0174301862
B2054464214377N12300894WA0174201860
B2054474214381N12300899WA0174501857
B2054484214385N12300902WA0174601854
B2054494214389N12300906WA0174701854
B2054504214392N12300910WA0174601853
B2054514214394N12300913WA0174601853
B2054524214397N12300917WA0174501853
B2054534214400N12300923WA0174401852
B2054544214403N12300928WA0174301851
B2054554214407N12300933WA0174401851
B2054564214412N12300937WA0174301851
B2054574214417N12300941WA0174501851
B2054584214422N12300944WA0174601851
B2054594214427N12300947WA0175001851
B2055004214430N12300950WA0175201851
B2055014214432N12300951WA0175301848
B2055024214434N12300953WA0175301848
B2055034214437N12300955WA0175101847
B2055044214440N12300957WA0175001851
B2055054214444N12300960WA0174901851
B2055064214447N12300964WA0174601851
B2055074214451N12300968WA0174501851
B2055084214456N12300974WA0174601852
B2055094214461N12300977WA0174901852
B2055104214467N12300980WA0174901851
B2055114214473N12300983WA0175001851
B2055124214476N12300985WA0175001851
B2055134214478N12300988WA0175101851
B2055144214478N12300992WA0175101851
B2055154214478N12300996WA0175201850
B2055164214479N12301000WA0175501851
B2055174214480N12301004WA0175601849
B2055184214480N12301006WA0175601849
B2055194214481N12301010WA0175601849
B2055204214482N12301013WA0175601850
B2055214214484N12301017WA0175701853
B2055224214486N12301022WA0175601854
B2055234214487N12301025WA0175801855
B2055244214489N12301029WA0175801864
B2055254214491N12301033WA0175901864
B2055264214493N12301037WA0175901864
B2055274214494N12301040WA0175901865
B2055284214496N12301043WA0176101866
B2055294214497N12301045WA0176201866
B2055304214498N12301047WA0176301867
B2055314214499N12301049WA0176201868
B2055324214500N12301051WA0176001868
B2055334214501N12301054WA0175601861
B2055344214504N12301059WA0175501860
B2055354214508N12301064WA0175701860
B2055364214511N12301069WA0175801860
B2055374214514N12301073WA0176201861
LXNA::BAT:discharging,85%,4.226V,-612mA
B2055384214517N12301076WA0176301862
B2055394214520N12301079WA0176301860
B2055404214522N12301082WA0176001860
B2055414214525N12301086WA0176101858
B2055424214526N12301091WA0176001858
B2055434214528N12301095WA0176101858
B2055444214531N12301099WA0176001858
B2055454214533N12301103WA0176001858
B2055464214535N12301106WA0176001859
B2055474214538N12301109WA0175901859
B2055484214541N12301113WA0176001859
B2055494214544N12301117WA0176001859
B2055504214546N12301121WA0175901860
B2055514214549N12301124WA0175901859
B2055524214551N12301126WA0175901859
B2055534214553N12301129WA0175901860
B2055544214556N12301132WA0175601859
B2055554214558N12301135WA0175401860
B2055564214560N12301139WA0175501860
B2055574214563N12301144WA0175401860
B2055584214565N12301149WA0175201860
B2055594214566N12301152WA0175201857
B2056004214566N12301156WA0175101856
B2056014214567N12301159WA0175101856
B2056024214568N12301162WA0175001855
B2056034214569N12301165WA0174901852
B2056044214569N12301168WA0174801851
B2056054214569N12301172WA0174501851
B2056064214570N12301174WA0174201850
B2056074214572N12301177WA0173901850
B2056084214574N12301182WA0173801850
B2056094214575N12301187WA0173801849
B2056104214576N12301191WA0173801847
B2056114214578N12301195WA0173701844
B2056124214579N12301198WA0173501837
B2056134214581N12301200WA0173301836
B2056144214584N12301202WA0173101836
B2056154214586N12301206WA0173001835
B2056164214588N12301209WA0173101834
B2056174214589N12301212WA0173101833
B2056184214591N12301214WA0173001831
B2056194214593N12301216WA0172801827
B2056204214594N12301218WA0172701827
B2056214214596N12301219WA0172501824
B2056224214598N12301221WA0172401824
B2056234214600N12301222WA0172101823
B2056244214602N12301224WA0172001822
B2056254214604N12301226WA0171801821
B2056264214605N12301224WA0171601819
B2056274214610N12301225WA0171501817
B2056284214613N12301226WA0171301815
B2056294214617N12301227WA0171101813
B2056304214623N12301230WA0170901812
B2056314214625N12301235WA0170601809
B2056324214626N12301239WA0170401808
B2056334214628N12301245WA0170201807
B2056344214629N12301249WA0170001805
B2056354214631N12301253WA0170001802
B2056364214633N12301258WA0169901800
B2056374214635N12301262WA0169901798
B2056384214638N12301265WA0169801796
B2056394214640N12301268WA0169701795
B2056404214643N12301270WA0169401794
B2056414214645N12301272WA0169401794
B2056424214648N12301274WA0169401793
B2056434214650N12301276WA0169201793
B2056444214653N12301278WA0169101792
B2056454214655N12301280WA0169001798
B2056464214657N12301283WA0168801798
B2056474214660N12301285WA0168601798
K205647252821
B2056484214663N12301288WA0168601796
B2056494214665N12301291WA0168501787
B2056504214668N12301293WA0168501785
B2056514214670N12301295WA0168401784
B2056524214672N12301297WA0168101783
B2056534214674N12301298WA0167901789
B2056544214676N12301300WA0167701788
B2056554214678N12301301WA0167601782
B2056564214682N12301303WA0167401781
B2056574214686N12301305WA0167501784
B2056584214689N12301308WA0167301781
B2056594214692N12301310WA0167301780
B2057004214694N12301312WA0167001778
B2057014214697N12301314WA0166801777
B2057024214700N12301316WA0166601776
B2057034214703N12301318WA0166301774
B2057044214706N12301319WA0166101774
B2057054214709N12301321WA0165901771
B2057064214712N12301324WA0165701771
B2057074214714N12301325WA0165601762
B2057084214717N12301328WA0165201758
B2057094214720N12301331WA0164901756
B2057104214723N12301334WA0164801752
B2057114214727N12301338WA0164801750
B2057124214729N12301341WA0164701748
B2057134214732N12301344WA0164501745
B2057144214734N12301348WA0164201742
B2057154214736N12301353WA0164001742
B2057164214738N12301357WA0163901742
B2057174214740N12301362WA0163901739
B2057184214742N12301365WA0163801737
B2057194214744N12301369WA0163701733
B2057204214745N12301373WA0163401730
B2057214214747N12301377WA0163201729
B2057224214749N12301381WA0162901728
B2057234214751N12301385WA0162701728
B2057244214754N12301389WA0162501726
B2057254214756N12301393WA0162301723
B2057264214758N12301397WA0161901724
B2057274214760N12301400WA0161601720
B2057284214762N12301403WA0161401716
B2057294214765N12301407WA0161001714
B2057304214768N12301411WA0160701712
B2057314214770N12301415WA0160501709
B2057324214774N12301419WA0160401705
B2057334214777N12301423WA0160101703
B2057344214779N12301426WA0160001700
B2057354214781N12301430WA0159701696
B2057364214783N12301433WA0159501694
B2057374214785N12301436WA0159201693
B2057384214787N12301440WA0158801690
B2057394214790N12301443WA0158601689
B2057404214794N12301448WA0158101686
B2057414214798N12301452WA0158001683
B2057424214802N12301457WA0157801680
B2057434214806N12301461WA0157701676
B2057444214810N12301465WA0157501674
B2057454214813N12301469WA0157401670
B2057464214815N12301473WA0157101669
B2057474214818N12301477WA0156701667
B2057484214822N12301482WA0156501666
B2057494214825N12301485WA0156301665
B2057504214828N12301490WA0156301663
B2057514214830N12301494WA0156001661
B2057524214833N12301499WA0155901658
B2057534214836N12301503WA0155601656
B2057544214839N12301508WA0155401654
B2057554214842N12301513WA0155101653
B2057564214845N12301517WA0155001652
B2057574214848N12301523WA0154901650
B2057584214851N12301527WA0154801648
B2057594214854N12301531WA0154501646
B2058004214856N12301535WA0154401643
B2058014214859N12301538WA0154201643
B2058024214861N12301542WA0153801637
B2058034214863N12301549WA0153601636
B2058044214865N12301553WA0153501634
B2058054214867N12301557WA0153201632
B2058064214869N12301561WA0153001635
B2058074214871N12301567WA0152701631
B2058084214873N12301572WA0152601629
B2058094214875N12301578WA0152501628
B2058104214879N12301583WA0152501625
B2058114214882N12301586WA0152701622
B2058124214884N12301588WA0152701621
B2058134214886N12301591WA0152701619
B2058144214886N12301593WA0152701620
B2058154214886N12301595WA0152401620
B2058164214886N12301598WA0152001615
B2058174214886N12301602WA0151601615
B2058184214887N12301606WA0151101614
B2058194214888N12301611WA0151101613
B2058204214891N12301615WA0151101612
B2058214214893N12301618WA0150901608
B2058224214895N12301621WA0150901605
B2058234214897N12301624WA0150801600
B2058244214898N12301627WA0150801597
B2058254214900N12301630WA0150901597
B2058264214899N12301630WA0150801597
B2058274214900N12301632WA0150701595
B2058284214900N12301635WA0150401594
B2058294214901N12301637WA0150201593
B2058304214901N12301638WA0149701593
B2058314214903N12301639WA0149301593
B2058324214905N12301643WA0148901592
B2058334214908N12301646WA0148701590
B2058344214911N12301651WA0148301583
B2058354214914N12301654WA0148101579
B2058364214917N12301658WA0147701575
B2058374214920N12301662WA0147301571
B2058384214923N12301666WA0147001569
LXNA::BAT:discharging,85%,4.226V,-447mA
B2058394214925N12301672WA0146501565
B2058404214928N12301677WA0146301563
B2058414214932N12301682WA0146101560
B2058424214936N12301686WA0145701556
B2058434214940N12301691WA0145501553
B2058444214943N12301698WA0145201549
B2058454214947N12301704WA0144901546
B2058464214950N12301709WA0145001544
B2058474214953N12301715WA0144901540
B2058484214956N12301719WA0144601538
B2058494214959N12301724WA0144401536
B2058504214962N12301730WA0144001535
B2058514214967N12301736WA0143801534
B2058524214970N12301741WA0143601533
B2058534214974N12301747WA0143701530
B2058544214977N12301753WA0143601528
B2058554214981N12301760WA0143501524
B2058564214984N12301766WA0143601522
B2058574214988N12301770WA0143801522
B2058584214991N12301774WA0143601521
B2058594214992N12301778WA0143201521
B2059004214993N12301785WA0142801520
B2059014214994N12301793WA0142401519
B2059024214995N12301804WA0142001520
B2059034214997N12301811WA0141901519
B2059044214999N12301817WA0142001516
B2059054215002N12301823WA0141901514
B2059064215005N12301828WA0141601509
B2059074215007N12301834WA0141501505
B2059084215009N12301841WA0141401505
B2059094215011N12301846WA0141101504
B2059104215014N12301852WA0140901502
B2059114215017N12301858WA0140601501
B2059124215019N12301863WA0140301499
B2059134215022N12301870WA0140101497
B2059144215024N12301875WA0139801494
B2059154215027N12301882WA0139501493
B2059164215030N12301888WA0139001488
B2059174215033N12301893WA0138601484
B2059184215036N12301901WA0138201481
B2059194215039N12301909WA0137701478
B2059204215043N12301916WA0137401481
B2059214215047N12301923WA0137201476
B2059224215051N12301930WA0136701465
B2059234215054N12301936WA0136301467
B2059244215058N12301945WA0135601462
B2059254215062N12301952WA0135201458
B2059264215067N12301959WA0134801456
B2059274215072N12301967WA0134501452
B2059284215075N12301976WA0134201446
B2059294215078N12301986WA0134001440
B2059304215082N12301995WA0134001431
B2059314215086N12302003WA0133701428
B2059324215090N12302011WA0133401425
B2059334215094N12302019WA0132901421
B2059344215099N12302030WA0132401418
B2059354215102N12302039WA0132101417
B2059364215106N12302050WA0132001415
B2059374215111N12302061WA0132001411
B2059384215115N12302068WA0132201410
B2059394215119N12302076WA0132501406
B2059404215122N12302084WA0132801406
B2059414215124N12302092WA0133101406
B2059424215126N12302097WA0133201406
B2059434215128N12302103WA0133201406
B2059444215132N12302111WA0133301405
B2059454215135N12302117WA0133201407
B2059464215139N12302127WA0133301409
B2059474215142N12302135WA0133401410
B2059484215145N12302143WA0133701411
K205948252821
B2059494215148N12302151WA0134201413
B2059504215150N12302157WA0134501413
B2059514215151N12302162WA0134601412
B2059524215153N12302167WA0134701412
B2059534215156N12302174WA0134701419
B2059544215159N12302182WA0134901422
B2059554215162N12302189WA0135101423
B2059564215164N12302195WA0135201424
B2059574215166N12302202WA0135401433
B2059584215169N12302210WA0135501422
B2059594215171N12302217WA0135601424
B2100004215174N12302225WA0135701428
B2100014215177N12302233WA0136001430
B2100024215180N12302238WA0136201432
B2100034215184N12302243WA0136401434
B2100044215188N12302246WA0136401435
B2100054215192N12302246WA0136501438
B2100064215195N12302243WA0136501441
B2100074215197N12302239WA0136601445
B2100084215197N12302235WA0136801446
B2100094215197N12302232WA0137001448
B2100104215194N12302229WA0137001448
B2100114215190N12302228WA0137001456
B2100124215185N12302228WA0136901455
B2100134215180N12302232WA0136901457
B2100144215175N12302239WA0137001458
B2100154215173N12302248WA0137101458
B2100164215173N12302256WA0137201453
B2100174215174N12302267WA0137301457
B2100184215177N12302274WA0137401456
B2100194215180N12302280WA0137501453
B2100204215184N12302286WA0137801454
B2100214215188N12302291WA0137801455
B2100224215192N12302294WA0138001459
B2100234215196N12302295WA0138001461
B2100244215200N12302294WA0137901463
B2100254215204N12302291WA0137901466
B2100264215206N12302287WA0138001468
B2100274215207N12302284WA0138101457
B2100284215207N12302280WA0138201458
K210028079999
B2100294215206N12302278WA0138201459
B2100304215204N12302275WA0138201460
B2100314215201N12302274WA0138101459
B2100324215196N12302274WA0137901460
B2100334215190N12302277WA0137801462
B2100344215184N12302283WA0137701462
B2100354215181N12302291WA0137801462
B2100364215179N12302298WA0137901462
B2100374215179N12302306WA0138001463
B2100384215181N12302315WA0138101464
B2100394215184N12302322WA0138201464
B2100404215187N12302327WA0138201464
B2100414215191N12302333WA0138301464
B2100424215193N12302339WA0138301461
B2100434215195N12302346WA0138201462
B2100444215197N12302353WA0138201464
B2100454215200N12302360WA0138301466
B2100464215202N12302364WA0138201468
B2100474215204N12302371WA0138201468
B2100484215207N12302377WA0138201465
B2100494215210N12302382WA0138201465
B2100504215214N12302389WA0138101466
B2100514215217N12302394WA0138101466
B2100524215220N12302401WA0138101465
B2100534215224N12302407WA0138001463
B2100544215227N12302413WA0137801462
B2100554215231N12302420WA0137501460
B2100564215235N12302426WA0137301459
B2100574215240N12302432WA0137201459
B2100584215245N12302436WA0137001458
B2100594215250N12302442WA0137001456
B2101004215255N12302448WA0137401453
B2101014215256N12302452WA0137301452
B2101024215258N12302457WA0137201452
B2101034215260N12302463WA0137001452
B2101044215265N12302470WA0136701452
B2101054215268N12302475WA0136501454
B2101064215272N12302483WA0136301454
B2101074215276N12302491WA0136201454
B2101084215280N12302499WA0136201453
B2101094215283N12302505WA0136301450
B2101104215285N12302513WA0136401449
B2101114215287N12302521WA0136501444
B2101124215288N12302527WA0136601444
B2101134215290N12302534WA0136501445
B2101144215293N12302540WA0136401442
B2101154215296N12302548WA0136301441
B2101164215299N12302556WA0136201444
B2101174215301N12302561WA0136301444
B2101184215304N12302567WA0136301445
B2101194215307N12302574WA0136201445
B2101204215309N12302580WA0136101446
B2101214215312N12302588WA0136001445
B2101224215316N12302594WA0136101442
B2101234215319N12302598WA0136101442
B2101244215321N12302604WA0136101439
B2101254215323N12302609WA0136001438
B2101264215326N12302615WA0135701438
B2101274215329N12302620WA0135401438
B2101284215332N12302625WA0134901438
B2101294215337N12302631WA0134401438
B2101304215340N12302636WA0134201438
B2101314215344N12302643WA0134001435
B2101324215349N12302647WA0133801432
B2101334215353N12302649WA0133601427
B2101344215359N12302649WA0133501422
B2101354215363N12302647WA0133201420
B2101364215367N12302644WA0133001416
B2101374215371N12302640WA0132401414
B2101384215376N12302634WA0131701417
LXNA::BAT:discharging,84%,4.146V,-680mA
B2101394215380N12302628WA0131301416
B2101404215383N12302624WA0130801407
B2101414215387N12302619WA0130301406
B2101424215391N12302613WA0130101399
B2101434215393N12302608WA0129801392
B2101444215397N12302605WA0129501386
B2101454215401N12302604WA0128901388
B2101464215407N12302605WA0128201380
B2101474215412N12302607WA0127901378
B2101484215419N12302608WA0127601374
B2101494215422N12302608WA0127301369
B2101504215426N12302609WA0126901364
B2101514215430N12302610WA0126601356
B2101524215435N12302612WA0126401352
B2101534215438N12302614WA0126201348
B2101544215442N12302616WA0125901343
B2101554215446N12302619WA0125701340
B2101564215449N12302621WA0125601336
B2101574215453N12302623WA0125601334
B2101584215456N12302625WA0125601333
B2101594215459N12302626WA0125601330
B2102004215462N12302628WA0125301328
B2102014215466N12302630WA0125001328
B2102024215468N12302632WA0125101328
B2102034215471N12302636WA0125001327
B2102044215473N12302640WA0125001327
B2102054215475N12302645WA0124901323
B2102064215477N12302650WA0124901322
B2102074215479N12302654WA0124701321
B2102084215483N12302656WA0124501326
B2102094215486N12302659WA0124401319
B2102104215490N12302663WA0124201320
B2102114215494N12302667WA0124201321
B2102124215497N12302671WA0124101317
B2102134215500N12302674WA0124001315
B2102144215504N12302678WA0123901319
B2102154215507N12302681WA0123801315
B2102164215511N12302684WA0123701315
B2102174215515N12302686WA0123601314
B2102184215519N12302688WA0123501312
B2102194215523N12302688WA0123401311
B2102204215527N12302689WA0123201309
B2102214215530N12302690WA0123101305
B2102224215534N12302690WA0123001304
B2102234215538N12302690WA0122901303
B2102244215541N12302690WA0122801302
B2102254215545N12302691WA0122601301
B2102264215548N12302691WA0122401300
B2102274215553N12302692WA0122301294
B2102284215556N12302696WA0122201298
B2102294215560N12302700WA0122201297
B2102304215564N12302706WA0122401295
B2102314215566N12302710WA0122501295
B2102324215568N12302713WA0122401295
B2102334215571N12302716WA0122201294
B2102344215574N12302721WA0121801293
B2102354215577N12302724WA0121501292
B2102364215581N12302728WA0121301292
B2102374215585N12302731WA0121201291
B2102384215589N12302734WA0120901289
B2102394215592N12302736WA0120901289
B2102404215596N12302739WA0120701285
B2102414215599N12302741WA0120401281
B2102424215603N12302743WA0120301279
B2102434215606N12302744WA0120301277
B2102444215609N12302745WA0120401279
B2102454215611N12302746WA0120301273
B2102464215614N12302750WA0120101271
B2102474215618N12302755WA0119701273
B2102484215622N12302760WA0119701273
B2102494215626N12302763WA0119501273
B2102504215630N12302766WA0119401269
B2102514215633N12302767WA0119401267
B2102524215636N12302767WA0119201264
B2102534215639N12302765WA0118901263
B2102544215642N12302764WA0118701260
B2102554215646N12302762WA0118701260
B2102564215649N12302760WA0118701255
B2102574215651N12302758WA0118801259
B2102584215652N12302754WA0119201258
B2102594215652N12302752WA0119301258
B2103004215652N12302752WA0119501258
B2103014215652N12302753WA0119701258
B2103024215653N12302753WA0119601257
B2103034215654N12302752WA0119401259
B2103044215656N12302750WA0119301260
B2103054215660N12302749WA0119401260
B2103064215663N12302751WA0119801260
B2103074215665N12302752WA0120101263
B2103084215665N12302752WA0120201264
B2103094215665N12302750WA0120201263
B2103104215666N12302748WA0120301263
B2103114215667N12302746WA0120501264
B2103124215669N12302747WA0120601268
B2103134215672N12302750WA0120701267
B2103144215674N12302753WA0120601272
B2103154215677N12302759WA0120701273
B2103164215679N12302766WA0120801275
B2103174215680N12302774WA0121001274
B2103184215679N12302783WA0121201273
B2103194215677N12302792WA0121401274
B2103204215675N12302800WA0121601274
B2103214215671N12302807WA0121701275
B2103224215666N12302813WA0121701277
B2103234215659N12302820WA0121801277
B2103244215652N12302822WA0122001276
B2103254215645N12302823WA0122301278
B2103264215639N12302822WA0122501280
B2103274215634N12302819WA0122701281
B2103284215630N12302815WA0123001282
K210328079999
B2103294215626N12302813WA0123101286
B2103304215624N12302808WA0123201289
B2103314215623N12302804WA0123201294
B2103324215626N12302799WA0123201297
B2103334215629N12302796WA0123501299
B2103344215632N12302796WA0123701300
B2103354215633N12302798WA0123901300
B2103364215634N12302799WA0124101303
B2103374215635N12302800WA0124201304
B2103384215636N12302800WA0123901303
B2103394215638N12302798WA0124201306
B2103404215641N12302797WA0124501308
B2103414215643N12302798WA0124801309
B2103424215645N12302801WA0124901308
B2103434215646N12302804WA0125001314
B2103444215649N12302806WA0125201313
B2103454215652N12302808WA0125401317
B2103464215654N12302810WA0125601319
B2103474215655N12302812WA0125901318
B2103484215657N12302813WA0126001319
B2103494215658N12302814WA0126101321
B2103504215661N12302817WA0126101322
B2103514215664N12302824WA0126001326
B2103524215665N12302831WA0126201327
B2103534215666N12302840WA0126501325
B2103544215664N12302848WA0126801326
B2103554215662N12302857WA0126901327
B2103564215659N12302865WA0126901327
B2103574215655N12302874WA0127301330
B2103584215651N12302879WA0127501333
B2103594215646N12302884WA0127601336
B2104004215642N12302887WA0127401338
B2104014215636N12302889WA0127301339
B2104024215629N12302888WA0127201343
B2104034215622N12302887WA0127201343
B2104044215616N12302886WA0127401343
B2104054215610N12302884WA0127601344
B2104064215605N12302883WA0127701344
B2104074215601N12302881WA0127601345
B2104084215596N12302877WA0127501345
B2104094215591N12302872WA0127601346
B2104104215589N12302868WA0127801347
B2104114215589N12302863WA0127901343
B2104124215589N12302860WA0128101346
B2104134215591N12302859WA0128201345
B2104144215593N12302860WA0128201351
B2104154215595N12302862WA0128201351
B2104164215597N12302865WA0128201353
B2104174215600N12302869WA0128201353
K210417051999
B2104184215602N12302875WA0128401353
B2104194215604N12302883WA0128401354
B2104204215605N12302888WA0128401354
B2104214215608N12302894WA0128401354
B2104224215609N12302900WA0128501354
B2104234215610N12302908WA0128401356
B2104244215610N12302916WA0128401356
B2104254215607N12302924WA0128501357
B2104264215603N12302931WA0128501357
B2104274215597N12302937WA0128401358
B2104284215591N12302942WA0128301358
B2104294215584N12302945WA0128201356
B2104304215576N12302945WA0128101357
B2104314215571N12302943WA0128201357
B2104324215566N12302939WA0128301356
B2104334215561N12302935WA0128601356
B2104344215558N12302931WA0128801357
B2104354215555N12302928WA0128901358
B2104364215552N12302926WA0128701356
B2104374215550N12302923WA0128701356
B2104384215549N12302919WA0128601358
LXNA::BAT:discharging,83%,4.149V,-615mA
B2104394215547N12302915WA0128601359
B2104404215548N12302912WA0128601359
B2104414215549N12302908WA0128601357
B2104424215549N12302902WA0128501361
B2104434215548N12302898WA0128701367
B2104444215546N12302894WA0128901368
B2104454215545N12302891WA0129001368
B2104464215543N12302889WA0129001369
B2104474215542N12302886WA0128801358
B2104484215542N12302884WA0128801359
B2104494215543N12302881WA0128701360
B2104504215546N12302879WA0128801359
B2104514215548N12302878WA0128901362
B2104524215550N12302879WA0129001363
B2104534215551N12302879WA0129101364
B2104544215553N12302880WA0129101365
B2104554215556N12302881WA0129101366
B2104564215558N12302882WA0128901367
B2104574215561N12302882WA0128801367
B2104584215564N12302882WA0128701367
B2104594215568N12302882WA0128701367
B2105004215571N12302884WA0128801367
B2105014215574N12302885WA0128801367
B2105024215576N12302885WA0128801363
B2105034215577N12302885WA0128701362
B2105044215580N12302884WA0128501363
B2105054215583N12302884WA0128301360
B2105064215587N12302884WA0128201366
B2105074215592N12302885WA0128201366
B2105084215597N12302888WA0128301362
B2105094215601N12302889WA0128501361
B2105104215604N12302891WA0128601360
B2105114215606N12302891WA0128901365
B2105124215607N12302891WA0128901367
B2105134215608N12302890WA0128901368
B2105144215611N12302890WA0128701367
B2105154215615N12302890WA0128801369
B2105164215618N12302890WA0129101371
B2105174215620N12302892WA0129201372
B2105184215622N12302896WA0129101370
B2105194215624N12302901WA0129301370
B2105204215626N12302908WA0129201370
B2105214215626N12302915WA0129401365
B2105224215627N12302921WA0129401367
B2105234215628N12302926WA0129401368
B2105244215631N12302930WA0129301369
B2105254215634N12302931WA0129301370
B2105264215639N12302932WA0129501370
B2105274215643N12302930WA0129701375
B2105284215646N12302928WA0130001377
B2105294215648N12302926WA0130301377
B2105304215649N12302925WA0130501376
B2105314215651N12302923WA0130701377
B2105324215652N12302921WA0130901380
B2105334215654N12302918WA0131101384
B2105344215655N12302915WA0131301377
B2105354215656N12302912WA0131401389
B2105364215655N12302905WA0131601391
B2105374215655N12302901WA0131901386
B2105384215655N12302897WA0132001388
B2105394215658N12302896WA0131901390
B2105404215660N12302898WA0132101401
B2105414215662N12302903WA0132101401
B2105424215663N12302911WA0132001404
B2105434215662N12302918WA0132101406
B2105444215659N12302928WA0132001406
B2105454215655N12302934WA0132101404
B2105464215648N12302941WA0132201404
B2105474215641N12302945WA0132401395
B2105484215634N12302948WA0132701396
B2105494215628N12302947WA0132901397
B2105504215622N12302945WA0133101398
B2105514215616N12302942WA0133201399
B2105524215611N12302937WA0133301402
B2105534215606N12302933WA0133401406
B2105544215602N12302928WA0133501409
B2105554215599N12302923WA0133701411
B2105564215597N12302918WA0133801413
B2105574215595N12302915WA0133901414
B2105584215593N12302911WA0133901414
B2105594215592N12302906WA0133801421
B2106004215591N12302900WA0133901415
B2106014215592N12302897WA0134001415
B2106024215592N12302894WA0134001416
B2106034215591N12302891WA0134001424
B2106044215591N12302889WA0133901425
B2106054215590N12302886WA0133801424
B2106064215591N12302885WA0133701418
B2106074215593N12302883WA0133501418
B2106084215594N12302882WA0133501418
B2106094215595N12302881WA0133501423
B2106104215597N12302881WA0133301424
B2106114215598N12302880WA0133301422
B2106124215602N12302880WA0133201421
B2106134215605N12302879WA0133001422
B2106144215608N12302879WA0132901409
B2106154215612N12302878WA0133101408
B2106164215615N12302878WA0133301407
B2106174215617N12302878WA0133301408
B2106184215618N12302879WA0133501409
B2106194215619N12302880WA0133401408
B2106204215620N12302879WA0133301409
B2106214215620N12302877WA0133201409
B2106224215621N12302874WA0133201409
B2106234215623N12302873WA0133201409
B2106244215624N12302871WA0133101409
B2106254215625N12302871WA0133101413
B2106264215626N12302870WA0133001413
B2106274215628N12302870WA0132901413
B2106284215631N12302870WA0132901413
B2106294215634N12302871WA0133001409
B2106304215637N12302873WA0133001405
B2106314215639N12302875WA0133001405
B2106324215641N12302876WA0133001406
B2106334215643N12302878WA0132901405
B2106344215645N12302879WA0132901405
B2106354215647N12302881WA0132901405
B2106364215650N12302882WA0132701403
B2106374215652N12302883WA0132601403
B2106384215655N12302884WA0132501406
B2106394215658N12302885WA0132401406
B2106404215660N12302887WA0132201404
B2106414215663N12302889WA0132101404
B2106424215666N12302893WA0131901401
B2106434215669N12302895WA0131901399
B2106444215673N12302897WA0131801398
B2106454215676N12302899WA0132001396
B2106464215679N12302901WA0132001395
B2106474215681N12302903WA0132101395
B2106484215683N12302904WA0132001395
B2106494215684N12302904WA0132001395
B2106504215685N12302903WA0132001396
B2106514215687N12302903WA0132001396
B2106524215688N12302902WA0132001396
B2106534215690N12302907WA0131901396
B2106544215692N12302909WA0131801394
B2106554215696N12302912WA0131901395
B2106564215698N12302913WA0131701394
B2106574215701N12302915WA0132001393
B2106584215701N12302915WV0132000000
B2106594215704N12302918WA0132001393
B2107004215705N12302922WA0132001396
B2107014215706N12302924WA0131901394
B2107024215708N12302927WA0131901392
B2107034215710N12302929WA0131901392
B2107044215712N12302930WA0132001394
B2107054215714N12302932WA0132001392
B2107064215718N12302933WA0131901393
B2107074215721N12302933WA0131801396
B2107084215724N12302933WA0131601391
B2107094215727N12302933WA0131401395
B2107104215731N12302935WA0131401395
B2107114215734N12302937WA0131401393
B2107124215737N12302939WA0131501391
B2107134215740N12302942WA0131601389
B2107144215741N12302944WA0131501389
B2107154215744N12302949WA0131401389
B2107164215746N12302954WA0131301379
B2107174215749N12302959WA0131301379
B2107184215751N12302965WA0131301389
K210718050999
B2107194215754N12302970WA0131401373
B2107204215757N12302975WA0131601374
B2107214215759N12302978WA0131801374
B2107224215761N12302981WA0131801374
B2107234215763N12302985WA0131801389
B2107244215764N12302989WA0131901390
B2107254215765N12302994WA0131701391
B2107264215767N12302998WA0131701391
B2107274215769N12303003WA0131601390
B2107284215770N12303007WA0131601390
B2107294215772N12303013WA0131501390
B2107304215774N12303016WA0131401391
B2107314215778N12303019WA0131601389
B2107324215782N12303021WA0131701389
B2107334215784N12303022WA0131901388
B2107344215785N12303023WA0132101384
B2107354215786N12303025WA0132101384
B2107364215788N12303027WA0132101387
B2107374215791N12303029WA0131901403
B2107384215795N12303030WA0131801404
B2107394215799N12303030WA0131801404
LXNA::BAT:discharging,82%,4.182V,-578mA
B2107404215802N12303030WA0131901404
B2107414215805N12303031WA0131801392
B2107424215806N12303030WA0131701383
B2107434215811N12303028WA0131501393
B2107444215814N12303028WA0131401382
B2107454215818N12303029WA0131301383
B2107464215821N12303030WA0131201383
B2107474215825N12303032WA0131101383
B2107484215829N12303033WA0130901375
B2107494215834N12303034WA0130701373
B2107504215838N12303035WA0130701372
B2107514215843N12303036WA0130701370
B2107524215847N12303038WA0130501370
B2107534215851N12303039WA0130401389
B2107544215856N12303039WA0130201387
B2107554215860N12303041WA0130301387
B2107564215865N12303043WA0130201382
B2107574215868N12303047WA0130101364
B2107584215871N12303051WA0129901364
B2107594215874N12303055WA0129701377
B2108004215877N12303061WA0129701374
B2108014215879N12303066WA0129401374
B2108024215881N12303072WA0129401372
B2108034215883N12303079WA0129401365
B2108044215884N12303085WA0129501364
B2108054215884N12303091WA0129301381
B2108064215884N12303097WA0129301379
B2108074215884N12303104WA0129101378
B2108084215884N12303110WA0128801378
B2108094215885N12303117WA0128701378
B2108104215886N12303123WA0128501374
B2108114215887N12303128WA0128601374
B2108124215888N12303134WA0128501372
B2108134215890N12303138WA0128501370
B2108144215892N12303143WA0128601340
B2108154215893N12303147WA0128601340
B2108164215894N12303150WA0128701340
B2108174215895N12303152WA0128701341
B2108184215896N12303155WA0128601341
B2108194215898N12303159WA0128201341
B2108204215900N12303164WA0127901341
B2108214215904N12303169WA0127701343
B2108224215908N12303173WA0127701366
B2108234215912N12303175WA0127801342
B2108244215915N12303176WA0127701340
B2108254215918N12303178WA0127601337
B2108264215921N12303182WA0127401335
B2108274215924N12303187WA0127201359
B2108284215927N12303193WA0127201359
B2108294215930N12303197WA0127201358
B2108304215933N12303202WA0127201357
B2108314215935N12303206WA0127301356
B2108324215938N12303210WA0127301356
B2108334215940N12303212WA0127401357
B2108344215943N12303214WA0127301356
B2108354215945N12303215WA0127201356
B2108364215948N12303215WA0127101356
B2108374215951N12303216WA0127201355
B2108384215953N12303216WA0127201355
B2108394215956N12303216WA0127101355
B2108404215959N12303215WA0127101356
B2108414215962N12303213WA0127101352
B2108424215965N12303211WA0127201351
B2108434215968N12303210WA0127401353
B2108444215971N12303208WA0127401346
B2108454215974N12303207WA0127501327
B2108464215978N12303206WA0127501328
B2108474215982N12303205WA0127501329
B2108484215986N12303204WA0127401356
B2108494215991N12303204WA0127501356
B2108504215997N12303204WA0127401356
B2108514216000N12303204WA0127501355
B2108524216004N12303203WA0127601357
B2108534216008N12303201WA0128001356
B2108544216011N12303201WA0128201358
B2108554216014N12303201WA0128601356
B2108564216015N12303201WA0128701356
B2108574216018N12303199WA0128801359
B2108584216020N12303196WA0128801362
B2108594216022N12303190WA0128801365
B2109004216023N12303185WA0128801370
B2109014216022N12303178WA0128901371
B2109024216020N12303173WA0129001372
B2109034216016N12303168WA0128901373
B2109044216011N12303163WA0128901372
B2109054216006N12303161WA0128801372
B2109064215999N12303160WA0128901372
B2109074215993N12303162WA0129001373
B2109084215986N12303166WA0129101373
B2109094215982N12303171WA0129101374
B2109104215979N12303179WA0129201372
B2109114215978N12303185WA0129401372
B2109124215979N12303192WA0129401372
B2109134215982N12303198WA0129501375
B2109144215985N12303201WA0129901375
B2109154215989N12303204WA0130201376
B2109164215992N12303205WA0130401378
B2109174215995N12303208WA0130701378
B2109184215998N12303211WA0131001379
B2109194216002N12303215WA0131401382
B2109204216004N12303220WA0131701385
B2109214216006N12303225WA0131901390
B2109224216007N12303230WA0132101393
B2109234216009N12303234WA0132101397
B2109244216012N12303236WA0132301400
B2109254216017N12303236WA0132301403
B2109264216020N12303232WA0132201405
B2109274216021N12303226WA0132301406
B2109284216021N12303220WA0132401406
B2109294216019N12303215WA0132501409
B2109304216016N12303210WA0132401409
B2109314216011N12303207WA0132401411
B2109324216004N12303206WA0132301411
B2109334215999N12303208WA0132301410
B2109344215992N12303212WA0132301410
B2109354215988N12303219WA0132301411
K210935352999
B2109364215986N12303228WA0132401410
B2109374215986N12303237WA0132801411
B2109384215989N12303246WA0133201412
B2109394215990N12303254WA0133801412
B2109404215991N12303260WA0134301409
B2109414215990N12303267WA0134701410
B2109424215990N12303273WA0135001414
B2109434215990N12303278WA0134901417
B2109444215993N12303282WA0134801425
B2109454215997N12303284WA0134601432
B2109464216000N12303283WA0134601435
B2109474216003N12303278WA0134601434
B2109484216004N12303272WA0134801433
K210948002865
B2109494216003N12303266WA0134801435
B2109504216001N12303260WA0134801436
B2109514215997N12303255WA0134601436
B2109524215993N12303250WA0134701436
B2109534215987N12303247WA0134801436
B2109544215981N12303246WA0134901436
B2109554215973N12303246WA0135201436
B2109564215966N12303248WA0135801436
B2109574215962N12303251WA0136101436
B2109584215958N12303257WA0136201437
B2109594215955N12303268WA0136301439
B2110004215954N12303276WA0136801442
B2110014215955N12303284WA0137501448
K211001009834
B2110024215957N12303288WA0137901450
B2110034215959N12303289WA0138001451
B2110044215961N12303288WA0138101453
B2110054215964N12303287WA0138101457
B2110064215968N12303287WA0138201465
B2110074215971N12303289WA0138301470
B2110084215974N12303288WA0138201472
B2110094215976N12303285WA0138001470
B2110104215977N12303277WA0137901471
B2110114215975N12303268WA0138001470
B2110124215971N12303262WA0138101471
B2110134215965N12303258WA0138101471
B2110144215959N12303258WA0138201472
B2110154215950N12303260WA0138301472
B2110164215945N12303264WA0138501471
B2110174215939N12303270WA0138701471
B2110184215935N12303276WA0139001472
B2110194215931N12303282WA0138901472
B2110204215927N12303290WA0139001474
B2110214215923N12303301WA0139201477
B2110224215920N12303310WA0139501478
B2110234215919N12303318WA0139901481
B2110244215917N12303325WA0140401482
B2110254215914N12303329WA0140701481
B2110264215910N12303334WA0140901483
B2110274215908N12303339WA0140601487
B2110284215906N12303345WA0140301493
B2110294215905N12303354WA0140201495
B2110304215905N12303362WA0140101496
B2110314215906N12303369WA0140101495
B2110324215908N12303372WA0140001494
B2110334215911N12303375WA0140101494
B2110344215916N12303375WA0139901494
B2110354215922N12303374WA0140101494
B2110364215925N12303373WA0140201495
B2110374215929N12303372WA0140501495
B2110384215932N12303373WA0140601492
B2110394215935N12303374WA0140701493
LXNA::BAT:discharging,82%,4.182V,-678mA
B2110404215938N12303376WA0140801493
B2110414215941N12303377WA0140701495
B2110424215946N12303379WA0140601497
B2110434215950N12303381WA0140701499
B2110444215954N12303382WA0140901500
B2110454215958N12303383WA0141001499
B2110464215962N12303384WA0141201499
B2110474215966N12303385WA0141401500
B2110484215970N12303388WA0141601500
B2110494215972N12303390WA0141701500
B2110504215976N12303391WA0141801505
B2110514215980N12303394WA0141801506
B2110524215984N12303397WA0142001508
B2110534215989N12303400WA0142101510
B2110544215994N12303403WA0142301511
B2110554215998N12303406WA0142601512
B2110564216002N12303409WA0142801513
B2110574216006N12303412WA0143001514
B2110584216010N12303416WA0143301516
B2110594216013N12303419WA0143501518
B2111004216016N12303422WA0143601520
B2111014216019N12303427WA0143701522
B2111024216022N12303429WA0143801525
B2111034216028N12303431WA0143901529
B2111044216032N12303431WA0144101531
B2111054216037N12303429WA0144301533
B2111064216040N12303425WA0144501534
B2111074216042N12303419WA0144601532
B2111084216040N12303413WA0144901534
B2111094216038N12303408WA0145001535
B2111104216034N12303403WA0145201540
B2111114216031N12303400WA0145301541
B2111124216026N12303398WA0145201543
B2111134216020N12303399WA0145201546
B2111144216014N12303402WA0145301547
B2111154216008N12303409WA0145601548
B2111164216004N12303418WA0145801548
B2111174216003N12303426WA0146001548
B2111184216004N12303434WA0146301549
B2111194216008N12303439WA0146401550
B2111204216013N12303445WA0146501553
B2111214216016N12303448WA0146501555
B2111224216021N12303452WA0146601558
B2111234216026N12303455WA0146701559
B2111244216032N12303458WA0146801562
B2111254216039N12303461WA0147101563
B2111264216044N12303463WA0147301563
B2111274216049N12303466WA0147501564
B2111284216053N12303469WA0147701565
B2111294216057N12303472WA0147701565
B2111304216061N12303475WA0147801568
B2111314216066N12303476WA0148101571
B2111324216071N12303478WA0148201572
B2111334216076N12303481WA0148401574
B2111344216082N12303486WA0148601576
B2111354216086N12303490WA0148801578
K211135011198
B2111364216090N12303494WA0149001577
B2111374216095N12303499WA0149101580
B2111384216099N12303502WA0149201580
B2111394216103N12303505WA0149301584
B2111404216109N12303508WA0149501585
B2111414216114N12303510WA0149701588
B2111424216120N12303511WA0150001590
B2111434216125N12303511WA0150301590
B2111444216129N12303513WA0150601590
B2111454216134N12303516WA0150801592
B2111464216139N12303519WA0151001595
B2111474216142N12303521WA0151201597
B2111484216147N12303521WA0151401601
B2111494216152N12303521WA0151701604
B2111504216158N12303522WA0151901607
B2111514216164N12303524WA0152201609
B2111524216169N12303526WA0152401610
B2111534216175N12303528WA0152601612
B2111544216181N12303529WA0152701615
B2111554216187N12303531WA0152901618
B2111564216193N12303535WA0153201621
B2111574216199N12303538WA0153301624
B2111584216204N12303542WA0153501626
B2111594216211N12303545WA0153901626
B2112004216218N12303548WA0154401628
B2112014216224N12303550WA0154801630
B2112024216230N12303552WA0155501632
B2112034216237N12303555WA0156101636
B2112044216241N12303557WA0156601639
B2112054216247N12303559WA0156501642
B2112064216254N12303560WA0156701648
B2112074216260N12303561WA0156901654
B2112084216265N12303564WA0157101660
B2112094216271N12303568WA0157301663
B2112104216276N12303572WA0157701665
B2112114216281N12303576WA0158301667
B2112124216286N12303579WA0158101669
B2112134216292N12303582WA0158501671
B2112144216296N12303583WA0158701673
B2112154216301N12303583WA0158801677
B2112164216305N12303578WA0158901680
B2112174216310N12303570WA0159001682
B2112184216312N12303563WA0159101685
B2112194216313N12303557WA0159101688
B2112204216314N12303550WA0159001688
B2112214216313N12303544WA0159001689
B2112224216311N12303542WA0159101690
B2112234216305N12303540WA0159201689
B2112244216296N12303540WA0159301692
B2112254216288N12303541WA0159501692
B2112264216285N12303544WA0159701693
B2112274216283N12303549WA0159901692
B2112284216283N12303556WA0160001693
B2112294216284N12303564WA0160001693
B2112304216286N12303570WA0160101694
B2112314216288N12303576WA0160201697
B2112324216292N12303580WA0160101700
B2112334216296N12303585WA0160001701
B2112344216301N12303588WA0160001701
B2112354216307N12303588WA0160201700
B2112364216314N12303586WA0160501699
B2112374216322N12303583WA0160801701
B2112384216330N12303578WA0160901701
B2112394216333N12303573WA0161001702
B2112404216334N12303567WA0160901702
B2112414216335N12303559WA0160901706
B2112424216334N12303551WA0160801708
B2112434216330N12303546WA0160801708
B2112444216323N12303544WA0160901709
B2112454216315N12303543WA0161001709
B2112464216311N12303546WA0161001710
K211246215880
B2112474216307N12303551WA0161101710
B2112484216304N12303557WA0161301711
B2112494216300N12303564WA0161401711
B2112504216298N12303569WA0161701710
B2112514216295N12303576WA0162001710
B2112524216293N12303583WA0162101711
B2112534216293N12303592WA0162301714
B2112544216293N12303601WA0162401716
B2112554216295N12303611WA0162701719
B2112564216296N12303619WA0162801722
B2112574216297N12303626WA0162901723
B2112584216302N12303631WA0163001724
B2112594216307N12303629WA0163301726
B2113004216315N12303625WA0163501728
B2113014216320N12303620WA0164001730
B2113024216320N12303613WA0164201731
B2113034216319N12303608WA0164401732
B2113044216317N12303602WA0164401733
B2113054216315N12303598WA0164401736
K211305204457
B2113064216312N12303593WA0164501739
B2113074216310N12303591WA0164701743
B2113084216309N12303590WA0164801745
B2113094216308N12303598WA0165101746
B2113104216306N12303607WA0165301746
B2113114216306N12303615WA0165401747
B2113124216306N12303623WA0165501749
B2113134216307N12303631WA0165601750
B2113144216309N12303637WA0165901753
B2113154216310N12303643WA0166001756
B2113164216314N12303650WA0166101757
B2113174216315N12303652WA0166301758
K211317181463
B2113184216319N12303654WA0166401760
B2113194216324N12303655WA0166401761
B2113204216330N12303655WA0166401763
B2113214216337N12303652WA0166401763
B2113224216344N12303646WA0166501767
B2113234216351N12303640WA0166601768
K211323169329
B2113244216359N12303632WA0166701768
B2113254216365N12303627WA0166901768
B2113264216370N12303623WA0166901768
B2113274216364N12303625WA0167001768
B2113284216358N12303628WA0167101769
B2113294216355N12303631WA0167401770
B2113304216353N12303635WA0167701772
B2113314216353N12303639WA0167901773
B2113324216353N12303644WA0167901774
B2113334216353N12303650WA0167801773
B2113344216354N12303655WA0167901777
B2113354216356N12303659WA0168001779
B2113364216360N12303662WA0168001781
B2113374216366N12303665WA0168101781
B2113384216371N12303665WA0168101782
B2113394216375N12303663WA0168301783
B2113404216381N12303659WA0168401784
LXNA::BAT:discharging,81%,4.163V,-703mA
B2113414216388N12303653WA0168301784
B2113424216394N12303647WA0168301785
B2113434216399N12303640WA0168401785
B2113444216404N12303634WA0168401787
B2113454216410N12303630WA0168501787
B2113464216408N12303629WA0168401787
B2113474216403N12303628WA0168501788
B2113484216399N12303630WA0168501787
B2113494216395N12303632WA0168601787
B2113504216391N12303635WA0168601788
B2113514216389N12303640WA0168701789
B2113524216388N12303645WA0168801790
B2113534216388N12303651WA0168901791
B2113544216388N12303662WA0169101791
B2113554216388N12303671WA0169201791
B2113564216390N12303679WA0169401791
B2113574216393N12303687WA0169601793
B2113584216394N12303691WA0169601793
B2113594216397N12303695WA0169701795
B2114004216401N12303700WA0169701798
B2114014216406N12303705WA0169701799
B2114024216410N12303708WA0169701798
B2114034216413N12303709WA0169701800
B2114044216416N12303709WA0169801800
B2114054216420N12303705WA0169901801
B2114064216423N12303699WA0169901801
B2114074216425N12303693WA0169801801
B2114084216427N12303687WA0169601802
B2114094216429N12303680WA0169401801
B2114104216430N12303673WA0169201801
B2114114216431N12303670WA0169201802
B2114124216431N12303670WA0169101801
B2114134216426N12303674WA0168901801
B2114144216423N12303680WA0169101798
B2114154216421N12303688WA0169301796
B2114164216421N12303698WA0169401797
B2114174216421N12303704WA0169201797
K211417203572
B2114184216421N12303711WA0169001796
B2114194216420N12303719WA0168801795
B2114204216420N12303729WA0168701795
B2114214216421N12303738WA0168701796
B2114224216422N12303748WA0168801796
B2114234216423N12303757WA0168801795
B2114244216424N12303766WA0168901794
B2114254216425N12303775WA0168801793
B2114264216426N12303783WA0168801792
B2114274216426N12303793WA0168801792
B2114284216426N12303803WA0168701793
B2114294216425N12303814WA0168901793
B2114304216425N12303822WA0169101793
B2114314216425N12303830WA0169101791
B2114324216424N12303838WA0169201793
B2114334216424N12303846WA0169201792
B2114344216423N12303856WA0169201793
B2114354216423N12303863WA0169101794
B2114364216422N12303872WA0169101795
B2114374216421N12303879WA0169001795
B2114384216420N12303886WA0168801795
B2114394216419N12303894WA0168401795
B2114404216421N12303901WA0168301795
B2114414216422N12303907WA0168501794
B2114424216423N12303914WA0168701794
B2114434216422N12303918WA0168701792
B2114444216421N12303921WA0168601791
B2114454216422N12303926WA0168401791
B2114464216425N12303931WA0168201791
B2114474216429N12303937WA0168101789
B2114484216433N12303942WA0168001787
B2114494216436N12303948WA0167901787
B2114504216438N12303952WA0167801788
B2114514216439N12303957WA0167701787
B2114524216441N12303963WA0167601785
B2114534216443N12303968WA0167601784
B2114544216446N12303974WA0167601783
B2114554216448N12303980WA0167501781
B2114564216451N12303985WA0167501781
B2114574216454N12303990WA0167401780
B2114584216456N12303996WA0167301780
B2114594216458N12304002WA0167201779
B2115004216458N12304010WA0167201777
B2115014216458N12304018WA0167301777
B2115024216458N12304024WA0167401776
B2115034216458N12304031WA0167401776
B2115044216458N12304038WA0167501776
B2115054216458N12304044WA0167401777
B2115064216457N12304051WA0167301777
B2115074216458N12304056WA0167201776
B2115084216459N12304062WA0166901776
B2115094216460N12304068WA0166601776
B2115104216461N12304075WA0166301775
B2115114216463N12304083WA0166101775
B2115124216464N12304090WA0166001776
B2115134216464N12304098WA0165801771
B2115144216465N12304105WA0165601770
B2115154216465N12304114WA0165501765
B2115164216466N12304122WA0165201763
B2115174216467N12304132WA0165101761
B2115184216469N12304140WA0165101760
B2115194216471N12304148WA0165101759
B2115204216473N12304154WA0165101759
B2115214216475N12304161WA0165101755
B2115224216477N12304168WA0165101755
B2115234216479N12304175WA0165001754
B2115244216480N12304183WA0164901754
B2115254216482N12304192WA0164601753
B2115264216484N12304200WA0164601753
B2115274216486N12304209WA0164801754
B2115284216488N12304217WA0165101753
B2115294216490N12304224WA0165401751
B2115304216492N12304229WA0165801752
B2115314216493N12304233WA0166001751
B2115324216495N12304238WA0166101752
B2115334216497N12304244WA0166501752
B2115344216498N12304250WA0166701757
B2115354216498N12304255WA0166901760
B2115364216497N12304260WA0166901762
B2115374216497N12304265WA0167001764
B2115384216497N12304271WA0166901766
B2115394216497N12304278WA0167201768
B2115404216496N12304284WA0167401772
B2115414216496N12304290WA0167601773
B2115424216496N12304296WA0167601773
B2115434216497N12304302WA0167501774
B2115444216498N12304310WA0167501776
B2115454216498N12304317WA0167601777
B2115464216499N12304323WA0167601778
B2115474216499N12304331WA0167701778
B2115484216500N12304337WA0167701780
B2115494216500N12304346WA0167601780
B2115504216500N12304354WA0167601781
B2115514216499N12304364WA0167601780
B2115524216499N12304373WA0167601780
B2115534216500N12304381WA0167801779
B2115544216501N12304387WA0168101780
B2115554216502N12304392WA0168401780
B2115564216503N12304396WA0168501781
B2115574216503N12304400WA0168701781
B2115584216503N12304406WA0168701781
B2115594216504N12304412WA0168701783
B2116004216505N12304418WA0168501785
B2116014216507N12304423WA0168501787
B2116024216509N12304429WA0168101787
B2116034216511N12304435WA0167801787
B2116044216512N12304443WA0167701788
B2116054216512N12304452WA0167601786
B2116064216512N12304459WA0167601788
B2116074216512N12304467WA0167601784
B2116084216513N12304474WA0167501781
B2116094216514N12304481WA0167301780
B2116104216514N12304488WA0167201780
B2116114216514N12304495WA0167101779
B2116124216513N12304503WA0166901780
B2116134216513N12304509WA0166701779
B2116144216513N12304516WA0166501776
B2116154216514N12304525WA0166301774
B2116164216514N12304532WA0166001773
B2116174216514N12304538WA0165901772
B2116184216513N12304545WA0165501772
B2116194216513N12304552WA0165401769
B2116204216513N12304560WA0165101767
B2116214216513N12304569WA0164801763
B2116224216514N12304576WA0164601762
B2116234216515N12304585WA0164401759
B2116244216515N12304591WA0164201756
B2116254216515N12304599WA0163901754
B2116264216516N12304606WA0163501751
B2116274216517N12304613WA0163301748
B2116284216517N12304619WA0163001744
B2116294216518N12304624WA0162601742
B2116304216518N12304630WA0162101739
B2116314216518N12304636WA0161901736
B2116324216520N12304644WA0161701734
B2116334216522N12304651WA0161901731
B2116344216524N12304656WA0161901727
B2116354216525N12304661WA0161901722
B2116364216525N12304665WA0161601720
B2116374216524N12304669WA0161601720
B2116384216524N12304674WA0161201720
B2116394216523N12304678WA0160801719
B2116404216523N12304683WA0160501718
B2116414216522N12304690WA0160201718
LXNA::BAT:discharging,80%,4.144V,-702mA
B2116424216522N12304697WA0160001718
B2116434216522N12304704WA0159901712
B2116444216523N12304711WA0159901709
B2116454216524N12304718WA0159701704
B2116464216525N12304723WA0159701703
B2116474216525N12304730WA0159801701
B2116484216525N12304736WA0159801701
B2116494216524N12304743WA0159801700
B2116504216523N12304750WA0159901699
B2116514216522N12304758WA0160101699
B2116524216522N12304763WA0160301699
B2116534216521N12304768WA0160301699
B2116544216520N12304774WA0160301700
B2116554216520N12304780WA0160401701
B2116564216520N12304786WA0160501703
B2116574216519N12304792WA0160601702
B2116584216519N12304798WA0160701703
B2116594216518N12304804WA0160701703
B2117004216517N12304810WA0160701704
B2117014216517N12304818WA0160601705
B2117024216517N12304829WA0160801706
B2117034216517N12304834WA0160901707
B2117044216516N12304842WA0161301707
B2117054216516N12304848WA0161401707
B2117064216515N12304854WA0161501707
B2117074216513N12304858WA0161701708
B2117084216510N12304864WA0161801710
B2117094216508N12304869WA0161901715
B2117104216506N12304874WA0161901716
B2117114216505N12304881WA0162001717
B2117124216504N12304887WA0162101718
B2117134216504N12304893WA0162201719
B2117144216505N12304898WA0162101721
B2117154216507N12304901WA0161901722
B2117164216511N12304901WA0161801722
B2117174216515N12304899WA0161801722
K211717203572
B2117184216520N12304896WA0161901722
B2117194216523N12304891WA0161901722
B2117204216526N12304885WA0161801721
B2117214216527N12304878WA0161701721
B2117224216526N12304868WA0161601720
B2117234216525N12304860WA0161501721
B2117244216522N12304852WA0161601721
B2117254216517N12304846WA0161601720
B2117264216512N12304841WA0161601717
B2117274216505N12304840WA0161701717
B2117284216496N12304844WA0161701716
B2117294216487N12304850WA0161701716
B2117304216480N12304856WA0161601717
B2117314216475N12304863WA0161501717
B2117324216472N12304872WA0161401717
B2117334216469N12304880WA0161601717
B2117344216466N12304886WA0161801717
B2117354216463N12304892WA0161701717
B2117364216460N12304896WA0161701717
B2117374216456N12304902WA0161501717
B2117384216453N12304909WA0161301717
B2117394216450N12304916WA0161201716
B2117404216447N12304924WA0161301717
B2117414216444N12304931WA0161301716
B2117424216441N12304939WA0161501715
B2117434216438N12304946WA0161701715
B2117444216436N12304953WA0162001717
B2117454216434N12304958WA0162201717
B2117464216432N12304962WA0162401718
B2117474216429N12304966WA0162501718
B2117484216427N12304971WA0162701719
B2117494216424N12304976WA0162901721
B2117504216422N12304982WA0163001724
B2117514216421N12304988WA0163101726
B2117524216420N12304993WA0163301728
B2117534216419N12304999WA0163401730
B2117544216418N12305003WA0163501732
B2117554216418N12305008WA0163401731
B2117564216420N12305013WA0163501733
B2117574216423N12305018WA0163701733
B2117584216425N12305021WA0163801735
B2117594216427N12305024WA0164101735
B2118004216430N12305024WA0164301736
B2118014216433N12305024WA0164301736
B2118024216437N12305021WA0164501738
B2118034216442N12305016WA0164601740
B2118044216445N12305010WA0164701743
B2118054216448N12305003WA0164801745
B2118064216448N12304995WA0165101745
B2118074216446N12304987WA0165201747
B2118084216441N12304978WA0165301748
B2118094216436N12304974WA0165401750
B2118104216432N12304971WA0165501751
B2118114216427N12304970WA0165701753
B2118124216421N12304972WA0165801754
B2118134216414N12304976WA0166001757
B2118144216404N12304981WA0166101757
B2118154216397N12304986WA0166101759
B2118164216395N12304992WA0166101761
B2118174216397N12304998WA0166301761
B2118184216399N12305005WA0166401763
B2118194216401N12305010WA0166501764
K211819318681
B2118204216403N12305013WA0166601764
B2118214216407N12305016WA0166801765
B2118224216411N12305019WA0166801767
B2118234216414N12305021WA0166901767
B2118244216418N12305023WA0167201767
B2118254216422N12305024WA0167301769
B2118264216425N12305022WA0167401769
B2118274216429N12305019WA0167501770
B2118284216432N12305015WA0167601772
B2118294216435N12305008WA0167801775
B2118304216436N12305000WA0167801777
B2118314216436N12304992WA0168001778
B2118324216433N12304985WA0168101778
B2118334216426N12304981WA0168101779
B2118344216417N12304979WA0168201780
B2118354216408N12304978WA0168301782
B2118364216402N12304979WA0168401783
B2118374216398N12304982WA0168701785
B2118384216394N12304987WA0168801786
B2118394216391N12304993WA0169001787
B2118404216388N12304999WA0169101786
B2118414216385N12305005WA0169301789
B2118424216383N12305011WA0169301790
B2118434216382N12305016WA0169401794
B2118444216381N12305022WA0169501795
B2118454216379N12305028WA0169501797
B2118464216378N12305034WA0169601798
B2118474216377N12305040WA0169701798
B2118484216378N12305046WA0169901798
B2118494216379N12305051WA0170001799
B2118504216381N12305055WA0170101799
B2118514216384N12305060WA0170401801
B2118524216386N12305064WA0170701802
B2118534216387N12305067WA0170801802
B2118544216389N12305070WA0171001804
B2118554216392N12305071WA0171201803
B2118564216394N12305071WA0171401807
B2118574216397N12305071WA0171401811
K211857313644
B2118584216400N12305069WA0171501813
B2118594216403N12305066WA0171501815
B2119004216406N12305063WA0171601817
B2119014216408N12305058WA0171701818
B2119024216408N12305051WA0171801820
B2119034216407N12305044WA0172101820
B2119044216406N12305040WA0172401821
B2119054216407N12305037WA0172501822
B2119064216403N12305039WA0172601822
B2119074216396N12305043WA0172701825
B2119084216390N12305045WA0172801828
B2119094216380N12305050WA0172701829
B2119104216366N12305056WA0172701831
B2119114216351N12305063WA0172801833
B2119124216341N12305069WA0172901834
B2119134216334N12305076WA0173201835
B2119144216327N12305082WA0173701835
B2119154216322N12305089WA0174201835
B2119164216319N12305094WA0174601835
B2119174216317N12305101WA0175201835
B2119184216315N12305107WA0175601838
B2119194216312N12305114WA0176001845
B2119204216309N12305119WA0176301850
B2119214216306N12305126WA0176601854
B2119224216303N12305133WA0176801857
B2119234216302N12305138WA0176901863
B2119244216303N12305141WA0177101866
B2119254216306N12305140WA0177401869
B2119264216310N12305136WA0177601873
B2119274216315N12305130WA0177701876
B2119284216319N12305122WA0178001878
B2119294216323N12305117WA0178301879
B2119304216326N12305113WA0178701882
B2119314216327N12305112WA0179001885
B2119324216327N12305110WA0179301885
B2119334216328N12305109WA0179801885
B2119344216312N12305115WA0180301893
B2119354216305N12305116WA0180801898
B2119364216303N12305117WA0180901900
B2119374216303N12305120WA0181101903
B2119384216303N12305128WA0181401908
B2119394216303N12305135WA0181701913
B2119404216303N12305140WA0181701919
B2119414216300N12305147WA0181801921
B2119424216300N12305150WA0182001924
LXNA::BAT:discharging,80%,4.144V,-799mA
B2119434216302N12305152WA0182201926
B2119444216304N12305151WA0182301928
B2119454216306N12305148WA0182301928
B2119464216308N12305144WA0182601929
B2119474216309N12305141WA0182901932
B2119484216309N12305136WA0183201935
B2119494216309N12305134WA0183401935
B2119504216308N12305125WA0183701933
B2119514216303N12305119WA0184201937
B2119524216293N12305116WA0184601940
B2119534216285N12305115WA0184901943
B2119544216278N12305116WA0185301946
B2119554216273N12305117WA0185501949
B2119564216268N12305119WA0185901954
B2119574216264N12305122WA0186101959
K211957024999
B2119584216260N12305126WA0186401962
B2119594216256N12305131WA0186601966
B2120004216253N12305134WA0186601969
B2120014216251N12305140WA0186601973
B2120024216251N12305147WA0186501975
B2120034216250N12305156WA0186701977
B2120044216250N12305162WA0186801981
B2120054216251N12305163WA0186801980
B2120064216254N12305163WA0186701980
B2120074216258N12305160WA0186801980
B2120084216260N12305155WA0186801982
B2120094216264N12305150WA0186901983
B2120104216268N12305146WA0187201983
B2120114216272N12305141WA0187401983
B2120124216274N12305136WA0187701983
B2120134216276N12305132WA0187901982
B2120144216278N12305125WA0188301984
B2120154216279N12305118WA0188501987
B2120164216278N12305113WA0188701990
B2120174216275N12305108WA0189001994
B2120184216272N12305106WA0188901995
B2120194216266N12305107WA0189101997
B2120204216259N12305110WA0189502000
B2120214216248N12305115WA0189702002
B2120224216236N12305121WA0190002004
B2120234216229N12305128WA0190302005
B2120244216228N12305134WA0190702007
B2120254216229N12305141WA0191002011
B2120264216231N12305146WA0191002014
B2120274216233N12305149WA0191102017
B2120284216236N12305151WA0191102020
B2120294216239N12305151WA0191202024
B2120304216243N12305150WA0191402027
B2120314216246N12305148WA0191502028
B2120324216249N12305145WA0191802028
B2120334216251N12305141WA0191902030
B2120344216249N12305134WA0192102030
B2120354216245N12305125WA0192502032
B2120364216241N12305121WA0192702032
B2120374216236N12305115WA0193002037
B2120384216232N12305110WA0193302039
B2120394216228N12305105WA0193802042
B2120404216227N12305102WA0194102045
B2120414216225N12305099WA0194402047
B2120424216223N12305099WA0194602049
B2120434216222N12305102WA0194702053
B2120444216217N12305112WA0194702058
B2120454216211N12305120WA0194502062
B2120464216204N12305128WA0194502066
B2120474216197N12305135WA0194502067
B2120484216193N12305141WA0194402064
B2120494216188N12305149WA0194502065
B2120504216183N12305158WA0194802065
B2120514216180N12305165WA0195202066
B2120524216175N12305172WA0195402066
B2120534216172N12305178WA0195802066
B2120544216169N12305182WA0196002067
B2120554216167N12305186WA0196202069
B2120564216165N12305191WA0196402073
B2120574216164N12305197WA0196402075
B2120584216163N12305203WA0196502079
B2120594216162N12305211WA0196802082
B2121004216158N12305217WA0197202083
B2121014216154N12305224WA0197702085
B2121024216150N12305233WA0198202086
B2121034216148N12305240WA0198602088
B2121044216147N12305247WA0198902090
B2121054216147N12305253WA0199302093
B2121064216145N12305261WA0199702100
B2121074216144N12305268WA0200102106
B2121084216141N12305275WA0200502111
B2121094216138N12305282WA0200602115
B2121104216134N12305290WA0200902119
B2121114216129N12305299WA0201202123
B2121124216126N12305308WA0201702127
B2121134216123N12305315WA0202002130
B2121144216120N12305323WA0202302132
B2121154216117N12305331WA0202702136
B2121164216113N12305340WA0203002137
B2121174216110N12305348WA0203102141
B2121184216106N12305357WA0203602147
B2121194216103N12305364WA0204002149
B2121204216100N12305371WA0204302154
B2121214216096N12305379WA0204402157
B2121224216093N12305387WA0204602161
B2121234216089N12305395WA0204702164
B2121244216087N12305402WA0204802168
B2121254216084N12305410WA0204802171
B2121264216081N12305420WA0204902173
B2121274216077N12305428WA0205002176
B2121284216074N12305436WA0205002177
B2121294216072N12305447WA0205202178
B2121304216070N12305454WA0205402177
B2121314216069N12305462WA0205702179
B2121324216066N12305468WA0205802179
B2121334216064N12305472WA0205802179
B2121344216061N12305479WA0205402180
B2121354216059N12305487WA0205002184
B2121364216057N12305495WA0204602184
B2121374216053N12305505WA0204202185
B2121384216049N12305518WA0204202184
B2121394216048N12305526WA0204302184
B2121404216048N12305534WA0204302181
B2121414216050N12305541WA0204502176
B2121424216051N12305549WA0204502174
B2121434216051N12305556WA0204502175
B2121444216048N12305565WA0204402175
B2121454216045N12305573WA0204302172
B2121464216042N12305583WA0204102171
B2121474216040N12305591WA0203902172
B2121484216037N12305601WA0203702171
B2121494216035N12305611WA0203502171
B2121504216033N12305621WA0203302172
B2121514216033N12305630WA0203302170
B2121524216033N12305639WA0203302168
B2121534216033N12305648WA0203202165
B2121544216033N12305656WA0203002163
B2121554216033N12305664WA0202802163
B2121564216033N12305672WA0202502161
B2121574216033N12305684WA0202002161
B2121584216034N12305693WA0201702160
B2121594216035N12305702WA0201502156
B2122004216037N12305711WA0201402156
B2122014216038N12305720WA0201102152
B2122024216038N12305727WA0200802146
B2122034216037N12305734WA0200302143
B2122044216032N12305745WA0200202141
B2122054216028N12305756WA0200102142
B2122064216023N12305769WA0200002138
B2122074216019N12305777WA0199702134
B2122084216014N12305786WA0199402129
B2122094216009N12305796WA0199202128
B2122104216005N12305807WA0198902127
B2122114216001N12305817WA0198602125
B2122124215998N12305826WA0198302123
B2122134215993N12305835WA0197802120
B2122144215988N12305842WA0197302115
B2122154215982N12305852WA0196502110
B2122164215976N12305862WA0195902109
B2122174215970N12305875WA0195402105
B2122184215966N12305887WA0195202100
B2122194215961N12305901WA0195102094
B2122204215957N12305913WA0195002086
B2122214215952N12305923WA0194802080
B2122224215945N12305931WA0194702074
B2122234215940N12305938WA0194502073
B2122244215934N12305947WA0194302071
B2122254215929N12305956WA0194102069
B2122264215924N12305967WA0194002069
B2122274215920N12305976WA0194102068
B2122284215914N12305987WA0194302064
B2122294215910N12305993WA0194502064
B2122304215906N12305998WA0194502062
B2122314215901N12306004WA0194502063
B2122324215897N12306010WA0194402062
B2122334215892N12306018WA0194202062
B2122344215887N12306026WA0193902063
B2122354215883N12306036WA0193702064
B2122364215879N12306045WA0193802063
B2122374215876N12306054WA0193802063
B2122384215873N12306063WA0193802062
B2122394215871N12306071WA0193602060
B2122404215868N12306079WA0193502059
B2122414215864N12306088WA0193502059
B2122424215861N12306097WA0193402059
LXNA::BAT:discharging,79%,4.136V,-693mA
B2122434215857N12306106WA0193502055
B2122444215855N12306113WA0193502054
B2122454215852N12306121WA0193602054
B2122464215849N12306128WA0193702054
B2122474215845N12306136WA0193802054
B2122484215842N12306142WA0193902054
B2122494215840N12306148WA0193902055
B2122504215838N12306154WA0193902056
B2122514215835N12306162WA0193702057
B2122524215831N12306171WA0193502056
B2122534215827N12306180WA0193502056
B2122544215824N12306192WA0193502054
B2122554215822N12306202WA0193602056
B2122564215820N12306212WA0193802058
B2122574215818N12306221WA0193802057
B2122584215815N12306233WA0193902056
K212258021999
B2122594215812N12306240WA0193902056
B2123004215808N12306248WA0194102055
B2123014215805N12306256WA0194102055
B2123024215802N12306263WA0194202057
B2123034215799N12306270WA0194102060
B2123044215796N12306277WA0194002061
B2123054215794N12306284WA0193702061
B2123064215789N12306295WA0193502060
B2123074215786N12306304WA0193202060
B2123084215782N12306315WA0193202059
B2123094215779N12306325WA0193402060
B2123104215776N12306334WA0193402058
B2123114215772N12306343WA0193402056
B2123124215768N12306351WA0193302054
B2123134215764N12306358WA0193102052
B2123144215760N12306369WA0192802052
B2123154215758N12306379WA0192602051
B2123164215755N12306390WA0192502051
B2123174215751N12306401WA0192402051
B2123184215747N12306412WA0192502049
B2123194215744N12306422WA0192402047
B2123204215742N12306431WA0192102045
B2123214215738N12306442WA0191802044
B2123224215735N12306454WA0191402042
B2123234215732N12306467WA0191102043
B2123244215730N12306477WA0191002043
B2123254215728N12306489WA0190802040
B2123264215726N12306501WA0190802035
B2123274215724N12306511WA0190802032
B2123284215721N12306523WA0190502029
B2123294215717N12306534WA0190302027
B2123304215712N12306545WA0190102024
B2123314215708N12306555WA0189802027
B2123324215703N12306566WA0189502026
B2123334215700N12306576WA0189302024
B2123344215697N12306586WA0189002021
B2123354215694N12306597WA0188702018
B2123364215691N12306605WA0188502015
B2123374215689N12306615WA0188202012
B2123384215686N12306626WA0187802008
B2123394215684N12306635WA0187902006
B2123404215682N12306644WA0187602004
B2123414215679N12306652WA0187102001
B2123424215677N12306661WA0186801997
B2123434215674N12306671WA0186501994
B2123444215671N12306683WA0186101992
B2123454215668N12306691WA0185801990
B2123464215665N12306701WA0185501985
B2123474215662N12306710WA0185201982
B2123484215660N12306720WA0184901979
B2123494215658N12306730WA0184501975
B2123504215655N12306741WA0184101971
B2123514215653N12306750WA0183801968
B2123524215649N12306761WA0183501965
B2123534215646N12306773WA0183201962
B2123544215644N12306781WA0182901959
B2123554215642N12306792WA0182601954
B2123564215639N12306803WA0182101951
B2123574215636N12306815WA0181801946
B2123584215632N12306824WA0181601943
B2123594215629N12306834WA0181301939
B2124004215626N12306846WA0181201938
B2124014215625N12306853WA0181001934
B2124024215622N12306862WA0180701931
B2124034215618N12306872WA0180301928
B2124044215614N12306881WA0180001924
B2124054215609N12306892WA0179501923
B2124064215605N12306904WA0179201920
B2124074215603N12306913WA0178901917
B2124084215600N12306923WA0178801913
B2124094215598N12306933WA0178701911
B2124104215596N12306942WA0178401903
B2124114215594N12306951WA0178201900
B2124124215592N12306961WA0178001897
B2124134215590N12306970WA0177901894
B2124144215589N12306979WA0177801894
B2124154215588N12306988WA0177801892
B2124164215587N12306998WA0177601890
B2124174215586N12307007WA0177601888
B2124184215584N12307015WA0177501885
B2124194215582N12307023WA0177201886
B2124204215581N12307031WA0176901884
B2124214215580N12307040WA0176601882
B2124224215580N12307049WA0176501884
B2124234215579N12307058WA0176301884
B2124244215579N12307066WA0176001879
B2124254215579N12307074WA0175801876
B2124264215579N12307083WA0175601872
B2124274215579N12307092WA0175601870
B2124284215578N12307103WA0175401868
B2124294215577N12307111WA0175101868
B2124304215576N12307120WA0174901866
B2124314215575N12307129WA0174801864
B2124324215575N12307138WA0174601864
B2124334215575N12307147WA0174301861
B2124344215576N12307156WA0174101859
B2124354215577N12307166WA0174001856
B2124364215578N12307174WA0173901855
B2124374215579N12307183WA0173801854
B2124384215581N12307189WA0173701851
B2124394215582N12307196WA0173501846
B2124404215585N12307203WA0173301845
B2124414215587N12307211WA0173201844
B2124424215589N12307218WA0173201843
B2124434215591N12307227WA0172901842
B2124444215592N12307236WA0172801840
B2124454215594N12307245WA0172701839
B2124464215596N12307253WA0172801838
B2124474215597N12307261WA0172701835
B2124484215599N12307269WA0172601834
B2124494215601N12307277WA0172501832
B2124504215604N12307285WA0172501831
B2124514215606N12307292WA0172501833
B2124524215607N12307298WA0172601833
B2124534215608N12307304WA0172601830
B2124544215609N12307310WA0172501831
B2124554215610N12307316WA0172401831
B2124564215612N12307322WA0172301831
B2124574215614N12307329WA0172101830
B2124584215615N12307337WA0171901832
B2124594215616N12307344WA0171601832
B2125004215617N12307354WA0171301832
B2125014215619N12307364WA0171201830
B2125024215621N12307373WA0171201828
B2125034215624N12307380WA0171501825
B2125044215626N12307388WA0171601821
B2125054215628N12307393WA0171701821
B2125064215629N12307398WA0171601822
B2125074215631N12307403WA0171201822
B2125084215634N12307409WA0170801818
B2125094215637N12307417WA0170201817
B2125104215640N12307425WA0169901817
B2125114215643N12307433WA0169701816
B2125124215648N12307440WA0169801815
B2125134215651N12307445WA0169801811
B2125144215655N12307450WA0169701805
B2125154215658N12307454WA0169401803
B2125164215661N12307461WA0169201801
B2125174215665N12307469WA0169101801
B2125184215668N12307475WA0169001800
B2125194215672N12307481WA0168801798
B2125204215676N12307487WA0168801798
B2125214215681N12307494WA0168601797
B2125224215684N12307500WA0168501794
B2125234215688N12307508WA0168601793
B2125244215691N12307514WA0168601792
B2125254215695N12307521WA0168401791
B2125264215699N12307528WA0168301789
B2125274215702N12307535WA0168301790
B2125284215707N12307541WA0168401790
B2125294215711N12307546WA0168301791
B2125304215715N12307551WA0168101790
B2125314215719N12307557WA0168001788
B2125324215725N12307564WA0168001788
B2125334215729N12307570WA0167901787
B2125344215732N12307577WA0167901787
B2125354215737N12307584WA0167801785
B2125364215740N12307591WA0167901785
B2125374215744N12307597WA0167801781
B2125384215747N12307606WA0167601781
B2125394215749N12307612WA0167401782
B2125404215753N12307619WA0167401781
B2125414215755N12307625WA0167401780
B2125424215758N12307631WA0167401780
B2125434215760N12307637WA0167201778
LXNA::BAT:discharging,78%,4.047V,-645mA
B2125444215763N12307644WA0166901776
B2125454215765N12307651WA0166801777
B2125464215768N12307658WA0166501775
B2125474215770N12307665WA0166301776
B2125484215773N12307672WA0165901772
B2125494215776N12307679WA0165601773
B2125504215780N12307687WA0165501771
B2125514215784N12307694WA0165401767
B2125524215788N12307700WA0165401766
B2125534215791N12307706WA0165501761
B2125544215793N12307711WA0165501757
B2125554215795N12307718WA0165401759
B2125564215796N12307724WA0165001759
B2125574215798N12307730WA0164801759
B2125584215800N12307737WA0164401758
B2125594215803N12307745WA0164101757
K212559021999
B2126004215807N12307754WA0163701757
B2126014215810N12307761WA0163601753
B2126024215813N12307768WA0163401749
B2126034215816N12307774WA0163201747
B2126044215819N12307780WA0163001744
B2126054215822N12307787WA0162701736
B2126064215825N12307794WA0162501736
B2126074215828N12307801WA0162201735
B2126084215831N12307809WA0161901730
B2126094215834N12307818WA0161801728
B2126104215837N12307825WA0161701727
B2126114215840N12307831WA0161601725
B2126124215842N12307837WA0161401722
B2126134215845N12307844WA0161301718
B2126144215848N12307852WA0160901717
B2126154215850N12307860WA0160701717
B2126164215853N12307866WA0160501714
B2126174215856N12307874WA0160301716
B2126184215858N12307882WA0160101713
B2126194215861N12307889WA0160101708
B2126204215863N12307897WA0160001706
B2126214215865N12307902WA0159801705
B2126224215867N12307905WA0159701702
B2126234215870N12307910WA0159501700
B2126244215872N12307916WA0159301703
B2126254215874N12307923WA0159101702
B2126264215877N12307931WA0159001700
B2126274215880N12307938WA0158801698
B2126284215883N12307944WA0158701696
B2126294215886N12307951WA0158601694
B2126304215889N12307958WA0158501691
B2126314215893N12307964WA0158401690
B2126324215896N12307969WA0158201689
B2126334215899N12307974WA0158201689
B2126344215903N12307980WA0158101683
B2126354215906N12307986WA0157901683
B2126364215910N12307991WA0157801683
B2126374215913N12307997WA0157601679
B2126384215917N12308003WA0157501679
B2126394215921N12308008WA0157401679
B2126404215924N12308015WA0157201677
B2126414215928N12308021WA0157001677
B2126424215931N12308026WA0156901674
B2126434215935N12308031WA0156801673
B2126444215939N12308037WA0156701672
B2126454215942N12308043WA0156601668
B2126464215944N12308051WA0156401667
B2126474215946N12308059WA0156201668
B2126484215948N12308067WA0155901666
B2126494215952N12308075WA0155701665
B2126504215955N12308081WA0155601664
B2126514215959N12308088WA0155501662
B2126524215961N12308095WA0155401659
B2126534215964N12308103WA0155101659
B2126544215966N12308109WA0155001658
B2126554215970N12308116WA0154901657
B2126564215973N12308122WA0154701654
B2126574215976N12308129WA0154501653
B2126584215979N12308138WA0154501650
B2126594215983N12308145WA0154401648
B2127004215987N12308152WA0154201647
B2127014215991N12308157WA0153901646
B2127024215995N12308163WA0153801646
B2127034216000N12308169WA0153701641
B2127044216004N12308175WA0153601640
B2127054216008N12308180WA0153501640
B2127064216012N12308185WA0153501636
B2127074216016N12308189WA0153401633
B2127084216020N12308193WA0153301634
B2127094216024N12308198WA0153101633
B2127104216029N12308203WA0152901632
B2127114216034N12308208WA0152901631
B2127124216038N12308212WA0153001632
B2127134216041N12308217WA0153001629
B2127144216044N12308222WA0152901625
B2127154216048N12308227WA0152801625
B2127164216050N12308233WA0152601627
B2127174216053N12308238WA0152501626
B2127184216056N12308244WA0152301626
B2127194216059N12308249WA0152101626
B2127204216060N12308254WA0152001626
B2127214216062N12308260WA0151901623
B2127224216064N12308266WA0151801624
B2127234216067N12308273WA0151501623
B2127244216070N12308280WA0151301621
B2127254216072N12308287WA0151201618
B2127264216075N12308294WA0150901617
B2127274216078N12308300WA0150601616
B2127284216082N12308308WA0150601613
B2127294216084N12308314WA0150601610
B2127304216087N12308320WA0150801610
B2127314216088N12308324WA0150801609
B2127324216090N12308329WA0150601603
B2127334216091N12308334WA0150201603
B2127344216093N12308340WA0149801604
B2127354216095N12308346WA0149701602
B2127364216098N12308350WA0149501601
B2127374216100N12308356WA0149401602
B2127384216102N12308360WA0149401597
B2127394216104N12308364WA0149401596
B2127404216105N12308369WA0149001592
B2127414216106N12308374WA0148501592
B2127424216109N12308380WA0148101588
B2127434216111N12308385WA0147901588
B2127444216115N12308391WA0147901586
B2127454216118N12308396WA0147901585
B2127464216120N12308400WA0147801581
B2127474216122N12308403WA0147501577
B2127484216125N12308406WA0147301575
B2127494216128N12308410WA0147001574
B2127504216131N12308414WA0146901573
B2127514216134N12308417WA0146801576
B2127524216137N12308420WA0146601574
B2127534216140N12308424WA0146401570
B2127544216143N12308427WA0146301568
B2127554216147N12308431WA0146101565
B2127564216150N12308435WA0146001564
B2127574216153N12308439WA0145901563
B2127584216156N12308443WA0145801561
B2127594216158N12308447WA0145701561
B2128004216161N12308451WA0145701555
B2128014216164N12308454WA0145601554
B2128024216167N12308457WA0145501555
B2128034216169N12308460WA0145401553
B2128044216171N12308464WA0145201551
B2128054216174N12308469WA0145101552
B2128064216176N12308473WA0144901550
B2128074216179N12308476WA0144701549
B2128084216182N12308479WA0144501548
B2128094216186N12308482WA0144301547
B2128104216189N12308485WA0144101544
B2128114216192N12308490WA0143901542
B2128124216194N12308493WA0143701540
B2128134216198N12308497WA0143501538
B2128144216202N12308499WA0143301537
B2128154216205N12308501WA0143301535
B2128164216208N12308503WA0143201531
B2128174216210N12308506WA0143101530
K212817313644
B2128184216212N12308509WA0142801527
B2128194216215N12308512WA0142401529
B2128204216219N12308516WA0142101529
B2128214216223N12308519WA0141901526
B2128224216226N12308522WA0141901525
B2128234216229N12308525WA0141901521
B2128244216232N12308527WA0141701516
B2128254216234N12308528WA0141501513
B2128264216236N12308530WA0141301513
B2128274216238N12308532WA0141201514
B2128284216240N12308535WA0141101509
B2128294216241N12308539WA0141201508
B2128304216241N12308542WA0141201506
B2128314216241N12308544WA0141101504
B2128324216240N12308546WA0141001502
B2128334216240N12308549WA0140801504
B2128344216240N12308554WA0140201502
B2128354216240N12308559WA0139701502
B2128364216240N12308565WA0139501498
B2128374216240N12308570WA0139501497
B2128384216240N12308573WA0139601496
B2128394216240N12308576WA0139501488
B2128404216243N12308578WA0139301486
B2128414216246N12308579WA0138901487
B2128424216249N12308581WA0138701486
B2128434216254N12308582WA0138401486
B2128444216259N12308582WA0138401483
LXNA::BAT:discharging,78%,4.047V,-534mA
B2128454216263N12308583WA0138401483
B2128464216266N12308584WA0138301478
B2128474216270N12308586WA0138001475
B2128484216273N12308588WA0137701477
B2128494216277N12308590WA0137401477
B2128504216282N12308591WA0137301475
B2128514216286N12308594WA0137301473
B2128524216290N12308597WA0137101470
B2128534216294N12308599WA0137001466
B2128544216297N12308601WA0137001464
B2128554216300N12308603WA0137001463
B2128564216303N12308605WA0136901464
B2128574216305N12308608WA0136801458
B2128584216307N12308612WA0136501458
B2128594216309N12308615WA0136101458
B2129004216312N12308618WA0135801457
B2129014216316N12308620WA0135401456
B2129024216320N12308623WA0135301456
B2129034216324N12308626WA0135001452
B2129044216328N12308627WA0134901448
B2129054216332N12308627WA0134701443
B2129064216335N12308628WA0134601440
B2129074216340N12308628WA0134401437
B2129084216343N12308628WA0134201434
B2129094216346N12308628WA0134101433
B2129104216349N12308627WA0133801434
B2129114216351N12308627WA0133501432
B2129124216355N12308629WA0133001430
B2129134216359N12308633WA0132701428
B2129144216364N12308637WA0132501427
B2129154216367N12308640WA0132501424
B2129164216370N12308642WA0132501419
B2129174216372N12308644WA0132301418
B2129184216374N12308645WA0131801416
B2129194216375N12308646WA0131701415
B2129204216377N12308648WA0131301411
B2129214216378N12308651WA0130901410
B2129224216379N12308656WA0130401408
B2129234216380N12308661WA0130301404
B2129244216381N12308664WA0130401403
B2129254216382N12308666WA0130501395
B2129264216383N12308666WA0130501392
B2129274216383N12308665WA0130401390
B2129284216383N12308667WA0130001388
B2129294216383N12308669WA0129601386
B2129304216383N12308673WA0129101387
B2129314216385N12308677WA0128701385
B2129324216388N12308681WA0128301385
B2129334216390N12308685WA0128201382
B2129344216392N12308687WA0127801378
B2129354216395N12308689WA0127501372
B2129364216397N12308689WA0127001365
B2129374216401N12308690WA0126401364
B2129384216404N12308692WA0126101365
B2129394216409N12308694WA0125801359
B2129404216414N12308695WA0125601356
B2129414216418N12308695WA0125301348
B2129424216424N12308695WA0124901343
B2129434216427N12308696WA0124601341
B2129444216431N12308697WA0124401336
B2129454216436N12308699WA0124001338
B2129464216441N12308699WA0123801336
B2129474216447N12308698WA0123701333
B2129484216452N12308698WA0123501327
B2129494216457N12308699WA0123301324
B2129504216462N12308700WA0123201319
B2129514216466N12308701WA0123101318
B2129524216470N12308702WA0123001317
B2129534216474N12308702WA0122701316
B2129544216478N12308703WA0122301310
B2129554216483N12308705WA0122101310
B2129564216488N12308706WA0121801311
B2129574216492N12308708WA0121801308
B2129584216498N12308709WA0121601304
B2129594216503N12308710WA0121601300
B2130004216508N12308710WA0121501297
B2130014216511N12308711WA0121501295
B2130024216515N12308711WA0121301293
B2130034216518N12308713WA0121301293
B2130044216521N12308714WA0121001292
B2130054216525N12308716WA0120801288
B2130064216528N12308718WA0120601291
B2130074216532N12308721WA0120301292
B2130084216536N12308724WA0120201290
B2130094216539N12308727WA0120001288
B2130104216543N12308731WA0119801283
B2130114216546N12308734WA0119801282
B2130124216548N12308738WA0119701280
B2130134216550N12308742WA0119401277
B2130144216551N12308746WA0119001279
B2130154216553N12308749WA0119001279
B2130164216556N12308751WA0118901277
B2130174216554N12308755WA0118801276
B2130184216546N12308759WA0118601272
B2130194216548N12308752WA0118501265
B2130204216535N12308782WA0118301265
B2130214216529N12308785WA0118101263
B2130224216522N12308788WA0118001263
B2130234216518N12308794WA0117801261
B2130244216513N12308801WA0117601260
B2130254216510N12308802WA0117401258
B2130264216506N12308802WA0117201255
B2130274216501N12308804WA0116901254
B2130284216495N12308808WA0116701252
B2130294216485N12308813WA0116401250
B2130304216479N12308816WA0116401245
B2130314216472N12308819WA0116301242
B2130324216466N12308824WA0116201239
B2130334216461N12308828WA0116001238
B2130344216457N12308831WA0115901235
B2130354216452N12308833WA0115601235
B2130364216446N12308835WA0115201236
B2130374216440N12308837WA0114801236
B2130384216433N12308839WA0114401236
B2130394216427N12308841WA0114101231
B2130404216421N12308845WA0113801230
B2130414216416N12308849WA0113401225
B2130424216409N12308853WA0112901221
B2130434216404N12308857WA0112601222
K213043009955
B2130444216399N12308861WA0112301218
B2130454216395N12308867WA0112001212
B2130464216393N12308873WA0111601207
B2130474216392N12308879WA0111301203
B2130484216391N12308885WA0111001198
B2130494216392N12308892WA0110601195
B2130504216392N12308898WA0110301191
B2130514216393N12308907WA0110101189
B2130524216393N12308912WA0109901184
B2130534216394N12308917WA0109601180
B2130544216396N12308922WA0109201178
B2130554216398N12308927WA0109001175
B2130564216400N12308933WA0108501171
B2130574216402N12308940WA0108101169
B2130584216404N12308946WA0107801166
B2130594216406N12308951WA0107601160
B2131004216409N12308954WA0107301154
B2131014216412N12308957WA0107201153
B2131024216415N12308959WA0107101144
B2131034216418N12308962WA0106901145
B2131044216421N12308962WA0106601144
B2131054216425N12308962WA0106101141
B2131064216429N12308960WA0105901142
B2131074216433N12308958WA0105601138
B2131084216438N12308957WA0105201137
B2131094216444N12308957WA0104901136
B2131104216449N12308956WA0104701131
B2131114216454N12308955WA0104601127
B2131124216458N12308951WA0104601126
B2131134216462N12308948WA0104501122
B2131144216466N12308945WA0104401120
B2131154216470N12308945WA0104201115
B2131164216471N12308944WA0104101116
B2131174216474N12308942WA0103601114
B2131184216477N12308939WA0103201113
B2131194216482N12308935WA0102801112
B2131204216487N12308933WA0102501108
B2131214216492N12308932WA0102101108
B2131224216498N12308929WA0102201104
B2131234216504N12308925WA0102201101
B2131244216508N12308922WA0102401095
B2131254216511N12308919WA0102701092
B2131264216513N12308917WA0102601090
B2131274216514N12308915WA0102501087
B2131284216517N12308914WA0102201086
B2131294216520N12308913WA0102001086
B2131304216525N12308914WA0101801087
B2131314216530N12308916WA0101701086
B2131324216533N12308918WA0101701086
B2131334216537N12308920WA0101601087
B2131344216540N12308921WA0101501086
B2131354216543N12308923WA0101401081
B2131364216547N12308923WA0101301082
B2131374216550N12308921WA0101201083
B2131384216553N12308919WA0101101084
B2131394216556N12308918WA0101001083
B2131404216560N12308918WA0101001081
B2131414216564N12308917WA0100901080
B2131424216568N12308917WA0101101079
B2131434216570N12308918WA0101201081
B2131444216573N12308920WA0101301077
LXNA::BAT:discharging,77%,4.084V,-552mA
B2131454216575N12308922WA0101201080
B2131464216577N12308922WA0101101079
B2131474216579N12308920WA0100701077
B2131484216582N12308917WA0100601077
B2131494216584N12308914WA0100701076
B2131504216587N12308912WA0100701076
B2131514216588N12308910WA0100901075
B2131524216589N12308908WA0100801077
B2131534216589N12308906WA0100601075
B2131544216589N12308906WA0100101073
B2131554216591N12308905WA0099701069
B2131564216594N12308902WA0099301068
B2131574216597N12308898WA0099001065
B2131584216599N12308892WA0098501064
B2131594216601N12308885WA0098301060
B2132004216602N12308879WA0098301057
B2132014216601N12308873WA0098201056
B2132024216598N12308867WA0097801049
B2132034216592N12308861WA0097301048
B2132044216583N12308856WA0096901046
B2132054216569N12308856WA0096601049
B2132064216559N12308857WA0096501047
B2132074216548N12308859WA0096501044
B2132084216540N12308859WA0096401039
B2132094216532N12308860WA0096201034
B2132104216525N12308862WA0096101031
B2132114216518N12308864WA0095801030
B2132124216509N12308865WA0095501028
B2132134216500N12308866WA0095201027
B2132144216493N12308868WA0095001026
B2132154216485N12308872WA0095001026
B2132164216478N12308877WA0095101023
B2132174216471N12308881WA0095001020
B2132184216465N12308883WA0095001016
B2132194216459N12308886WA0095101008
B2132204216453N12308889WA0095201009
B2132214216450N12308893WA0095201010
B2132224216447N12308897WA0095001009
B2132234216444N12308902WA0094801011
B2132244216440N12308907WA0094601011
B2132254216435N12308913WA0094301010
B2132264216431N12308919WA0094201008
B2132274216425N12308926WA0093901007
B2132284216420N12308932WA0093801006
B2132294216414N12308939WA0093601004
B2132304216409N12308945WA0093501000
B2132314216404N12308952WA0093401000
B2132324216399N12308960WA0093501001
B2132334216395N12308965WA0093600999
B2132344216392N12308970WA0093600999
B2132354216388N12308974WA0093501000
B2132364216383N12308980WA0093201000
B2132374216378N12308985WA0093001001
B2132384216373N12308991WA0092801000
B2132394216366N12308996WA0092500999
B2132404216360N12309000WA0092400999
B2132414216353N12309005WA0092100995
B2132424216346N12309013WA0092300993
B2132434216342N12309020WA0092500993
B2132444216338N12309025WA0092500990
B2132454216335N12309028WA0092900990
B2132464216333N12309030WA0092800989
B2132474216333N12309032WA0092400986
B2132484216330N12309036WA0091900976
B2132494216327N12309041WA0091300975
B2132504216321N12309049WA0090900975
B2132514216314N12309057WA0091000976
B2132524216309N12309066WA0091300976
B2132534216308N12309075WA0091400973
B2132544216309N12309081WA0091600974
B2132554216308N12309087WA0091700971
B2132564216306N12309096WA0091800969
B2132574216304N12309104WA0091700972
B2132584216303N12309112WA0091600973
B2132594216303N12309122WA0091400971
B2133004216302N12309133WA0091400973
B2133014216300N12309140WA0091400976
B2133024216299N12309148WA0091400976
B2133034216299N12309158WA0091500978
B2133044216300N12309168WA0091500979
B2133054216299N12309175WA0091400980
B2133064216298N12309186WA0091300980
B2133074216299N12309195WA0091200979
B2133084216300N12309207WA0091200977
B2133094216302N12309215WA0091300977
B2133104216304N12309222WA0091400975
B2133114216306N12309232WA0091500975
B2133124216308N12309240WA0091600976
B2133134216307N12309246WA0091400975
B2133144216308N12309252WA0091100978
B2133154216309N12309261WA0090800977
B2133164216308N12309275WA0090600964
B2133174216307N12309282WA0090400963
B2133184216305N12309292WA0090400963
B2133194216302N12309299WA0090200962
B2133204216300N12309307WA0090000961
B2133214216299N12309318WA0089400959
B2133224216298N12309327WA0089100958
B2133234216298N12309339WA0088700962
B2133244216298N12309349WA0088500959
B2133254216299N12309359WA0088200956
B2133264216300N12309367WA0087900951
B2133274216300N12309375WA0087600948
B2133284216300N12309383WA0087300944
B2133294216299N12309393WA0086900943
B2133304216299N12309399WA0086600943
B2133314216298N12309406WA0086300939
B2133324216296N12309414WA0085800937
B2133334216292N12309418WA0085400935
B2133344216285N12309425WA0084900934
B2133354216279N12309430WA0084800930
B2133364216272N12309436WA0084500927
B2133374216268N12309439WA0084300922
B2133384216263N12309441WA0083900916
B2133394216258N12309444WA0083500910
B2133404216252N12309448WA0082800908
B2133414216246N12309450WA0082300903
K213341021999
B2133424216239N12309451WA0081700898
B2133434216232N12309452WA0081300894
B2133444216225N12309454WA0081000889
B2133454216219N12309456WA0080800886
B2133464216214N12309457WA0080500873
B2133474216207N12309459WA0080000866
B2133484216201N12309460WA0079600863
B2133494216194N12309462WA0079200861
B2133504216187N12309466WA0079000860
B2133514216181N12309469WA0078700858
B2133524216174N12309473WA0078400857
B2133534216169N12309476WA0078000851
B2133544216162N12309480WA0077900847
B2133554216156N12309483WA0077700845
B2133564216150N12309487WA0077500842
B2133574216144N12309489WA0077400838
B2133584216138N12309491WA0077100835
B2133594216132N12309491WA0076900837
B2134004216125N12309489WA0076600834
B2134014216118N12309487WA0076500835
B2134024216112N12309485WA0076400835
B2134034216106N12309484WA0076400833
B2134044216100N12309483WA0076200829
B2134054216096N12309481WA0075900827
B2134064216090N12309478WA0075700825
B2134074216084N12309475WA0075400824
B2134084216078N12309473WA0075300822
B2134094216072N12309470WA0075300820
B2134104216067N12309468WA0075300817
B2134114216063N12309464WA0075200813
B2134124216059N12309461WA0075200814
B2134134216054N12309457WA0075000815
B2134144216048N12309453WA0074800810
B2134154216042N12309449WA0075000799
B2134164216037N12309445WA0075200799
B2134174216032N12309441WA0075500799
B2134184216029N12309438WA0075900800
B2134194216026N12309433WA0076200801
B2134204216024N12309428WA0076400802
B2134214216020N12309422WA0076300807
B2134224216015N12309418WA0076400807
B2134234216010N12309417WA0076600811
B2134244216006N12309419WA0076900815
B2134254216004N12309427WA0076900817
B2134264216004N12309435WA0077400816
B2134274216005N12309438WA0077800818
B2134284216006N12309441WA0078100824
B2134294216008N12309443WA0078300826
B2134304216012N12309444WA0078500831
B2134314216016N12309444WA0078600835
B2134324216019N12309440WA0078800841
B2134334216019N12309433WA0078800844
B2134344216019N12309426WA0079300845
B2134354216015N12309420WA0079600851
B2134364216011N12309417WA0079900854
B2134374216007N12309414WA0079900856
B2134384216003N12309412WA0080300848
B2134394216000N12309409WA0080600851
B2134404215996N12309408WA0080800866
B2134414215990N12309409WA0080900866
B2134424215985N12309412WA0081100868
B2134434215982N12309416WA0081500858
B2134444215979N12309421WA0081800856
LXNA::BAT:discharging,76%,4.105V,-532mA
B2134454215979N12309427WA0081900858
B2134464215981N12309434WA0082000859
B2134474215985N12309439WA0082300862
B2134484215991N12309443WA0082900868
B2134494215994N12309441WA0083200871
B2134504215997N12309438WA0083600873
B2134514216000N12309433WA0084000875
K213451009955
B2134524216000N12309428WA0084300878
B2134534216000N12309422WA0084700885
B2134544215999N12309416WA0084700888
B2134554215996N12309411WA0084800892
B2134564215994N12309406WA0085100896
B2134574215991N12309402WA0085500903
K213457348265
B2134584215987N12309398WA0085800906
B2134594215983N12309396WA0086000910
B2135004215979N12309395WA0086400912
B2135014215974N12309398WA0086600916
B2135024215969N12309404WA0087100919
K213502359248
B2135034215966N12309410WA0087500921
B2135044215965N12309418WA0087900929
B2135054215965N12309423WA0088200934
B2135064215966N12309431WA0088400938
B2135074215969N12309436WA0088900941
K213507006229
B2135084215972N12309441WA0089100947
B2135094215976N12309442WA0089600950
B2135104215981N12309441WA0089800952
B2135114215985N12309438WA0090300954
B2135124215986N12309433WA0090600957
B2135134215987N12309427WA0090900960
B2135144215986N12309421WA0091100965
K213514016204
B2135154215983N12309414WA0091300966
B2135164215980N12309409WA0091700969
B2135174215975N12309405WA0092100959
B2135184215970N12309403WA0092500962
K213518027222
B2135194215966N12309406WA0092900967
B2135204215962N12309414WA0093000969
B2135214215959N12309424WA0093500975
B2135224215959N12309430WA0093800978
B2135234215960N12309435WA0094100983
B2135244215963N12309441WA0094400991
B2135254215966N12309444WA0094700995
B2135264215970N12309447WA0095001002
B2135274215974N12309449WA0095301006
B2135284215978N12309450WA0095701008
K213528022277
B2135294215982N12309448WA0096001011
B2135304215987N12309441WA0096301015
B2135314215990N12309431WA0096601017
B2135324215988N12309424WA0096901023
B2135334215984N12309416WA0097201027
B2135344215977N12309410WA0097601033
B2135354215972N12309409WA0098101036
B2135364215966N12309412WA0098601038
B2135374215962N12309415WA0098901043
B2135384215959N12309417WA0099101045
K213538328299
B2135394215955N12309420WA0099401047
B2135404215951N12309424WA0099701052
B2135414215947N12309430WA0099801056
B2135424215946N12309438WA0099801061
B2135434215948N12309446WA0099901063
B2135444215951N12309453WA0100201067
B2135454215955N12309457WA0100401068
B2135464215958N12309458WA0100701068
B2135474215964N12309460WA0101201070
B2135484215968N12309461WA0101701060
B2135494215972N12309463WA0102401061
B2135504215975N12309465WA0102801063
B2135514215978N12309464WA0103101067
B2135524215980N12309462WA0103201071
B2135534215983N12309457WA0103501084
B2135544215984N12309451WA0103701093
B2135554215984N12309444WA0104101098
B2135564215981N12309438WA0104401100
B2135574215978N12309434WA0104701101
B2135584215973N12309432WA0105401104
B2135594215967N12309430WA0105501106
B2136004215961N12309431WA0105801109
B2136014215956N12309433WA0105901116
B2136024215949N12309438WA0106001122
B2136034215944N12309445WA0106201129
B2136044215942N12309453WA0106401130
B2136054215942N12309461WA0106401133
B2136064215946N12309468WA0106501135
B2136074215953N12309475WA0106701135
B2136084215961N12309482WA0107001136
B2136094215965N12309487WA0107501137
B2136104215970N12309489WA0108001139
B2136114215974N12309491WA0108601140
B2136124215977N12309492WA0109201141
B2136134215979N12309494WA0109601143
B2136144215981N12309492WA0109701142
B2136154215984N12309488WA0109601145
B2136164215986N12309482WA0109501150
B2136174215986N12309473WA0109801154
B2136184215983N12309465WA0110201157
B2136194215978N12309462WA0110801158
B2136204215970N12309463WA0111501160
B2136214215966N12309466WA0111801164
B2136224215963N12309471WA0112101168
B2136234215961N12309476WA0112101175
B2136244215961N12309485WA0112301182
B2136254215962N12309492WA0112601187
B2136264215964N12309499WA0112901190
B2136274215966N12309504WA0113301194
B2136284215969N12309508WA0113601193
K213628012134
B2136294215973N12309512WA0113901194
B2136304215978N12309514WA0114201201
B2136314215982N12309513WA0114701207
B2136324215987N12309510WA0115101211
B2136334215990N12309504WA0115801214
B2136344215991N12309499WA0116301219
B2136354215991N12309493WA0116601221
B2136364215989N12309486WA0116801226
B2136374215986N12309480WA0117001229
B2136384215982N12309475WA0117201234
B2136394215976N12309472WA0117601241
B2136404215970N12309473WA0118101245
B2136414215965N12309476WA0118401246
K213641048620
B2136424215961N12309481WA0118701247
B2136434215958N12309489WA0118801250
B2136444215958N12309497WA0119001253
B2136454215959N12309505WA0119001248
B2136464215961N12309512WA0119001250
B2136474215966N12309519WA0119001253
B2136484215972N12309523WA0119301255
B2136494215980N12309523WA0119701257
B2136504215987N12309521WA0120601261
B2136514215990N12309517WA0121301265
B2136524215990N12309511WA0121601269
B2136534215989N12309505WA0121901271
B2136544215987N12309498WA0121901273
B2136554215983N12309490WA0122401283
B2136564215977N12309483WA0123001292
B2136574215972N12309480WA0123301294
B2136584215969N12309482WA0123501299
B2136594215963N12309491WA0123901301
B2137004215959N12309502WA0124301307
B2137014215958N12309510WA0124601313
B2137024215957N12309518WA0124701316
B2137034215958N12309524WA0124901321
B2137044215960N12309530WA0124901324
B2137054215965N12309536WA0124801327
B2137064215969N12309541WA0125101330
B2137074215976N12309544WA0125001331
B2137084215983N12309544WA0125701332
B2137094215988N12309542WA0126401332
B2137104215991N12309537WA0126701332
B2137114215992N12309530WA0126901332
B2137124215990N12309523WA0127101333
B2137134215987N12309516WA0127401339
B2137144215983N12309510WA0127801345
B2137154215979N12309508WA0128401349
B2137164215975N12309510WA0128801350
B2137174215970N12309513WA0129201353
B2137184215966N12309517WA0129601358
B2137194215963N12309523WA0129701357
B2137204215962N12309530WA0129701365
B2137214215963N12309539WA0130001373
B2137224215966N12309545WA0130101377
B2137234215969N12309551WA0130401381
B2137244215973N12309555WA0130601383
B2137254215978N12309557WA0130801381
B2137264215984N12309557WA0131101383
B2137274215990N12309554WA0131401387
B2137284215993N12309550WA0131901391
B2137294215994N12309543WA0132201394
B2137304215994N12309537WA0132401398
B2137314215991N12309532WA0132701401
B2137324215988N12309527WA0133001405
K213732141093
B2137334215984N12309523WA0133301411
B2137344215980N12309521WA0133601414
B2137354215976N12309522WA0133901414
K213735158125
B2137364215972N12309524WA0134101415
B2137374215969N12309528WA0134401420
B2137384215967N12309533WA0134601422
B2137394215966N12309541WA0134801426
B2137404215967N12309546WA0135001427
B2137414215969N12309553WA0135301431
B2137424215972N12309558WA0135501433
B2137434215976N12309562WA0135701432
B2137444215981N12309564WA0135901437
LXNA::BAT:discharging,76%,4.105V,-751mA
B2137454215986N12309564WA0136101438
B2137464215991N12309562WA0136501442
B2137474215995N12309558WA0136701445
B2137484215998N12309553WA0136901447
K213748152160
B2137494216000N12309548WA0137101448
B2137504216001N12309543WA0137501451
B2137514216001N12309537WA0137801454
B2137524215998N12309531WA0138201458
B2137534215996N12309527WA0138401460
B2137544215991N12309523WA0138801461
B2137554215987N12309522WA0139101464
B2137564215982N12309523WA0139501470
B2137574215977N12309528WA0139701474
B2137584215974N12309533WA0140101479
B2137594215972N12309540WA0140401484
B2138004215972N12309547WA0140701487
B2138014215974N12309553WA0141001491
B2138024215978N12309560WA0141201496
B2138034215981N12309565WA0141401498
B2138044215987N12309568WA0141601500
K213804158143
B2138054215992N12309569WA0141801504
B2138064215996N12309567WA0142201506
B2138074216000N12309564WA0142601510
B2138084216003N12309561WA0142701512
B2138094216006N12309555WA0143101511
B2138104216006N12309549WA0143701514
B2138114216004N12309546WA0144101518
B2138124216001N12309544WA0144301524
B2138134215998N12309544WA0144401525
B2138144215995N12309543WA0144301524
B2138154215989N12309543WA0144301535
B2138164215982N12309544WA0144401539
B2138174215975N12309547WA0144601540
B2138184215969N12309552WA0145101540
B2138194215966N12309559WA0145701539
B2138204215966N12309566WA0146101539
B2138214215967N12309573WA0146301539
B2138224215971N12309580WA0146401540
B2138234215976N12309586WA0146801547
B2138244215980N12309589WA0147201551
B2138254215986N12309589WA0147701555
B2138264215989N12309586WA0147801561
B2138274215992N12309581WA0147901564
B2138284215993N12309575WA0148301568
B2138294215992N12309569WA0148501573
B2138304215987N12309565WA0148501578
B2138314215982N12309564WA0148601580
B2138324215978N12309562WA0149001581
B2138334215973N12309562WA0149201584
B2138344215969N12309563WA0149401586
B2138354215964N12309566WA0149401587
K213835070378
B2138364215958N12309570WA0149501587
B2138374215951N12309575WA0149801590
B2138384215950N12309581WA0149901591
B2138394215951N12309589WA0150101593
B2138404215953N12309597WA0150201593
B2138414215956N12309604WA0150401595
B2138424215959N12309610WA0150501597
B2138434215963N12309612WA0150601597
B2138444215968N12309613WA0150801600
B2138454215972N12309612WA0150901602
B2138464215976N12309609WA0151001602
B2138474215978N12309604WA0151201603
B2138484215979N12309596WA0151401605
B2138494215978N12309590WA0151701605
B2138504215974N12309584WA0151901606
B2138514215970N12309580WA0152301607
B2138524215966N12309576WA0152501608
B2138534215961N12309574WA0152801610
B2138544215956N12309573WA0152901612
B2138554215952N12309575WA0153001619
B2138564215947N12309579WA0153001625
B2138574215944N12309584WA0153101627
B2138584215942N12309591WA0153201626
B2138594215941N12309598WA0153201628
B2139004215942N12309606WA0153301629
K213900079399
B2139014215946N12309612WA0153301631
B2139024215950N12309616WA0153501633
B2139034215955N12309617WA0153601633
B2139044215960N12309616WA0153801634
B2139054215965N12309613WA0153801634
B2139064215969N12309608WA0153901635
B2139074215971N12309602WA0154001635
B2139084215973N12309596WA0154101637
B2139094215971N12309589WA0154301638
B2139104215968N12309582WA0154501636
B2139114215964N12309580WA0154701639
K213911068329
B2139124215959N12309582WA0154701638
B2139134215954N12309586WA0154801641
B2139144215951N12309592WA0154901644
B2139154215948N12309597WA0155001645
B2139164215947N12309603WA0155101647
B2139174215947N12309610WA0155001647
B2139184215950N12309618WA0154901647
B2139194215954N12309623WA0155001647
B2139204215959N12309627WA0155201647
B2139214215963N12309627WA0155301647
B2139224215968N12309627WA0155401647
B2139234215973N12309625WA0155501648
B2139244215978N12309622WA0155701650
B2139254215982N12309618WA0156001652
B2139264215986N12309614WA0156401654
B2139274215989N12309611WA0156501650
K213927084250
B2139284215993N12309609WA0156801651
B2139294215996N12309606WA0157001656
B2139304216000N12309601WA0157001661
B2139314216000N12309596WA0157101663
B2139324215999N12309590WA0157201665
B2139334215996N12309585WA0157301670
B2139344215992N12309583WA0157501672
B2139354215987N12309583WA0157701672
B2139364215983N12309586WA0157701672
K213936106180
B2139374215979N12309591WA0157801673
B2139384215977N12309598WA0157901673
B2139394215976N12309605WA0158101673
B2139404215977N12309612WA0158101676
B2139414215980N12309620WA0158001674
B2139424215984N12309625WA0158001675
K213942117207
B2139434215989N12309630WA0158201676
B2139444215995N12309634WA0158401678
B2139454216001N12309636WA0158401678
B2139464216006N12309639WA0158501679
B2139474216012N12309643WA0158701680
B2139484216017N12309648WA0159001681
B2139494216021N12309654WA0159301682
B2139504216026N12309659WA0159601683
B2139514216032N12309663WA0160001683
B2139524216036N12309663WA0160301684
B2139534216041N12309661WA0160301687
B2139544216044N12309657WA0160301689
B2139554216046N12309650WA0160301692
B2139564216045N12309642WA0160501695
B2139574216042N12309636WA0160601699
B2139584216038N12309631WA0160701700
B2139594216034N12309629WA0160601700
B2140004216027N12309630WA0160701701
B2140014216022N12309635WA0160701702
B2140024216018N12309645WA0161001704
K214002130318
B2140034216017N12309654WA0161101705
B2140044216019N12309663WA0161101705
B2140054216022N12309671WA0161401708
B2140064216025N12309679WA0161901709
B2140074216028N12309684WA0162101706
B2140084216032N12309688WA0162301708
B2140094216037N12309690WA0162401712
B2140104216042N12309692WA0162401712
B2140114216047N12309693WA0162201717
K214011110323
B2140124216052N12309693WA0162201720
B2140134216058N12309691WA0162001717
B2140144216063N12309688WA0162101718
B2140154216066N12309685WA0161901717
B2140164216067N12309681WA0161801716
B2140174216068N12309677WA0161601719
B2140184216069N12309672WA0161201720
B2140194216071N12309668WA0160801719
B2140204216074N12309665WA0160501718
B2140214216079N12309666WA0160001716
K214021102386
B2140224216085N12309671WA0159301713
B2140234216092N12309679WA0159001708
B2140244216097N12309684WA0159201704
B2140254216101N12309687WA0159301699
B2140264216104N12309689WA0159201694
B2140274216107N12309691WA0158901688
B2140284216110N12309694WA0158301689
B2140294216114N12309697WA0157801689
B2140304216118N12309704WA0157201687
B2140314216123N12309713WA0156801687
B2140324216126N12309720WA0156701684
B2140334216130N12309725WA0156401682
B2140344216134N12309730WA0156201675
B2140354216138N12309734WA0155901664
B2140364216142N12309739WA0155301661
B2140374216146N12309745WA0155001662
B2140384216150N12309751WA0154701660
B2140394216154N12309757WA0154401659
B2140404216159N12309762WA0154201653
B2140414216162N12309767WA0154001649
B2140424216165N12309773WA0153601644
B2140434216170N12309779WA0153301641
B2140444216175N12309784WA0153101638
LXNA::BAT:discharging,75%,4.102V,-563mA
B2140454216179N12309789WA0153001634
B2140464216183N12309794WA0152801634
B2140474216186N12309799WA0152401632
B2140484216189N12309804WA0152001629
B2140494216193N12309811WA0151601625
B2140504216196N12309817WA0151201623
B2140514216200N12309824WA0150901622
B2140524216203N12309832WA0150701619
B2140534216205N12309837WA0150601613
B2140544216209N12309843WA0150401608
B2140554216212N12309848WA0150101606
B2140564216216N12309853WA0149801604
B2140574216220N12309860WA0149401601
B2140584216223N12309866WA0149201601
B2140594216226N12309873WA0148901598
B2141004216230N12309879WA0148701595
B2141014216233N12309885WA0148401592
B2141024216237N12309890WA0148101589
B2141034216241N12309897WA0147701587
B2141044216245N12309904WA0147401583
B2141054216248N12309910WA0147101580
B2141064216251N12309916WA0147001577
B2141074216254N12309920WA0146701575
B2141084216257N12309926WA0146201572
B2141094216261N12309932WA0145701569
B2141104216265N12309940WA0145401565
B2141114216269N12309945WA0145301562
B2141124216273N12309951WA0145001559
B2141134216276N12309956WA0144801554
B2141144216279N12309962WA0144501548
B2141154216283N12309968WA0144101546
B2141164216286N12309973WA0143801546
B2141174216289N12309979WA0143501545
B2141184216293N12309984WA0143201542
B2141194216298N12309989WA0143101537
B2141204216301N12309993WA0143101535
B2141214216304N12309999WA0143101530
B2141224216306N12310005WA0143001526
B2141234216308N12310010WA0142901523
B2141244216309N12310016WA0142701523
B2141254216312N12310022WA0142401522
B2141264216316N12310026WA0142401524
B2141274216319N12310031WA0142401521
B2141284216322N12310035WA0142401524
B2141294216323N12310039WA0142301519
B2141304216325N12310043WA0142201517
B2141314216326N12310048WA0142001516
B2141324216329N12310053WA0141801518
B2141334216332N12310059WA0141701517
B2141344216334N12310064WA0141601513
B2141354216336N12310072WA0141701513
B2141364216337N12310079WA0141901513
B2141374216338N12310083WA0142001511
B2141384216339N12310088WA0142001511
B2141394216340N12310093WA0141901510
B2141404216341N12310099WA0141801510
B2141414216343N12310106WA0141601508
B2141424216344N12310113WA0141501508
B2141434216346N12310119WA0141401507
B2141444216348N12310125WA0141301507
B2141454216350N12310132WA0141101510
B2141464216351N12310138WA0140901508
B2141474216353N12310144WA0140701506
B2141484216355N12310152WA0140301507
B2141494216356N12310160WA0140201504
B2141504216356N12310168WA0140101501
B2141514216354N12310176WA0139801498
B2141524216349N12310183WA0139501496
B2141534216343N12310188WA0139101493
B2141544216334N12310194WA0139001491
B2141554216328N12310195WA0138801492
B2141564216321N12310195WA0138501490
B2141574216314N12310197WA0138301487
B2141584216306N12310200WA0138101481
B2141594216300N12310201WA0137801482
B2142004216293N12310202WA0137601476
B2142014216285N12310203WA0137401476
B2142024216279N12310206WA0137401475
B2142034216273N12310208WA0137301469
B2142044216268N12310210WA0137101466
B2142054216263N12310213WA0137001466
B2142064216257N12310215WA0136801462
B2142074216250N12310216WA0136501461
B2142084216245N12310216WA0136301460
B2142094216239N12310215WA0136001459
B2142104216232N12310214WA0135801455
B2142114216226N12310213WA0135701454
B2142124216220N12310213WA0135501452
B2142134216215N12310212WA0135101449
B2142144216209N12310211WA0134901448
B2142154216202N12310209WA0134301446
B2142164216194N12310206WA0133901444
B2142174216187N12310204WA0133501443
B2142184216180N12310203WA0133301439
B2142194216172N12310205WA0133001434
B2142204216165N12310207WA0132701427
B2142214216158N12310209WA0132501423
B2142224216150N12310210WA0132201419
B2142234216142N12310210WA0131901416
B2142244216136N12310210WA0131601416
B2142254216129N12310210WA0131301414
B2142264216121N12310211WA0130901412
B2142274216114N12310211WA0130601409
B2142284216106N12310210WA0130401406
B2142294216099N12310208WA0130101399
B2142304216093N12310204WA0129801399
B2142314216087N12310200WA0129501395
B2142324216079N12310197WA0128901391
B2142334216070N12310194WA0128501386
B2142344216063N12310191WA0128301385
B2142354216054N12310187WA0128001381
B2142364216049N12310184WA0127801378
B2142374216042N12310181WA0127501372
B2142384216034N12310178WA0127101367
B2142394216026N12310175WA0126801366
B2142404216018N12310173WA0126701361
B2142414216012N12310169WA0126501361
B2142424216006N12310165WA0126401356
B2142434216001N12310160WA0126101353
B2142444215996N12310153WA0125901350
B2142454215990N12310147WA0125501348
B2142464215984N12310141WA0125201348
B2142474215978N12310134WA0125001346
B2142484215972N12310128WA0124901342
B2142494215967N12310120WA0124701337
B2142504215963N12310114WA0124501333
B2142514215958N12310106WA0124201332
B2142524215953N12310099WA0124001331
B2142534215947N12310092WA0123701331
B2142544215943N12310086WA0123501328
B2142554215939N12310080WA0123301327
B2142564215935N12310073WA0123001326
B2142574215931N12310067WA0122801323
B2142584215926N12310060WA0122501320
B2142594215923N12310054WA0122201317
B2143004215918N12310046WA0121801314
B2143014215914N12310039WA0121601311
B2143024215909N12310030WA0121201306
B2143034215905N12310021WA0121001303
B2143044215902N12310016WA0120801300
B2143054215898N12310010WA0120601297
B2143064215893N12310003WA0120401295
B2143074215889N12309997WA0120201291
B2143084215886N12309990WA0119801290
B2143094215885N12309983WA0119501287
B2143104215884N12309974WA0119101284
B2143114215883N12309966WA0118901281
B2143124215882N12309958WA0118601279
B2143134215880N12309949WA0118101276
B2143144215880N12309943WA0118001272
B2143154215881N12309936WA0117701270
B2143164215883N12309929WA0117601267
B2143174215884N12309921WA0117301263
B2143184215884N12309913WA0117001260
B2143194215884N12309903WA0116701256
B2143204215885N12309896WA0116401254
B2143214215885N12309889WA0116301253
K214321102386
B2143224215885N12309882WA0116201251
B2143234215885N12309876WA0116001249
B2143244215885N12309867WA0115501244
B2143254215885N12309862WA0115201244
B2143264215886N12309854WA0114901242
B2143274215886N12309847WA0114501241
B2143284215886N12309838WA0114201237
B2143294215886N12309830WA0114001233
B2143304215886N12309822WA0113801229
B2143314215885N12309813WA0113501223
B2143324215885N12309806WA0113201221
B2143334215885N12309798WA0112901217
K214333155148
B2143344215884N12309790WA0112601217
B2143354215883N12309781WA0112201215
B2143364215883N12309774WA0112001210
B2143374215883N12309767WA0111801208
B2143384215884N12309761WA0111501205
B2143394215885N12309754WA0111201202
B2143404215886N12309747WA0110801199
B2143414215887N12309740WA0110501197
B2143424215887N12309732WA0110101191
B2143434215887N12309725WA0109901190
B2143444215887N12309716WA0109601187
B2143454215887N12309709WA0109301183
LXNA::BAT:discharging,74%,4.102V,-727mA
B2143464215887N12309703WA0109001181
B2143474215888N12309698WA0108801176
B2143484215888N12309692WA0108401171
B2143494215889N12309686WA0107901169
B2143504215890N12309678WA0107301167
B2143514215891N12309672WA0107001166
B2143524215892N12309665WA0106701164
B2143534215892N12309657WA0106401159
B2143544215893N12309650WA0106301156
B2143554215894N12309644WA0106201149
B2143564215893N12309638WA0106101146
B2143574215893N12309633WA0105801144
B2143584215892N12309629WA0105301139
B2143594215892N12309623WA0104901137
B2144004215894N12309619WA0104401134
B2144014215897N12309616WA0104301134
B2144024215901N12309614WA0104201131
B2144034215902N12309614WA0103901126
B2144044215903N12309614WA0103701124
B2144054215906N12309612WA0103201117
B2144064215909N12309609WA0102701115
B2144074215913N12309605WA0102401115
B2144084215917N12309599WA0102201113
B2144094215920N12309592WA0102201111
B2144104215923N12309585WA0102601105
B2144114215925N12309581WA0103001102
B2144124215928N12309580WA0103201101
B2144134215930N12309578WA0103301101
B2144144215932N12309576WA0103201101
B2144154215934N12309573WA0103001103
B2144164215938N12309567WA0102901105
B2144174215940N12309561WA0102901103
B2144184215943N12309555WA0103101104
B2144194215945N12309552WA0103201107
B2144204215948N12309547WA0103301108
B2144214215951N12309542WA0103401106
B2144224215954N12309538WA0103601106
B2144234215956N12309533WA0103901107
B2144244215956N12309530WA0104001107
B2144254215957N12309527WA0104201109
B2144264215957N12309524WA0104201109
B2144274215956N12309520WA0104201112
B2144284215954N12309516WA0104101115
B2144294215949N12309514WA0104201114
B2144304215946N12309516WA0104301118
B2144314215941N12309518WA0104501117
B2144324215938N12309522WA0104701119
B2144334215935N12309528WA0104901119
B2144344215934N12309537WA0104801117
B2144354215934N12309544WA0104901117
B2144364215935N12309551WA0105001119
B2144374215938N12309559WA0105001121
B2144384215943N12309565WA0104901123
B2144394215949N12309570WA0104901125
B2144404215955N12309571WA0104901122
B2144414215961N12309570WA0104901122
B2144424215967N12309568WA0104801123
B2144434215971N12309564WA0104801124
B2144444215974N12309559WA0104801125
B2144454215976N12309554WA0104801123
B2144464215978N12309548WA0104701124
B2144474215979N12309542WA0104801124
B2144484215979N12309537WA0104901125
B2144494215978N12309531WA0105201124
B2144504215977N12309525WA0105601125
B2144514215976N12309521WA0105801124
B2144524215976N12309517WA0106001124
B2144534215975N12309514WA0106301126
B2144544215972N12309510WA0106301130
B2144554215968N12309508WA0106301132
B2144564215964N12309506WA0106501135
B2144574215959N12309506WA0106801138
B2144584215952N12309509WA0106801138
B2144594215948N12309513WA0107001140
K214459119930
B2145004215943N12309519WA0107201140
B2145014215941N12309526WA0107401142
B2145024215939N12309535WA0107401144
B2145034215939N12309542WA0107401145
B2145044215941N12309549WA0107501146
B2145054215945N12309554WA0107401149
B2145064215950N12309557WA0107501150
B2145074215954N12309556WA0107601150
B2145084215958N12309554WA0107701152
B2145094215961N12309552WA0107901151
B2145104215963N12309548WA0108101152
B2145114215965N12309545WA0108201152
B2145124215966N12309542WA0108301153
B2145134215969N12309538WA0108501155
B2145144215970N12309534WA0108701154
B2145154215971N12309529WA0108701157
B2145164215971N12309523WA0108901161
B2145174215972N12309518WA0109101162
B2145184215972N12309513WA0109301161
B2145194215971N12309509WA0109301164
B2145204215968N12309505WA0109201164
B2145214215962N12309500WA0109201166
K214521106869
B2145224215956N12309496WA0109301169
B2145234215949N12309495WA0109401169
B2145244215943N12309497WA0109601170
B2145254215937N12309500WA0109901170
B2145264215931N12309504WA0110001170
B2145274215925N12309509WA0110101170
B2145284215921N12309513WA0110301172
B2145294215917N12309520WA0110301174
B2145304215914N12309530WA0110201177
B2145314215914N12309536WA0110101178
B2145324215914N12309546WA0110101179
B2145334215915N12309555WA0110501178
B2145344215918N12309563WA0110901180
B2145354215921N12309567WA0111101180
B2145364215924N12309569WA0111501182
B2145374215927N12309568WA0111601182
B2145384215930N12309567WA0111801181
B2145394215933N12309565WA0112001183
B2145404215934N12309562WA0112101189
B2145414215933N12309558WA0112001193
B2145424215931N12309555WA0112001195
B2145434215925N12309552WA0111801195
K214543094965
B2145444215920N12309551WA0112001196
B2145454215912N12309552WA0112001198
B2145464215906N12309553WA0112201199
B2145474215901N12309556WA0112401198
B2145484215896N12309560WA0112501199
B2145494215891N12309566WA0112401199
B2145504215886N12309573WA0112301198
B2145514215883N12309582WA0112201201
B2145524215880N12309594WA0112001200
B2145534215880N12309605WA0112001200
B2145544215881N12309614WA0112301201
B2145554215884N12309621WA0112601201
B2145564215887N12309624WA0112501201
B2145574215890N12309626WA0112401203
K214557085999
B2145584215893N12309626WA0112301202
B2145594215897N12309625WA0112401202
B2146004215900N12309623WA0112401202
B2146014215902N12309620WA0112401202
B2146024215904N12309617WA0112401202
B2146034215907N12309614WA0112301202
B2146044215910N12309612WA0112301202
B2146054215913N12309609WA0112401202
B2146064215915N12309604WA0112501203
B2146074215916N12309600WA0112601201
B2146084215919N12309597WA0112701201
B2146094215923N12309594WA0112901202
B2146104215926N12309592WA0113001203
K214610078999
B2146114215927N12309589WA0113001204
B2146124215929N12309585WA0113101204
B2146134215930N12309582WA0113101205
B2146144215932N12309579WA0113201207
B2146154215933N12309576WA0113201209
B2146164215934N12309571WA0113101209
B2146174215936N12309566WA0113201210
B2146184215937N12309562WA0113301210
B2146194215938N12309558WA0113501211
B2146204215940N12309556WA0113701211
B2146214215941N12309555WA0113901211
B2146224215943N12309553WA0114101211
B2146234215943N12309550WA0114301213
B2146244215943N12309547WA0114301215
B2146254215944N12309543WA0114301216
B2146264215946N12309539WA0114301220
B2146274215946N12309535WA0114301220
B2146284215945N12309528WA0114301222
B2146294215943N12309525WA0114501222
B2146304215941N12309521WA0114501222
B2146314215939N12309517WA0114601222
B2146324215935N12309514WA0114401223
B2146334215929N12309511WA0114401222
B2146344215924N12309512WA0114401223
B2146354215914N12309517WA0114501222
B2146364215909N12309523WA0114401223
B2146374215906N12309530WA0114401223
B2146384215903N12309539WA0114501224
B2146394215903N12309539WV0114500000
B2146404215902N12309548WA0114701224
B2146414215902N12309556WA0114701224
B2146424215902N12309563WA0114601223
B2146434215904N12309570WA0114501224
B2146444215906N12309577WA0114501225
B2146454215910N12309582WA0114301224
LXNA::BAT:discharging,74%,4.072V,-613mA
B2146464215915N12309586WA0114301224
B2146474215919N12309589WA0114401225
B2146484215923N12309592WA0114501225
B2146494215927N12309594WA0114701225
B2146504215930N12309595WA0114801225
B2146514215933N12309594WA0114801225
B2146524215936N12309591WA0114701225
B2146534215937N12309587WA0114601225
B2146544215939N12309582WA0114501225
B2146554215941N12309576WA0114501226
B2146564215942N12309571WA0114501225
B2146574215943N12309565WA0114601226
B2146584215944N12309559WA0114801226
B2146594215945N12309553WA0114901226
B2147004215946N12309549WA0115101226
B2147014215948N12309547WA0115101226
B2147024215950N12309545WA0115201226
B2147034215953N12309542WA0115301226
B2147044215954N12309538WA0115301230
B2147054215955N12309536WA0115301230
B2147064215955N12309533WA0115201230
B2147074215955N12309530WA0115201231
B2147084215954N12309525WA0115101231
B2147094215952N12309521WA0115001231
B2147104215951N12309516WA0114901230
B2147114215950N12309511WA0114901231
B2147124215948N12309505WA0114901231
B2147134215947N12309501WA0114701231
B2147144215945N12309496WA0114601230
B2147154215942N12309491WA0114301229
B2147164215938N12309486WA0114101229
B2147174215934N12309483WA0113901228
B2147184215929N12309480WA0113601227
B2147194215923N12309479WA0113401226
B2147204215916N12309481WA0113201223
B2147214215910N12309483WA0113101221
B2147224215904N12309486WA0113001218
B2147234215899N12309491WA0112901214
B2147244215894N12309497WA0112801213
B2147254215889N12309503WA0112601210
B2147264215885N12309509WA0112501210
B2147274215880N12309514WA0112701208
B2147284215875N12309519WA0112901208
K214728035999
B2147294215871N12309522WA0113001208
B2147304215867N12309525WA0112901209
B2147314215862N12309528WA0112801208
B2147324215856N12309535WA0112701207
B2147334215852N12309542WA0112701207
B2147344215849N12309551WA0112801207
B2147354215847N12309560WA0113101207
B2147364215846N12309567WA0113101208
B2147374215847N12309574WA0113201209
B2147384215851N12309580WA0113301208
B2147394215854N12309584WA0113401207
B2147404215858N12309587WA0113501208
B2147414215861N12309587WA0113501210
B2147424215864N12309584WA0113501212
B2147434215866N12309579WA0113501211
B2147444215866N12309573WA0113501214
B2147454215865N12309568WA0113601214
B2147464215863N12309563WA0113601214
B2147474215860N12309558WA0113501214
B2147484215856N12309555WA0113401214
B2147494215850N12309552WA0113301214
B2147504215843N12309551WA0113301214
B2147514215837N12309551WA0113401214
B2147524215832N12309552WA0113501213
B2147534215827N12309552WA0113301214
B2147544215822N12309552WA0113301212
B2147554215815N12309553WA0113201213
B2147564215807N12309556WA0113301212
B2147574215801N12309559WA0113301212
B2147584215795N12309561WA0113501212
B2147594215790N12309560WA0113701213
B2148004215786N12309557WA0114001212
K214800045999
B2148014215783N12309555WA0114201213
B2148024215779N12309555WA0114301214
B2148034215774N12309557WA0114301213
B2148044215769N12309560WA0114201215
B2148054215765N12309566WA0114201219
B2148064215761N12309575WA0114201221
B2148074215759N12309584WA0114201221
B2148084215760N12309593WA0114201220
B2148094215761N12309601WA0114301221
B2148104215763N12309611WA0114301221
B2148114215766N12309619WA0114101222
B2148124215770N12309623WA0114001221
B2148134215775N12309625WA0113901221
B2148144215778N12309623WA0113701221
B2148154215781N12309619WA0113501220
B2148164215782N12309613WA0113501220
B2148174215779N12309607WA0113601219
B2148184215775N12309602WA0113601217
B2148194215773N12309599WA0113601216
B2148204215772N12309595WA0113501216
B2148214215771N12309590WA0113501215
B2148224215770N12309585WA0113501215
B2148234215768N12309582WA0113501213
B2148244215765N12309578WA0113501214
B2148254215760N12309574WA0113701214
B2148264215757N12309570WA0113801214
B2148274215752N12309566WA0114001215
B2148284215749N12309563WA0114201215
B2148294215746N12309560WA0114201214
B2148304215743N12309559WA0114201214
B2148314215738N12309558WA0114201217
B2148324215732N12309559WA0114201220
B2148334215729N12309562WA0114201221
B2148344215723N12309565WA0114201221
B2148354215719N12309572WA0114101221
B2148364215716N12309580WA0113901220
B2148374215715N12309590WA0113801220
B2148384215715N12309600WA0113901220
B2148394215718N12309606WA0113901221
B2148404215721N12309612WA0113901220
B2148414215725N12309617WA0113801218
B2148424215729N12309620WA0113701218
B2148434215733N12309623WA0113501218
B2148444215739N12309624WA0113401217
B2148454215743N12309624WA0113301217
B2148464215747N12309622WA0113301217
B2148474215751N12309619WA0113301215
B2148484215753N12309615WA0113501213
B2148494215755N12309612WA0113601214
B2148504215756N12309610WA0113601213
B2148514215758N12309609WA0113701213
B2148524215761N12309608WA0113601212
B2148534215762N12309603WA0113501213
B2148544215760N12309597WA0113501213
B2148554215758N12309592WA0113501214
B2148564215754N12309588WA0113601214
B2148574215748N12309584WA0113501215
B2148584215743N12309581WA0113701214
B2148594215739N12309579WA0113901214
B2149004215736N12309578WA0114001215
B2149014215732N12309577WA0114101215
B2149024215728N12309577WA0114101215
B2149034215723N12309578WA0114101216
B2149044215715N12309583WA0113901218
B2149054215710N12309588WA0114101218
B2149064215705N12309596WA0114001218
B2149074215699N12309605WA0114001219
B2149084215696N12309614WA0113901219
B2149094215694N12309622WA0113901219
B2149104215696N12309629WA0113801219
B2149114215700N12309635WA0113701219
B2149124215709N12309639WA0113701219
B2149134215720N12309641WA0113801218
B2149144215723N12309641WA0113901217
B2149154215725N12309639WA0114001218
B2149164215726N12309637WA0113901217
B2149174215726N12309634WA0113801217
B2149184215726N12309629WA0113601217
B2149194215726N12309623WA0113601216
B2149204215726N12309618WA0113501216
B2149214215724N12309613WA0113601215
B2149224215722N12309608WA0113601216
B2149234215720N12309603WA0113801216
B2149244215717N12309597WA0114001216
B2149254215715N12309593WA0114101216
B2149264215712N12309589WA0114201217
B2149274215710N12309583WA0114601216
B2149284215707N12309577WA0115001216
B2149294215707N12309572WA0115201220
B2149304215707N12309566WA0115301221
B2149314215707N12309561WA0115401223
B2149324215705N12309556WA0115701226
B2149334215703N12309554WA0115601229
B2149344215699N12309552WA0115801231
B2149354215695N12309550WA0115901231
B2149364215691N12309552WA0116101233
B2149374215687N12309554WA0116101235
B2149384215683N12309557WA0116201237
B2149394215678N12309564WA0116301238
B2149404215676N12309572WA0116201239
B2149414215676N12309581WA0116201240
B2149424215679N12309590WA0116401241
B2149434215682N12309595WA0116501242
B2149444215688N12309597WA0116701243
B2149454215693N12309597WA0116901243
B2149464215697N12309597WA0117201243
LXNA::BAT:discharging,73%,4.074V,-637mA
B2149474215701N12309598WA0117401245
B2149484215704N12309598WA0117401245
B2149494215707N12309597WA0117301247
B2149504215709N12309592WA0117001249
B2149514215709N12309585WA0116901249
B2149524215706N12309580WA0117101250
B2149534215701N12309576WA0117401252
B2149544215697N12309575WA0117801252
B2149554215693N12309574WA0118101253
B2149564215688N12309574WA0118301254
B2149574215684N12309575WA0118401254
B2149584215679N12309577WA0118601256
B2149594215674N12309582WA0118601258
B2150004215670N12309588WA0118701261
B2150014215669N12309596WA0118801264
B2150024215669N12309605WA0118901266
B2150034215669N12309612WA0119001266
B2150044215672N12309618WA0119201266
B2150054215675N12309623WA0119101268
B2150064215680N12309626WA0119201269
B2150074215684N12309626WA0119301271
B2150084215688N12309625WA0119601272
B2150094215690N12309625WA0119601273
B2150104215692N12309624WA0119601274
B2150114215695N12309623WA0119501273
B2150124215699N12309619WA0119201274
B2150134215701N12309613WA0119501275
B2150144215702N12309608WA0119701276
B2150154215703N12309603WA0119901277
B2150164215703N12309597WA0120001277
B2150174215701N12309592WA0120201277
B2150184215698N12309589WA0120401277
B2150194215693N12309586WA0120601277
B2150204215687N12309585WA0120801281
K215020060799
B2150214215682N12309586WA0120901281
B2150224215677N12309588WA0121301284
B2150234215674N12309592WA0121701286
B2150244215672N12309597WA0121901288
B2150254215672N12309604WA0122001289
B2150264215674N12309611WA0122101291
B2150274215677N12309617WA0122301295
B2150284215681N12309623WA0122301299
B2150294215687N12309626WA0122301301
B2150304215693N12309627WA0122501302
B2150314215698N12309625WA0122701304
B2150324215702N12309622WA0122901304
B2150334215706N12309618WA0123001305
B2150344215708N12309613WA0123201306
B2150354215709N12309609WA0123401309
B2150364215709N12309604WA0123701311
B2150374215708N12309599WA0124001312
K215037073750
B2150384215706N12309596WA0124201313
B2150394215703N12309593WA0124501316
B2150404215700N12309591WA0124701317
B2150414215696N12309591WA0125101320
B2150424215692N12309592WA0125401324
B2150434215688N12309596WA0125601325
B2150444215685N12309601WA0125801329
B2150454215683N12309609WA0126101333
B2150464215683N12309617WA0126401336
B2150474215686N12309624WA0126601338
B2150484215690N12309631WA0126801340
B2150494215694N12309635WA0127001342
B2150504215701N12309639WA0127201346
B2150514215705N12309638WA0127401349
B2150524215710N12309636WA0127601352
K215052081712
B2150534215714N12309633WA0127901354
B2150544215716N12309628WA0128201355
B2150554215716N12309623WA0128501358
B2150564215716N12309620WA0128701359
B2150574215714N12309616WA0129001361
B2150584215711N12309612WA0129201365
B2150594215708N12309610WA0129501368
B2151004215703N12309610WA0129601371
B2151014215698N12309611WA0129901373
B2151024215693N12309614WA0130101376
K215102089700
B2151034215688N12309618WA0130401379
B2151044215683N12309624WA0130601383
B2151054215680N12309632WA0130801384
B2151064215679N12309639WA0131001386
B2151074215679N12309649WA0131201389
B2151084215682N12309657WA0131301392
B2151094215687N12309663WA0131601394
B2151104215693N12309667WA0132001396
B2151114215698N12309667WA0132101399
B2151124215703N12309667WA0132401399
B2151134215706N12309665WA0132501402
B2151144215709N12309662WA0132601405
B2151154215712N12309655WA0132701408
B2151164215712N12309648WA0132901411
B2151174215711N12309641WA0133301412
B2151184215709N12309636WA0133401413
B2151194215704N12309634WA0133601415
B2151204215700N12309633WA0133701417
B2151214215694N12309634WA0134001419
B2151224215688N12309638WA0134301422
B2151234215682N12309644WA0134601424
B2151244215676N12309653WA0134901427
B2151254215675N12309659WA0135001427
B2151264215674N12309667WA0135201430
B2151274215674N12309675WA0135301433
B2151284215676N12309683WA0135501436
B2151294215679N12309690WA0135701440
B2151304215683N12309695WA0135901440
B2151314215687N12309699WA0136001443
B2151324215692N12309701WA0136301444
B2151334215697N12309701WA0136401446
B2151344215701N12309699WA0136601448
B2151354215703N12309696WA0136701451
B2151364215705N12309691WA0136801452
B2151374215705N12309686WA0136901455
B2151384215703N12309681WA0137101456
B2151394215700N12309677WA0137301458
B2151404215696N12309674WA0137501459
B2151414215691N12309672WA0137601459
B2151424215686N12309673WA0137801462
B2151434215680N12309676WA0138001465
B2151444215675N12309681WA0138301466
B2151454215671N12309687WA0138401468
B2151464215668N12309693WA0138601468
B2151474215666N12309701WA0138801470
B2151484215665N12309709WA0138901472
B2151494215667N12309717WA0138901476
B2151504215670N12309726WA0139101478
B2151514215674N12309732WA0139301480
B2151524215680N12309737WA0139501480
B2151534215685N12309740WA0139601482
B2151544215688N12309740WA0139701482
B2151554215691N12309738WA0139601484
B2151564215695N12309736WA0139701486
B2151574215697N12309733WA0139801488
B2151584215698N12309728WA0139901491
B2151594215698N12309722WA0140001489
B2152004215696N12309717WA0140201490
B2152014215691N12309713WA0140501492
B2152024215688N12309710WA0140601493
B2152034215684N12309706WA0140801493
B2152044215679N12309704WA0141101495
B2152054215673N12309703WA0141301497
B2152064215667N12309705WA0141501501
B2152074215660N12309707WA0141801502
B2152084215654N12309708WA0142201504
B2152094215648N12309712WA0142501506
B2152104215644N12309719WA0142501508
B2152114215642N12309728WA0142701511
B2152124215641N12309737WA0142901515
B2152134215642N12309745WA0143001518
B2152144215645N12309752WA0143101522
B2152154215649N12309755WA0143201521
B2152164215653N12309756WA0143301523
B2152174215656N12309755WA0143501525
B2152184215657N12309751WA0143501527
K215218076758
B2152194215656N12309747WA0143501529
B2152204215653N12309743WA0143701529
B2152214215648N12309740WA0143901529
B2152224215640N12309739WA0144101531
B2152234215633N12309740WA0144501531
B2152244215624N12309745WA0144701531
B2152254215619N12309751WA0145001533
B2152264215611N12309759WA0145301537
B2152274215609N12309765WA0145401539
B2152284215608N12309774WA0145601541
B2152294215607N12309784WA0145801545
B2152304215609N12309792WA0145901549
B2152314215618N12309796WA0145901551
B2152324215623N12309799WA0146001554
B2152334215627N12309799WA0146201555
B2152344215630N12309797WA0146401557
B2152354215630N12309794WA0146501558
B2152364215629N12309790WA0146401559
B2152374215628N12309787WA0146401560
B2152384215625N12309781WA0146401560
B2152394215621N12309774WA0146601561
B2152404215616N12309771WA0146801563
B2152414215609N12309770WA0147101565
B2152424215603N12309770WA0147401564
B2152434215598N12309768WA0147701565
B2152444215593N12309766WA0148001563
B2152454215589N12309764WA0148201567
B2152464215582N12309766WA0148301571
B2152474215574N12309769WA0148401574
LXNA::BAT:discharging,72%,4.051V,-644mA
B2152484215569N12309774WA0148601577
B2152494215562N12309782WA0148801579
B2152504215557N12309791WA0149001581
B2152514215555N12309800WA0149201583
B2152524215558N12309807WA0149401583
B2152534215562N12309813WA0149501585
B2152544215567N12309818WA0149601587
B2152554215572N12309820WA0149801589
B2152564215576N12309820WA0150001591
B2152574215578N12309818WA0150101592
B2152584215579N12309814WA0150201594
B2152594215579N12309810WA0150401595
B2153004215578N12309805WA0150601597
B2153014215575N12309801WA0150601600
B2153024215571N12309797WA0150701601
B2153034215564N12309794WA0150901602
B2153044215559N12309794WA0151101605
B2153054215552N12309795WA0151401606
B2153064215546N12309798WA0151601606
K215306052999
B2153074215541N12309803WA0151801607
B2153084215536N12309810WA0151701608
B2153094215532N12309819WA0151701611
B2153104215529N12309828WA0151901616
B2153114215529N12309837WA0152001617
B2153124215531N12309844WA0152101617
B2153134215534N12309849WA0152201616
B2153144215538N12309853WA0152301616
B2153154215541N12309855WA0152301618
B2153164215545N12309854WA0152301620
B2153174215548N12309851WA0152401621
B2153184215549N12309847WA0152501622
B2153194215549N12309842WA0152601622
B2153204215548N12309837WA0152701622
B2153214215545N12309833WA0152801623
B2153224215541N12309829WA0152901624
B2153234215535N12309826WA0153001624
B2153244215530N12309824WA0153201626
B2153254215524N12309825WA0153301627
B2153264215517N12309827WA0153301627
B2153274215512N12309831WA0153301628
B2153284215503N12309839WA0153401630
B2153294215497N12309847WA0153401632
B2153304215493N12309856WA0153601633
B2153314215488N12309866WA0153601633
B2153324215485N12309875WA0153501634
B2153334215483N12309882WA0153401635
B2153344215482N12309887WA0153301635
B2153354215485N12309894WA0153201634
B2153364215493N12309898WA0153001634
B2153374215505N12309892WA0152901633
B2153384215509N12309892WA0152901634
B2153394215512N12309889WA0152801632
B2153404215514N12309886WA0152901633
B2153414215515N12309882WA0152901630
B2153424215515N12309878WA0153001628
B2153434215516N12309873WA0153001628
B2153444215516N12309867WA0153001629
B2153454215517N12309862WA0153001629
B2153464215518N12309856WA0153101629
B2153474215519N12309851WA0153301629
B2153484215520N12309846WA0153501629
B2153494215519N12309841WA0153601629
B2153504215517N12309838WA0153601629
B2153514215512N12309835WA0153501631
B2153524215505N12309831WA0153401632
B2153534215497N12309832WA0153501634
B2153544215492N12309834WA0153601634
B2153554215486N12309838WA0153701634
B2153564215482N12309843WA0153701634
B2153574215478N12309849WA0153601635
B2153584215476N12309857WA0153401635
B2153594215475N12309866WA0153101636
B2154004215476N12309873WA0152901636
B2154014215479N12309879WA0152701635
B2154024215484N12309882WA0152601636
B2154034215488N12309881WA0152601635
B2154044215493N12309878WA0152701631
B2154054215496N12309875WA0152801629
B2154064215498N12309872WA0153001628
B2154074215500N12309867WA0153201629
B2154084215501N12309863WA0153401627
B2154094215502N12309860WA0153501629
B2154104215504N12309854WA0153601628
B2154114215504N12309850WA0153601629
B2154124215503N12309844WA0153601631
B2154134215501N12309837WA0153601633
B2154144215497N12309830WA0153801635
K215414063999
B2154154215494N12309826WA0154001636
B2154164215489N12309821WA0154201635
B2154174215485N12309817WA0154401635
B2154184215479N12309814WA0154601635
B2154194215474N12309811WA0154601637
B2154204215470N12309808WA0154701640
B2154214215464N12309804WA0154701641
B2154224215460N12309800WA0154801644
B2154234215453N12309798WA0154901645
B2154244215447N12309799WA0155001646
B2154254215440N12309802WA0155101645
B2154264215434N12309806WA0155201646
B2154274215428N12309809WA0155301647
B2154284215424N12309815WA0155401650
B2154294215420N12309822WA0155401650
B2154304215417N12309830WA0155401651
B2154314215415N12309837WA0155401653
B2154324215414N12309845WA0155601655
B2154334215414N12309851WA0155701654
B2154344215414N12309857WA0155601654
B2154354215416N12309862WA0155401654
B2154364215419N12309867WA0155301655
B2154374215422N12309869WA0155201653
B2154384215426N12309869WA0155101654
B2154394215429N12309867WA0155101654
B2154404215433N12309864WA0155201653
B2154414215435N12309860WA0155301653
B2154424215438N12309856WA0155501654
B2154434215440N12309853WA0155601653
B2154444215442N12309849WA0155901654
B2154454215444N12309846WA0156201654
B2154464215446N12309842WA0156501654
B2154474215447N12309839WA0156801656
B2154484215448N12309837WA0157001657
B2154494215449N12309833WA0157101660
B2154504215450N12309828WA0157101662
B2154514215448N12309822WA0157101666
B2154524215444N12309815WA0157101668
K215452048951
B2154534215438N12309812WA0157201671
B2154544215431N12309810WA0157301671
B2154554215425N12309811WA0157401671
B2154564215420N12309812WA0157401672
B2154574215414N12309815WA0157401673
B2154584215409N12309819WA0157401673
B2154594215403N12309824WA0157301674
B2155004215398N12309831WA0157301676
B2155014215396N12309838WA0157301676
B2155024215395N12309847WA0157401675
B2155034215395N12309853WA0157501675
B2155044215395N12309858WA0157601675
B2155054215395N12309863WA0157701676
B2155064215396N12309867WA0157801674
K215506042942
B2155074215399N12309870WA0157901675
B2155084215402N12309873WA0157901676
B2155094215403N12309876WA0158001676
B2155104215405N12309879WA0158201677
B2155114215408N12309879WA0158301679
B2155124215411N12309876WA0158501680
B2155134215413N12309872WA0158801680
B2155144215414N12309867WA0159201681
B2155154215413N12309861WA0159501683
K215515034964
B2155164215413N12309857WA0159801683
B2155174215413N12309854WA0159901685
B2155184215413N12309848WA0160101690
B2155194215412N12309844WA0160201693
B2155204215410N12309838WA0160401697
B2155214215407N12309834WA0160401699
B2155224215404N12309830WA0160401701
B2155234215399N12309825WA0160401701
B2155244215394N12309821WA0160501703
B2155254215388N12309818WA0160501705
B2155264215381N12309816WA0160601706
B2155274215375N12309817WA0160701706
B2155284215369N12309820WA0160701706
B2155294215363N12309824WA0160701708
B2155304215356N12309831WA0160601708
B2155314215351N12309840WA0160501708
B2155324215349N12309848WA0160501707
B2155334215351N12309855WA0160501707
B2155344215352N12309862WA0160401708
B2155354215354N12309867WA0160401706
B2155364215357N12309868WA0160401707
B2155374215360N12309869WA0160501707
B2155384215364N12309869WA0160601706
B2155394215368N12309868WA0160701706
B2155404215372N12309865WA0161001707
B2155414215374N12309860WA0161101707
B2155424215377N12309854WA0161201707
B2155434215379N12309851WA0161401707
B2155444215383N12309846WA0161501708
B2155454215386N12309842WA0161701711
B2155464215388N12309838WA0161901713
B2155474215389N12309834WA0162101714
B2155484215388N12309830WA0162201716
LXNA::BAT:discharging,72%,4.051V,-609mA
B2155494215386N12309825WA0162201718
B2155504215383N12309820WA0162201719
B2155514215380N12309816WA0162201721
B2155524215375N12309812WA0162301722
B2155534215370N12309810WA0162301723
B2155544215364N12309810WA0162201724
B2155554215357N12309811WA0162101725
B2155564215351N12309813WA0162101724
B2155574215346N12309817WA0162101724
B2155584215340N12309823WA0162001726
B2155594215336N12309830WA0162001725
B2156004215334N12309839WA0162001725
B2156014215333N12309847WA0162001723
B2156024215335N12309854WA0162001723
B2156034215338N12309860WA0162201724
B2156044215342N12309864WA0162501722
B2156054215344N12309866WA0162801723
B2156064215346N12309869WA0163001722
B2156074215348N12309872WA0163101722
B2156084215350N12309875WA0163201724
B2156094215353N12309877WA0163201726
B2156104215356N12309877WA0163301730
B2156114215359N12309877WA0163401733
B2156124215362N12309876WA0163601733
K215612038999
B2156134215364N12309874WA0163701734
B2156144215365N12309871WA0163701734
B2156154215365N12309865WA0163701735
B2156164215364N12309860WA0163801737
B2156174215361N12309855WA0163801738
B2156184215358N12309848WA0163901738
B2156194215354N12309845WA0163901739
B2156204215348N12309843WA0163701739
B2156214215341N12309842WA0163801739
B2156224215334N12309842WA0163801739
B2156234215327N12309842WA0163701740
B2156244215321N12309841WA0163701740
B2156254215314N12309839WA0163601740
B2156264215307N12309838WA0163601741
B2156274215300N12309837WA0163601741
B2156284215293N12309835WA0163601741
B2156294215287N12309833WA0163701740
B2156304215282N12309831WA0163601739
B2156314215276N12309828WA0163401739
B2156324215269N12309827WA0163101738
B2156334215262N12309825WA0162801737
B2156344215254N12309824WA0162601738
B2156354215246N12309824WA0162601737
B2156364215237N12309824WA0162601737
B2156374215230N12309824WA0162501733
B2156384215223N12309824WA0162401729
B2156394215217N12309823WA0162101728
B2156404215208N12309821WA0161801728
B2156414215200N12309819WA0161701727
B2156424215192N12309819WA0161701726
B2156434215185N12309821WA0161801725
B2156444215179N12309822WA0161701723
B2156454215173N12309822WA0161501721
B2156464215165N12309821WA0161301720
B2156474215157N12309820WA0161501718
B2156484215150N12309820WA0161501718
B2156494215143N12309820WA0161401718
B2156504215136N12309819WA0161201714
B2156514215128N12309820WA0161101715
B2156524215120N12309820WA0160901714
B2156534215112N12309821WA0160901714
B2156544215106N12309821WA0160801714
B2156554215098N12309821WA0160701714
B2156564215092N12309822WA0160501711
B2156574215085N12309823WA0160501712
B2156584215079N12309823WA0160401708
B2156594215073N12309821WA0160201709
B2157004215068N12309819WA0159801709
B2157014215061N12309816WA0159501706
B2157024215055N12309815WA0159301705
B2157034215047N12309814WA0159001705
B2157044215040N12309814WA0158601702
B2157054215035N12309812WA0158301699
B2157064215026N12309810WA0157901695
B2157074215018N12309811WA0157601692
B2157084215011N12309812WA0157301690
B2157094215004N12309813WA0157001687
B2157104214996N12309812WA0156401683
B2157114214988N12309811WA0156101679
B2157124214981N12309810WA0155801676
B2157134214974N12309809WA0155301671
B2157144214965N12309808WA0154701665
B2157154214957N12309807WA0154401664
B2157164214947N12309805WA0153901658
B2157174214941N12309804WA0153501656
B2157184214933N12309802WA0153301649
B2157194214926N12309801WA0153001644
B2157204214918N12309800WA0152601641
B2157214214911N12309800WA0152301636
B2157224214902N12309799WA0151701633
B2157234214896N12309799WA0151301632
B2157244214888N12309798WA0151001628
B2157254214880N12309798WA0150701623
B2157264214873N12309798WA0150501622
B2157274214866N12309797WA0150201614
B2157284214858N12309797WA0149801610
B2157294214852N12309796WA0149601607
B2157304214845N12309793WA0149101603
B2157314214836N12309790WA0148601600
B2157324214830N12309789WA0148401598
B2157334214821N12309786WA0148101594
B2157344214815N12309783WA0147801592
B2157354214808N12309780WA0147401587
B2157364214801N12309777WA0147001582
B2157374214794N12309774WA0146401578
B2157384214787N12309772WA0146301578
B2157394214780N12309770WA0146201575
B2157404214773N12309768WA0146001570
B2157414214766N12309764WA0145701566
B2157424214760N12309761WA0145501559
B2157434214755N12309758WA0145301559
B2157444214749N12309755WA0144901557
B2157454214742N12309752WA0144501554
B2157464214736N12309749WA0144201550
B2157474214730N12309746WA0143901548
B2157484214724N12309742WA0143701546
B2157494214717N12309740WA0143501543
B2157504214711N12309737WA0143201539
B2157514214705N12309734WA0143001537
B2157524214699N12309732WA0142701532
B2157534214692N12309728WA0142601530
B2157544214685N12309725WA0142301528
B2157554214679N12309722WA0142001525
B2157564214672N12309718WA0141801522
B2157574214666N12309715WA0141601520
B2157584214660N12309712WA0141401518
B2157594214653N12309709WA0141101514
B2158004214647N12309707WA0140801512
B2158014214641N12309705WA0140501511
B2158024214634N12309702WA0140201508
B2158034214628N12309699WA0140201505
B2158044214623N12309697WA0140001503
B2158054214617N12309695WA0139901499
B2158064214612N12309692WA0139601496
B2158074214606N12309690WA0139101494
B2158084214599N12309687WA0138901493
B2158094214592N12309684WA0138701491
B2158104214585N12309682WA0138501489
B2158114214579N12309681WA0138401486
B2158124214573N12309679WA0138201480
B2158134214568N12309677WA0138001479
B2158144214561N12309675WA0137601477
B2158154214555N12309672WA0137201472
B2158164214547N12309669WA0137001471
B2158174214541N12309665WA0136901470
B2158184214534N12309660WA0136801468
B2158194214528N12309657WA0136801463
B2158204214522N12309654WA0136701461
B2158214214516N12309650WA0136401458
B2158224214510N12309645WA0136101457
B2158234214505N12309639WA0135901455
B2158244214501N12309635WA0135701455
B2158254214496N12309631WA0135601454
B2158264214491N12309628WA0135501452
B2158274214486N12309624WA0135401448
B2158284214482N12309619WA0135201446
B2158294214478N12309612WA0134901444
B2158304214473N12309606WA0134601444
B2158314214467N12309600WA0134401443
B2158324214460N12309596WA0134201441
B2158334214455N12309592WA0134101438
B2158344214450N12309589WA0134101436
B2158354214444N12309584WA0133901431
B2158364214438N12309581WA0133801431
B2158374214432N12309577WA0133501428
B2158384214425N12309574WA0133401428
B2158394214418N12309571WA0133301426
B2158404214412N12309569WA0133101425
B2158414214407N12309567WA0133101424
B2158424214400N12309563WA0132901422
B2158434214395N12309561WA0132601420
B2158444214388N12309557WA0132501417
B2158454214381N12309554WA0132401415
B2158464214376N12309552WA0132401417
B2158474214371N12309549WA0132301414
B2158484214367N12309545WA0132101412
B2158494214363N12309541WA0131701411
LXNA::BAT:discharging,71%,4.049V,-558mA
B2158504214357N12309536WA0131401410
B2158514214351N12309533WA0131301408
B2158524214346N12309529WA0131201407
B2158534214341N12309525WA0131101404
B2158544214337N12309520WA0130701403
B2158554214332N12309516WA0130401398
B2158564214325N12309512WA0130201396
B2158574214320N12309509WA0130001395
B2158584214315N12309505WA0129901396
B2158594214309N12309501WA0129801391
B2159004214305N12309496WA0129601388
B2159014214300N12309492WA0129301384
B2159024214295N12309489WA0129201383
B2159034214290N12309487WA0129101382
B2159044214287N12309484WA0128901380
B2159054214283N12309480WA0128901379
B2159064214279N12309475WA0128901376
B2159074214275N12309471WA0129101375
B2159084214273N12309469WA0129001375
B2159094214270N12309467WA0128801374
B2159104214266N12309465WA0128401373
B2159114214261N12309462WA0128101373
B2159124214256N12309458WA0128001372
B2159134214251N12309454WA0127701370
K215913038999
B2159144214247N12309451WA0127401369
B2159154214242N12309447WA0127201366
B2159164214236N12309442WA0126901364
B2159174214232N12309438WA0126701362
B2159184214226N12309435WA0126701360
B2159194214220N12309433WA0126601356
B2159204214215N12309432WA0126301352
B2159214214210N12309428WA0126101349
B2159224214206N12309425WA0125901347
B2159234214200N12309421WA0125701349
B2159244214195N12309418WA0125601347
B2159254214188N12309416WA0125401343
B2159264214183N12309413WA0125401341
B2159274214177N12309409WA0125201340
B2159284214173N12309405WA0125101338
B2159294214169N12309400WA0125101337
B2159304214163N12309394WA0125001335
B2159314214160N12309391WA0124801334
B2159324214156N12309386WA0124701332
B2159334214152N12309381WA0124701332
B2159344214149N12309377WA0124601331
B2159354214145N12309373WA0124601330
B2159364214141N12309371WA0124401329
B2159374214138N12309369WA0124401328
B2159384214134N12309368WA0124301327
B2159394214131N12309365WA0124101326
B2159404214126N12309360WA0123801326
B2159414214121N12309357WA0123501325
B2159424214116N12309354WA0123301324
B2159434214111N12309351WA0123201324
B2159444214106N12309345WA0122901320
B2159454214101N12309337WA0122901317
B2159464214097N12309333WA0123101316
B2159474214093N12309331WA0123001313
B2159484214090N12309330WA0122901311
B2159494214086N12309329WA0122601309
B2159504214080N12309326WA0122201308
B2159514214074N12309322WA0121801308
B2159524214068N12309316WA0121601309
B2159534214062N12309310WA0121601308
B2159544214057N12309304WA0121701303
B2159554214053N12309298WA0121601300
B2159564214048N12309293WA0121301297
B2159574214043N12309287WA0121101295
B2159584214039N12309281WA0120801296
B2159594214033N12309275WA0120801295
B2200004214027N12309271WA0120701294
B2200014214021N12309267WA0120501292
B2200024214015N12309263WA0120301289
B2200034214009N12309258WA0120301286
B2200044214003N12309252WA0120201285
B2200054213996N12309249WA0120301285
B2200064213990N12309248WA0120401284
B2200074213984N12309245WA0120401283
B2200084213977N12309242WA0120501283
B2200094213970N12309237WA0120601283
B2200104213964N12309233WA0120801282
B2200114213958N12309232WA0120901282
B2200124213951N12309233WA0120901283
B2200134213945N12309233WA0121101284
B2200144213940N12309231WA0121101284
B2200154213935N12309229WA0121101287
B2200164213928N12309230WA0120701288
B2200174213924N12309234WA0120501287
B2200184213921N12309239WA0120401286
B2200194213919N12309245WA0120301288
B2200204213919N12309249WA0120201288
B2200214213920N12309252WA0119801286
B2200224213921N12309255WA0119501282
B2200234213923N12309258WA0119401280
B2200244213927N12309261WA0119201280
B2200254213930N12309263WA0119101281
B2200264213934N12309262WA0119001277
B2200274213937N12309261WA0118801274
B2200284213942N12309259WA0118601271
B2200294213946N12309257WA0118401270
B2200304213951N12309255WA0118101269
B2200314213956N12309251WA0118001267
B2200324213961N12309247WA0117801265
B2200334213966N12309240WA0117801263
B2200344213970N12309232WA0117901261
B2200354213972N12309225WA0118001259
B2200364213974N12309220WA0118301259
B2200374213976N12309216WA0118301258
B2200384213978N12309213WA0118401259
B2200394213980N12309208WA0118301260
B2200404213981N12309202WA0118201259
B2200414213982N12309196WA0118101259
B2200424213983N12309187WA0117901259
B2200434213984N12309177WA0117901259
B2200444213985N12309169WA0118001259
B2200454213986N12309160WA0118001259
B2200464213986N12309152WA0118001259
B2200474213986N12309144WA0118001258
B2200484213985N12309135WA0118001259
B2200494213982N12309125WA0118001258
B2200504213978N12309116WA0118201257
B2200514213975N12309108WA0118201257
B2200524213972N12309101WA0118401258
B2200534213968N12309094WA0118501259
B2200544213963N12309088WA0118501259
B2200554213958N12309084WA0118401260
B2200564213951N12309079WA0118201260
B2200574213946N12309074WA0118101260
B2200584213940N12309069WA0118001259
B2200594213935N12309063WA0117701259
B2201004213929N12309058WA0117401259
B2201014213922N12309053WA0117201259
B2201024213916N12309050WA0117201257
B2201034213910N12309046WA0117101256
B2201044213905N12309044WA0117201254
B2201054213900N12309044WA0117001252
B2201064213896N12309046WA0116901249
B2201074213892N12309049WA0116901249
B2201084213889N12309052WA0117001249
B2201094213886N12309055WA0117201249
B2201104213885N12309058WA0117601249
B2201114213883N12309061WA0117601248
B2201124213881N12309064WA0117701249
B2201134213880N12309066WA0117801249
B2201144213880N12309068WA0117801250
B2201154213880N12309071WA0117701253
B2201164213880N12309075WA0117601253
B2201174213881N12309082WA0117801255
B2201184213882N12309085WA0117901255
B2201194213884N12309089WA0118301254
B2201204213885N12309092WA0118401255
B2201214213887N12309095WA0118501255
B2201224213889N12309097WA0118701257
B2201234213892N12309098WA0118601258
B2201244213895N12309098WA0118301261
B2201254213899N12309098WA0118001261
B2201264213902N12309100WA0117701260
B2201274213906N12309103WA0117501260
B2201284213910N12309106WA0117701261
B2201294213914N12309109WA0117601260
B2201304213917N12309111WA0117901257
B2201314213922N12309112WA0118401256
B2201324213927N12309110WA0118701258
B2201334213933N12309105WA0118901258
B2201344213938N12309100WA0119001258
B2201354213942N12309091WA0119101257
B2201364213943N12309084WA0119301262
B2201374213944N12309074WA0119401265
B2201384213943N12309065WA0119701267
B2201394213940N12309058WA0119701269
B2201404213937N12309054WA0119401269
B2201414213933N12309053WA0119201271
B2201424213928N12309054WA0119001271
B2201434213922N12309055WA0119001271
B2201444213917N12309056WA0119201272
B2201454213914N12309057WA0119301272
B2201464213913N12309059WA0119401272
B2201474213910N12309064WA0119501272
B2201484213907N12309068WA0119801271
B2201494213903N12309071WA0120001272
B2201504213899N12309072WA0120401273
LXNA::BAT:discharging,70%,4.048V,-623mA
B2201514213897N12309074WA0120601275
B2201524213897N12309076WA0120601275
B2201534213899N12309081WA0120501278
B2201544213903N12309085WA0120601279
B2201554213907N12309091WA0121301284
B2201564213907N12309092WA0121601284
B2201574213910N12309091WA0122101284
B2201584213913N12309090WA0122401285
B2201594213915N12309090WA0122501285
B2202004213920N12309091WA0122501290
B2202014213925N12309092WA0122601295
B2202024213931N12309091WA0122701300
B2202034213935N12309089WA0123001303
B2202044213939N12309085WA0123001305
B2202054213942N12309081WA0122901306
B2202064213944N12309077WA0122701306
B2202074213948N12309069WA0122601307
B2202084213950N12309062WA0122501306
B2202094213949N12309052WA0122401307
B2202104213946N12309045WA0122401306
B2202114213942N12309041WA0122501306
B2202124213938N12309037WA0122401306
B2202134213933N12309034WA0122201305
B2202144213927N12309032WA0122301305
K220214038999
B2202154213921N12309030WA0122401305
B2202164213914N12309029WA0122901304
B2202174213909N12309027WA0123201304
B2202184213904N12309025WA0123601305
B2202194213900N12309024WA0123801306
B2202204213896N12309023WA0124101306
B2202214213892N12309022WA0124201311
B2202224213888N12309024WA0124401314
B2202234213887N12309029WA0124401317
B2202244213885N12309034WA0124601319
B2202254213885N12309042WA0124901322
B2202264213886N12309047WA0125001323
B2202274213888N12309052WA0125101324
B2202284213893N12309056WA0125301324
B2202294213897N12309057WA0125601327
B2202304213901N12309058WA0125901329
B2202314213905N12309058WA0126001332
B2202324213908N12309058WA0126301333
B2202334213912N12309058WA0126201335
B2202344213918N12309055WA0126101339
B2202354213922N12309048WA0126201342
B2202364213923N12309039WA0126301343
B2202374213921N12309030WA0126401345
B2202384213918N12309024WA0126401345
B2202394213913N12309019WA0126301345
B2202404213909N12309017WA0126301346
B2202414213903N12309016WA0126501346
B2202424213898N12309016WA0126601345
B2202434213894N12309019WA0126701346
B2202444213891N12309022WA0126801347
B2202454213888N12309027WA0126901346
B2202464213886N12309031WA0127101348
B2202474213885N12309034WA0127201349
B2202484213885N12309038WA0127301351
B2202494213885N12309042WA0127201352
B2202504213885N12309047WA0127201354
B2202514213886N12309052WA0127101354
B2202524213887N12309059WA0127201354
B2202534213890N12309064WA0127201355
B2202544213894N12309066WA0127301355
B2202554213898N12309068WA0127301355
B2202564213904N12309068WA0127201355
B2202574213909N12309068WA0127201355
B2202584213914N12309066WA0127201355
B2202594213918N12309062WA0127001355
B2203004213921N12309058WA0126701355
B2203014213925N12309054WA0126601355
B2203024213928N12309050WA0126601356
B2203034213930N12309047WA0126501356
B2203044213932N12309043WA0126401354
K220304273999
B2203054213935N12309039WA0126201351
B2203064213939N12309034WA0126101349
B2203074213944N12309030WA0126101349
B2203084213948N12309026WA0126101348
B2203094213951N12309020WA0126301347
B2203104213953N12309013WA0126301346
B2203114213953N12309006WA0126301346
B2203124213954N12308998WA0126301346
B2203134213954N12308989WA0126201346
B2203144213953N12308979WA0126301345
B2203154213951N12308972WA0126301345
B2203164213948N12308965WA0126401345
B2203174213944N12308960WA0126401347
B2203184213939N12308955WA0126301346
B2203194213933N12308953WA0126201346
B2203204213928N12308953WA0126101346
B2203214213923N12308954WA0126101345
B2203224213917N12308954WA0126101345
B2203234213910N12308955WA0126201345
B2203244213904N12308955WA0126301345
B2203254213899N12308956WA0126401344
B2203264213893N12308960WA0126501344
B2203274213890N12308963WA0126501345
B2203284213886N12308967WA0126601345
B2203294213881N12308971WA0126501346
B2203304213878N12308973WA0126501347
B2203314213875N12308977WA0126101347
K220331285990
B2203324213873N12308982WA0125901348
B2203334213872N12308988WA0125701348
B2203344213871N12308993WA0125601347
B2203354213869N12308997WA0125501347
B2203364213868N12309002WA0125401344
B2203374213866N12309007WA0125301341
B2203384213865N12309012WA0125101340
B2203394213865N12309018WA0124901339
B2203404213864N12309022WA0124901338
B2203414213864N12309027WA0124701336
B2203424213864N12309033WA0124801335
B2203434213863N12309037WA0124901333
B2203444213862N12309042WA0125201333
B2203454213859N12309046WA0125401332
B2203464213857N12309050WA0125501333
B2203474213856N12309054WA0125601333
B2203484213854N12309060WA0125901334
B2203494213854N12309064WA0126301335
B2203504213855N12309067WA0126501337
B2203514213858N12309068WA0126701337
B2203524213862N12309066WA0126901339
B2203534213866N12309063WA0127101341
B2203544213869N12309056WA0127201345
B2203554213870N12309049WA0127501347
B2203564213869N12309039WA0127701349
B2203574213865N12309031WA0128001352
B2203584213859N12309024WA0128401354
B2203594213853N12309022WA0128501356
B2204004213847N12309022WA0128701359
B2204014213841N12309024WA0128801362
B2204024213837N12309027WA0128901366
B2204034213834N12309032WA0129101368
B2204044213833N12309038WA0129201370
B2204054213834N12309042WA0129401371
B2204064213838N12309045WA0129601372
B2204074213842N12309045WA0129601374
K220407300999
B2204084213847N12309043WA0129701376
B2204094213852N12309039WA0130001378
B2204104213856N12309034WA0130501379
B2204114213859N12309028WA0130701381
B2204124213859N12309020WA0131001381
B2204134213858N12309012WA0131201383
B2204144213855N12309006WA0131501386
B2204154213852N12309000WA0131601391
B2204164213848N12308996WA0131801393
B2204174213842N12308993WA0132101398
B2204184213837N12308992WA0132201398
B2204194213831N12308992WA0132401400
B2204204213827N12308995WA0132701402
B2204214213822N12308999WA0132901405
B2204224213819N12309003WA0133101407
B2204234213818N12309009WA0133201408
B2204244213817N12309016WA0133301410
B2204254213819N12309022WA0133401414
B2204264213823N12309026WA0133601416
B2204274213827N12309029WA0134101419
B2204284213830N12309033WA0134401420
B2204294213832N12309037WA0134901421
B2204304213834N12309040WA0135301423
B2204314213837N12309041WA0135401426
B2204324213841N12309040WA0135401429
B2204334213846N12309036WA0135601432
B2204344213850N12309030WA0135901437
B2204354213852N12309022WA0136401442
B2204364213852N12309015WA0136901444
B2204374213851N12309007WA0137201444
B2204384213847N12309002WA0137601445
B2204394213842N12308996WA0138001449
B2204404213837N12308994WA0138401455
B2204414213832N12308993WA0138801459
B2204424213828N12308994WA0139001463
B2204434213824N12308997WA0139201467
B2204444213821N12309001WA0139401472
B2204454213819N12309007WA0139501477
B2204464213819N12309013WA0139801482
B2204474213819N12309019WA0140101483
B2204484213821N12309023WA0140401484
B2204494213824N12309027WA0140701487
B2204504213826N12309031WA0141001488
LXNA::BAT:discharging,70%,4.011V,-791mA
B2204514213829N12309034WA0141001490
B2204524213833N12309035WA0141101493
B2204534213838N12309034WA0141301496
B2204544213844N12309032WA0141501500
B2204554213848N12309027WA0141601503
B2204564213851N12309020WA0142101504
B2204574213852N12309013WA0142301505
B2204584213851N12309007WA0142701507
B2204594213850N12309000WA0142701510
B2205004213847N12308994WA0142901511
B2205014213842N12308988WA0143201515
K220501283738
B2205024213834N12308984WA0143401519
B2205034213829N12308984WA0143801521
B2205044213821N12308987WA0144201522
B2205054213817N12308990WA0144601525
B2205064213815N12308995WA0144901528
B2205074213815N12308999WA0145001530
B2205084213814N12309005WA0145201534
B2205094213815N12309011WA0145201538
B2205104213816N12309017WA0145301542
B2205114213820N12309021WA0145401545
B2205124213824N12309022WA0145301547
B2205134213829N12309020WA0145401550
B2205144213834N12309016WA0145701550
B2205154213838N12309013WA0146101551
B2205164213841N12309009WA0146401550
B2205174213842N12309004WA0146401551
B2205184213843N12309000WA0146601552
B2205194213843N12308993WA0146701554
K220519302729
B2205204213840N12308984WA0147001557
B2205214213837N12308977WA0147401560
B2205224213832N12308973WA0147801560
B2205234213827N12308971WA0148001563
B2205244213821N12308972WA0148201565
B2205254213815N12308974WA0148601567
B2205264213810N12308978WA0149001572
B2205274213807N12308983WA0149401576
B2205284213806N12308987WA0149501579
B2205294213806N12308991WA0149501582
B2205304213808N12308995WA0149501585
B2205314213810N12309001WA0149501588
B2205324213814N12309004WA0149701593
B2205334213818N12309006WA0149901593
B2205344213823N12309007WA0150101593
B2205354213827N12309006WA0150301593
B2205364213830N12309006WA0150301594
B2205374213834N12309003WA0150301596
B2205384213837N12308999WA0150401597
B2205394213839N12308993WA0150401598
B2205404213840N12308985WA0150701600
K220540308643
B2205414213838N12308976WA0151101602
B2205424213833N12308968WA0151701603
B2205434213827N12308964WA0152201603
B2205444213822N12308963WA0151901603
B2205454213815N12308960WA0152501606
B2205464213810N12308958WA0152901610
B2205474213804N12308957WA0153201615
B2205484213799N12308958WA0153301617
B2205494213793N12308961WA0153501618
B2205504213788N12308968WA0153701623
B2205514213786N12308972WA0153801626
B2205524213786N12308977WA0154001631
K220552313656
B2205534213788N12308983WA0154101632
B2205544213790N12308988WA0154001634
B2205554213794N12308992WA0154001635
B2205564213798N12308994WA0154001638
B2205574213803N12308994WA0154201639
B2205584213808N12308993WA0154401640
B2205594213812N12308990WA0154501640
B2206004213816N12308987WA0154501639
B2206014213819N12308982WA0154701641
B2206024213821N12308977WA0154801641
B2206034213822N12308970WA0155001643
K220603318710
B2206044213821N12308961WA0155201643
B2206054213818N12308952WA0155601645
B2206064213815N12308946WA0156101646
B2206074213810N12308943WA0156601648
B2206084213805N12308941WA0157001649
B2206094213801N12308942WA0157501651
B2206104213796N12308945WA0158001656
B2206114213791N12308949WA0158401662
B2206124213787N12308956WA0158801666
B2206134213787N12308962WA0159001671
B2206144213788N12308969WA0159201675
B2206154213789N12308973WA0159301679
B2206164213791N12308977WA0159501684
B2206174213794N12308981WA0159501687
B2206184213797N12308983WA0159401690
B2206194213801N12308983WA0159401692
K220619324669
B2206204213806N12308978WA0159301692
B2206214213808N12308971WA0159401694
B2206224213810N12308964WA0159601694
B2206234213812N12308957WA0159901695
B2206244213814N12308948WA0160401694
B2206254213815N12308941WA0160801696
B2206264213815N12308934WA0161101696
B2206274213813N12308928WA0161101698
B2206284213810N12308921WA0161201702
B2206294213804N12308916WA0161601706
B2206304213796N12308916WA0161901710
B2206314213789N12308919WA0162301712
B2206324213785N12308924WA0162701712
B2206334213783N12308930WA0163001713
B2206344213784N12308941WA0163501716
B2206354213787N12308947WA0163901721
B2206364213790N12308951WA0164201725
B2206374213794N12308950WA0164301729
B2206384213799N12308946WA0164601732
B2206394213801N12308941WA0164901738
B2206404213800N12308933WA0165501742
B2206414213798N12308930WA0165601745
B2206424213793N12308928WA0165601746
B2206434213783N12308928WA0165901748
B2206444213776N12308931WA0166501753
B2206454213770N12308937WA0166901756
B2206464213769N12308944WA0167101757
B2206474213776N12308956WA0167301759
B2206484213781N12308957WA0167401764
B2206494213785N12308955WA0167501772
B2206504213788N12308950WA0167801775
B2206514213788N12308950WV0167900000
B2206524213789N12308940WA0168301777
B2206534213787N12308933WA0168701776
B2206544213781N12308927WA0169101779
B2206554213773N12308925WA0169501781
B2206564213768N12308925WA0170001786
B2206574213762N12308926WA0170501789
B2206584213757N12308928WA0170801792
B2206594213753N12308932WA0171001796
B2207004213748N12308939WA0171301800
B2207014213745N12308944WA0171401804
B2207024213744N12308951WA0171501809
B2207034213745N12308957WA0171601812
B2207044213748N12308963WA0171801814
B2207054213750N12308964WA0171901819
B2207064213752N12308966WA0171901819
B2207074213756N12308966WA0171901820
B2207084213760N12308965WA0171901821
B2207094213764N12308962WA0172101824
B2207104213767N12308956WA0172401825
B2207114213769N12308951WA0172701825
B2207124213771N12308947WA0173101824
B2207134213774N12308945WA0173401825
B2207144213775N12308943WA0173701825
K220714332873
B2207154213776N12308938WA0173801829
B2207164213774N12308934WA0173701832
B2207174213771N12308928WA0173701835
B2207184213765N12308922WA0174001838
B2207194213759N12308917WA0174201843
B2207204213752N12308916WA0174301844
B2207214213746N12308920WA0174501844
B2207224213740N12308926WA0174701844
B2207234213735N12308933WA0175001847
B2207244213732N12308940WA0175501849
B2207254213731N12308947WA0175801851
B2207264213732N12308952WA0176001853
K220726008872
B2207274213733N12308958WA0176001853
B2207284213735N12308965WA0176201859
B2207294213738N12308971WA0176301863
B2207304213740N12308974WA0176601866
B2207314213743N12308975WA0176701866
B2207324213745N12308974WA0176901867
B2207334213746N12308972WA0177001870
B2207344213746N12308970WA0176901871
B2207354213746N12308967WA0176801873
B2207364213746N12308961WA0176601874
B2207374213744N12308952WA0176601874
B2207384213742N12308946WA0176801875
B2207394213739N12308940WA0176901876
B2207404213734N12308935WA0177101877
B2207414213728N12308932WA0177101877
B2207424213721N12308930WA0177201876
B2207434213714N12308930WA0177301876
B2207444213706N12308932WA0177501876
B2207454213700N12308935WA0177701878
B2207464213694N12308941WA0177801878
B2207474213689N12308950WA0177901879
B2207484213686N12308956WA0178101882
B2207494213684N12308964WA0178301884
B2207504213683N12308972WA0178401885
LXNA::BAT:discharging,69%,4.020V,-580mA
B2207514213681N12308978WA0178601886
B2207524213679N12308984WA0178601888
B2207534213678N12308991WA0178601890
B2207544213678N12308997WA0178501892
B2207554213677N12309004WA0178401894
B2207564213677N12309010WA0178201893
B2207574213677N12309015WA0177801894
B2207584213678N12309020WA0177401894
B2207594213681N12309025WA0177001893
B2208004213686N12309028WA0176701892
B2208014213690N12309029WA0176701889
B2208024213693N12309028WA0176801885
B2208034213695N12309028WA0176801880
B2208044213697N12309029WA0176701876
B2208054213699N12309030WA0176701876
B2208064213702N12309032WA0176601875
B2208074213706N12309033WA0176501876
B2208084213709N12309035WA0176501875
B2208094213713N12309038WA0176501874
B2208104213717N12309040WA0176501874
B2208114213720N12309041WA0176701872
B2208124213724N12309042WA0176601872
B2208134213727N12309042WA0176601872
B2208144213731N12309044WA0176501872
B2208154213735N12309047WA0176301871
B2208164213739N12309051WA0176201871
B2208174213743N12309054WA0176201873
B2208184213747N12309055WA0176001873
B2208194213752N12309056WA0176001872
B2208204213758N12309057WA0175901871
B2208214213763N12309059WA0175801870
B2208224213768N12309061WA0175701869
B2208234213773N12309063WA0175701868
B2208244213777N12309064WA0175701867
B2208254213782N12309065WA0175901866
B2208264213785N12309066WA0176001866
B2208274213788N12309069WA0175901867
B2208284213791N12309070WA0175501866
B2208294213795N12309073WA0175301864
B2208304213801N12309075WA0175001863
B2208314213805N12309076WA0175001863
B2208324213810N12309078WA0174901862
B2208334213815N12309078WA0174901862
B2208344213820N12309079WA0174701859
B2208354213825N12309079WA0174501855
B2208364213830N12309079WA0174301856
B2208374213836N12309079WA0174301855
B2208384213840N12309081WA0174301854
B2208394213844N12309084WA0174201854
B2208404213848N12309088WA0174101850
B2208414213853N12309090WA0174101848
B2208424213857N12309094WA0174001848
B2208434213861N12309098WA0174001847
B2208444213865N12309102WA0174001846
B2208454213869N12309106WA0173801846
B2208464213873N12309109WA0173501845
B2208474213879N12309111WA0173201844
B2208484213884N12309113WA0173001846
B2208494213889N12309115WA0172801845
B2208504213893N12309117WA0172801845
B2208514213898N12309120WA0172701839
B2208524213902N12309122WA0172401838
B2208534213906N12309125WA0172101834
B2208544213911N12309127WA0171701833
B2208554213915N12309129WA0171401833
B2208564213921N12309132WA0171301833
B2208574213925N12309134WA0171201829
B2208584213930N12309137WA0171101824
B2208594213934N12309139WA0171001820
B2209004213937N12309143WA0170901816
B2209014213941N12309147WA0170601815
B2209024213945N12309152WA0170301816
B2209034213950N12309157WA0170101813
B2209044213954N12309159WA0170101813
B2209054213959N12309163WA0170001814
B2209064213963N12309166WA0170001810
B2209074213967N12309170WA0169901806
B2209084213971N12309174WA0169701804
B2209094213976N12309177WA0169601803
B2209104213980N12309179WA0169601802
B2209114213984N12309180WA0169701802
B2209124213989N12309183WA0169801800
B2209134213991N12309185WA0169801800
B2209144213995N12309189WA0169701800
B2209154213998N12309192WA0169401800
B2209164214002N12309194WA0169201799
B2209174214007N12309197WA0169201799
B2209184214011N12309199WA0169001798
B2209194214015N12309201WA0168901798
B2209204214020N12309205WA0168701795
B2209214214023N12309208WA0168501794
B2209224214028N12309210WA0168301793
B2209234214033N12309212WA0168101793
B2209244214037N12309214WA0167901791
B2209254214042N12309217WA0167801789
B2209264214046N12309220WA0167601787
B2209274214051N12309223WA0167501785
B2209284214056N12309225WA0167301782
B2209294214060N12309227WA0167101778
B2209304214064N12309229WA0167001778
B2209314214068N12309232WA0166801778
B2209324214073N12309235WA0166601775
B2209334214077N12309237WA0166401773
B2209344214082N12309239WA0166201774
B2209354214087N12309241WA0166001772
B2209364214090N12309242WA0165801770
B2209374214095N12309244WA0165701765
B2209384214100N12309247WA0165401764
B2209394214103N12309248WA0165201762
B2209404214108N12309249WA0165101760
B2209414214112N12309250WA0164901757
B2209424214116N12309251WA0164701756
B2209434214121N12309253WA0164501753
B2209444214125N12309255WA0164301752
B2209454214130N12309256WA0164101748
B2209464214134N12309258WA0164001749
B2209474214138N12309259WA0163801746
B2209484214143N12309260WA0163601743
B2209494214147N12309262WA0163501742
B2209504214151N12309264WA0163401740
B2209514214154N12309267WA0163201739
B2209524214158N12309270WA0163001737
B2209534214162N12309272WA0162801736
B2209544214166N12309274WA0162601734
B2209554214170N12309276WA0162501733
B2209564214175N12309279WA0162201731
B2209574214179N12309282WA0162201728
B2209584214182N12309284WA0162101725
B2209594214186N12309286WA0161901723
B2210004214189N12309288WA0161701722
B2210014214193N12309289WA0161701719
B2210024214197N12309290WA0161501719
B2210034214200N12309292WA0161301721
B2210044214204N12309294WA0161201717
B2210054214207N12309296WA0161001716
B2210064214211N12309298WA0160801714
B2210074214215N12309299WA0160601712
B2210084214218N12309301WA0160401711
B2210094214221N12309302WA0160201707
B2210104214225N12309304WA0159901706
B2210114214229N12309305WA0159701705
B2210124214233N12309307WA0159501702
B2210134214236N12309308WA0159401700
B2210144214240N12309308WA0159301697
B2210154214243N12309310WA0159101696
B2210164214246N12309311WA0158801694
B2210174214249N12309314WA0158501692
B2210184214253N12309317WA0158101690
B2210194214256N12309319WA0158001689
B2210204214260N12309321WA0157701688
B2210214214264N12309322WA0157501685
B2210224214268N12309323WA0157301682
B2210234214271N12309324WA0157201679
B2210244214275N12309325WA0157101677
B2210254214278N12309326WA0157101674
B2210264214281N12309327WA0156901671
K221026008872
B2210274214285N12309329WA0156701668
B2210284214289N12309330WA0156301667
B2210294214293N12309330WA0156201666
B2210304214297N12309331WA0156101666
B2210314214301N12309331WA0156101664
B2210324214305N12309331WA0156001662
B2210334214308N12309332WA0155801659
B2210344214312N12309334WA0155601657
B2210354214315N12309334WA0155501655
B2210364214319N12309335WA0155301655
B2210374214322N12309335WA0155101656
B2210384214327N12309336WA0154801651
B2210394214330N12309336WA0154701650
B2210404214334N12309336WA0154601650
B2210414214338N12309337WA0154201647
B2210424214342N12309338WA0154001645
B2210434214347N12309340WA0153901642
B2210444214352N12309341WA0153801640
B2210454214356N12309343WA0153901641
B2210464214360N12309344WA0153801638
B2210474214364N12309345WA0153801634
B2210484214368N12309347WA0153601633
B2210494214373N12309348WA0153301634
B2210504214378N12309349WA0153001634
B2210514214383N12309350WA0153101633
LXNA::BAT:discharging,68%,4.027V,-535mA
B2210524214388N12309351WA0153101633
B2210534214391N12309352WA0153301630
B2210544214394N12309353WA0153401628
B2210554214396N12309353WA0153401628
B2210564214398N12309353WA0153201626
B2210574214400N12309354WA0153101626
B2210584214402N12309354WA0153001625
B2210594214406N12309355WA0152601625
B2211004214410N12309356WA0152401625
B2211014214414N12309359WA0152001625
B2211024214418N12309361WA0152001625
B2211034214421N12309363WA0152101623
B2211044214425N12309364WA0152201619
B2211054214428N12309364WA0152101617
B2211064214430N12309363WA0152101616
B2211074214434N12309365WA0152101614
B2211084214437N12309366WA0152101615
B2211094214439N12309367WA0152101614
B2211104214440N12309368WA0151901614
B2211114214445N12309368WA0151701614
B2211124214450N12309368WA0151501613
B2211134214456N12309369WA0151401613
B2211144214461N12309369WA0151401614
B2211154214465N12309368WA0151501614
B2211164214470N12309368WA0151601611
B2211174214475N12309367WA0151601610
B2211184214480N12309367WA0151901610
B2211194214483N12309368WA0152001610
B2211204214486N12309367WA0152101611
B2211214214488N12309367WA0152201610
B2211224214491N12309366WA0152101610
B2211234214495N12309366WA0152001612
B2211244214499N12309366WA0152101614
B2211254214502N12309366WA0152101613
B2211264214506N12309366WA0152001614
B2211274214510N12309365WA0152001614
B2211284214513N12309365WA0151801613
B2211294214518N12309365WA0151601614
B2211304214522N12309366WA0151301613
B2211314214527N12309368WA0151101613
B2211324214532N12309369WA0151001612
B2211334214537N12309370WA0151001611
B2211344214541N12309370WA0150801610
B2211354214545N12309371WA0150601606
B2211364214550N12309373WA0150501605
B2211374214556N12309377WA0150301603
B2211384214560N12309380WA0150201603
B2211394214565N12309382WA0150201601
B2211404214568N12309384WA0150101598
B2211414214573N12309386WA0149901597
B2211424214578N12309387WA0149801597
B2211434214582N12309388WA0149801596
B2211444214586N12309389WA0149701595
B2211454214590N12309391WA0149701594
B2211464214594N12309392WA0149601593
B2211474214596N12309393WA0149401591
B2211484214600N12309395WA0149201591
B2211494214605N12309396WA0149001591
B2211504214610N12309398WA0148801590
B2211514214615N12309401WA0148601590
B2211524214619N12309403WA0148601588
B2211534214623N12309405WA0148601584
B2211544214627N12309407WA0148401582
B2211554214631N12309410WA0148301580
B2211564214636N12309412WA0148201579
B2211574214640N12309415WA0148001578
B2211584214644N12309419WA0147901579
B2211594214648N12309422WA0147901576
B2212004214651N12309423WA0147901576
B2212014214654N12309425WA0147801574
B2212024214657N12309428WA0147701572
B2212034214660N12309429WA0147601573
B2212044214663N12309431WA0147201571
B2212054214666N12309432WA0147101570
B2212064214670N12309432WA0146901570
B2212074214674N12309433WA0146701569
B2212084214678N12309435WA0146501568
B2212094214681N12309436WA0146301563
B2212104214685N12309436WA0146101562
B2212114214689N12309437WA0145901562
B2212124214694N12309437WA0145601559
B2212134214697N12309438WA0145501557
B2212144214702N12309440WA0145301555
B2212154214707N12309440WA0145201554
B2212164214711N12309440WA0145101551
B2212174214715N12309440WA0144901549
B2212184214720N12309441WA0144601547
B2212194214725N12309442WA0144401544
B2212204214729N12309443WA0144201544
B2212214214733N12309444WA0144001543
B2212224214738N12309444WA0144001539
B2212234214742N12309443WA0143801537
B2212244214747N12309444WA0143601535
B2212254214751N12309444WA0143401532
B2212264214756N12309444WA0143201531
B2212274214761N12309445WA0143101530
B2212284214765N12309445WA0143101527
B2212294214769N12309447WA0142901526
B2212304214772N12309449WA0142701524
B2212314214777N12309451WA0142501522
B2212324214782N12309452WA0142301521
B2212334214787N12309451WA0142201519
B2212344214792N12309451WA0142101519
B2212354214796N12309451WA0142001516
B2212364214801N12309452WA0141901514
B2212374214806N12309452WA0141801512
B2212384214811N12309453WA0141801509
B2212394214815N12309453WA0141701508
B2212404214819N12309454WA0141601509
B2212414214824N12309455WA0141501507
B2212424214829N12309456WA0141301506
B2212434214834N12309456WA0141201506
B2212444214839N12309456WA0141201506
B2212454214844N12309456WA0141101504
B2212464214849N12309456WA0141101504
B2212474214853N12309457WA0141001502
B2212484214857N12309456WA0140901500
B2212494214861N12309456WA0140701500
B2212504214865N12309455WA0140501499
B2212514214870N12309454WA0140301498
B2212524214874N12309454WA0140101497
B2212534214879N12309454WA0140001496
B2212544214883N12309453WA0139801495
B2212554214887N12309451WA0139701492
B2212564214892N12309450WA0139501490
B2212574214896N12309450WA0139301488
B2212584214901N12309451WA0138901487
B2212594214905N12309452WA0138601484
B2213004214910N12309452WA0138501483
B2213014214915N12309452WA0138401483
B2213024214919N12309452WA0138201478
B2213034214923N12309453WA0137901477
B2213044214929N12309454WA0137701472
B2213054214933N12309454WA0137701470
B2213064214939N12309453WA0137401469
B2213074214944N12309452WA0137201466
B2213084214949N12309451WA0136901463
B2213094214953N12309451WA0136801463
B2213104214958N12309450WA0136601461
B2213114214962N12309449WA0136501459
B2213124214966N12309448WA0136401456
B2213134214972N12309447WA0136101454
B2213144214976N12309446WA0135901452
B2213154214980N12309445WA0135701452
B2213164214985N12309445WA0135501450
B2213174214991N12309443WA0135301447
B2213184214995N12309442WA0135201446
B2213194214999N12309440WA0135301443
B2213204215003N12309438WA0135201440
B2213214215007N12309437WA0135201438
B2213224215010N12309436WA0135201436
B2213234215013N12309436WA0135201437
B2213244215016N12309437WA0135201436
B2213254215018N12309437WA0135301436
B2213264215020N12309437WA0135301435
B2213274215022N12309436WA0135301436
K221327008872
B2213284215025N12309436WA0135201436
B2213294215027N12309435WA0135101436
B2213304215030N12309434WA0135101437
B2213314215033N12309433WA0135101435
B2213324215035N12309433WA0135001436
B2213334215039N12309432WA0134801435
B2213344215042N12309433WA0134601435
B2213354215045N12309433WA0134501434
B2213364215049N12309433WA0134301432
B2213374215053N12309432WA0134101432
B2213384215057N12309432WA0133901431
B2213394215060N12309431WA0133801430
B2213404215065N12309430WA0133601428
B2213414215069N12309429WA0133701425
B2213424215073N12309429WA0133701424
B2213434215076N12309430WA0133701421
B2213444215078N12309432WA0133701421
B2213454215081N12309434WA0133601421
B2213464215084N12309434WA0133501420
B2213474215088N12309435WA0133401420
B2213484215091N12309435WA0133301419
B2213494215095N12309435WA0133201418
B2213504215098N12309436WA0133001417
B2213514215102N12309436WA0132901417
LXNA::BAT:discharging,68%,4.027V,-609mA
B2213524215106N12309436WA0132701416
B2213534215109N12309435WA0132701415
B2213544215112N12309434WA0132801414
B2213554215114N12309434WA0132701412
B2213564215117N12309434WA0132601411
B2213574215119N12309433WA0132401409
B2213584215122N12309432WA0132201409
B2213594215125N12309432WA0132001410
B2214004215128N12309432WA0131801408
B2214014215131N12309432WA0131801408
B2214024215134N12309432WA0131701404
B2214034215137N12309433WA0131501403
B2214044215140N12309434WA0131301401
B2214054215144N12309435WA0131101397
B2214064215148N12309435WA0131001397
B2214074215152N12309434WA0131001398
B2214084215155N12309433WA0131001396
B2214094215157N12309432WA0130901394
B2214104215160N12309432WA0130701392
B2214114215162N12309432WA0130501391
B2214124215165N12309431WA0130101390
B2214134215168N12309429WA0129901391
B2214144215170N12309428WA0129701389
B2214154215174N12309428WA0129301387
B2214164215177N12309429WA0129001386
B2214174215179N12309429WA0128801382
B2214184215182N12309428WA0128601378
B2214194215185N12309428WA0128401375
B2214204215188N12309427WA0128201372
B2214214215191N12309428WA0128001369
B2214224215194N12309428WA0127801367
B2214234215197N12309428WA0127601366
B2214244215200N12309428WA0127501362
B2214254215202N12309428WA0127201361
B2214264215204N12309428WA0127001358
B2214274215208N12309428WA0126801356
B2214284215211N12309429WA0126501355
B2214294215215N12309429WA0126401352
B2214304215219N12309429WA0126301350
B2214314215222N12309429WA0126101347
B2214324215225N12309429WA0125801345
B2214334215230N12309427WA0125601342
B2214344215234N12309426WA0125501340
B2214354215239N12309424WA0125401338
B2214364215242N12309422WA0125501339
B2214374215246N12309421WA0125601336
B2214384215248N12309420WA0125701333
B2214394215250N12309419WA0125701333
B2214404215252N12309419WA0125501334
B2214414215256N12309419WA0125401332
B2214424215259N12309419WA0125301333
B2214434215263N12309419WA0125301333
B2214444215267N12309419WA0125501331
B2214454215270N12309419WA0125901333
B2214464215272N12309419WA0126301333
B2214474215272N12309419WA0126501332
B2214484215272N12309419WA0126601333
B2214494215276N12309420WA0126501333
B2214504215281N12309421WA0126601337
B2214514215284N12309422WA0126901340
B2214524215287N12309420WA0127101343
B2214534215290N12309416WA0127201342
B2214544215291N12309412WA0127201343
B2214554215294N12309407WA0127301344
B2214564215296N12309400WA0127401348
B2214574215297N12309391WA0127501348
B2214584215296N12309382WA0127701350
B2214594215294N12309374WA0127801350
B2215004215290N12309365WA0127901351
B2215014215284N12309359WA0128001352
B2215024215278N12309354WA0128101352
B2215034215272N12309349WA0128101354
B2215044215266N12309346WA0128301358
B2215054215260N12309344WA0128301358
B2215064215253N12309344WA0128201359
B2215074215250N12309347WA0128201359
B2215084215246N12309351WA0128301360
B2215094215243N12309355WA0128501360
B2215104215244N12309358WA0128601362
B2215114215246N12309361WA0128701362
B2215124215249N12309361WA0128701362
B2215134215252N12309361WA0128901363
B2215144215255N12309361WA0129101365
B2215154215258N12309360WA0129101364
B2215164215261N12309359WA0129201365
B2215174215264N12309358WA0129401366
B2215184215266N12309356WA0129701369
B2215194215266N12309356WA0129801369
B2215204215266N12309355WA0129501370
B2215214215268N12309352WA0129301371
B2215224215272N12309352WA0128801371
B2215234215275N12309352WA0128301371
K221523349999
B2215244215279N12309353WA0127901372
B2215254215284N12309352WA0127901373
B2215264215288N12309351WA0128201370
B2215274215291N12309350WA0128301368
B2215284215292N12309350WA0128401363
B2215294215294N12309350WA0128401363
B2215304215296N12309350WA0128301362
B2215314215298N12309351WA0128101361
B2215324215301N12309352WA0127801360
B2215334215305N12309353WA0127601361
B2215344215309N12309354WA0127601360
B2215354215313N12309355WA0127701360
B2215364215317N12309355WA0127901359
B2215374215319N12309355WA0128001359
B2215384215319N12309355WA0128101358
B2215394215320N12309355WA0128001359
B2215404215322N12309355WA0127901359
B2215414215327N12309355WA0127801358
B2215424215330N12309355WA0127701357
B2215434215334N12309356WA0127701357
B2215444215337N12309357WA0127801355
B2215454215340N12309357WA0127801356
B2215464215342N12309357WA0127801356
B2215474215344N12309357WA0127901357
B2215484215344N12309357WA0127801357
B2215494215349N12309358WA0127701356
B2215504215352N12309359WA0127501358
B2215514215354N12309360WA0127501355
B2215524215357N12309360WA0127501357
B2215534215357N12309360WA0127501356
B2215544215358N12309361WA0127301356
B2215554215360N12309361WA0127201354
B2215564215363N12309363WA0127001353
B2215574215367N12309363WA0127001353
B2215584215370N12309364WA0127001353
B2215594215371N12309365WA0127001351
B2216004215373N12309367WA0127001348
B2216014215375N12309368WA0126901349
B2216024215377N12309369WA0126801349
B2216034215380N12309371WA0126801348
B2216044215382N12309372WA0126801347
B2216054215384N12309372WA0126801348
B2216064215384N12309372WA0126701348
B2216074215385N12309373WA0126601347
B2216084215387N12309374WA0126501347
B2216094215390N12309376WA0126401347
B2216104215392N12309377WA0126201346
B2216114215395N12309378WA0126001346
B2216124215398N12309379WA0125901344
B2216134215401N12309380WA0125801342
B2216144215403N12309381WA0125701341
B2216154215405N12309381WA0125601340
B2216164215407N12309381WA0125501337
B2216174215409N12309380WA0125401336
B2216184215412N12309380WA0125201335
B2216194215414N12309380WA0125201336
B2216204215417N12309382WA0125001333
B2216214215417N12309382WA0125001333
B2216224215419N12309383WA0124901332
B2216234215422N12309384WA0124701331
B2216244215424N12309385WA0124501330
B2216254215429N12309386WA0124401328
B2216264215432N12309388WA0124301327
B2216274215435N12309391WA0124201326
B2216284215437N12309392WA0124201324
B2216294215440N12309394WA0124101320
B2216304215443N12309395WA0124101321
B2216314215446N12309396WA0124001321
B2216324215449N12309398WA0123901319
B2216334215451N12309399WA0123901318
B2216344215454N12309400WA0123801320
B2216354215458N12309402WA0123701318
B2216364215461N12309404WA0123701317
B2216374215463N12309405WA0123801317
B2216384215466N12309406WA0123801316
B2216394215468N12309407WA0123901316
B2216404215469N12309408WA0123901317
B2216414215471N12309409WA0123801315
B2216424215473N12309410WA0123801314
B2216434215475N12309410WA0123601314
B2216444215478N12309411WA0123301314
B2216454215482N12309412WA0123201314
B2216464215486N12309412WA0123201314
B2216474215489N12309413WA0123101314
B2216484215491N12309412WA0123001314
B2216494215494N12309412WA0122901310
B2216504215497N12309412WA0122901311
B2216514215499N12309411WA0122701309
B2216524215502N12309410WA0122501308
LXNA::BAT:discharging,67%,4.015V,-607mA
B2216534215505N12309409WA0122401307
B2216544215509N12309408WA0122201306
B2216554215512N12309408WA0122101306
B2216564215516N12309407WA0122001303
B2216574215519N12309407WA0121801302
B2216584215523N12309405WA0121601300
B2216594215527N12309403WA0121401298
B2217004215531N12309402WA0121201297
B2217014215535N12309401WA0121101296
B2217024215538N12309400WA0121101295
B2217034215542N12309400WA0121101293
B2217044215546N12309399WA0121001291
B2217054215549N12309399WA0120901289
B2217064215552N12309398WA0120801288
B2217074215556N12309397WA0120801287
B2217084215559N12309397WA0120701288
B2217094215562N12309397WA0120701286
B2217104215566N12309396WA0120501285
B2217114215569N12309396WA0120401284
B2217124215573N12309394WA0120301283
B2217134215576N12309393WA0120201282
B2217144215580N12309391WA0120101282
B2217154215583N12309390WA0119901280
B2217164215587N12309389WA0119701279
B2217174215591N12309389WA0119601279
B2217184215594N12309389WA0119501278
B2217194215599N12309388WA0119401276
B2217204215602N12309387WA0119301275
B2217214215606N12309386WA0119201273
B2217224215610N12309386WA0119101271
B2217234215613N12309386WA0119001270
B2217244215617N12309387WA0118701269
B2217254215621N12309386WA0118601268
B2217264215626N12309386WA0118601268
B2217274215628N12309386WA0118501266
B2217284215632N12309387WA0118301265
B2217294215635N12309388WA0118001264
B2217304215639N12309389WA0117801261
B2217314215643N12309389WA0117601261
B2217324215647N12309387WA0117401260
B2217334215652N12309386WA0117301258
B2217344215655N12309385WA0117401255
B2217354215658N12309385WA0117401254
B2217364215661N12309386WA0117301252
B2217374215664N12309386WA0117201250
B2217384215667N12309386WA0117101248
B2217394215671N12309385WA0117101248
B2217404215674N12309384WA0117201247
B2217414215677N12309384WA0117201246
B2217424215680N12309384WA0117101247
B2217434215682N12309384WA0117001247
B2217444215686N12309385WA0116801245
B2217454215691N12309386WA0116701246
B2217464215695N12309388WA0116701247
B2217474215698N12309389WA0116601246
B2217484215701N12309390WA0116601245
B2217494215705N12309390WA0116601242
B2217504215709N12309390WA0116301241
B2217514215712N12309391WA0116101241
B2217524215717N12309392WA0115901241
B2217534215722N12309392WA0115601240
B2217544215727N12309392WA0115601239
B2217554215734N12309389WA0115701238
B2217564215738N12309388WA0116001234
B2217574215741N12309387WA0116101234
B2217584215743N12309385WA0116301235
B2217594215745N12309383WA0116101234
B2218004215747N12309381WA0116001235
B2218014215750N12309379WA0115601233
B2218024215754N12309376WA0115301232
B2218034215758N12309374WA0115001232
B2218044215762N12309372WA0114901233
B2218054215766N12309371WA0114701233
B2218064215769N12309370WA0114501231
B2218074215772N12309371WA0114101227
B2218084215776N12309372WA0113801223
B2218094215780N12309374WA0113501222
B2218104215784N12309374WA0113301219
B2218114215787N12309374WA0113201218
B2218124215789N12309374WA0113001215
B2218134215790N12309374WA0112701210
B2218144215793N12309374WA0112301208
B2218154215797N12309375WA0111901207
B2218164215801N12309373WA0111701205
B2218174215805N12309373WA0111501204
B2218184215809N12309374WA0111501199
B2218194215811N12309374WA0111401195
B2218204215812N12309373WA0111401192
B2218214215814N12309374WA0111001189
B2218224215817N12309376WA0110701187
B2218234215820N12309378WA0110601187
K221823349999
B2218244215823N12309379WA0110401186
B2218254215825N12309380WA0110301185
B2218264215828N12309381WA0110201181
B2218274215830N12309384WA0110201179
B2218284215831N12309386WA0110201177
B2218294215832N12309386WA0110201176
B2218304215833N12309387WA0110101176
B2218314215836N12309386WA0109801175
B2218324215840N12309386WA0109501175
B2218334215843N12309388WA0109201175
B2218344215847N12309390WA0109001174
B2218354215850N12309393WA0108801172
B2218364215853N12309395WA0108601169
B2218374215856N12309396WA0108501165
B2218384215859N12309396WA0108401163
B2218394215862N12309397WA0108201161
B2218404215865N12309398WA0108101159
B2218414215868N12309399WA0107901158
B2218424215871N12309400WA0107701156
B2218434215874N12309402WA0107501155
B2218444215876N12309403WA0107201153
B2218454215879N12309405WA0106901152
B2218464215883N12309408WA0106601151
B2218474215886N12309410WA0106401148
B2218484215889N12309411WA0106201147
B2218494215893N12309413WA0105901142
B2218504215896N12309416WA0105501138
B2218514215899N12309418WA0105201136
B2218524215903N12309421WA0104801134
B2218534215906N12309424WA0104401131
B2218544215911N12309426WA0104001130
B2218554215915N12309428WA0103701125
B2218564215920N12309430WA0103401122
B2218574215925N12309431WA0103101117
B2218584215930N12309432WA0102901115
B2218594215935N12309433WA0102701110
B2219004215939N12309433WA0102701106
B2219014215945N12309433WA0102401104
B2219024215949N12309433WA0102201102
B2219034215954N12309431WA0101801099
B2219044215959N12309429WA0101601097
B2219054215965N12309428WA0101601096
B2219064215969N12309426WA0101401093
B2219074215973N12309425WA0101201090
B2219084215978N12309425WA0100801087
B2219094215983N12309424WA0100501085
B2219104215989N12309424WA0100101085
B2219114215994N12309424WA0100101082
B2219124215999N12309423WA0099901081
B2219134216003N12309420WA0099701078
B2219144216007N12309415WA0099301074
B2219154216012N12309411WA0099101070
B2219164216017N12309407WA0099001069
B2219174216022N12309405WA0099101067
B2219184216027N12309402WA0099101066
B2219194216032N12309397WA0099201062
B2219204216035N12309393WA0099501061
B2219214216039N12309388WA0099801061
B2219224216043N12309383WA0099901061
B2219234216047N12309379WA0100301063
B2219244216052N12309374WA0100601062
B2219254216056N12309370WA0101301064
B2219264216060N12309367WA0101901067
B2219274216063N12309364WA0102501069
B2219284216066N12309362WA0102901072
B2219294216069N12309357WA0103001078
B2219304216071N12309350WA0103201083
B2219314216073N12309341WA0103201089
B2219324216072N12309332WA0103301095
B2219334216068N12309323WA0103701099
B2219344216063N12309317WA0104001100
B2219354216057N12309315WA0104301101
B2219364216049N12309320WA0104701101
B2219374216045N12309326WA0105101102
B2219384216043N12309331WA0105601106
B2219394216042N12309336WA0106001110
B2219404216044N12309339WA0106401112
B2219414216047N12309341WA0106801118
B2219424216051N12309340WA0107201124
B2219434216054N12309336WA0107501126
B2219444216057N12309331WA0107801131
B2219454216058N12309323WA0108001136
B2219464216058N12309314WA0108301139
B2219474216056N12309306WA0108601144
B2219484216052N12309298WA0108901146
B2219494216047N12309294WA0109201148
B2219504216040N12309291WA0109401152
B2219514216033N12309291WA0109801155
B2219524216027N12309292WA0110201159
B2219534216023N12309296WA0110501161
LXNA::BAT:discharging,66%,3.984V,-569mA
B2219544216019N12309300WA0111001164
B2219554216016N12309304WA0111401168
B2219564216013N12309307WA0111901171
B2219574216012N12309312WA0112401176
B2219584216013N12309317WA0112701177
B2219594216015N12309321WA0113101182
B2220004216019N12309323WA0113401189
B2220014216024N12309321WA0113601194
B2220024216028N12309313WA0113901197
B2220034216030N12309303WA0114201199
B2220044216029N12309294WA0114601203
B2220054216024N12309284WA0115101207
B2220064216018N12309278WA0115401210
B2220074216014N12309275WA0115701213
K222007266999
B2220084216007N12309273WA0116101217
B2220094216001N12309271WA0116501221
B2220104215996N12309272WA0116901227
B2220114215991N12309275WA0117201231
B2220124215986N12309278WA0117501233
B2220134215983N12309283WA0118001236
B2220144215981N12309287WA0118301240
B2220154215981N12309292WA0118601244
B2220164215982N12309296WA0118901247
B2220174215985N12309299WA0119001250
B2220184215989N12309299WA0119201255
B2220194215995N12309296WA0119701260
B2220204215998N12309290WA0120201263
B2220214215999N12309283WA0120601266
B2220224215998N12309275WA0121001267
B2220234215996N12309267WA0121401269
B2220244215993N12309259WA0121601275
B2220254215988N12309254WA0122001280
B2220264215982N12309252WA0122301285
B2220274215974N12309252WA0122601289
B2220284215969N12309255WA0122801292
B2220294215965N12309259WA0123401296
K222029272999
B2220304215964N12309265WA0123501300
B2220314215963N12309270WA0124001302
B2220324215964N12309274WA0124401304
B2220334215966N12309278WA0124601307
B2220344215970N12309280WA0124801310
B2220354215975N12309280WA0125101315
B2220364215979N12309276WA0125501320
B2220374215981N12309269WA0125901324
B2220384215981N12309260WA0126301325
B2220394215979N12309252WA0126801329
K222039277999
B2220404215975N12309246WA0127201333
B2220414215970N12309242WA0127501336
B2220424215964N12309240WA0127701340
B2220434215958N12309238WA0127901345
B2220444215952N12309236WA0128201349
B2220454215945N12309237WA0128301353
B2220464215940N12309241WA0128401357
B2220474215935N12309248WA0128601359
B2220484215932N12309255WA0129201362
B2220494215930N12309260WA0129401365
B2220504215929N12309265WA0129601366
B2220514215926N12309268WA0129701367
B2220524215924N12309272WA0129901369
B2220534215922N12309278WA0130001375
B2220544215923N12309283WA0129901376
B2220554215927N12309286WA0129901379
B2220564215932N12309286WA0129901380
B2220574215937N12309281WA0130101382
B2220584215939N12309277WA0130501383
B2220594215938N12309270WA0130501384
B2221004215935N12309262WA0130701383
K222100287704
B2221014215931N12309255WA0130801383
B2221024215926N12309249WA0131001384
B2221034215920N12309244WA0131101388
B2221044215912N12309242WA0131201389
B2221054215905N12309242WA0131401391
B2221064215899N12309243WA0131501392
B2221074215893N12309247WA0131701393
B2221084215890N12309251WA0131701395
B2221094215888N12309255WA0131601397
B2221104215888N12309262WA0131701399
B2221114215892N12309270WA0131901400
B2221124215895N12309274WA0132101401
B2221134215899N12309275WA0132201401
B2221144215903N12309273WA0132301400
B2221154215906N12309270WA0132301402
B2221164215908N12309267WA0132401403
B2221174215909N12309262WA0132401406
B2221184215910N12309258WA0132501408
B2221194215910N12309251WA0132301408
B2221204215911N12309242WA0132501409
B2221214215911N12309235WA0132801409
B2221224215909N12309230WA0133101409
B2221234215904N12309223WA0133201409
B2221244215898N12309220WA0133301409
B2221254215891N12309218WA0133301410
K222125316843
B2221264215883N12309218WA0133401413
B2221274215877N12309220WA0133701417
B2221284215873N12309224WA0133801418
B2221294215871N12309229WA0133601419
B2221304215872N12309235WA0133401419
B2221314215874N12309241WA0133301418
B2221324215877N12309246WA0133301419
B2221334215882N12309248WA0133401419
K222133328811
B2221344215888N12309247WA0133501419
B2221354215893N12309244WA0133701421
B2221364215896N12309241WA0134001421
B2221374215898N12309237WA0134001422
B2221384215899N12309231WA0134101421
B2221394215900N12309224WA0133901421
B2221404215899N12309213WA0134201423
B2221414215895N12309205WA0134401425
B2221424215890N12309199WA0134801425
B2221434215884N12309196WA0134901425
B2221444215876N12309194WA0135101427
B2221454215871N12309193WA0135001427
B2221464215864N12309191WA0135201431
B2221474215858N12309191WA0135401434
B2221484215853N12309192WA0135501436
B2221494215849N12309196WA0135501438
B2221504215846N12309202WA0135401438
B2221514215845N12309208WA0135501439
B2221524215846N12309213WA0135401440
B2221534215847N12309217WA0135401440
B2221544215851N12309221WA0135101440
B2221554215855N12309223WA0135201441
B2221564215860N12309224WA0135601442
B2221574215864N12309222WA0135901443
B2221584215867N12309216WA0135801442
B2221594215869N12309208WA0135801442
B2222004215869N12309199WA0135901441
B2222014215869N12309190WA0136101442
B2222024215867N12309182WA0136201443
B2222034215864N12309174WA0136201445
B2222044215859N12309168WA0136301446
B2222054215854N12309162WA0136601446
B2222064215848N12309159WA0136701448
B2222074215842N12309158WA0136901450
B2222084215835N12309159WA0137201450
B2222094215830N12309162WA0137401451
B2222104215826N12309165WA0137501453
B2222114215823N12309170WA0137601454
B2222124215822N12309176WA0137601456
B2222134215823N12309181WA0137701459
B2222144215824N12309186WA0137701462
B2222154215826N12309189WA0137701463
B2222164215829N12309192WA0137701464
B2222174215833N12309193WA0137601465
B2222184215837N12309194WA0137701465
B2222194215841N12309193WA0137901465
B2222204215844N12309190WA0138101464
B2222214215847N12309185WA0138201465
B2222224215848N12309179WA0138201464
B2222234215847N12309171WA0138301465
B2222244215846N12309164WA0138301467
B2222254215844N12309157WA0138501470
B2222264215839N12309150WA0138601471
K222226323908
B2222274215833N12309146WA0138701471
B2222284215826N12309144WA0138901471
B2222294215820N12309143WA0139101472
B2222304215814N12309142WA0139301474
B2222314215808N12309142WA0139401474
B2222324215803N12309144WA0139501476
B2222334215797N12309149WA0139501480
B2222344215794N12309154WA0139801479
B2222354215792N12309160WA0139901483
B2222364215792N12309166WA0140001484
B2222374215793N12309170WA0140101485
B2222384215794N12309174WA0140101486
B2222394215795N12309178WA0140101488
B2222404215797N12309181WA0140201488
B2222414215799N12309184WA0140301490
B2222424215800N12309185WA0140401491
B2222434215803N12309186WA0140401491
B2222444215806N12309185WA0140201491
B2222454215809N12309181WA0140101492
B2222464215811N12309173WA0140201492
B2222474215813N12309165WA0140401493
B2222484215812N12309157WA0140701493
B2222494215810N12309150WA0140801493
B2222504215807N12309144WA0140901494
B2222514215803N12309138WA0140901493
B2222524215798N12309131WA0140901494
B2222534215793N12309126WA0141001497
LXNA::BAT:discharging,66%,3.984V,-542mA
B2222544215787N12309122WA0141001499
B2222554215779N12309120WA0141001500
B2222564215771N12309120WA0141001500
B2222574215763N12309123WA0141201500
B2222584215757N12309127WA0141401500
B2222594215751N12309131WA0141601501
B2223004215747N12309137WA0141601500
B2223014215744N12309144WA0141701501
B2223024215741N12309154WA0141801503
B2223034215739N12309159WA0141801504
B2223044215738N12309164WA0141801507
B2223054215738N12309168WA0141801508
B2223064215741N12309171WA0141901508
B2223074215745N12309172WA0142001509
B2223084215749N12309174WA0142201508
B2223094215753N12309174WA0142401509
B2223104215756N12309170WA0142501509
B2223114215756N12309153WA0142401510
B2223124215755N12309144WA0142401511
K222312332999
B2223134215753N12309135WA0142501514
B2223144215749N12309126WA0142601516
B2223154215742N12309120WA0142601516
B2223164215734N12309116WA0142601517
B2223174215728N12309115WA0142701516
B2223184215720N12309114WA0142801517
B2223194215713N12309116WA0142801517
B2223204215706N12309119WA0142801518
B2223214215700N12309124WA0142901518
B2223224215695N12309130WA0143101519
B2223234215691N12309135WA0143201521
B2223244215688N12309140WA0143201521
B2223254215686N12309146WA0143201521
B2223264215685N12309152WA0143201521
B2223274215685N12309158WA0143201521
B2223284215686N12309164WA0143201523
B2223294215688N12309169WA0143401523
B2223304215691N12309172WA0143501523
B2223314215692N12309171WA0143601525
B2223324215695N12309169WA0143701523
B2223334215698N12309166WA0143901525
B2223344215701N12309162WA0144101527
B2223354215703N12309155WA0144401528
B2223364215704N12309149WA0144601529
B2223374215702N12309142WA0144801529
B2223384215699N12309135WA0144801531
B2223394215694N12309129WA0144701534
B2223404215687N12309123WA0144701538
B2223414215680N12309120WA0144701539
B2223424215672N12309119WA0144801540
B2223434215665N12309120WA0144901540
B2223444215658N12309121WA0144901540
B2223454215651N12309124WA0144901541
B2223464215645N12309128WA0145001541
B2223474215638N12309133WA0144801541
K222347354999
B2223484215634N12309138WA0144901542
B2223494215631N12309144WA0144901541
B2223504215628N12309152WA0145001542
B2223514215626N12309160WA0145201543
B2223524215626N12309165WA0145301543
B2223534215628N12309170WA0145401543
B2223544215630N12309173WA0145301544
B2223554215634N12309174WA0145301544
B2223564215638N12309171WA0145401545
B2223574215641N12309165WA0145501546
B2223584215641N12309157WA0145501546
B2223594215639N12309149WA0145501547
B2224004215633N12309140WA0145601547
B2224014215626N12309134WA0145601546
B2224024215617N12309133WA0145801549
B2224034215608N12309136WA0145901549
B2224044215600N12309139WA0146201550
B2224054215594N12309140WA0146401551
B2224064215587N12309141WA0146401550
B2224074215580N12309143WA0146401552
B2224084215573N12309146WA0146301553
B2224094215567N12309151WA0146201556
B2224104215560N12309156WA0146201556
B2224114215554N12309161WA0146201556
B2224124215548N12309166WA0146301556
B2224134215542N12309171WA0146201556
B2224144215536N12309176WA0146101556
B2224154215529N12309183WA0146101556
B2224164215523N12309190WA0146001555
B2224174215517N12309197WA0146001554
B2224184215512N12309205WA0146001554
B2224194215507N12309212WA0146001555
B2224204215502N12309218WA0146001554
B2224214215497N12309224WA0145901554
B2224224215491N12309230WA0145801554
B2224234215486N12309236WA0145701553
B2224244215481N12309242WA0145501554
B2224254215476N12309248WA0145401553
B2224264215471N12309253WA0145201551
B2224274215465N12309259WA0145001551
B2224284215459N12309264WA0145001549
B2224294215453N12309270WA0144901548
B2224304215448N12309277WA0144701546
B2224314215445N12309283WA0144601545
B2224324215442N12309289WA0144501543
B2224334215440N12309296WA0144301543
B2224344215438N12309305WA0144301541
B2224354215436N12309311WA0144301540
B2224364215435N12309317WA0144301538
B2224374215435N12309324WA0144201537
B2224384215435N12309331WA0144201536
B2224394215435N12309338WA0144301536
B2224404215435N12309343WA0144301536
B2224414215436N12309349WA0144401534
B2224424215436N12309354WA0144401535
B2224434215437N12309359WA0144401535
B2224444215437N12309365WA0144301535
B2224454215437N12309371WA0144301535
B2224464215436N12309378WA0144301534
B2224474215435N12309384WA0144301535
B2224484215433N12309391WA0144201536
B2224494215430N12309397WA0144201535
B2224504215426N12309403WA0144101535
B2224514215421N12309409WA0144001535
B2224524215416N12309414WA0144001535
B2224534215411N12309418WA0144001534
B2224544215405N12309421WA0143801534
B2224554215400N12309425WA0143501533
B2224564215395N12309431WA0143201532
B2224574215390N12309439WA0143001532
B2224584215386N12309446WA0142901532
B2224594215382N12309454WA0142801529
B2225004215379N12309460WA0142701528
B2225014215376N12309466WA0142501523
B2225024215374N12309473WA0142101521
B2225034215372N12309481WA0141901519
B2225044215370N12309490WA0141701519
B2225054215369N12309497WA0141901517
B2225064215367N12309503WA0141901515
B2225074215366N12309508WA0141801511
B2225084215365N12309513WA0141701510
B2225094215366N12309516WA0141501509
B2225104215368N12309521WA0141301507
B2225114215372N12309525WA0141001507
B2225124215378N12309525WA0141101507
B2225134215382N12309522WA0141201506
B2225144215384N12309516WA0141301504
B2225154215384N12309507WA0141101501
B2225164215381N12309497WA0141201501
B2225174215377N12309489WA0141401502
B2225184215372N12309481WA0141501502
B2225194215367N12309475WA0141401502
B2225204215361N12309469WA0141401502
B2225214215356N12309463WA0141401502
B2225224215352N12309457WA0141301503
B2225234215347N12309451WA0141301503
B2225244215342N12309446WA0141301503
B2225254215336N12309442WA0141101503
B2225264215330N12309438WA0140901503
B2225274215323N12309435WA0140801503
B2225284215316N12309432WA0140801502
B2225294215308N12309430WA0140801503
B2225304215300N12309430WA0140601501
B2225314215294N12309432WA0140501498
B2225324215287N12309437WA0140501497
B2225334215282N12309443WA0140501497
B2225344215278N12309447WA0140501496
B2225354215273N12309450WA0140501495
B2225364215268N12309454WA0140401495
B2225374215263N12309459WA0140301495
B2225384215258N12309463WA0140201494
B2225394215253N12309467WA0140201492
B2225404215247N12309472WA0140101493
B2225414215241N12309476WA0140001493
B2225424215235N12309480WA0139901491
B2225434215230N12309485WA0139601490
B2225444215225N12309491WA0139401489
B2225454215220N12309498WA0139401489
B2225464215215N12309505WA0139401488
B2225474215209N12309508WA0139401486
B2225484215203N12309511WA0139201484
B2225494215197N12309515WA0139101483
B2225504215193N12309521WA0138801482
B2225514215190N12309528WA0138601481
B2225524215188N12309536WA0138501481
B2225534215188N12309542WA0138301480
B2225544215191N12309547WA0138001477
LXNA::BAT:discharging,65%,3.972V,-830mA
B2225554215195N12309548WA0137601475
B2225564215200N12309545WA0137401473
B2225574215203N12309539WA0137201472
B2225584215204N12309531WA0136901471
B2225594215197N12309521WA0136801467
B2226004215187N12309515WA0136601463
B2226014215177N12309516WA0136401460
B2226024215170N12309524WA0136101459
B2226034215170N12309534WA0135801455
B2226044215174N12309542WA0135701453
B2226054215179N12309545WA0135601452
B2226064215184N12309542WA0135501450
B2226074215185N12309534WA0135201447
B2226084215183N12309524WA0135101442
B2226094215177N12309515WA0135001441
B2226104215169N12309513WA0134801441
B2226114215160N12309515WA0134601439
B2226124215153N12309522WA0134601436
B2226134215150N12309530WA0134601435
B2226144215150N12309536WA0134301434
B2226154215151N12309541WA0134101432
K222615003999
B2226164215153N12309546WA0133901430
B2226174215154N12309552WA0133801430
B2226184215155N12309555WA0133701430
B2226194215155N12309560WA0133601427
B2226204215154N12309567WA0133401424
B2226214215152N12309573WA0133201422
B2226224215149N12309582WA0133101421
B2226234215145N12309591WA0132901420
B2226244215140N12309599WA0132801419
B2226254215136N12309607WA0132601418
B2226264215132N12309615WA0132501414
B2226274215131N12309622WA0132401415
B2226284215133N12309628WA0132101412
B2226294215138N12309631WA0131801411
B2226304215143N12309629WA0131601408
B2226314215147N12309624WA0131401408
B2226324215147N12309617WA0131201406
B2226334215144N12309611WA0131001403
B2226344215140N12309607WA0130801402
B2226354215131N12309603WA0130601399
B2226364215120N12309604WA0130201396
B2226374215111N12309609WA0129801393
B2226384215109N12309619WA0129601391
B2226394215111N12309627WA0129401389
B2226404215117N12309629WA0129201387
B2226414215122N12309625WA0128901383
B2226424215124N12309616WA0128701378
B2226434215120N12309606WA0128401377
B2226444215113N12309600WA0128101374
B2226454215104N12309600WA0127801372
B2226464215096N12309607WA0127601369
B2226474215092N12309616WA0127601367
B2226484215093N12309625WA0127401364
B2226494215097N12309629WA0127301360
B2226504215101N12309629WA0127201357
K222650041999
B2226514215105N12309624WA0127101355
B2226524215106N12309619WA0126901354
B2226534215106N12309613WA0126701353
B2226544215106N12309608WA0126501353
B2226554215107N12309603WA0126201350
B2226564215109N12309597WA0126001350
B2226574215113N12309593WA0125901348
B2226584215116N12309591WA0125801346
B2226594215121N12309593WA0125801342
B2227004215123N12309596WA0126001341
B2227014215126N12309600WA0126201339
B2227024215127N12309603WA0126301339
B2227034215128N12309607WA0126301340
B2227044215129N12309612WA0126201340
B2227054215128N12309618WA0126201339
B2227064215127N12309625WA0126201340
B2227074215126N12309632WA0126201340
B2227084215123N12309640WA0126201340
B2227094215119N12309645WA0126201341
B2227104215115N12309651WA0126201340
B2227114215110N12309656WA0126001340
B2227124215105N12309662WA0125701340
B2227134215099N12309669WA0125401340
B2227144215095N12309675WA0125201340
B2227154215089N12309683WA0125101340
B2227164215084N12309690WA0125101339
B2227174215079N12309697WA0125101335
B2227184215074N12309704WA0125001332
B2227194215069N12309710WA0125001330
B2227204215064N12309717WA0124701329
B2227214215059N12309723WA0124501328
B2227224215055N12309731WA0124301328
B2227234215051N12309739WA0124201328
B2227244215049N12309747WA0124201327
B2227254215046N12309755WA0124201325
B2227264215042N12309762WA0124101323
B2227274215038N12309769WA0123801321
B2227284215034N12309777WA0123601319
B2227294215031N12309785WA0123401319
B2227304215028N12309794WA0123301319
B2227314215026N12309801WA0123201318
B2227324215024N12309808WA0123101316
B2227334215022N12309815WA0122801313
B2227344215019N12309822WA0122601312
B2227354215016N12309829WA0122201310
B2227364215012N12309838WA0121901308
B2227374215010N12309846WA0121701307
B2227384215008N12309855WA0121801305
B2227394215006N12309863WA0121601301
B2227404215004N12309869WA0121401298
B2227414215002N12309877WA0121301295
B2227424215000N12309884WA0121301293
B2227434214999N12309891WA0121201293
B2227444214997N12309897WA0121001291
B2227454214995N12309901WA0120701290
B2227464214991N12309907WA0120301288
B2227474214988N12309914WA0120101288
B2227484214984N12309921WA0119901288
B2227494214981N12309928WA0119701287
B2227504214978N12309933WA0119401282
B2227514214974N12309939WA0119101279
B2227524214971N12309945WA0118901276
B2227534214968N12309950WA0118701274
B2227544214964N12309956WA0118401272
B2227554214959N12309962WA0118101268
B2227564214956N12309969WA0117901265
B2227574214953N12309975WA0117701263
B2227584214950N12309982WA0117501261
B2227594214947N12309988WA0117301258
B2228004214943N12309994WA0117001255
B2228014214939N12310001WA0116901253
B2228024214937N12310007WA0116701252
B2228034214932N12310018WA0116501247
B2228044214931N12310024WA0116501244
B2228054214932N12310030WA0116401243
B2228064214935N12310033WA0116201241
B2228074214935N12310033WV0116200000
B2228084214940N12310037WA0116101238
B2228094214945N12310037WA0116001239
B2228104214950N12310035WA0115801237
B2228114214953N12310031WA0115601237
B2228124214956N12310025WA0115401235
B2228134214960N12310018WA0115401234
B2228144214961N12310012WA0115401233
B2228154214961N12310004WA0115101232
B2228164214959N12309995WA0114901228
B2228174214955N12309986WA0114901227
B2228184214954N12309978WA0114801228
B2228194214955N12309972WA0114401226
B2228204214959N12309967WA0113901224
B2228214214965N12309967WA0113601223
B2228224214969N12309972WA0113401220
B2228234214970N12309980WA0113201221
B2228244214968N12309987WA0112901217
B2228254214960N12309992WA0112601211
B2228264214953N12309989WA0112501208
B2228274214946N12309979WA0112101206
B2228284214945N12309969WA0111801204
B2228294214948N12309958WA0111501200
B2228304214954N12309954WA0111301199
B2228314214960N12309956WA0111001197
B2228324214964N12309962WA0110801193
K222832283699
B2228334214963N12309969WA0110501189
B2228344214959N12309975WA0110301186
B2228354214951N12309976WA0109901184
B2228364214942N12309970WA0109701181
B2228374214937N12309961WA0109401178
B2228384214936N12309953WA0109101176
B2228394214944N12309945WA0108901172
B2228404214952N12309943WA0108701170
B2228414214956N12309948WA0108501167
B2228424214956N12309954WA0108201165
B2228434214953N12309960WA0107901161
B2228444214947N12309965WA0107801160
B2228454214939N12309965WA0107901158
B2228464214931N12309962WA0107701155
B2228474214925N12309955WA0107401153
B2228484214922N12309945WA0107101149
B2228494214924N12309934WA0106901149
B2228504214928N12309927WA0106701149
B2228514214934N12309927WA0106301145
B2228524214937N12309934WA0106201144
B2228534214937N12309940WA0106001141
B2228544214934N12309947WA0105901139
B2228554214926N12309951WA0105701137
LXNA::BAT:discharging,64%,3.970V,-632mA
B2228564214920N12309951WA0105501133
B2228574214912N12309946WA0105201131
B2228584214907N12309938WA0104901129
B2228594214907N12309925WA0104601129
B2229004214911N12309916WA0104401126
B2229014214916N12309912WA0104001124
K222901304783
B2229024214920N12309921WA0103801120
B2229034214920N12309932WA0103501117
B2229044214915N12309939WA0103301115
B2229054214908N12309941WA0103001111
B2229064214903N12309937WA0102701109
B2229074214898N12309925WA0102601106
B2229084214898N12309909WA0102401101
B2229094214903N12309902WA0102201101
B2229104214908N12309900WA0102101098
B2229114214912N12309902WA0102001096
B2229124214915N12309908WA0101801095
B2229134214915N12309914WA0101601093
B2229144214911N12309919WA0101301091
B2229154214904N12309921WA0101001089
B2229164214896N12309920WA0100701088
B2229174214888N12309914WA0100501086
B2229184214883N12309904WA0100101084
B2229194214887N12309891WA0099701081
B2229204214894N12309886WA0099401077
B2229214214901N12309890WA0099201075
B2229224214904N12309898WA0099101073
B2229234214902N12309907WA0099001069
B2229244214897N12309914WA0098901066
B2229254214890N12309917WA0098801061
B2229264214881N12309910WA0098701059
B2229274214874N12309903WA0098701058
B2229284214870N12309895WA0098501058
B2229294214867N12309886WA0098201057
B2229304214866N12309875WA0098101056
B2229314214865N12309865WA0097901055
B2229324214864N12309856WA0097901055
B2229334214861N12309847WA0097901054
B2229344214859N12309838WA0097801048
B2229354214858N12309831WA0097601048
B2229364214858N12309821WA0097301046
B2229374214859N12309811WA0097201045
B2229384214859N12309800WA0097201046
B2229394214858N12309790WA0097101045
B2229404214857N12309781WA0097001043
B2229414214855N12309771WA0097001042
B2229424214854N12309761WA0097001040
B2229434214853N12309751WA0096901039
B2229444214854N12309742WA0096801037
B2229454214856N12309734WA0096701038
B2229464214857N12309724WA0096601037
B2229474214858N12309715WA0096501037
B2229484214859N12309705WA0096401037
B2229494214861N12309697WA0096401035
B2229504214864N12309689WA0096301034
B2229514214867N12309682WA0096201033
B2229524214870N12309675WA0096001032
B2229534214873N12309667WA0095801032
B2229544214876N12309659WA0095601031
B2229554214879N12309652WA0095501030
B2229564214884N12309645WA0095401028
B2229574214888N12309640WA0095201027
B2229584214891N12309632WA0095101025
B2229594214893N12309624WA0095001024
B2230004214893N12309614WA0094801023
B2230014214891N12309605WA0094501021
B2230024214886N12309596WA0094301020
B2230034214878N12309593WA0093901018
B2230044214871N12309594WA0093601016
B2230054214866N12309599WA0093301015
B2230064214867N12309605WA0092801011
B2230074214869N12309607WA0092501009
B2230084214876N12309602WA0092201006
B2230094214883N12309589WA0092101002
B2230104214885N12309581WA0091801000
B2230114214879N12309574WA0091400995
B2230124214865N12309572WA0091200990
B2230134214860N12309580WA0091300988
B2230144214859N12309585WA0091200987
B2230154214862N12309587WA0091000984
B2230164214866N12309587WA0090800980
B2230174214870N12309586WA0090700980
B2230184214874N12309586WA0090800980
B2230194214878N12309587WA0090800978
B2230204214879N12309587WA0090800976
B2230214214882N12309587WA0090600975
B2230224214885N12309586WA0090400974
B2230234214889N12309586WA0090400974
B2230244214893N12309586WA0090400973
B2230254214897N12309587WA0090500973
B2230264214899N12309588WA0090400974
B2230274214902N12309589WA0090200971
B2230284214906N12309590WA0089900971
K223028255512
B2230294214910N12309590WA0089600971
B2230304214914N12309591WA0089400970
B2230314214917N12309592WA0089300970
B2230324214920N12309593WA0089000967
B2230334214923N12309595WA0088700965
B2230344214925N12309597WA0088400962
B2230354214927N12309600WA0088100959
B2230364214929N12309604WA0087700957
B2230374214931N12309606WA0087500956
B2230384214935N12309608WA0087100953
B2230394214939N12309610WA0087000950
B2230404214942N12309612WA0086800947
B2230414214945N12309614WA0086700943
B2230424214948N12309616WA0086500939
B2230434214951N12309617WA0086400937
B2230444214954N12309619WA0086200935
B2230454214957N12309620WA0086000935
B2230464214960N12309622WA0085900933
B2230474214963N12309623WA0085800931
B2230484214965N12309624WA0085700930
B2230494214968N12309624WA0085500928
B2230504214971N12309623WA0085400925
B2230514214974N12309622WA0085300925
B2230524214977N12309621WA0085200923
B2230534214979N12309621WA0084900922
B2230544214979N12309622WA0084700920
B2230554214980N12309622WA0084600920
B2230564214983N12309625WA0084500919
B2230574214986N12309627WA0084500918
B2230584214989N12309629WA0084500916
B2230594214990N12309629WA0084400913
B2231004214992N12309630WA0084400913
B2231014214994N12309631WA0084300911
B2231024214997N12309633WA0084100910
B2231034214999N12309634WA0084100910
B2231044215002N12309635WA0084200909
B2231054215003N12309634WA0084200908
B2231064215004N12309633WA0084100908
B2231074215006N12309632WA0083900908
B2231084215008N12309630WA0083600908
B2231094215011N12309630WA0083600908
B2231104215013N12309631WA0083600907
B2231114215015N12309632WA0083700906
B2231124215017N12309632WA0083800904
B2231134215018N12309633WA0083800904
B2231144215018N12309632WA0083800904
B2231154215020N12309630WA0083800904
B2231164215022N12309628WA0083700904
B2231174215024N12309626WA0083700903
B2231184215026N12309626WA0083600903
B2231194215028N12309629WA0083300903
B2231204215031N12309630WA0083300903
B2231214215036N12309631WA0083400903
B2231224215040N12309630WA0083500902
B2231234215043N12309629WA0083500901
B2231244215046N12309629WA0083500902
B2231254215049N12309628WA0083600901
B2231264215052N12309628WA0083300901
B2231274215056N12309629WA0083400901
B2231284215060N12309629WA0083400900
B2231294215062N12309628WA0083400900
B2231304215066N12309627WA0083300900
B2231314215070N12309625WA0083000900
B2231324215075N12309625WA0082900900
B2231334215080N12309627WA0083000899
B2231344215084N12309628WA0083300898
B2231354215088N12309628WA0083500898
B2231364215090N12309627WA0083500899
B2231374215092N12309626WA0083500900
B2231384215095N12309627WA0083200900
B2231394215098N12309629WA0082900898
B2231404215100N12309632WA0082800897
B2231414215103N12309635WA0082600896
B2231424215107N12309638WA0082500897
B2231434215110N12309639WA0082300897
B2231444215114N12309641WA0082300895
B2231454215117N12309643WA0082100894
B2231464215120N12309646WA0081900892
B2231474215123N12309649WA0081700890
B2231484215126N12309652WA0081500889
B2231494215130N12309654WA0081400888
B2231504215134N12309656WA0081200886
B2231514215138N12309658WA0081100885
B2231524215141N12309660WA0081200883
B2231534215144N12309661WA0081000881
B2231544215145N12309662WA0081000879
B2231554215146N12309663WA0080900878
B2231564215147N12309664WA0080500878
LXNA::BAT:discharging,64%,3.970V,-592mA
B2231574215148N12309666WA0080300877
B2231584215150N12309669WA0080100877
B2231594215152N12309671WA0079900876
B2232004215153N12309674WA0079700874
B2232014215153N12309675WA0079500870
B2232024215154N12309677WA0079400868
B2232034215154N12309679WA0079200866
B2232044215155N12309683WA0079000863
B2232054215155N12309688WA0078900862
B2232064215155N12309693WA0078600861
B2232074215154N12309696WA0078500858
B2232084215154N12309699WA0078300857
B2232094215154N12309702WA0078100855
B2232104215154N12309705WA0078000853
B2232114215154N12309708WA0077700851
B2232124215154N12309711WA0077500850
B2232134215155N12309714WA0077300847
B2232144215157N12309718WA0077000844
B2232154215159N12309721WA0076900843
B2232164215160N12309724WA0076700841
B2232174215161N12309727WA0076500839
B2232184215161N12309728WA0076200835
B2232194215162N12309732WA0075900833
B2232204215163N12309737WA0075700832
B2232214215165N12309741WA0075400829
B2232224215166N12309745WA0075200828
B2232234215168N12309748WA0075000824
B2232244215169N12309752WA0074800823
B2232254215171N12309755WA0074500820
B2232264215173N12309759WA0074300817
B2232274215175N12309763WA0074100815
B2232284215177N12309767WA0073900812
B2232294215179N12309770WA0073800810
B2232304215180N12309773WA0073800807
B2232314215182N12309774WA0073500804
B2232324215184N12309776WA0073200803
B2232334215185N12309779WA0072800801
B2232344215187N12309782WA0072500800
B2232354215189N12309785WA0072100799
B2232364215192N12309788WA0071800798
B2232374215195N12309790WA0071400794
B2232384215198N12309792WA0071400789
B2232394215201N12309794WA0071200784
B2232404215202N12309795WA0071300783
B2232414215203N12309796WA0071200779
B2232424215203N12309796WA0071000776
B2232434215204N12309796WA0070900775
B2232444215205N12309797WA0070700773
B2232454215210N12309802WA0070500773
B2232464215211N12309804WA0070500773
B2232474215213N12309806WA0070300771
B2232484215215N12309808WA0070200769
B2232494215217N12309808WA0069900767
B2232504215219N12309808WA0069700765
B2232514215221N12309808WA0069300765
B2232524215223N12309811WA0069000763
B2232534215224N12309814WA0068700763
B2232544215226N12309815WA0068500760
B2232554215229N12309816WA0068300757
B2232564215232N12309816WA0068200753
B2232574215235N12309816WA0068000749
B2232584215238N12309816WA0067700747
B2232594215242N12309817WA0067600744
B2233004215245N12309818WA0067400742
B2233014215249N12309819WA0067400740
B2233024215252N12309819WA0067300738
B2233034215255N12309820WA0067200737
B2233044215258N12309821WA0067100735
B2233054215262N12309823WA0066900734
B2233064215266N12309824WA0066900733
B2233074215269N12309826WA0067100732
B2233084215272N12309826WA0067300732
B2233094215276N12309826WA0067200732
B2233104215278N12309825WA0067300731
B2233114215280N12309824WA0067200732
B2233124215283N12309823WA0067100731
B2233134215286N12309824WA0067100730
B2233144215288N12309826WA0066900730
B2233154215290N12309828WA0066900731
B2233164215292N12309830WA0066900730
B2233174215292N12309831WA0066700730
B2233184215292N12309830WA0066400729
B2233194215293N12309834WA0066100728
B2233204215295N12309841WA0065800728
B2233214215296N12309846WA0065500727
B2233224215296N12309849WA0065300726
B2233234215296N12309853WA0065200724
B2233244215296N12309858WA0064900720
B2233254215296N12309862WA0064900716
B2233264215296N12309865WA0064800714
B2233274215296N12309868WA0064400711
B2233284215296N12309871WA0064200709
K223328255512
B2233294215295N12309874WA0063900706
B2233304215295N12309878WA0063700706
B2233314215295N12309882WA0063600705
B2233324215297N12309883WA0063500703
B2233334215299N12309881WA0063200701
B2233344215303N12309875WA0062800698
B2233354215305N12309866WA0062600693
B2233364215304N12309854WA0062300693
B2233374215301N12309844WA0061900692
B2233384215295N12309835WA0061500690
B2233394215287N12309831WA0061200686
B2233404215279N12309835WA0060700683
B2233414215273N12309842WA0060400679
B2233424215274N12309847WA0060100676
B2233434215277N12309848WA0059700672
B2233444215283N12309843WA0059400668
B2233454215286N12309837WA0059100664
B2233464215285N12309827WA0059000660
B2233474215273N12309812WA0058800657
B2233484215264N12309804WA0058600653
B2233494215255N12309800WA0058400650
B2233504215248N12309799WA0058300647
B2233514215243N12309800WA0058000647
B2233524215240N12309803WA0057600645
B2233534215238N12309808WA0057300642
B2233544215239N12309812WA0056900640
B2233554215241N12309814WA0056800639
B2233564215244N12309816WA0056700635
B2233574215246N12309817WA0056500631
B2233584215247N12309819WA0056100627
B2233594215248N12309822WA0055600624
B2234004215250N12309825WA0055300623
B2234014215253N12309829WA0055200622
B2234024215255N12309831WA0055200620
B2234034215257N12309832WA0055300617
B2234044215258N12309833WA0055400610
B2234054215259N12309834WA0055300609
B2234064215260N12309835WA0055200608
B2234074215262N12309837WA0055000608
B2234084215264N12309839WA0055000608
B2234094215266N12309840WA0054900607
B2234104215267N12309842WA0054800606
B2234114215268N12309843WA0054700606
B2234124215268N12309845WA0054700606
B2234134215269N12309848WA0054800605
B2234144215269N12309850WA0054800604
B2234154215269N12309851WA0054800603
B2234164215268N12309852WA0054700602
B2234174215267N12309853WA0054500603
B2234184215266N12309854WA0054300602
B2234194215264N12309855WA0054300602
B2234204215264N12309857WA0054300603
B2234214215264N12309858WA0054300602
B2234224215264N12309858WA0054200600
B2234234215264N12309859WA0054300598
B2234244215265N12309860WA0054200597
B2234254215270N12309855WA0054100597
B2234264215275N12309850WA0053900597
B2234274215280N12309844WA0054200596
B2234284215283N12309841WA0054400596
B2234294215286N12309839WA0054400597
B2234304215288N12309835WA0054400597
B2234314215292N12309830WA0054300597
B2234324215296N12309825WA0054100597
B2234334215302N12309819WA0053900595
B2234344215307N12309815WA0054000597
B2234354215312N12309812WA0054300596
B2234364215316N12309808WA0054700597
B2234374215317N12309805WA0054700598
B2234384215319N12309803WA0054900598
B2234394215320N12309801WA0054800598
B2234404215321N12309800WA0054700600
B2234414215321N12309801WA0054600602
B2234424215321N12309803WA0054400601
B2234434215318N12309807WA0054400601
B2234444215315N12309810WA0054600600
B2234454215311N12309812WA0054600601
B2234464215306N12309813WA0054800602
B2234474215303N12309814WA0054800600
B2234484215298N12309815WA0054800602
B2234494215294N12309817WA0054800602
B2234504215289N12309819WA0054900602
B2234514215285N12309821WA0054800603
B2234524215281N12309823WA0054900603
B2234534215276N12309824WA0055000603
B2234544215271N12309825WA0055000602
B2234554215267N12309825WA0055000603
B2234564215264N12309827WA0054900603
B2234574215262N12309831WA0055000604
LXNA::BAT:discharging,63%,3.972V,-598mA
B2234584215260N12309833WA0055000604
B2234594215257N12309834WA0054800604
B2235004215252N12309834WA0054500605
B2235014215249N12309835WA0054400605
B2235024215245N12309838WA0054100603
B2235034215242N12309841WA0054000604
B2235044215237N12309843WA0054000603
B2235054215230N12309842WA0053900600
B2235064215226N12309842WA0054000599
B2235074215221N12309842WA0053900596
B2235084215219N12309843WA0053700595
B2235094215217N12309845WA0053500596
B2235104215217N12309845WA0053300595
B2235114215219N12309845WA0053000594
B2235124215222N12309844WA0052800593
K223512359248
B2235134215226N12309842WA0052800592
B2235144215229N12309840WA0053000590
B2235154215230N12309840WA0052900587
B2235164215228N12309841WA0052700584
B2235174215226N12309843WA0052400585
B2235184215222N12309845WA0052100584
B2235194215217N12309846WA0051900584
B2235204215212N12309847WA0051600583
B2235214215207N12309847WA0051400582
B2235224215202N12309847WA0051100578
B2235234215198N12309848WA0050800574
B2235244215194N12309850WA0050600573
B2235254215190N12309853WA0050600570
B2235264215187N12309856WA0050500567
B2235274215186N12309858WA0050600565
B2235284215186N12309858WA0050600562
B2235294215187N12309858WA0050500561
B2235304215190N12309857WA0050400560
B2235314215191N12309855WA0050400559
B2235324215192N12309853WA0050200560
B2235334215193N12309851WA0049900559
B2235344215194N12309849WA0049400558
B2235354215199N12309847WA0049100558
B2235364215204N12309846WA0048900557
B2235374215208N12309845WA0048800556
B2235384215211N12309843WA0048800554
B2235394215213N12309841WA0048600548
B2235404215215N12309840WA0048300545
B2235414215217N12309839WA0047900542
B2235424215220N12309839WA0047600543
B2235434215224N12309838WA0047400541
B2235444215226N12309837WA0047300541
B2235454215229N12309836WA0047200537
B2235464215232N12309835WA0047000533
B2235474215236N12309834WA0046700530
B2235484215240N12309835WA0046400528
B2235494215244N12309835WA0046200527
B2235504215248N12309834WA0046100525
B2235514215252N12309834WA0045900524
B2235524215256N12309833WA0045800520
B2235534215259N12309834WA0045700517
B2235544215262N12309834WA0045400516
B2235554215264N12309835WA0045400514
B2235564215268N12309836WA0045200513
B2235574215270N12309836WA0045200512
B2235584215272N12309837WA0045200511
B2235594215274N12309837WA0045200507
B2236004215276N12309837WA0045000507
B2236014215278N12309837WA0044800505
B2236024215280N12309838WA0044500505
B2236034215283N12309840WA0044300504
B2236044215285N12309842WA0044100504
B2236054215287N12309843WA0044100505
B2236064215290N12309842WA0043900501
B2236074215293N12309840WA0043700499
B2236084215297N12309839WA0043400497
B2236094215300N12309839WA0043100495
B2236104215303N12309840WA0042900495
B2236114215306N12309841WA0042800492
B2236124215310N12309842WA0042600490
B2236134215313N12309842WA0042500487
B2236144215317N12309842WA0042500485
B2236154215320N12309841WA0042300483
B2236164215323N12309841WA0042200482
B2236174215325N12309842WA0042000479
B2236184215328N12309842WA0041700478
B2236194215330N12309842WA0041400478
B2236204215334N12309842WA0041200477
B2236214215337N12309843WA0041000474
B2236224215339N12309844WA0040700472
B2236234215341N12309846WA0040400469
B2236244215344N12309847WA0040200467
B2236254215347N12309849WA0040000465
B2236264215350N12309850WA0039800464
B2236274215353N12309850WA0039700461
B2236284215357N12309851WA0039600456
B2236294215360N12309851WA0039500455
B2236304215363N12309851WA0039400454
B2236314215365N12309851WA0039200452
B2236324215366N12309852WA0039000450
B2236334215367N12309851WA0038700449
B2236344215369N12309851WA0038500449
B2236354215367N12309858WA0038400447
B2236364215366N12309865WA0038000446
B2236374215366N12309869WA0038000443
B2236384215367N12309872WA0037800440
B2236394215368N12309874WA0037700438
B2236404215368N12309877WA0037400436
B2236414215369N12309880WA0037100432
B2236424215370N12309884WA0037000432
B2236434215371N12309888WA0037000430
B2236444215370N12309891WA0037000430
B2236454215370N12309892WA0036800427
B2236464215369N12309893WA0036600424
B2236474215370N12309894WA0036300423
B2236484215370N12309896WA0036200423
B2236494215375N12309896WA0035900422
B2236504215378N12309899WA0035700420
B2236514215380N12309898WA0035300418
B2236524215381N12309898WA0035600418
B2236534215381N12309903WA0035300413
B2236544215382N12309908WA0035100411
B2236554215383N12309911WA0035100411
B2236564215383N12309915WA0034800408
B2236574215383N12309919WA0034700405
B2236584215384N12309923WA0034600405
B2236594215385N12309928WA0034500404
B2237004215386N12309932WA0034300402
B2237014215387N12309936WA0034300400
B2237024215389N12309939WA0034100399
B2237034215390N12309943WA0034000398
B2237044215389N12309946WA0034200398
B2237054215389N12309949WA0034000397
B2237064215390N12309953WA0033800396
B2237074215391N12309956WA0033700395
B2237084215391N12309958WA0033600392
B2237094215391N12309960WA0033700392
B2237104215392N12309962WA0033100393
B2237114215393N12309962WA0033700391
B2237124215394N12309960WA0034000391
B2237134215394N12309960WA0034000389
B2237144215394N12309961WA0033700389
B2237154215394N12309961WA0033900389
B2237164215394N12309961WA0033900392
B2237174215394N12309960WA0033900389
B2237184215394N12309959WA0033900389
B2237194215395N12309959WA0033900392
B2237204215394N12309958WA0033800392
B2237214215394N12309958WA0033900389
B2237224215394N12309958WA0033900392
B2237234215394N12309959WA0033900389
B2237244215394N12309959WA0033900392
B2237254215394N12309959WA0033800392
B2237264215394N12309959WA0033900392
B2237274215394N12309959WA0033800392
B2237284215394N12309959WA0033800392
B2237294215394N12309959WA0033700392
B2237304215394N12309959WA0033800392
B2237314215394N12309959WA0033700392
B2237324215394N12309959WA0033900392
B2237334215394N12309959WA0034500392
B2237344215394N12309959WA0033800392
B2237354215394N12309959WA0033800392
B2237364215394N12309959WA0033500392
B2237374215394N12309959WA0032600390
B2237384215394N12309959WA0035200390
B2237394215394N12309958WA0033900392
B2237404215394N12309958WA0034000392
B2237414215394N12309957WA0034100392
B2237424215394N12309956WA0033500392
B2237434215394N12309955WA0033800392
B2237444215395N12309955WA0033900392
B2237454215395N12309954WA0033900392
B2237464215395N12309953WA0033900392
B2237474215395N12309953WA0033900392
B2237484215395N12309953WA0033800392
B2237494215395N12309953WA0033700392
B2237504215395N12309952WA0033800392
B2237514215395N12309952WA0033600392
B2237524215394N12309952WA0033600392
B2237534215394N12309952WA0033800392
B2237544215394N12309953WA0033900392
B2237554215393N12309953WA0033800392
B2237564215393N12309953WA0033900392
B2237574215393N12309953WA0033600392
B2237584215393N12309954WA0033600392
LXNA::BAT:discharging,62%,3.962V,-722mA
B2237594215393N12309954WA0034300392
B2238004215393N12309956WA0034000392
B2238014215393N12309957WA0033900392
B2238024215393N12309959WA0033900392
B2238034215393N12309960WA0033800392
B2238044215394N12309961WA0033900392
B2238054215394N12309963WA0033900392
B2238064215395N12309964WA0034000392
B2238074215394N12309964WA0033900392
B2238084215394N12309965WA0033700391
B2238094215394N12309965WA0033900392
B2238104215394N12309964WA0033900391
B2238114215394N12309964WA0033900391
B2238124215395N12309964WA0033500391
K223812359248
B2238134215395N12309964WA0033900392
B2238144215395N12309964WA0033800392
B2238154215395N12309964WA0033800392
B2238164215395N12309964WA0033800392
B2238174215395N12309964WA0033900392
B2238184215395N12309964WA0033800392
B2238194215395N12309964WA0033800392
B2238204215395N12309964WA0033800392
B2238214215395N12309964WA0033800392
B2238224215395N12309965WA0033800392
B2238234215395N12309965WA0033600392
B2238244215395N12309965WA0033900392
B2238254215395N12309965WA0033900392
B2238264215395N12309965WA0034000392
B2238274215395N12309965WA0034000392
B2238284215396N12309966WA0033900391
B2238294215397N12309967WA0034100391
B2238304215398N12309969WA0033800391
B2238314215398N12309969WA0033600391
B2238324215399N12309971WA0033800391
B2238334215399N12309972WA0033800391
B2238344215399N12309974WA0033600391
B2238354215399N12309975WA0033500389
B2238364215399N12309978WA0033700389
B2238374215399N12309980WA0033800389
B2238384215398N12309981WA0033700389
B2238394215398N12309983WA0033700389
B2238404215398N12309984WA0033800389
B2238414215398N12309985WA0033500389
B2238424215398N12309987WA0034000389
B2238434215397N12309988WA0034000389
B2238444215397N12309989WA0034100389
B2238454215397N12309990WA0033700389
B2238464215396N12309991WA0033800389
B2238474215396N12309992WA0033900389
B2238484215397N12309992WA0033800389
B2238494215397N12309991WA0033600389
B2238504215398N12309991WA0033900392
B2238514215397N12309991WA0033600392
B2238524215397N12309991WA0033700392
B2238534215397N12309991WA0033800392
B2238544215397N12309992WA0034100391
B2238554215397N12309993WA0034000391
B2238564215397N12309994WA0033600392
B2238574215397N12309995WA0033400392
B2238584215397N12309996WA0033600391
B2238594215397N12309997WA0033700391
B2239004215396N12309998WA0033700391
B2239014215396N12309999WA0033700391
B2239024215397N12310000WA0033800389
B2239034215397N12310001WA0034200389
B2239044215397N12310003WA0034100389
B2239054215397N12310004WA0033700389
B2239064215397N12310005WA0033700389
B2239074215397N12310006WA0034100389
B2239084215397N12310007WA0033800389
B2239094215397N12310009WA0034000389
B2239104215397N12310010WA0033400389
B2239114215397N12310011WA0033600389
B2239124215397N12310012WA0033900389
B2239134215397N12310013WA0033600389
B2239144215398N12310014WA0033700389
B2239154215398N12310015WA0033500391
B2239164215398N12310016WA0033800391
LXNA::PHASE:onGround
B2239174215398N12310017WA0034000391
LXNA::LOGSTOP
LXNA::PHASE:onGround
G00B69E94992EEE784D4AF5DD792A6D7F0D92E83814A5A8E57F47D2BB8EFA204B70B353
G6ED0F2452062C72E99B15C99A8555DE1163B52293AE038BD6C201DCF0B93
LXCM::TKOFFLAND:1,20260610204020,20260610223916
LXCM::TKOFFLANDALT:1,1136,405
LXCM::SOARINGBEGIN:1,20260610204020,1136
LXCM::OPT:1,3,24033,5,25673,3,24033
LXCM::OPT_P3:1,4213936N,12300184W,20260610204020
LXCM::OPT_P3:1,4216354N,12310176W,20260610214151
LXCM::OPT_P3:1,4214177N,12309409W,20260610215927
LXCM::OPT_P3:1,4216073N,12309341W,20260610221931
LXCM::OPT_P3:1,4215079N,12309697W,20260610222717
LXCM::OPT_P5:1,4213936N,12300184W,20260610204020
LXCM::OPT_P5:1,4216430N,12303673W,20260610211410
LXCM::OPT_P5:1,4215580N,12307040W,20260610212421
LXCM::OPT_P5:1,4216354N,12310176W,20260610214151
LXCM::OPT_P5:1,4214177N,12309409W,20260610215927
LXCM::OPT_P5:1,4216073N,12309341W,20260610221931
LXCM::OPT_P5:1,4215079N,12309697W,20260610222717
LXCM::OPT_PN:1,4213936N,12300184W,20260610204020
LXCM::OPT_PN:1,4216354N,12310176W,20260610214151
LXCM::OPT_PN:1,4214177N,12309409W,20260610215927
LXCM::OPT_PN:1,4216073N,12309341W,20260610221931
LXCM::OPT_PN:1,4215079N,12309697W,20260610222717
LXCM::TRIANGLE:1,FAI_NO,31794,-16384,0.145
LXCM::TRI_P:1,4213936N,12300184W,20260610204020
LXCM::TRI_P:1,4216354N,12310176W,20260610214151
LXCM::TRI_P:1,4213678N,12308991W,20260610220753
LXCM::POPT:1,0,,-16384,-16384
LXCM::FLTSTAT1:1,3.75,1.06,50.46,2126,1398,25.56
LXCM::FLTSTAT2:1,20260610212132,20260610215332,3.64,394,20260610223737
LXCM::FLTVARIO:1,10,4.62,20260610204932,-4.68,20260610210146
LXCM::TASK:1,1,23619,1.64,0.166739,20260610180000
LXCM::TASK2:1,19549,20122,7,7,0.458333,0.166739
LXCM::TASK3:1,32200,0,-16384,-16384,-16384
LXCM::ENDINFO
