millis,sequence,total_us,max_us,avg_us,overrun_count,dropped_reports,previous_write_us,b00_baro_adc_us,b01_base_us,b02_imu_wind_us,b03_cpu_report_us,b04_base_us,b05_baro_adc_us,b06_base_us,b07_imu_us,b08_base_us,b09_gps_us,b10_baro_adc_us,b11_base_us,b12_imu_wind_us,b13_base_us,b14_base_us,b15_baro_adc_us,b16_base_us,b17_imu_us,b18_base_us,b19_thermal_detect_nav_us,b20_baro_adc_us,b21_base_us,b22_imu_wind_us,b23_base_us,b24_base_us,b25_baro_adc_us,b26_base_us,b27_imu_us,b28_base_us,b29_log_us,b30_baro_adc_us,b31_base_us,b32_imu_wind_us,b33_base_us,b34_base_us,b35_baro_adc_us,b36_base_us,b37_imu_us,b38_base_us,b39_display_us,b40_baro_adc_us,b41_base_us,b42_imu_wind_us,b43_base_us,b44_base_us,b45_baro_adc_us,b46_base_us,b47_imu_us,b48_base_us,b49_temp_rh_start_us,b50_baro_adc_us,b51_base_us,b52_imu_wind_us,b53_base_us,b54_base_us,b55_baro_adc_us,b56_base_us,b57_imu_us,b58_base_us,b59_gps_us,b60_baro_adc_us,b61_base_us,b62_imu_wind_us,b63_base_us,b64_base_us,b65_baro_adc_us,b66_base_us,b67_imu_us,b68_base_us,b69_thermal_nav_us,b70_baro_adc_us,b71_base_us,b72_imu_wind_us,b73_base_us,b74_base_us,b75_baro_adc_us,b76_base_us,b77_imu_us,b78_base_us,b79_power_sd_us,b80_baro_adc_us,b81_base_us,b82_imu_wind_us,b83_base_us,b84_base_us,b85_baro_adc_us,b86_base_us,b87_imu_us,b88_base_us,b89_display_us,b90_baro_adc_us,b91_base_us,b92_imu_wind_us,b93_base_us,b94_base_us,b95_baro_adc_us,b96_base_us,b97_imu_us,b98_base_us,b99_temp_rh_read_us,b00_button_mask,b01_button_mask,b02_button_mask,b03_button_mask,b04_button_mask,b05_button_mask,b06_button_mask,b07_button_mask,b08_button_mask,b09_button_mask,b10_button_mask,b11_button_mask,b12_button_mask,b13_button_mask,b14_button_mask,b15_button_mask,b16_button_mask,b17_button_mask,b18_button_mask,b19_button_mask,b20_button_mask,b21_button_mask,b22_button_mask,b23_button_mask,b24_button_mask,b25_button_mask,b26_button_mask,b27_button_mask,b28_button_mask,b29_button_mask,b30_button_mask,b31_button_mask,b32_button_mask,b33_button_mask,b34_button_mask,b35_button_mask,b36_button_mask,b37_button_mask,b38_button_mask,b39_button_mask,b40_button_mask,b41_button_mask,b42_button_mask,b43_button_mask,b44_button_mask,b45_button_mask,b46_button_mask,b47_button_mask,b48_button_mask,b49_button_mask,b50_button_mask,b51_button_mask,b52_button_mask,b53_button_mask,b54_button_mask,b55_button_mask,b56_button_mask,b57_button_mask,b58_button_mask,b59_button_mask,b60_button_mask,b61_button_mask,b62_button_mask,b63_button_mask,b64_button_mask,b65_button_mask,b66_button_mask,b67_button_mask,b68_button_mask,b69_button_mask,b70_button_mask,b71_button_mask,b72_button_mask,b73_button_mask,b74_button_mask,b75_button_mask,b76_button_mask,b77_button_mask,b78_button_mask,b79_button_mask,b80_button_mask,b81_button_mask,b82_button_mask,b83_button_mask,b84_button_mask,b85_button_mask,b86_button_mask,b87_button_mask,b88_button_mask,b89_button_mask,b90_button_mask,b91_button_mask,b92_button_mask,b93_button_mask,b94_button_mask,b95_button_mask,b96_button_mask,b97_button_mask,b98_button_mask,b99_button_mask,b00_button_event_mask,b01_button_event_mask,b02_button_event_mask,b03_button_event_mask,b04_button_event_mask,b05_button_event_mask,b06_button_event_mask,b07_button_event_mask,b08_button_event_mask,b09_button_event_mask,b10_button_event_mask,b11_button_event_mask,b12_button_event_mask,b13_button_event_mask,b14_button_event_mask,b15_button_event_mask,b16_button_event_mask,b17_button_event_mask,b18_button_event_mask,b19_button_event_mask,b20_button_event_mask,b21_button_event_mask,b22_button_event_mask,b23_button_event_mask,b24_button_event_mask,b25_button_event_mask,b26_button_event_mask,b27_button_event_mask,b28_button_event_mask,b29_button_event_mask,b30_button_event_mask,b31_button_event_mask,b32_button_event_mask,b33_button_event_mask,b34_button_event_mask,b35_button_event_mask,b36_button_event_mask,b37_button_event_mask,b38_button_event_mask,b39_button_event_mask,b40_button_event_mask,b41_button_event_mask,b42_button_event_mask,b43_button_event_mask,b44_button_event_mask,b45_button_event_mask,b46_button_event_mask,b47_button_event_mask,b48_button_event_mask,b49_button_event_mask,b50_button_event_mask,b51_button_event_mask,b52_button_event_mask,b53_button_event_mask,b54_button_event_mask,b55_button_event_mask,b56_button_event_mask,b57_button_event_mask,b58_button_event_mask,b59_button_event_mask,b60_button_event_mask,b61_button_event_mask,b62_button_event_mask,b63_button_event_mask,b64_button_event_mask,b65_button_event_mask,b66_button_event_mask,b67_button_event_mask,b68_button_event_mask,b69_button_event_mask,b70_button_event_mask,b71_button_event_mask,b72_button_event_mask,b73_button_event_mask,b74_button_event_mask,b75_button_event_mask,b76_button_event_mask,b77_button_event_mask,b78_button_event_mask,b79_button_event_mask,b80_button_event_mask,b81_button_event_mask,b82_button_event_mask,b83_button_event_mask,b84_button_event_mask,b85_button_event_mask,b86_button_event_mask,b87_button_event_mask,b88_button_event_mask,b89_button_event_mask,b90_button_event_mask,b91_button_event_mask,b92_button_event_mask,b93_button_event_mask,b94_button_event_mask,b95_button_event_mask,b96_button_event_mask,b97_button_event_mask,b98_button_event_mask,b99_button_event_mask,b00_display_context,b01_display_context,b02_display_context,b03_display_context,b04_display_context,b05_display_context,b06_display_context,b07_display_context,b08_display_context,b09_display_context,b10_display_context,b11_display_context,b12_display_context,b13_display_context,b14_display_context,b15_display_context,b16_display_context,b17_display_context,b18_display_context,b19_display_context,b20_display_context,b21_display_context,b22_display_context,b23_display_context,b24_display_context,b25_display_context,b26_display_context,b27_display_context,b28_display_context,b29_display_context,b30_display_context,b31_display_context,b32_display_context,b33_display_context,b34_display_context,b35_display_context,b36_display_context,b37_display_context,b38_display_context,b39_display_context,b40_display_context,b41_display_context,b42_display_context,b43_display_context,b44_display_context,b45_display_context,b46_display_context,b47_display_context,b48_display_context,b49_display_context,b50_display_context,b51_display_context,b52_display_context,b53_display_context,b54_display_context,b55_display_context,b56_display_context,b57_display_context,b58_display_context,b59_display_context,b60_display_context,b61_display_context,b62_display_context,b63_display_context,b64_display_context,b65_display_context,b66_display_context,b67_display_context,b68_display_context,b69_display_context,b70_display_context,b71_display_context,b72_display_context,b73_display_context,b74_display_context,b75_display_context,b76_display_context,b77_display_context,b78_display_context,b79_display_context,b80_display_context,b81_display_context,b82_display_context,b83_display_context,b84_display_context,b85_display_context,b86_display_context,b87_display_context,b88_display_context,b89_display_context,b90_display_context,b91_display_context,b92_display_context,b93_display_context,b94_display_context,b95_display_context,b96_display_context,b97_display_context,b98_display_context,b99_display_context
301503,1,143348,36051,1433,4,0,0,0,36051,1056,137,36,496,423,1943,461,860,225,377,2146,221,374,476,373,2259,226,392,429,381,720,154,350,558,406,15192,204,35,391,338,582,383,316,140,340,1930,177,11981,545,33,2227,443,129,351,295,1848,488,602,126,338,2164,239,432,442,368,1988,195,745,826,418,2576,228,377,523,389,2501,225,390,526,387,2578,231,374,517,388,2555,226,1164,625,403,2655,231,375,521,385,2586,231,11951,668,21,2705,589,132,351,361,2320,503,799,0,16,16,16,16,16,16,16,16,16,16,16,16,16,16,16,16,16,16,16,16,16,16,16,16,16,16,0,0,0,0,0,0,0,0,0,0,0,0,0,0,0,0,0,0,0,0,0,0,0,0,0,0,0,0,0,0,0,0,0,0,0,0,0,0,0,0,0,0,0,0,0,0,0,0,0,0,0,0,0,0,0,0,0,0,0,0,0,0,0,0,0,0,0,0,0,0,0,0,0,0,16,0,0,0,0,0,0,0,0,0,0,0,0,0,0,0,0,0,0,0,0,0,0,0,0,0,16,0,0,0,0,0,0,0,0,0,0,0,0,0,0,0,0,0,0,0,0,0,0,0,0,0,0,0,0,0,0,0,0,0,0,0,0,0,0,0,0,0,0,0,0,0,0,0,0,0,0,0,0,0,0,0,0,0,0,0,0,0,0,0,0,0,0,0,0,0,0,0,0,0,3,0,0,0,0,0,0,0,0,0,0,0,0,0,0,0,0,0,0,0,0,0,0,0,0,0,3,0,0,0,0,0,0,0,0,0,0,0,3,0,0,0,0,0,0,0,0,0,0,0,0,0,0,0,0,0,0,0,0,0,0,0,0,0,0,0,0,0,0,0,0,0,0,0,0,0,0,0,0,0,0,0,0,0,0,0,0,0,3,0,0,0,0,0,0,0,0,0,0
302464,2,1123017,1009204,11230,4,0,0,156,356,2609,1009204,640,46,576,12300,511,361,580,406,801,163,354,497,408,2576,232,406,525,393,2650,229,375,520,387,2752,233,404,530,392,2665,230,376,512,385,2590,238,11962,662,21,2714,586,131,350,517,2489,520,633,145,358,2674,230,376,517,389,2581,233,713,585,395,2674,232,375,563,393,2626,233,397,561,394,2702,233,377,549,391,2615,235,1166,661,392,858,159,359,565,403,2633,239,11969,723,21,2720,623,146,355,397,2393,504,832,0,0,0,0,0,0,0,0,0,0,0,0,0,0,0,0,0,0,0,0,0,0,0,0,0,0,0,0,0,0,0,0,0,0,0,0,0,0,0,0,0,0,0,0,0,0,0,0,0,0,0,0,0,0,0,0,0,0,0,0,0,0,0,0,0,0,0,0,0,0,0,0,0,0,0,0,0,0,0,0,0,0,0,0,0,0,0,0,0,0,0,0,0,0,0,0,0,0,0,0,0,0,0,0,0,0,0,0,0,0,0,0,0,0,0,0,0,0,0,0,0,0,0,0,0,0,0,0,0,0,0,0,0,0,0,0,0,0,0,0,0,0,0,0,0,0,0,0,0,0,0,0,0,0,0,0,0,0,0,0,0,0,0,0,0,0,0,0,0,0,0,0,0,0,0,0,0,0,0,0,0,0,0,0,0,0,0,0,0,0,0,0,0,0,0,0,0,0,0,0,0,0,0,0,0,0,0,0,0,0,0,0,0,0,0,0,0,0,0,0,0,0,0,0,0,0,0,0,0,0,0,0,0,0,0,0,0,0,0,3,0,0,0,0,0,0,0,0,0,0,0,0,0,0,0,0,0,0,0,0,0,0,0,0,0,0,0,0,0,0,0,0,0,0,0,0,0,0,0,0,0,0,0,0,0,0,0,0,0,3,0,0,0,0,0,0,0,0,0,0
304455,3,116442,17663,1164,1,0,1008033,163,350,2720,17663,525,18,513,2413,505,763,186,363,2711,231,379,555,387,2629,235,397,578,385,2697,233,375,562,388,2639,233,441,664,410,2727,233,376,559,384,2651,241,7580,736,402,2741,230,374,559,480,2831,242,408,637,392,2713,231,376,559,387,2646,235,724,657,389,2717,231,376,558,389,2646,233,397,579,392,2700,233,376,556,385,790,162,1168,631,388,2709,232,374,557,388,2645,238,7524,740,401,2740,229,377,556,385,2651,234,544,0,0,0,0,0,0,0,0,0,0,0,0,0,0,0,0,0,0,0,0,0,0,0,0,0,0,0,0,0,0,0,0,0,0,0,0,0,0,0,0,0,0,0,0,0,0,0,0,0,0,0,0,0,0,0,0,0,0,0,0,0,0,0,0,0,0,0,0,0,0,0,0,0,0,0,0,0,0,0,0,0,0,0,0,0,0,0,0,0,0,0,0,0,0,0,0,0,0,0,0,0,0,0,0,0,0,0,0,0,0,0,0,0,0,0,0,0,0,0,0,0,0,0,0,0,0,0,0,0,0,0,0,0,0,0,0,0,0,0,0,0,0,0,0,0,0,0,0,0,0,0,0,0,0,0,0,0,0,0,0,0,0,0,0,0,0,0,0,0,0,0,0,0,0,0,0,0,0,0,0,0,0,0,0,0,0,0,0,0,0,0,0,0,0,0,0,0,0,0,0,0,0,0,0,0,0,0,0,0,0,0,0,0,0,0,0,0,0,0,0,0,0,0,0,0,0,0,0,0,0,0,0,0,0,0,0,0,0,0,4,0,0,0,0,0,0,0,0,0,0,0,0,0,0,0,0,0,0,0,0,0,0,0,0,0,0,0,0,0,0,0,0,0,0,0,0,0,0,0,0,0,0,0,0,0,0,0,0,0,4,0,0,0,0,0,0,0,0,0,0
305454,4,124435,17676,1244,1,0,16494,598,392,2706,17676,525,17,518,2414,505,787,192,364,2718,232,376,560,384,2639,235,398,579,392,2699,233,374,560,388,2643,233,402,701,410,2713,231,376,559,386,2642,240,7522,739,402,2739,231,374,559,479,2834,247,786,614,386,2708,232,377,556,388,2650,235,729,661,389,2717,231,376,558,389,792,162,375,554,399,2686,233,376,558,383,2639,236,1168,669,395,2719,231,373,563,389,2643,238,7524,741,402,2733,231,376,561,384,2645,7475,477,0,0,0,0,0,0,0,0,0,0,0,0,0,0,0,0,0,0,0,0,0,0,0,0,0,0,0,0,0,0,0,0,0,0,0,0,0,0,0,0,0,0,0,0,0,0,0,0,0,0,0,0,0,0,0,0,0,0,0,0,0,0,0,0,0,0,0,0,0,0,0,0,0,0,0,0,0,0,0,0,0,0,0,0,0,0,0,0,0,0,0,0,0,0,0,0,0,1,1,1,0,0,0,0,0,0,0,0,0,0,0,0,0,0,0,0,0,0,0,0,0,0,0,0,0,0,0,0,0,0,0,0,0,0,0,0,0,0,0,0,0,0,0,0,0,0,0,0,0,0,0,0,0,0,0,0,0,0,0,0,0,0,0,0,0,0,0,0,0,0,0,0,0,0,0,0,0,0,0,0,0,0,0,0,0,0,0,0,0,0,0,0,0,0,0,0,0,0,1,0,0,0,0,0,0,0,0,0,0,0,0,0,0,0,0,0,0,0,0,0,0,0,0,0,0,0,0,0,0,0,0,0,0,0,0,0,0,0,0,4,0,0,0,0,0,0,0,0,0,0,0,0,0,0,0,0,0,0,0,0,0,0,0,0,0,0,0,0,0,0,0,0,0,0,0,0,0,0,0,0,0,0,0,0,0,0,0,0,0,4,0,0,0,0,0,0,0,0,4,0
306454,5,153986,17675,1539,3,0,16507,677,401,2725,17675,531,19,519,2415,508,15481,247,13,2628,629,153,351,406,2353,668,579,7549,471,2860,241,376,573,448,2700,14920,523,22,588,2467,509,471,154,360,2645,397,7676,772,407,2730,234,374,560,528,2819,253,581,625,395,2718,235,376,570,384,2651,236,728,655,390,864,166,359,557,398,2645,235,402,580,390,2705,232,377,561,389,2644,235,1163,668,389,2718,234,374,566,387,2643,239,7638,755,403,2731,231,376,561,385,2644,234,759,1,1,1,1,1,1,1,1,1,0,0,0,0,0,0,0,0,0,0,1,1,1,1,1,1,1,1,1,0,0,0,0,0,0,0,0,0,0,0,0,0,0,0,0,0,0,0,0,0,0,0,0,0,0,0,0,0,0,0,0,0,0,0,0,0,0,0,0,0,0,0,0,0,0,0,0,0,0,0,0,0,0,0,0,0,0,0,0,0,0,0,0,0,0,0,0,0,0,0,0,0,0,0,0,0,0,0,0,0,1,0,0,0,0,0,0,0,0,0,0,1,0,0,0,0,0,0,0,1,0,0,0,0,0,0,0,0,0,0,0,0,0,0,0,0,0,0,0,0,0,0,0,0,0,0,0,0,0,0,0,0,0,0,0,0,0,0,0,0,0,0,0,0,0,0,0,0,0,0,0,0,0,0,0,0,0,0,0,0,0,0,0,0,0,0,0,0,0,0,0,0,0,0,0,0,0,0,0,0,4,0,0,0,0,0,0,0,0,0,0,4,0,0,0,0,0,0,0,4,0,0,0,0,0,0,0,0,0,0,4,0,0,0,0,0,0,0,0,0,0,0,0,0,0,0,0,0,0,0,0,0,0,0,0,0,0,0,0,0,0,0,0,0,0,0,0,0,0,0,0,0,0,0,0,0,0,0,0,0,4,0,0,0,0,0,0,0,0,0,0
307454,6,133433,17675,1334,2,0,16499,595,392,2704,17675,525,18,518,2415,505,787,192,364,2716,232,377,560,384,2639,235,397,579,392,2701,233,374,560,388,2642,233,402,579,389,2867,231,375,557,385,2644,240,7628,753,401,2731,229,374,560,483,2811,291,452,636,386,861,167,356,552,386,2642,7598,857,682,395,2700,235,372,558,385,2643,232,395,574,384,2702,231,373,11178,500,2283,791,1014,398,501,2492,512,473,149,526,2769,237,5374,790,395,2724,234,533,681,405,2674,245,539,0,0,0,0,0,0,0,0,0,0,0,0,0,0,0,0,0,0,0,0,0,0,0,0,0,0,0,0,0,0,0,0,0,0,0,0,0,0,0,0,0,0,0,0,0,0,0,0,0,0,0,0,0,0,0,0,0,16,16,16,16,16,16,16,16,16,16,16,16,16,16,16,16,16,16,0,0,0,0,0,0,0,0,0,0,0,0,0,0,0,0,0,0,0,0,0,0,0,0,0,0,0,0,0,0,0,0,0,0,0,0,0,0,0,0,0,0,0,0,0,0,0,0,0,0,0,0,0,0,0,0,0,0,0,0,0,0,0,0,0,0,0,0,0,0,0,0,0,0,0,0,0,0,0,0,0,0,0,16,0,0,0,0,0,0,0,0,0,0,0,0,0,0,0,0,16,0,0,0,0,0,0,0,0,0,0,0,0,0,0,0,0,0,0,0,0,0,0,0,0,0,0,0,0,0,0,0,0,0,0,0,0,0,0,0,0,0,0,0,0,0,0,0,0,0,0,0,0,0,0,0,0,0,0,0,0,0,0,0,4,0,0,0,0,0,0,0,0,0,0,0,0,0,0,0,0,0,0,4,0,0,0,0,0,0,0,0,0,0,0,0,0,0,0,0,10,0,0,0,0,0,0,0,0,0,0,0,0,0,10,0,0,0,0,0,0,0,0,0,0
308454,7,128545,17727,1285,2,0,16506,598,394,2769,17727,526,18,518,2420,505,783,191,368,2717,232,376,559,387,2642,235,400,579,387,2699,232,375,558,388,2645,233,402,583,386,2879,234,375,565,385,2655,240,5267,780,395,2728,233,374,559,444,995,198,805,626,396,2689,231,376,570,396,2639,235,729,658,385,2722,232,376,560,388,2643,233,397,575,388,2695,233,376,561,388,2641,235,1169,5610,494,2837,236,374,560,387,2646,241,5239,787,394,2728,235,376,10961,497,2281,789,188,0,0,0,0,0,0,0,0,0,0,0,0,0,0,0,0,0,0,0,0,0,0,0,0,0,0,0,0,0,0,0,0,0,0,0,0,0,0,0,0,0,0,0,0,0,0,0,0,0,0,0,0,0,0,0,0,0,0,0,0,0,0,0,0,0,0,0,0,0,0,0,0,0,0,0,0,0,0,0,8,8,8,8,8,8,8,8,8,8,8,8,8,8,8,8,0,0,0,0,0,0,0,0,0,0,0,0,0,0,0,0,0,0,0,0,0,0,0,0,0,0,0,0,0,0,0,0,0,0,0,0,0,0,0,0,0,0,0,0,0,0,0,0,0,0,0,0,0,0,0,0,0,0,0,0,0,0,0,0,0,0,0,0,0,0,0,0,0,0,0,0,0,0,0,0,0,0,0,0,0,8,0,0,0,0,0,0,0,0,0,0,0,0,0,0,8,0,0,0,0,0,0,0,0,0,0,0,0,0,0,0,0,0,0,0,0,0,0,0,0,0,0,0,0,0,0,0,0,0,0,0,0,0,0,0,0,0,0,0,10,0,0,0,0,0,0,0,0,0,0,0,0,0,0,0,0,0,0,0,0,0,0,0,0,0,0,0,0,0,0,0,0,0,0,0,0,0,0,0,0,10,0,0,0,0,0,0,0,0,10,0,0,0,0,0,11,0,0,0,0
309454,8,161698,31763,1616,3,0,16564,381,470,2507,17960,695,152,530,2811,235,718,662,391,2723,233,427,598,394,2654,236,404,577,386,2696,232,375,559,388,2645,233,402,578,390,2699,233,408,658,408,818,160,5499,783,396,2728,233,374,556,479,2793,242,548,638,394,2714,231,376,564,384,2648,235,729,657,387,2718,231,376,559,389,2644,234,399,580,386,2701,233,376,560,385,2647,5592,1271,687,393,2727,238,376,562,387,2637,31763,16048,800,20,2660,633,144,352,560,2476,506,834,0,0,0,0,0,0,0,0,0,0,0,0,0,0,0,0,0,0,0,0,0,0,0,0,0,0,0,0,0,0,0,0,0,0,0,0,0,0,0,0,0,0,0,0,0,0,0,0,0,0,0,0,0,0,0,0,0,0,0,0,0,0,0,0,0,0,0,0,0,0,0,0,0,0,0,0,0,8,8,8,8,8,8,8,8,8,8,8,0,0,0,0,0,0,0,0,0,0,0,0,0,0,0,0,0,0,0,0,0,0,0,0,0,0,0,0,0,0,0,0,0,0,0,0,0,0,0,0,0,0,0,0,0,0,0,0,0,0,0,0,0,0,0,0,0,0,0,0,0,0,0,0,0,0,0,0,0,0,0,0,0,0,0,0,0,0,0,0,0,0,0,0,0,0,0,0,0,0,8,0,0,0,0,0,0,0,0,0,8,0,0,0,0,0,0,0,0,0,0,0,0,0,0,0,0,0,0,0,0,0,0,0,0,0,0,0,0,0,0,0,0,0,0,0,0,0,0,0,0,0,0,0,0,0,0,0,0,0,0,11,0,0,0,0,0,0,0,0,0,0,0,0,0,0,0,0,0,0,0,0,0,0,0,0,0,0,0,0,0,0,0,0,0,0,0,0,0,0,11,0,0,0,0,0,0,0,0,0,0,0,0,0,0,0,0,0,0,0,0,0
310475,9,151173,17736,1511,4,0,16489,170,355,2725,17736,582,22,530,2435,511,787,190,367,2730,235,375,561,388,2643,232,390,578,394,2703,234,376,560,385,2645,235,393,571,389,2690,239,389,623,402,2685,237,15955,797,20,2709,630,210,433,555,2434,509,651,133,359,2701,233,375,559,388,2637,233,728,16333,497,2338,634,148,352,411,533,379,447,160,353,2701,231,375,566,398,17127,240,850,552,585,644,379,451,170,364,2658,393,6778,781,395,2730,233,374,556,438,2696,235,747,0,0,0,0,0,0,0,0,0,0,0,0,0,0,0,0,0,0,0,0,0,0,0,0,0,0,0,0,0,0,0,0,0,0,0,0,0,0,0,0,0,0,0,0,0,0,0,0,0,0,0,0,0,0,0,0,0,0,0,8,8,8,8,8,8,8,8,8,8,8,8,8,8,8,8,8,8,0,0,0,0,0,0,0,0,0,0,0,0,0,0,0,0,0,0,0,0,0,0,0,0,0,0,0,0,0,0,0,0,0,0,0,0,0,0,0,0,0,0,0,0,0,0,0,0,0,0,0,0,0,0,0,0,0,0,0,0,0,0,0,0,0,0,0,0,0,0,0,0,0,0,0,0,0,0,0,0,0,0,0,8,0,0,0,0,0,0,0,0,0,0,0,0,0,0,0,0,8,0,0,0,0,0,0,0,0,0,0,0,0,0,0,0,0,0,0,0,0,0,0,0,0,0,0,0,0,0,0,0,0,0,0,0,0,0,0,0,0,0,0,0,0,0,0,0,0,0,0,0,0,0,0,0,0,0,0,0,0,0,0,0,0,0,0,0,0,0,0,0,0,0,0,0,0,0,0,0,0,0,0,0,0,0,0,0,0,0,0,0,0,0,0,0,0,0,0,0,13,0,0,0,0,0,0,0,0,0,0,0,13,0,0,0,0,0,0,0,0,0,0
311474,10,189438,57339,1894,2,0,16570,595,389,2706,17522,528,19,518,2414,508,787,190,367,2730,232,375,562,386,2639,233,390,578,394,2705,233,376,560,384,2644,235,393,571,389,2690,232,411,656,413,9222,236,6758,790,395,2732,235,438,707,464,2735,237,391,57339,656,2719,659,268,555,542,2658,1408,461,894,416,2788,233,391,568,383,2782,480,425,641,400,2717,237,374,559,384,2797,234,1164,6917,500,2836,234,388,565,383,2799,289,6171,774,401,2722,234,378,553,387,2705,247,529,0,0,0,0,0,0,0,0,0,0,0,0,0,0,0,0,0,0,0,0,0,0,0,0,0,0,0,0,0,0,0,0,0,0,0,0,8,8,8,8,8,8,8,8,8,8,8,8,8,8,0,0,0,0,0,0,0,0,0,0,0,0,0,0,0,0,0,2,2,2,2,2,2,2,2,2,2,2,2,2,0,0,0,0,0,0,0,0,0,0,0,0,0,0,0,0,0,0,0,0,0,0,0,0,0,0,0,0,0,0,0,0,0,0,0,0,0,0,0,0,0,0,0,0,0,0,0,0,0,0,0,0,0,0,0,0,0,8,0,0,0,0,0,0,0,0,0,0,0,0,8,0,0,0,0,0,0,0,0,0,0,0,0,0,0,0,0,0,2,0,0,0,0,0,0,0,0,0,0,0,2,0,0,0,0,0,0,0,0,0,0,0,0,0,0,0,0,0,0,0,0,0,0,0,0,0,0,0,0,0,0,0,0,0,0,0,0,0,0,0,0,0,0,0,0,0,0,0,0,0,0,0,0,0,0,0,0,13,0,13,0,0,0,0,0,0,0,0,0,0,20,0,0,0,0,0,0,0,0,0,0,0,0,0,0,0,0,0,0,0,0,0,0,0,0,0,0,0,0,0,20,0,0,0,0,0,0,0,0,20,0,0,0,0,0,0,0,0,0,0
312514,11,139016,17611,1390,1,0,16356,643,392,2717,17611,533,19,514,2413,528,1013,273,378,3221,517,558,849,585,2953,360,578,866,557,3007,353,6916,924,566,2932,375,593,910,784,1322,284,513,797,561,2948,334,6336,943,565,3164,374,107,583,663,2722,645,1132,318,565,3065,347,533,780,566,2924,338,991,944,572,3001,351,531,779,566,2926,338,592,893,573,3007,347,532,777,574,2931,348,1379,944,600,3024,349,534,826,575,2981,343,6378,947,573,2991,354,532,784,574,2980,336,572,0,0,0,0,0,0,0,0,0,0,0,0,2,2,2,2,2,2,2,2,2,2,2,2,0,0,0,0,0,0,0,0,0,0,0,0,0,0,0,0,0,0,0,0,0,0,0,0,0,0,0,0,0,0,0,0,0,0,0,0,0,0,0,0,0,0,0,0,0,0,0,0,0,0,0,0,0,0,0,0,0,0,0,0,0,0,0,0,0,0,0,0,0,0,0,0,0,0,0,0,0,0,0,0,0,0,0,0,0,0,0,0,0,2,0,0,0,0,0,0,0,0,0,0,2,0,0,0,0,0,0,0,0,0,0,0,0,0,0,0,0,0,0,0,0,0,0,0,0,0,0,0,0,0,0,0,0,0,0,0,0,0,0,0,0,0,0,0,0,0,0,0,0,0,0,0,0,0,0,0,0,0,0,0,0,0,0,0,0,0,0,0,0,0,0,0,0,0,0,0,0,0,0,0,0,0,0,0,0,0,0,0,0,0,0,0,0,0,0,0,0,0,0,0,20,0,0,0,0,0,0,0,0,0,0,0,0,0,0,20,0,0,0,0,0,0,0,0,0,0,0,0,0,0,0,0,0,0,0,0,0,0,0,0,0,0,0,0,0,0,0,0,0,0,0,0,0,0,0,0,0,0,0,0,0,0,0,0,0,20,0,0,0,0,0,0,0,0,0,0
313514,12,141360,17842,1413,1,0,16444,918,579,3022,17842,640,98,700,2657,640,1041,344,560,3060,345,534,790,575,2928,338,556,805,626,1196,282,514,784,689,3010,340,565,805,626,3306,347,521,773,573,2912,339,6277,957,677,2612,842,287,526,665,2682,646,875,286,630,3204,522,558,841,592,2955,342,939,873,579,3112,6693,644,802,573,2931,350,556,794,568,3170,345,532,778,570,2939,336,1355,891,581,3107,350,533,775,668,2989,346,6278,934,572,3138,343,532,774,571,3108,343,932,0,0,0,0,0,0,0,0,0,0,0,0,0,0,0,0,0,0,0,0,0,0,0,0,0,0,0,0,0,0,0,0,0,0,0,0,0,0,0,0,0,0,0,0,0,0,0,0,0,0,0,0,2,2,2,2,2,2,2,2,2,2,2,0,0,0,0,0,0,0,0,0,0,0,0,0,0,0,0,0,0,0,0,0,0,0,0,0,0,0,0,0,0,0,0,0,1,1,1,1,0,0,0,0,0,0,0,0,0,0,0,0,0,0,0,0,0,0,0,0,0,0,0,0,0,0,0,0,0,0,0,0,0,0,0,0,0,0,0,0,0,0,0,0,0,0,0,0,0,0,0,0,0,2,0,0,0,0,0,0,0,0,0,2,0,0,0,0,0,0,0,0,0,0,0,0,0,0,0,0,0,0,0,0,0,0,0,0,0,0,0,0,0,0,0,0,0,1,0,0,0,0,0,0,0,0,0,0,0,0,0,0,0,0,0,0,0,0,0,0,0,0,0,0,0,0,0,0,0,0,0,0,0,0,0,0,0,0,0,20,0,0,0,0,0,0,0,0,0,0,0,0,0,0,0,0,0,0,0,0,0,0,0,20,0,0,0,0,0,0,0,0,0,0,0,0,0,0,0,0,0,0,0,0,0,0,0,0,0,20,0,0,0,0,0,0,0,0,0,0
314515,13,154976,17983,1549,1,0,16438,833,567,3074,17983,644,98,714,2667,647,1047,6535,642,3355,338,530,808,587,1056,283,547,857,596,2991,624,575,841,573,2955,341,568,804,568,3003,367,589,7136,653,2982,333,6182,960,668,3112,490,787,906,577,3029,347,552,803,619,3087,355,642,797,580,2935,337,933,868,589,2979,348,579,855,783,3021,344,549,801,569,2984,352,565,7083,641,2926,333,1382,915,578,3006,348,633,880,576,2947,336,6220,959,590,3031,351,539,883,592,3002,336,694,1,1,1,1,1,1,1,1,1,1,0,0,0,0,0,0,0,0,0,0,0,0,16,16,16,16,16,16,16,16,16,16,16,16,16,0,0,0,0,0,0,0,0,0,0,0,0,0,0,0,0,0,0,0,0,0,0,0,0,0,0,0,0,0,0,1,1,1,1,1,1,1,1,1,1,0,0,0,0,0,0,0,0,0,0,0,0,0,0,0,0,0,0,0,0,0,0,0,0,0,0,0,0,0,0,0,0,0,0,0,1,0,0,0,0,0,0,0,0,0,0,0,0,16,0,0,0,0,0,0,0,0,0,0,0,16,0,0,0,0,0,0,0,0,0,0,0,0,0,0,0,0,0,0,0,0,0,0,0,0,0,0,0,0,0,0,1,0,0,0,0,0,0,0,0,1,0,0,0,0,0,0,0,0,0,0,0,0,0,0,0,0,0,0,0,0,0,0,0,0,0,0,0,0,0,0,0,0,0,0,20,0,0,0,0,0,0,0,0,0,0,0,0,0,0,0,0,0,0,0,0,0,0,0,0,20,0,0,0,20,0,0,0,0,0,0,0,0,0,0,0,0,0,0,0,0,0,0,0,0,0,0,0,0,0,0,0,0,0,0,0,0,0,0,0,20,0,0,0,0,0,0,0,0,0,0,0,0,0,20,0,0,0,0,0,0,0,0,0,0
315514,14,183867,17891,1838,4,0,16581,805,573,2977,17891,708,99,731,737,560,1020,327,531,3007,344,531,868,811,3037,340,549,806,568,2989,346,532,867,11098,3088,549,609,867,577,3020,339,531,885,876,3071,341,5737,988,663,3119,368,581,842,638,8338,344,930,811,625,3032,346,533,787,11976,3082,345,927,891,578,2995,351,593,819,627,3018,339,545,789,6089,3113,357,533,794,577,3063,11216,1457,322,830,2712,644,701,289,526,3064,414,5886,963,564,2996,347,547,6254,641,3112,347,547,0,0,0,0,0,0,0,0,0,0,0,0,0,0,0,16,16,16,16,16,16,16,16,16,16,16,0,0,0,0,0,0,0,0,0,0,0,0,0,0,0,0,0,0,0,0,1,1,1,1,1,1,1,1,1,1,0,0,0,0,0,0,0,0,0,0,0,0,0,0,1,1,1,1,1,1,1,1,0,0,0,0,0,0,0,0,0,0,0,0,0,0,0,0,1,1,1,1,1,1,0,0,0,0,0,0,0,0,0,0,0,0,0,0,0,0,16,0,0,0,0,0,0,0,0,0,16,0,0,0,0,0,0,0,0,0,0,0,0,0,0,0,0,0,0,0,0,1,0,0,0,0,0,0,0,0,1,0,0,0,0,0,0,0,0,0,0,0,0,0,0,1,0,0,0,0,0,0,1,0,0,0,0,0,0,0,0,0,0,0,0,0,0,0,0,1,0,0,0,0,0,0,0,0,0,0,0,0,0,0,0,0,0,0,0,0,0,0,0,0,0,0,0,0,0,0,20,0,0,0,0,0,0,0,0,0,0,0,0,20,0,0,0,0,0,0,0,20,0,0,0,0,0,0,0,0,20,0,0,0,0,0,0,0,0,0,0,0,0,0,0,20,0,0,0,0,0,0,20,0,0,0,0,0,0,0,0,0,0,20,0,0,0,0,0,20,0,0,0,0
316514,15,176066,18043,1760,4,0,16512,817,574,13432,18043,635,96,762,2715,646,1041,331,609,3057,339,529,780,561,1187,282,558,808,562,2981,339,536,778,568,3045,336,566,864,576,2990,337,575,6158,639,3061,349,5847,1026,641,13615,345,92,534,828,2770,633,872,307,600,3062,340,531,779,566,2997,350,949,863,572,2980,344,525,789,580,2936,352,569,6106,632,3084,342,523,790,574,2923,360,1396,907,577,3001,335,542,962,11163,3114,363,5749,940,591,3016,337,529,982,638,2991,335,1008,1,1,0,0,0,0,0,0,0,0,0,0,0,0,0,0,0,0,0,0,0,0,0,0,0,0,0,0,0,0,0,0,0,0,1,1,1,1,1,1,1,1,0,0,0,0,0,0,0,0,0,0,0,0,0,0,0,0,0,0,0,0,0,0,0,0,0,0,0,16,16,16,16,16,16,16,16,16,16,16,16,16,16,16,16,16,0,0,0,0,0,0,0,0,0,0,0,0,0,0,0,0,1,0,0,0,0,0,0,0,0,0,0,0,0,0,0,0,0,0,0,0,0,0,0,0,0,0,0,0,0,0,0,0,0,1,0,0,0,0,0,0,1,0,0,0,0,0,0,0,0,0,0,0,0,0,0,0,0,0,0,0,0,0,0,0,0,0,0,0,16,0,0,0,0,0,0,0,0,0,0,0,0,0,0,0,16,0,0,0,0,0,0,0,0,0,0,0,0,0,0,0,20,0,0,0,0,0,0,0,0,0,0,0,0,0,0,0,0,0,0,0,0,0,0,0,0,0,0,0,0,0,0,0,0,20,0,0,0,20,0,0,20,0,0,0,0,0,0,0,0,0,0,0,0,0,0,0,0,0,0,0,0,0,0,0,0,0,0,0,20,0,0,0,0,0,0,0,0,0,0,0,0,0,0,0,20,0,0,20,0,0,0,0,0,0,0,0,0,0
317525,16,154509,18121,1545,2,0,16514,860,574,2983,18121,640,98,6003,2708,646,1136,355,596,1201,302,11077,924,101,2885,817,367,555,682,2721,703,725,286,524,2927,344,608,900,593,2999,334,532,1063,602,2965,333,5840,1015,639,3149,344,530,786,622,2978,342,558,935,590,2995,336,537,777,572,2926,412,944,942,573,3007,342,531,783,565,2911,334,541,868,608,3029,340,531,786,577,2916,351,1384,948,599,3059,341,528,778,566,2917,333,5731,934,650,8312,345,526,790,614,2967,344,691,0,0,0,1,1,1,1,1,1,1,1,1,1,1,0,0,0,0,0,0,0,0,0,0,0,0,0,0,0,0,0,0,0,0,0,0,0,0,0,0,0,0,0,0,0,0,0,0,0,0,0,0,0,0,0,0,0,0,0,0,0,0,0,0,0,0,0,0,0,0,0,0,0,0,0,0,0,0,0,0,0,0,0,0,0,0,0,0,0,0,0,4,4,4,4,4,4,4,4,4,0,0,0,0,0,0,1,0,0,0,0,0,0,0,1,0,0,0,0,0,0,0,0,0,0,0,0,0,0,0,0,0,0,0,0,0,0,0,0,0,0,0,0,0,0,0,0,0,0,0,0,0,0,0,0,0,0,0,0,0,0,0,0,0,0,0,0,0,0,0,0,0,0,0,0,0,0,0,0,0,0,0,0,0,0,0,0,0,0,0,0,0,4,0,0,0,0,0,0,0,0,0,0,0,0,0,20,0,0,0,0,0,0,0,20,0,0,0,0,0,0,0,0,0,0,0,0,0,0,0,0,0,0,0,0,0,0,0,0,20,0,0,0,0,0,0,0,0,0,0,0,0,0,0,0,0,0,0,0,0,0,0,0,0,0,0,0,0,0,0,0,0,0,0,0,0,0,0,0,0,0,0,0,0,0,0,0,0,0,20,0,0,20,0,0,0,0,0,0,0
318525,17,157952,17870,1579,3,0,16555,814,641,1207,17870,642,97,11116,2702,117,1012,867,633,3036,338,530,812,581,2925,336,565,813,624,3090,407,573,845,598,2970,343,580,853,574,3117,342,533,784,567,3041,341,5739,946,134,3007,817,273,521,733,2658,641,1054,326,542,3594,337,525,783,569,2926,335,928,865,580,3110,354,551,821,568,2945,337,544,798,575,3030,351,540,864,573,8198,341,1359,887,587,3018,366,555,836,11154,3109,343,5724,922,596,3002,358,537,863,610,1128,273,556,4,4,4,4,4,4,0,0,0,0,0,0,0,0,0,0,0,0,0,0,0,0,0,0,0,0,0,0,0,0,0,0,0,0,0,0,0,0,0,0,0,0,0,0,0,0,0,0,0,0,0,0,0,0,0,0,0,0,0,0,0,0,0,0,0,0,0,0,0,0,0,0,0,0,0,0,8,8,8,8,8,8,8,8,8,8,0,0,0,0,0,0,0,0,0,0,0,0,0,0,0,0,0,0,0,0,4,0,0,0,0,0,0,0,0,0,0,0,0,0,0,0,0,0,0,0,0,0,0,0,0,0,0,0,0,0,0,0,0,0,0,0,0,0,0,0,0,0,0,0,0,0,0,0,0,0,0,0,0,0,0,0,0,0,0,0,0,0,0,0,0,0,0,0,0,0,0,8,0,0,0,0,0,0,0,0,8,0,0,0,0,0,0,0,0,0,0,0,0,0,0,0,0,0,0,0,20,0,0,0,0,0,0,0,0,0,0,0,0,0,0,0,0,0,0,0,0,0,0,0,0,0,0,0,0,0,0,0,0,20,0,0,0,0,0,0,0,0,0,0,0,0,0,0,0,0,0,0,0,0,0,0,0,0,0,0,0,0,0,0,0,0,0,0,0,0,0,20,0,0,0,0,0,0,0,0,20,0,0,20,0,0,0,0,0,0,0,0,0,0
319524,18,180474,18081,1804,5,0,16520,816,572,3057,18081,639,96,706,2644,644,1039,333,536,3017,341,598,863,571,2964,334,557,792,5896,3158,339,582,973,577,2956,340,560,802,570,2990,337,564,843,10974,3078,663,11076,940,171,3145,830,309,568,870,2713,643,878,301,538,13419,344,87,871,777,2667,641,1056,336,533,3015,413,544,905,581,2953,334,547,788,566,2974,352,529,864,612,2967,337,1357,6174,634,3053,343,529,987,613,1098,290,5749,940,575,15217,344,91,794,850,735,562,1143,0,0,0,0,0,0,0,0,0,0,0,0,0,0,0,0,0,0,0,0,2,2,2,2,2,2,2,2,2,2,2,2,2,2,2,2,0,0,2,2,2,2,2,2,2,2,2,2,2,2,2,2,0,0,0,0,0,0,0,0,0,0,0,0,0,0,0,0,0,0,0,0,0,0,0,0,0,0,0,2,2,2,2,2,2,2,2,2,2,2,2,2,0,0,0,0,0,0,0,0,0,0,0,0,0,0,0,0,0,0,0,0,0,0,0,0,0,0,0,0,0,2,0,0,0,0,0,0,0,0,0,0,0,0,0,0,2,0,0,2,0,0,0,0,0,0,0,0,0,0,0,0,2,0,0,0,0,0,0,0,0,0,0,0,0,0,0,0,0,0,0,0,0,0,0,0,0,0,0,0,2,0,0,0,0,0,0,0,0,0,0,0,2,0,0,0,0,0,0,0,0,0,0,0,0,0,0,0,0,0,0,0,0,0,0,0,0,0,0,0,0,20,0,0,0,0,0,0,0,0,0,0,0,0,0,0,20,0,0,20,0,0,0,0,0,0,0,0,0,0,0,0,20,0,0,0,0,0,0,0,0,0,0,0,0,0,0,0,0,0,0,0,0,0,0,0,0,0,0,0,20,0,0,0,0,0,0,0,0,20,0,0,20,0,0,0,0,0,0,0
320525,19,157362,20533,1573,2,0,16622,310,531,3031,18012,638,97,786,2675,643,1042,329,536,3035,336,528,777,630,3009,337,559,793,562,2975,337,530,794,632,3034,342,564,804,572,2982,332,543,851,634,2978,335,6215,995,684,3115,343,528,787,671,3097,338,6285,936,556,3028,333,531,795,591,3147,336,948,872,579,2992,340,527,797,582,20533,350,106,559,689,2695,643,899,328,583,3038,356,1362,896,586,3168,338,520,772,585,3054,340,6224,1008,596,3011,335,546,873,582,1187,289,928,0,0,0,0,0,0,0,0,0,0,0,0,0,0,0,0,0,0,0,0,0,0,0,0,0,0,0,0,0,0,0,0,0,0,0,0,0,0,0,0,0,0,0,0,0,0,0,0,4,4,4,4,4,4,4,4,4,4,4,4,4,4,4,4,4,4,4,0,0,0,0,0,0,0,0,0,0,0,0,0,0,0,0,0,0,0,0,0,0,0,0,0,0,0,0,0,0,0,0,0,0,0,0,0,0,0,0,0,0,0,0,0,0,0,0,0,0,0,0,0,0,0,0,0,0,0,0,0,0,0,0,0,0,0,0,0,0,0,0,0,0,0,0,0,0,0,0,0,0,4,0,0,0,0,0,0,0,0,0,0,0,0,0,0,0,0,0,4,0,0,0,0,0,0,0,0,0,0,0,0,0,0,0,0,0,0,0,0,0,0,0,0,0,0,0,0,0,0,0,0,0,0,0,0,0,0,0,0,0,0,0,0,0,0,0,0,0,0,0,0,0,0,0,0,0,0,0,0,0,0,0,0,0,0,0,0,0,0,0,20,0,0,0,0,0,0,0,0,0,20,0,0,0,0,0,0,0,0,0,0,0,0,0,0,0,0,0,20,0,0,0,0,0,0,0,0,0,0,0,0,0,0,0,0,0,0,0,0,0,20,0,0,0,0,0,0,0,0,0,0
321535,20,145607,19636,1456,1,0,16570,828,555,2993,19636,643,795,672,4364,337,938,878,576,2979,341,528,787,629,1163,297,552,800,566,2979,345,537,792,571,3056,337,559,810,565,2996,336,527,780,571,3118,366,6362,938,559,2992,337,563,834,579,3058,363,711,859,573,3004,343,530,789,575,3457,330,938,883,577,2989,332,528,788,574,3010,356,556,825,561,2996,342,529,792,582,3057,356,1372,912,572,3013,338,532,7033,640,2973,359,6240,932,589,3022,413,564,827,577,2938,356,976,0,0,0,0,0,0,0,0,0,0,0,0,0,0,0,0,0,0,0,0,0,0,0,0,0,0,0,0,0,0,0,0,0,0,0,0,0,0,0,0,0,0,0,0,0,0,0,0,0,0,0,0,0,0,0,0,0,0,0,0,0,0,0,0,0,0,0,0,0,0,0,0,0,0,0,0,1,1,1,1,1,1,1,1,1,0,0,0,0,0,0,0,0,0,0,0,0,0,0,0,0,0,0,0,0,0,0,0,0,0,0,0,0,0,0,0,0,0,0,0,0,0,0,0,0,0,0,0,0,0,0,0,0,0,0,0,0,0,0,0,0,0,0,0,0,0,0,0,0,0,0,0,0,0,0,0,0,0,0,0,0,0,0,0,0,0,0,0,0,0,0,0,0,0,0,0,0,1,0,0,0,0,0,0,0,1,0,0,0,0,0,0,0,0,0,0,0,0,0,0,0,0,0,0,0,0,0,0,0,0,0,0,0,0,0,0,0,0,0,0,0,0,0,0,0,0,0,0,0,0,0,0,0,0,0,0,0,0,0,20,0,0,0,0,0,0,0,0,0,0,0,0,0,0,0,0,0,0,0,0,0,0,0,0,0,0,0,0,0,0,0,0,0,0,0,0,0,0,0,0,0,0,0,0,0,20,0,0,0,20,0,0,0,0,0,0,0,0,0,0
322545,21,134670,18002,1346,1,0,18237,856,547,2990,18002,636,98,696,732,646,1135,340,533,3023,339,529,782,571,2922,335,592,881,582,2999,336,528,776,575,2929,338,623,888,590,3002,340,531,775,570,3033,356,6371,928,616,3035,334,561,893,598,2973,356,621,911,554,3021,340,542,816,580,2962,341,967,951,575,3005,342,526,787,564,2909,334,546,918,576,2991,338,535,778,576,2920,337,1363,933,618,3021,360,529,841,573,2971,343,6224,1123,634,3049,344,551,837,586,2960,340,686,0,0,0,0,0,0,0,0,0,0,0,0,0,0,0,0,0,0,0,0,0,0,0,0,0,0,0,0,0,0,0,0,0,0,0,0,0,0,0,0,0,0,0,0,0,0,0,0,0,0,0,0,0,0,0,0,0,0,0,0,0,0,0,0,0,0,0,0,0,0,0,0,0,0,0,0,0,0,0,0,0,0,0,0,0,0,0,0,0,4,4,4,4,4,4,4,4,4,4,4,0,0,0,0,0,0,0,0,0,0,0,0,0,0,0,0,0,0,0,0,0,0,0,0,0,0,0,0,0,0,0,0,0,0,0,0,0,0,0,0,0,0,0,0,0,0,0,0,0,0,0,0,0,0,0,0,0,0,0,0,0,0,0,0,0,0,0,0,0,0,0,0,0,0,0,0,0,0,0,0,0,0,0,0,0,0,0,0,0,0,4,0,0,0,0,0,0,0,0,0,0,0,0,0,0,0,0,0,0,0,0,0,0,0,0,0,0,0,0,0,0,0,0,0,0,0,0,0,0,0,0,0,0,0,0,0,0,0,0,20,0,0,0,0,0,0,0,0,0,0,0,0,0,0,0,0,0,0,0,0,0,0,0,0,0,0,0,0,0,0,0,0,0,0,0,0,0,0,0,0,0,0,0,0,0,0,0,0,0,20,0,0,0,0,0,0,0,0,0,0
323544,22,157006,17865,1570,2,0,16638,821,635,1201,17865,15016,923,95,4234,828,743,794,693,2907,641,677,283,536,1056,292,565,1116,624,3162,341,539,795,567,2871,413,584,905,609,9323,346,531,771,576,2993,355,6412,1008,662,3082,338,539,780,566,3006,347,932,820,657,3886,331,527,771,581,2936,336,944,875,637,3068,334,529,779,568,2925,336,549,801,621,3084,340,532,781,569,2926,334,1367,895,576,3128,338,530,773,565,2920,342,6285,930,575,3128,340,527,941,583,2959,341,688,4,4,4,4,0,0,0,0,0,0,0,0,0,0,0,0,0,0,0,0,0,1,1,1,1,1,1,1,1,1,1,1,0,0,0,0,0,0,0,0,0,0,0,0,0,0,0,0,0,0,0,0,0,0,0,0,0,0,0,0,0,0,0,0,0,0,0,0,0,0,0,0,0,0,0,0,0,0,0,0,0,0,0,0,0,0,0,0,0,0,0,0,0,0,0,0,0,0,0,0,0,0,0,0,4,0,0,0,0,0,0,0,0,0,0,0,0,0,0,0,0,0,1,0,0,0,0,0,0,0,0,0,1,0,0,0,0,0,0,0,0,0,0,0,0,0,0,0,0,0,0,0,0,0,0,0,0,0,0,0,0,0,0,0,0,0,0,0,0,0,0,0,0,0,0,0,0,0,0,0,0,0,0,0,0,0,0,0,0,0,0,0,0,0,0,0,0,0,0,0,0,0,0,0,20,0,0,0,0,0,0,0,0,0,0,0,0,0,0,0,0,0,0,0,0,0,0,0,0,0,0,0,20,0,0,0,0,0,0,20,0,0,0,0,0,0,0,0,0,0,0,0,0,0,0,0,0,0,0,0,0,0,0,0,0,0,0,0,0,0,0,0,0,0,0,0,0,0,0,0,0,0,0,0,0,0,0,0,0,20,0,0,0,0,0,0,0,0,0,0
324555,23,149352,18035,1493,1,0,16533,802,569,3082,18035,638,97,701,2650,642,1045,325,528,1223,505,575,818,578,2973,344,549,805,6739,3309,351,753,900,579,3127,356,571,815,574,3034,351,531,833,607,3100,356,6373,936,635,3209,352,545,841,571,3028,342,951,858,567,2992,352,639,784,585,2941,338,938,868,582,2988,459,571,840,578,2903,340,549,800,571,2984,332,571,855,586,3014,347,1353,900,586,2996,334,775,904,583,2942,341,6292,934,575,3046,342,6891,942,788,3052,339,552,0,0,0,0,0,0,0,0,0,0,0,0,2,2,2,2,2,2,2,2,2,0,0,0,0,0,0,0,0,0,0,0,0,0,0,0,0,0,0,0,0,0,0,0,0,0,0,0,0,0,0,0,0,0,0,0,0,0,0,0,0,0,0,0,0,0,0,0,0,0,0,0,0,0,0,0,0,0,0,0,0,0,0,2,2,2,2,2,2,2,2,2,2,2,0,0,0,0,0,0,0,0,0,0,0,0,0,0,0,0,0,0,0,2,0,0,0,0,0,0,0,2,0,0,0,0,0,0,0,0,0,0,0,0,0,0,0,0,0,0,0,0,0,0,0,0,0,0,0,0,0,0,0,0,0,0,0,0,0,0,0,0,0,0,0,0,0,0,0,0,0,0,0,0,0,0,0,0,0,0,0,0,0,0,2,0,0,0,0,0,0,0,0,0,2,0,0,0,0,0,0,0,0,0,0,0,0,0,0,0,0,0,0,0,0,0,0,0,0,0,0,20,0,0,0,0,0,0,0,0,0,0,0,0,0,0,0,0,0,20,0,0,0,0,0,0,0,0,0,0,0,0,0,0,0,0,0,0,0,0,0,0,0,0,0,0,0,0,0,0,0,0,0,0,0,0,0,0,0,0,0,0,0,0,0,0,0,0,0,20,0,0,0,0,20,0,0,0,0,0
325554,24,147895,18446,1478,1,0,16651,824,572,1254,18446,703,102,749,2663,642,1040,6545,646,3235,340,523,879,603,2949,337,559,857,578,2987,334,533,891,587,2951,338,564,803,569,2980,336,529,871,675,3128,360,6363,945,567,3320,336,527,855,614,3169,344,685,807,570,2990,339,526,793,645,2990,6514,1067,1083,625,3017,337,535,788,633,2996,414,574,824,565,3001,334,525,786,625,3065,350,1400,896,666,3173,361,529,841,637,2981,342,6302,925,573,3009,339,527,774,686,1221,277,911,0,2,2,2,2,2,2,2,2,2,0,0,0,0,0,0,0,0,0,0,0,0,0,0,0,0,0,0,0,0,0,0,0,0,0,0,0,0,0,0,0,0,0,0,0,0,2,2,2,2,2,2,2,2,2,2,2,2,0,0,0,0,0,0,0,0,0,0,0,0,0,0,0,0,0,0,0,0,0,0,0,0,0,0,0,0,0,0,0,0,0,0,0,0,0,0,0,0,0,0,0,0,2,0,0,0,0,0,0,0,2,0,0,0,0,0,0,0,0,0,0,0,0,0,0,0,0,0,0,0,0,0,0,0,0,0,0,0,0,0,0,0,0,0,0,0,0,2,0,0,0,0,0,0,0,0,0,0,2,0,0,0,0,0,0,0,0,0,0,0,0,0,0,0,0,0,0,0,0,0,0,0,0,0,0,0,0,0,0,0,0,0,0,0,0,0,0,0,0,0,0,0,0,0,0,0,0,0,0,0,20,0,0,0,0,0,0,0,0,0,0,0,0,0,0,0,0,0,0,0,0,0,0,0,0,0,0,0,0,20,0,0,0,0,0,0,0,0,0,0,0,0,0,0,0,0,0,0,20,0,0,0,0,0,0,0,0,0,0,0,0,0,0,0,0,0,0,0,0,0,0,0,0,0,0,0,0,0,0,20,0,0,0,0,0,0,0,0,0,0
326555,25,149450,23532,1494,1,0,17099,832,549,2996,23532,638,98,794,4041,640,1039,332,534,1157,291,517,787,670,3016,346,556,960,569,3007,338,548,815,633,3032,350,568,848,572,3006,341,529,902,645,3117,364,6282,930,598,3105,370,529,844,605,3095,349,686,795,577,2988,334,658,832,592,3130,350,942,1017,583,3010,341,528,790,571,3037,367,551,803,573,3006,344,525,7086,652,3017,366,1397,908,578,3005,416,544,819,569,2938,366,6314,939,574,3066,339,527,784,766,3015,365,954,0,0,0,0,0,0,0,0,0,0,0,0,0,0,0,0,0,0,0,0,0,0,0,0,0,0,0,0,0,0,0,0,0,0,0,0,0,0,0,0,0,0,0,0,0,0,0,0,0,0,0,0,0,0,0,0,0,0,0,2,2,2,2,2,2,2,2,2,2,2,2,2,2,2,2,0,0,0,0,0,0,0,0,0,0,0,0,0,0,0,0,0,0,0,0,2,2,2,2,2,0,0,0,0,0,0,0,0,0,0,0,0,0,0,0,0,0,0,0,0,0,0,0,0,0,0,0,0,0,0,0,0,0,0,0,0,0,0,0,0,0,0,0,0,0,0,0,0,0,0,0,0,0,0,0,0,0,0,0,0,2,0,0,0,0,0,0,0,0,0,0,0,0,0,0,2,0,0,0,0,0,0,0,0,0,0,0,0,0,0,0,0,0,0,0,0,2,0,0,0,0,0,0,0,0,0,0,0,0,0,0,0,0,0,0,0,0,0,0,0,0,0,0,0,0,0,0,0,0,0,0,0,0,0,0,0,0,0,0,20,0,0,0,0,0,0,0,0,0,0,0,0,0,0,0,0,0,0,0,0,0,0,0,0,0,0,0,0,0,0,0,0,0,0,0,20,0,0,0,0,0,0,0,0,0,0,0,0,0,20,0,0,0,0,0,0,0,0,0,0
327565,26,167254,22716,1672,2,0,22165,846,582,3034,18433,644,96,716,732,622,1082,6726,645,3042,335,530,795,573,2918,351,674,890,776,3082,340,523,784,565,2937,350,614,972,581,3005,6486,648,1093,687,3075,362,6301,940,567,3076,412,581,846,624,2991,343,590,886,797,3147,338,541,843,577,2959,344,1038,942,576,3107,343,524,784,574,2920,345,544,891,591,3006,336,22716,793,25,2653,647,971,389,474,2676,510,467,151,368,2654,234,6765,947,470,2807,235,384,557,383,2651,393,564,2,2,2,2,2,2,2,2,2,2,0,0,0,0,0,0,0,0,0,0,2,2,2,2,2,2,2,2,2,2,2,2,2,0,0,0,0,0,0,0,0,0,0,0,0,0,0,0,0,0,0,0,0,0,0,0,0,0,0,0,0,16,16,16,16,16,16,16,16,16,16,16,16,16,0,0,0,0,0,0,0,0,0,0,0,0,0,0,0,0,0,0,0,0,0,0,0,0,0,0,0,0,0,0,0,0,0,0,0,0,2,0,0,0,0,0,0,0,0,0,0,2,0,0,0,0,0,0,0,0,0,0,0,2,0,0,0,0,0,0,0,0,0,0,0,0,0,0,0,0,0,0,0,0,0,0,0,0,0,0,0,0,16,0,0,0,0,0,0,0,0,0,0,0,16,0,0,0,0,0,0,0,0,0,0,0,0,0,0,0,0,0,0,0,0,0,0,0,0,0,0,0,0,0,0,0,0,0,0,0,20,0,0,0,0,0,0,0,0,0,0,0,0,0,0,0,0,0,0,0,0,0,0,20,0,0,0,0,0,20,0,0,0,0,0,0,0,0,0,0,0,0,0,0,0,0,0,0,0,0,0,0,0,0,0,0,0,0,0,0,0,0,0,0,13,0,0,0,0,0,0,0,0,0,0,0,0,0,0,13,0,0,0,0,0,0,0,0,0,0
328574,27,116595,18307,1165,1,0,17062,690,400,2736,18307,522,18,569,2441,509,785,191,371,2722,234,376,560,384,794,163,373,549,386,2687,230,376,559,393,2636,233,393,577,387,2695,231,433,700,470,2792,237,6759,783,418,2770,233,376,684,409,2677,235,746,587,389,2712,233,376,563,387,2644,235,716,655,387,2723,234,375,560,388,2645,233,389,571,393,2705,234,376,560,389,2641,235,1157,665,392,2711,233,374,565,388,2637,232,6731,784,413,2759,233,375,556,387,2642,235,392,0,0,0,0,0,0,0,0,0,0,0,0,0,0,0,0,0,0,0,0,0,0,0,0,0,0,0,0,0,0,0,0,0,0,0,0,0,0,0,0,0,0,0,0,0,0,0,0,0,0,0,0,0,0,0,0,0,0,0,0,0,0,0,0,0,0,0,0,0,0,0,0,0,0,0,0,0,0,0,0,0,0,0,0,0,0,0,0,0,0,0,0,0,0,0,0,0,0,0,0,0,0,0,0,0,0,0,0,0,0,0,0,0,0,0,0,0,0,0,0,0,0,0,0,0,0,0,0,0,0,0,0,0,0,0,0,0,0,0,0,0,0,0,0,0,0,0,0,0,0,0,0,0,0,0,0,0,0,0,0,0,0,0,0,0,0,0,0,0,0,0,0,0,0,0,0,0,0,0,0,0,0,0,0,0,0,0,0,0,0,0,0,0,0,0,0,0,0,0,0,0,0,0,0,0,0,0,0,0,0,0,0,0,0,0,0,0,0,0,0,0,0,0,0,0,0,0,0,0,0,0,0,0,0,0,0,0,0,0,13,0,0,0,0,0,0,0,0,0,0,0,0,0,0,0,0,0,0,0,0,0,0,0,0,0,0,0,0,0,0,0,0,0,0,0,0,0,0,0,0,0,0,0,0,0,0,0,0,0,13,0,0,0,0,0,0,0,0,0,0
329574,28,116484,18354,1164,1,0,17135,584,393,2701,18354,526,18,518,548,386,739,218,379,2773,234,376,562,391,2646,235,391,575,386,2688,234,374,565,391,2641,233,392,576,384,2699,231,442,702,466,2732,236,6755,783,415,2774,234,376,684,409,2675,235,529,585,388,2698,232,377,561,386,2637,235,713,651,386,2714,234,375,563,388,2641,232,388,573,393,2697,233,376,562,389,2643,235,1161,668,392,2712,233,375,566,388,2639,233,6718,784,413,2754,233,375,559,387,2641,235,745,0,0,0,0,0,0,0,0,0,0,0,0,0,0,0,0,0,0,0,0,0,0,0,0,0,0,0,0,0,0,0,0,0,0,0,0,0,0,0,0,0,0,0,0,0,0,0,0,0,0,0,0,0,0,0,0,0,0,0,0,0,0,0,0,0,0,0,0,0,0,0,0,0,0,0,0,0,0,0,0,0,0,0,0,0,0,0,0,0,0,0,0,0,0,0,0,0,0,0,0,0,0,0,0,0,0,0,0,0,0,0,0,0,0,0,0,0,0,0,0,0,0,0,0,0,0,0,0,0,0,0,0,0,0,0,0,0,0,0,0,0,0,0,0,0,0,0,0,0,0,0,0,0,0,0,0,0,0,0,0,0,0,0,0,0,0,0,0,0,0,0,0,0,0,0,0,0,0,0,0,0,0,0,0,0,0,0,0,0,0,0,0,0,0,0,0,0,0,0,0,0,0,0,0,0,0,0,0,0,0,0,0,0,0,0,0,0,0,0,0,0,0,0,0,0,0,0,0,0,0,0,0,0,0,0,0,0,0,0,13,0,0,0,0,0,0,0,0,0,0,0,0,0,0,0,0,0,0,0,0,0,0,0,0,0,0,0,0,0,0,0,0,0,0,0,0,0,0,0,0,0,0,0,0,0,0,0,0,0,13,0,0,0,0,0,0,0,0,0,0
330574,29,114096,18124,1140,1,0,17185,591,397,856,18124,523,17,517,2423,504,780,191,367,2723,232,377,561,383,2641,235,390,575,394,2701,234,374,559,391,2646,233,393,577,387,2693,232,442,707,467,2731,234,6739,783,415,2769,234,376,559,451,2748,235,390,574,389,2699,232,377,563,389,2641,235,712,649,386,2717,235,376,568,393,2643,233,388,569,393,2700,233,377,565,393,2644,235,1161,663,392,2716,232,373,565,391,2643,233,6731,784,413,893,158,367,565,394,2645,237,531,0,0,0,0,0,0,0,0,0,0,0,0,0,0,0,0,0,0,0,0,0,0,0,0,0,0,0,0,0,0,0,0,0,0,0,0,0,0,0,0,0,0,0,0,0,0,0,0,0,0,0,0,0,0,0,0,0,0,0,0,0,0,0,0,0,0,0,0,0,0,0,0,0,0,0,0,0,0,0,0,0,0,0,0,0,0,0,0,0,0,0,0,0,0,0,0,0,0,0,0,0,0,0,0,0,0,0,0,0,0,0,0,0,0,0,0,0,0,0,0,0,0,0,0,0,0,0,0,0,0,0,0,0,0,0,0,0,0,0,0,0,0,0,0,0,0,0,0,0,0,0,0,0,0,0,0,0,0,0,0,0,0,0,0,0,0,0,0,0,0,0,0,0,0,0,0,0,0,0,0,0,0,0,0,0,0,0,0,0,0,0,0,0,0,0,0,0,0,0,0,0,0,0,0,0,0,0,0,0,0,0,0,0,0,0,0,0,0,0,0,0,0,0,0,0,0,0,0,0,0,0,0,0,0,0,0,0,0,0,13,0,0,0,0,0,0,0,0,0,0,0,0,0,0,0,0,0,0,0,0,0,0,0,0,0,0,0,0,0,0,0,0,0,0,0,0,0,0,0,0,0,0,0,0,0,0,0,0,0,13,0,0,0,0,0,0,0,0,0,0
331574,30,116456,18359,1164,1,0,17014,590,388,2698,18359,526,19,518,2419,506,782,191,370,2720,233,376,561,383,2639,235,390,576,391,2701,234,374,560,391,2644,233,393,573,389,2690,232,437,704,465,2730,234,6755,783,415,2770,234,376,559,388,2877,234,750,592,395,2711,233,378,556,384,2639,235,723,652,390,2724,235,375,562,389,2645,232,389,575,389,2707,234,376,560,389,2636,235,1161,663,392,2716,232,373,565,389,790,162,6698,783,414,2763,233,375,556,387,2643,235,391,0,0,0,0,0,0,0,0,0,0,0,0,0,0,0,0,0,0,0,0,0,0,0,0,0,0,0,0,0,0,0,0,0,0,0,0,0,0,0,0,0,0,0,0,0,0,0,0,0,0,0,0,0,0,0,0,0,0,0,0,0,0,0,0,0,0,0,0,0,0,0,0,0,0,0,0,0,0,0,0,0,0,0,0,0,0,0,0,0,0,0,0,0,0,0,0,0,0,0,0,0,0,0,0,0,0,0,0,0,0,0,0,0,0,0,0,0,0,0,0,0,0,0,0,0,0,0,0,0,0,0,0,0,0,0,0,0,0,0,0,0,0,0,0,0,0,0,0,0,0,0,0,0,0,0,0,0,0,0,0,0,0,0,0,0,0,0,0,0,0,0,0,0,0,0,0,0,0,0,0,0,0,0,0,0,0,0,0,0,0,0,0,0,0,0,0,0,0,0,0,0,0,0,0,0,0,0,0,0,0,0,0,0,0,0,0,0,0,0,0,0,0,0,0,0,0,0,0,0,0,0,0,0,0,0,0,0,0,0,13,0,0,0,0,0,0,0,0,0,0,0,0,0,0,0,0,0,0,0,0,0,0,0,0,0,0,0,0,0,0,0,0,0,0,0,0,0,0,0,0,0,0,0,0,0,0,0,0,0,13,0,0,0,0,0,0,0,0,0,0
332574,31,116088,18303,1160,1,0,17195,584,393,2702,18303,522,19,519,2410,504,786,193,367,2727,233,376,561,383,2639,235,390,576,391,2703,234,374,560,391,2644,233,393,573,389,2690,232,441,704,466,2730,234,6729,783,418,2772,234,376,558,385,2644,243,540,637,404,2729,233,376,555,384,2644,235,715,653,390,2668,231,376,565,387,2585,227,395,577,393,2647,228,380,560,389,792,158,1172,620,381,2712,232,375,558,388,2585,227,6826,784,414,2701,231,378,562,387,2579,230,747,0,0,0,0,0,0,0,0,0,0,0,0,0,0,0,0,0,0,0,0,0,0,0,0,0,0,0,0,0,0,0,0,0,0,0,0,0,0,0,0,0,0,0,0,0,0,0,0,0,0,0,0,0,0,0,0,0,0,0,0,0,0,0,0,0,0,0,0,0,0,0,0,0,0,0,0,0,0,0,0,0,0,0,0,0,0,0,0,0,0,0,0,0,0,0,0,0,0,0,0,0,0,0,0,0,0,0,0,0,0,0,0,0,0,0,0,0,0,0,0,0,0,0,0,0,0,0,0,0,0,0,0,0,0,0,0,0,0,0,0,0,0,0,0,0,0,0,0,0,0,0,0,0,0,0,0,0,0,0,0,0,0,0,0,0,0,0,0,0,0,0,0,0,0,0,0,0,0,0,0,0,0,0,0,0,0,0,0,0,0,0,0,0,0,0,0,0,0,0,0,0,0,0,0,0,0,0,0,0,0,0,0,0,0,0,0,0,0,0,0,0,0,0,0,0,0,0,0,0,0,0,0,0,0,0,0,0,0,0,13,0,0,0,0,0,0,0,0,0,0,0,0,0,0,0,0,0,0,0,0,0,0,0,0,0,0,0,0,0,0,0,0,0,0,0,0,0,0,0,0,0,0,0,0,0,0,0,0,0,13,0,0,0,0,0,0,0,0,0,0
333574,32,116002,18357,1160,1,0,17133,592,391,2644,18357,525,18,518,2354,502,786,193,366,2667,230,376,566,383,2634,235,390,579,394,2701,231,375,560,391,2636,232,393,577,387,2692,230,435,691,462,2719,234,6821,782,415,2768,234,376,559,388,2643,232,422,675,402,2726,234,376,561,386,2641,235,716,647,386,2715,234,375,564,388,2642,233,388,573,393,847,161,358,554,408,2643,234,1162,668,392,2710,234,374,564,388,2644,232,6741,784,413,2755,233,375,559,387,2641,235,530,0,0,0,0,0,0,0,0,0,0,0,0,0,0,0,0,0,0,0,0,0,0,0,0,0,0,0,0,0,0,0,0,0,0,0,0,0,0,0,0,0,0,0,0,0,0,0,0,0,0,0,0,0,0,0,0,0,0,0,0,0,0,0,0,0,0,0,0,0,0,0,0,0,0,0,0,0,0,0,0,0,0,0,0,0,0,0,0,0,0,0,0,0,0,0,0,0,0,0,0,0,0,0,0,0,0,0,0,0,0,0,0,0,0,0,0,0,0,0,0,0,0,0,0,0,0,0,0,0,0,0,0,0,0,0,0,0,0,0,0,0,0,0,0,0,0,0,0,0,0,0,0,0,0,0,0,0,0,0,0,0,0,0,0,0,0,0,0,0,0,0,0,0,0,0,0,0,0,0,0,0,0,0,0,0,0,0,0,0,0,0,0,0,0,0,0,0,0,0,0,0,0,0,0,0,0,0,0,0,0,0,0,0,0,0,0,0,0,0,0,0,0,0,0,0,0,0,0,0,0,0,0,0,0,0,0,0,0,0,13,0,0,0,0,0,0,0,0,0,0,0,0,0,0,0,0,0,0,0,0,0,0,0,0,0,0,0,0,0,0,0,0,0,0,0,0,0,0,0,0,0,0,0,0,0,0,0,0,0,13,0,0,0,0,0,0,0,0,0,0
334574,33,115398,18311,1153,1,0,17200,586,447,2772,18311,522,18,519,2353,502,786,193,366,2666,230,376,566,383,2575,230,396,585,389,2638,228,378,566,390,2579,226,396,584,391,2631,227,379,595,503,2760,232,6871,786,415,2713,231,377,567,388,2581,226,751,590,392,2647,227,379,568,383,2582,230,726,647,398,869,163,359,550,394,2648,233,388,577,393,2643,228,379,569,393,2583,229,1165,666,389,2660,230,378,570,387,2578,228,6747,784,414,2696,231,378,562,384,2580,230,394,0,0,0,0,0,0,0,0,0,0,0,0,0,0,0,0,0,0,0,0,0,0,0,0,0,0,0,0,0,0,0,0,0,0,0,0,0,0,0,0,0,0,0,0,0,0,0,0,0,0,0,0,0,0,0,0,0,0,0,0,0,0,0,0,0,0,0,0,0,0,0,0,0,0,0,0,0,0,0,0,0,0,0,0,0,0,0,0,0,0,0,0,0,0,0,0,0,0,0,0,0,0,0,0,0,0,0,0,0,0,0,0,0,0,0,0,0,0,0,0,0,0,0,0,0,0,0,0,0,0,0,0,0,0,0,0,0,0,0,0,0,0,0,0,0,0,0,0,0,0,0,0,0,0,0,0,0,0,0,0,0,0,0,0,0,0,0,0,0,0,0,0,0,0,0,0,0,0,0,0,0,0,0,0,0,0,0,0,0,0,0,0,0,0,0,0,0,0,0,0,0,0,0,0,0,0,0,0,0,0,0,0,0,0,0,0,0,0,0,0,0,0,0,0,0,0,0,0,0,0,0,0,0,0,0,0,0,0,0,13,0,0,0,0,0,0,0,0,0,0,0,0,0,0,0,0,0,0,0,0,0,0,0,0,0,0,0,0,0,0,0,0,0,0,0,0,0,0,0,0,0,0,0,0,0,0,0,0,0,13,0,0,0,0,0,0,0,0,0,0
335574,34,115492,18328,1154,1,0,17142,585,393,2641,18328,525,18,518,2353,502,786,193,366,2666,230,376,566,383,2574,230,395,585,389,2638,228,378,566,390,2580,226,396,584,391,2693,232,433,691,462,2667,232,6800,783,415,2708,231,377,567,388,2636,232,530,585,393,2649,229,379,562,384,793,159,738,629,392,2637,232,376,575,388,2581,227,394,572,391,2693,231,376,560,389,2588,231,1161,663,391,2665,231,377,568,387,2636,231,6777,785,413,2701,231,378,562,387,2580,230,749,0,0,0,0,0,0,0,0,0,0,0,0,0,0,0,0,0,0,0,0,0,0,0,0,0,0,0,0,0,0,0,0,0,0,0,0,0,0,0,0,0,0,0,0,0,0,0,0,0,0,0,0,0,0,0,0,0,0,0,0,0,0,0,0,0,0,0,0,0,0,0,0,0,0,0,0,0,0,0,0,0,0,0,0,0,0,0,0,0,0,0,0,0,0,0,0,0,0,0,0,0,0,0,0,0,0,0,0,0,0,0,0,0,0,0,0,0,0,0,0,0,0,0,0,0,0,0,0,0,0,0,0,0,0,0,0,0,0,0,0,0,0,0,0,0,0,0,0,0,0,0,0,0,0,0,0,0,0,0,0,0,0,0,0,0,0,0,0,0,0,0,0,0,0,0,0,0,0,0,0,0,0,0,0,0,0,0,0,0,0,0,0,0,0,0,0,0,0,0,0,0,0,0,0,0,0,0,0,0,0,0,0,0,0,0,0,0,0,0,0,0,0,0,0,0,0,0,0,0,0,0,0,0,0,0,0,0,0,0,13,0,0,0,0,0,0,0,0,0,0,0,0,0,0,0,0,0,0,0,0,0,0,0,0,0,0,0,0,0,0,0,0,0,0,0,0,0,0,0,0,0,0,0,0,0,0,0,0,0,13,0,0,0,0,0,0,0,0,0,0
336574,35,115104,18284,1151,1,0,17167,590,392,2644,18284,522,19,519,2352,502,786,193,366,2666,230,376,566,383,2574,230,396,585,389,2642,228,378,566,390,2578,227,396,583,390,2694,232,430,690,462,2667,231,6708,783,418,2769,234,376,558,385,791,160,371,547,397,2639,227,380,566,383,2647,235,715,655,387,2666,230,376,562,386,2589,225,394,574,393,2705,231,377,560,389,2638,235,1155,662,392,2667,230,377,568,387,2585,227,6788,784,414,2700,232,378,562,387,2636,234,530,0,0,0,0,0,0,0,0,0,0,0,0,0,0,0,0,0,0,0,0,0,0,0,0,0,0,0,0,0,0,0,0,0,0,0,0,0,0,0,0,0,0,0,0,0,0,0,0,0,0,0,0,0,0,0,0,0,0,0,0,0,0,0,0,0,0,0,0,0,0,0,0,0,0,0,0,0,0,0,0,0,0,0,0,0,0,0,0,0,0,0,0,0,0,0,0,0,0,0,0,0,0,0,0,0,0,0,0,0,0,0,0,0,0,0,0,0,0,0,0,0,0,0,0,0,0,0,0,0,0,0,0,0,0,0,0,0,0,0,0,0,0,0,0,0,0,0,0,0,0,0,0,0,0,0,0,0,0,0,0,0,0,0,0,0,0,0,0,0,0,0,0,0,0,0,0,0,0,0,0,0,0,0,0,0,0,0,0,0,0,0,0,0,0,0,0,0,0,0,0,0,0,0,0,0,0,0,0,0,0,0,0,0,0,0,0,0,0,0,0,0,0,0,0,0,0,0,0,0,0,0,0,0,0,0,0,0,0,0,13,0,0,0,0,0,0,0,0,0,0,0,0,0,0,0,0,0,0,0,0,0,0,0,0,0,0,0,0,0,0,0,0,0,0,0,0,0,0,0,0,0,0,0,0,0,0,0,0,0,13,0,0,0,0,0,0,0,0,0,0
337574,36,115694,18377,1156,1,0,17123,585,395,2701,18377,527,19,519,2352,502,786,193,366,2666,230,376,566,383,2575,230,396,585,389,2638,228,378,566,390,2639,233,393,576,387,2693,230,449,702,464,2669,229,6788,784,418,905,161,365,571,396,2578,231,752,598,395,2649,227,380,571,383,2641,234,719,656,388,2712,234,373,563,387,2585,228,394,577,393,2650,229,380,560,388,2587,229,1161,662,388,2662,231,377,569,387,2634,230,6772,785,413,2759,232,376,557,387,2644,235,392,0,0,0,0,0,0,0,0,0,0,0,0,0,0,0,0,0,0,0,0,0,0,0,0,0,0,0,0,0,0,0,0,0,0,0,0,0,0,0,0,0,0,0,0,0,0,0,0,0,0,0,0,0,0,0,0,0,0,0,0,0,0,0,0,0,0,0,0,0,0,0,0,0,0,0,0,0,0,0,0,0,0,0,0,0,0,0,0,0,0,0,0,0,0,0,0,0,0,0,0,0,0,0,0,0,0,0,0,0,0,0,0,0,0,0,0,0,0,0,0,0,0,0,0,0,0,0,0,0,0,0,0,0,0,0,0,0,0,0,0,0,0,0,0,0,0,0,0,0,0,0,0,0,0,0,0,0,0,0,0,0,0,0,0,0,0,0,0,0,0,0,0,0,0,0,0,0,0,0,0,0,0,0,0,0,0,0,0,0,0,0,0,0,0,0,0,0,0,0,0,0,0,0,0,0,0,0,0,0,0,0,0,0,0,0,0,0,0,0,0,0,0,0,0,0,0,0,0,0,0,0,0,0,0,0,0,0,0,0,13,0,0,0,0,0,0,0,0,0,0,0,0,0,0,0,0,0,0,0,0,0,0,0,0,0,0,0,0,0,0,0,0,0,0,0,0,0,0,0,0,0,0,0,0,0,0,0,0,0,13,0,0,0,0,0,0,0,0,0,0
338574,37,115797,18276,1157,1,0,17208,584,393,2644,18276,522,19,519,2362,502,787,193,366,2728,233,376,556,383,2643,235,390,578,394,2644,228,376,558,390,2589,227,397,575,391,2636,227,440,690,478,942,156,6761,782,418,2768,234,376,559,386,2643,233,531,589,391,2644,227,379,561,384,2584,230,725,648,394,2717,233,375,558,388,2589,228,394,574,391,2651,228,380,556,388,2645,235,1157,662,389,2716,234,374,567,388,2645,232,6757,784,413,2755,233,375,559,387,2587,230,749,0,0,0,0,0,0,0,0,0,0,0,0,0,0,0,0,0,0,0,0,0,0,0,0,0,0,0,0,0,0,0,0,0,0,0,0,0,0,0,0,0,0,0,0,0,0,0,0,0,0,0,0,0,0,0,0,0,0,0,0,0,0,0,0,0,0,0,0,0,0,0,0,0,0,0,0,0,0,0,0,0,0,0,0,0,0,0,0,0,0,0,0,0,0,0,0,0,0,0,0,0,0,0,0,0,0,0,0,0,0,0,0,0,0,0,0,0,0,0,0,0,0,0,0,0,0,0,0,0,0,0,0,0,0,0,0,0,0,0,0,0,0,0,0,0,0,0,0,0,0,0,0,0,0,0,0,0,0,0,0,0,0,0,0,0,0,0,0,0,0,0,0,0,0,0,0,0,0,0,0,0,0,0,0,0,0,0,0,0,0,0,0,0,0,0,0,0,0,0,0,0,0,0,0,0,0,0,0,0,0,0,0,0,0,0,0,0,0,0,0,0,0,0,0,0,0,0,0,0,0,0,0,0,0,0,0,0,0,0,13,0,0,0,0,0,0,0,0,0,0,0,0,0,0,0,0,0,0,0,0,0,0,0,0,0,0,0,0,0,0,0,0,0,0,0,0,0,0,0,0,0,0,0,0,0,0,0,0,0,13,0,0,0,0,0,0,0,0,0,0
339574,38,132851,18302,1328,2,0,17112,590,392,2710,18302,522,18,518,2361,502,787,193,366,2666,230,376,566,383,2575,230,396,585,389,2641,228,378,566,390,794,157,378,554,389,2626,228,379,688,468,2758,234,6764,783,414,2716,231,377,567,388,2637,232,390,579,395,2649,229,379,563,384,2582,231,725,649,392,2665,231,377,563,389,2588,225,396,576,393,2653,228,378,560,388,2583,230,1161,663,391,9269,234,375,569,392,2596,231,6849,789,414,13643,400,54,494,530,2436,517,652,0,0,0,0,0,0,0,0,0,0,0,0,0,0,0,0,0,0,0,0,0,0,0,0,0,0,0,0,0,0,0,0,0,0,0,0,0,0,0,0,0,0,0,0,0,0,0,0,0,0,0,0,0,0,0,0,0,0,0,0,0,0,0,0,0,0,0,0,0,0,0,0,0,0,0,0,0,0,0,0,0,8,8,8,8,8,8,8,8,8,8,8,0,0,0,0,0,0,0,0,0,0,0,0,0,0,0,0,0,0,0,0,0,0,0,0,0,0,0,0,0,0,0,0,0,0,0,0,0,0,0,0,0,0,0,0,0,0,0,0,0,0,0,0,0,0,0,0,0,0,0,0,0,0,0,0,0,0,0,0,0,0,0,0,0,0,0,0,0,0,0,0,0,0,0,0,0,0,0,0,0,0,8,0,0,0,0,0,0,0,0,0,8,0,0,0,0,0,0,0,0,0,0,0,0,0,0,0,0,0,0,0,0,0,0,0,0,0,0,0,0,0,0,0,0,0,0,0,0,0,0,0,0,0,0,0,0,0,0,13,0,0,0,0,0,0,0,0,0,0,0,0,0,0,0,0,0,0,0,0,0,0,0,0,0,0,0,0,0,0,0,0,0,0,0,0,0,0,0,0,0,0,13,0,0,0,0,0,0,13,0,0,20,0,0,0,0,0,0,0
340574,39,139899,18623,1398,1,0,17139,134,359,3162,18623,522,19,527,2430,505,788,243,389,3226,233,378,553,386,2963,239,390,572,386,849,168,357,554,406,2648,233,569,652,392,2848,238,379,686,464,2817,241,6102,781,6875,2979,234,374,772,418,2892,233,739,639,411,2762,425,419,657,398,2599,238,875,6786,490,3006,235,374,943,425,2742,348,401,667,413,2689,237,381,568,390,3407,251,1170,671,391,2718,240,378,557,390,2825,248,6841,793,414,2754,251,379,6700,498,2754,397,427,0,0,0,0,0,0,0,0,0,0,0,0,0,0,0,0,0,0,0,0,0,0,0,0,0,0,0,0,0,0,0,1,1,1,1,1,1,1,1,1,1,0,0,0,0,0,0,0,0,0,0,0,1,1,1,1,1,1,1,1,0,0,0,0,0,0,0,1,1,1,1,1,1,1,1,1,1,1,1,1,1,1,1,1,1,1,1,1,1,1,1,1,1,1,1,0,0,0,0,0,0,0,0,0,0,0,0,0,0,0,0,0,0,0,0,0,0,0,0,0,0,0,0,0,0,0,0,0,0,0,0,0,1,0,0,0,0,0,0,0,0,1,0,0,0,0,0,0,0,0,0,0,0,1,0,0,0,0,0,0,1,0,0,0,0,0,0,0,1,0,0,0,0,0,0,0,0,0,0,0,0,0,0,0,0,0,0,0,0,0,0,0,0,0,0,1,0,0,0,0,0,0,0,0,0,0,0,0,0,0,0,0,0,0,0,0,0,0,0,0,0,0,0,0,0,0,0,0,0,0,0,0,0,0,0,0,0,0,0,20,0,20,0,0,0,0,0,0,0,0,0,0,0,0,0,0,0,0,0,0,20,0,0,0,0,0,0,0,0,0,0,0,0,0,0,0,0,0,0,0,0,0,0,0,0,0,0,0,0,20,0,0,0,0,0,20,0,0,0,0
341574,40,133193,18326,1331,2,0,17263,693,391,3037,18326,525,18,570,2449,511,923,218,377,881,166,561,638,395,2892,6732,520,633,391,2721,233,375,561,572,2812,236,392,578,386,2705,231,375,685,467,2797,233,6256,786,418,2773,232,372,558,384,2643,232,10903,683,21,2684,633,155,353,402,2418,675,876,212,371,2996,234,374,560,439,2691,234,388,574,386,2700,233,376,561,389,2645,235,1157,667,387,2714,234,374,567,388,2645,232,5343,783,417,2695,248,376,606,393,2666,265,775,0,0,0,0,0,0,0,0,1,1,1,1,1,1,1,1,1,1,0,0,0,0,0,0,0,0,0,0,0,0,0,0,0,0,0,0,0,0,16,16,16,16,16,16,16,16,16,16,16,0,0,0,0,0,0,0,0,0,0,0,0,0,0,0,0,0,0,0,0,0,0,0,0,0,0,0,0,0,0,0,0,0,0,0,0,0,0,0,0,0,0,0,0,0,0,0,0,0,0,0,0,0,0,0,0,0,0,0,0,1,0,0,0,0,0,0,0,0,1,0,0,0,0,0,0,0,0,0,0,0,0,0,0,0,0,0,0,0,0,16,0,0,0,0,0,0,0,0,0,16,0,0,0,0,0,0,0,0,0,0,0,0,0,0,0,0,0,0,0,0,0,0,0,0,0,0,0,0,0,0,0,0,0,0,0,0,0,0,0,0,0,0,0,0,0,0,0,0,0,0,0,0,0,0,0,0,0,0,0,0,0,0,0,0,0,0,0,0,20,0,0,0,0,0,0,0,0,0,0,0,0,0,0,0,0,0,0,0,0,20,0,0,0,0,0,0,0,0,0,20,0,0,0,0,0,0,0,0,0,0,0,0,0,0,0,0,0,0,0,0,0,0,0,0,0,0,0,0,0,0,0,0,0,0,0,0,0,0,0,20,0,0,0,0,0,0,0,0,0,0
342574,41,114311,18046,1143,1,0,17153,636,388,858,18046,532,18,514,2354,502,784,194,367,2669,230,376,568,385,2634,236,390,580,394,2697,231,374,560,391,2586,227,397,578,391,2638,227,570,730,479,2802,240,5347,781,538,2863,259,467,661,566,2756,236,394,587,393,2703,229,376,561,385,2896,319,829,684,400,2651,230,377,569,388,2580,227,395,1149,465,2805,228,378,566,494,2729,230,1164,798,401,3023,238,377,598,496,2735,232,5341,785,536,2794,230,380,832,399,811,154,523,0,0,0,0,0,0,0,0,0,0,0,0,0,0,0,0,0,0,0,0,0,0,0,0,0,0,0,0,0,0,0,0,0,0,0,0,0,0,0,0,0,0,0,0,0,0,0,0,0,0,0,0,0,0,0,0,0,0,0,0,0,0,0,0,0,0,0,0,0,0,0,0,0,0,0,0,0,0,0,0,0,0,0,0,0,0,0,0,0,0,0,0,0,0,0,0,0,0,0,0,0,0,0,0,0,0,0,0,0,0,0,0,0,0,0,0,0,0,0,0,0,0,0,0,0,0,0,0,0,0,0,0,0,0,0,0,0,0,0,0,0,0,0,0,0,0,0,0,0,0,0,0,0,0,0,0,0,0,0,0,0,0,0,0,0,0,0,0,0,0,0,0,0,0,0,0,0,0,0,0,0,0,0,0,0,0,0,0,0,0,0,0,0,0,0,0,0,0,0,0,0,0,0,0,0,0,0,0,0,0,0,0,0,0,0,0,0,0,0,0,0,0,0,0,0,0,0,0,0,0,0,0,0,0,0,0,0,0,0,20,0,0,0,0,0,0,0,0,0,0,0,0,0,0,0,0,0,0,0,0,0,0,0,0,0,0,0,0,0,0,0,0,0,0,0,0,0,0,0,0,0,0,0,0,0,0,0,0,0,20,0,0,0,0,0,0,0,0,0,0
343574,42,115543,18443,1155,1,0,16942,577,403,2710,18443,525,19,516,2519,513,783,191,372,2723,232,466,677,406,2679,233,567,643,391,2676,261,457,669,384,2611,231,398,583,549,2857,233,476,730,498,2721,229,5354,784,417,2706,268,381,641,391,2666,233,743,596,395,2710,233,377,828,399,2677,237,715,653,390,2710,258,376,658,378,2915,236,387,574,386,2707,233,377,564,389,2641,236,1158,666,392,2708,233,374,564,388,2643,233,5341,787,417,892,154,370,579,396,2649,238,391,0,0,0,0,0,0,0,0,0,0,0,0,0,0,0,0,0,0,0,0,0,0,0,0,0,0,0,0,0,0,0,0,0,0,0,0,0,0,0,0,0,0,0,0,0,0,0,0,0,0,0,0,0,0,0,0,0,0,0,0,0,0,0,0,0,0,0,0,0,0,0,0,0,0,0,0,0,0,0,0,0,0,0,0,0,0,0,0,0,0,0,0,0,0,0,0,0,0,0,0,0,0,0,0,0,0,0,0,0,0,0,0,0,0,0,0,0,0,0,0,0,0,0,0,0,0,0,0,0,0,0,0,0,0,0,0,0,0,0,0,0,0,0,0,0,0,0,0,0,0,0,0,0,0,0,0,0,0,0,0,0,0,0,0,0,0,0,0,0,0,0,0,0,0,0,0,0,0,0,0,0,0,0,0,0,0,0,0,0,0,0,0,0,0,0,0,0,0,0,0,0,0,0,0,0,0,0,0,0,0,0,0,0,0,0,0,0,0,0,0,0,0,0,0,0,0,0,0,0,0,0,0,0,0,0,0,0,0,0,20,0,0,0,0,0,0,0,0,0,0,0,0,0,0,0,0,0,0,0,0,0,0,0,0,0,0,0,0,0,0,0,0,0,0,0,0,0,0,0,0,0,0,0,0,0,0,0,0,0,20,0,0,0,0,0,0,0,0,0,0
344574,43,114625,18351,1146,1,0,17277,582,387,2693,18351,526,18,519,2422,504,783,191,369,2721,233,376,562,383,2639,235,390,577,394,2700,234,374,561,391,2645,233,393,574,387,2691,232,387,708,486,2310,615,5227,493,551,2505,511,467,149,364,2641,235,529,586,388,2697,232,377,567,385,2637,235,721,652,384,2716,234,375,560,387,2643,233,388,572,393,2701,234,376,1826,54,2876,644,964,384,468,616,394,663,164,373,3068,260,5349,783,419,2756,234,453,690,403,2683,234,746,0,0,0,0,0,0,0,0,0,0,0,0,0,0,0,0,0,0,0,0,0,0,0,0,0,0,0,0,0,0,0,0,0,0,0,0,0,0,0,0,0,0,0,0,0,0,0,0,0,0,0,0,0,0,0,0,0,0,0,0,0,0,0,0,0,0,0,0,0,0,0,0,0,0,0,0,0,0,0,0,0,0,0,0,0,0,0,0,0,0,0,0,0,0,0,0,0,0,0,0,0,0,0,0,0,0,0,0,0,0,0,0,0,0,0,0,0,0,0,0,0,0,0,0,0,0,0,0,0,0,0,0,0,0,0,0,0,0,0,0,0,0,0,0,0,0,0,0,0,0,0,0,0,0,0,0,0,0,0,0,0,0,0,0,0,0,0,0,0,0,0,0,0,0,0,0,0,0,0,0,0,0,0,0,0,0,0,0,0,0,0,0,0,0,0,0,0,0,0,0,0,0,0,0,0,0,0,0,0,0,0,0,0,0,0,0,0,0,0,0,0,0,0,0,0,0,0,0,0,0,0,0,0,0,0,0,0,0,0,20,0,0,0,0,0,0,0,0,0,0,0,0,0,0,0,0,0,0,0,0,0,0,0,0,0,0,0,0,0,0,0,0,0,0,0,0,0,0,0,0,0,0,0,0,0,0,0,0,0,20,0,0,0,0,0,0,0,0,0,0
345574,44,119567,20082,1195,1,0,17166,830,431,2777,20082,541,625,414,2662,235,723,648,546,2904,235,374,561,398,2646,233,391,574,388,2693,267,377,779,417,2754,236,395,572,384,2699,234,374,810,481,2821,235,5428,783,401,2720,233,374,562,392,2954,236,531,580,387,2697,234,374,565,396,2638,233,936,659,404,2711,234,374,568,389,2641,262,403,647,550,2870,236,374,633,402,2684,236,1158,667,390,2710,325,421,653,414,2723,239,5403,779,402,853,158,368,1014,476,2757,236,744,0,0,0,0,0,0,0,0,0,0,0,0,0,0,0,0,0,0,0,0,0,0,0,0,0,0,0,0,0,0,0,0,0,0,0,0,0,0,0,0,0,0,0,0,0,0,0,0,0,0,0,0,0,0,0,0,0,0,0,0,0,0,0,0,0,0,0,0,0,0,0,0,0,0,0,0,0,0,0,0,0,0,0,0,0,0,0,0,0,0,0,0,0,0,0,0,0,0,0,0,0,0,0,0,0,0,0,0,0,0,0,0,0,0,0,0,0,0,0,0,0,0,0,0,0,0,0,0,0,0,0,0,0,0,0,0,0,0,0,0,0,0,0,0,0,0,0,0,0,0,0,0,0,0,0,0,0,0,0,0,0,0,0,0,0,0,0,0,0,0,0,0,0,0,0,0,0,0,0,0,0,0,0,0,0,0,0,0,0,0,0,0,0,0,0,0,0,0,0,0,0,0,0,0,0,0,0,0,0,0,0,0,0,0,0,0,0,0,0,0,0,0,0,0,0,0,0,0,0,0,0,0,0,0,0,0,0,0,0,20,0,0,0,0,0,0,0,0,0,0,0,0,0,0,0,0,0,0,0,0,0,0,0,0,0,0,0,0,0,0,0,0,0,0,0,0,0,0,0,0,0,0,0,0,0,0,0,0,0,20,0,0,0,0,0,0,0,0,0,0
346584,45,114740,18350,1147,1,0,18915,599,401,2707,18350,529,18,516,2707,513,793,187,367,2727,237,374,555,391,2647,234,390,570,391,2699,233,374,564,389,2646,232,395,568,389,2693,234,427,692,467,2737,237,5724,782,399,2715,233,468,680,415,2675,232,393,576,387,2702,233,374,570,396,2646,231,720,649,387,2718,233,376,566,398,2654,233,392,566,386,2702,236,374,637,398,2688,234,1157,805,409,2727,233,374,561,392,795,161,5696,785,399,2719,236,374,555,391,2650,233,531,0,0,0,0,0,0,0,0,0,0,0,0,0,0,0,0,0,0,0,0,0,0,0,0,0,0,0,0,0,0,0,0,0,0,0,0,0,0,0,0,0,0,0,0,0,0,0,0,0,0,0,0,0,0,0,0,0,0,0,0,0,0,0,0,0,0,0,0,0,0,0,0,0,0,0,0,0,0,0,0,0,0,0,0,0,0,0,0,0,0,0,0,0,0,0,0,0,0,0,0,0,0,0,0,0,0,0,0,0,0,0,0,0,0,0,0,0,0,0,0,0,0,0,0,0,0,0,0,0,0,0,0,0,0,0,0,0,0,0,0,0,0,0,0,0,0,0,0,0,0,0,0,0,0,0,0,0,0,0,0,0,0,0,0,0,0,0,0,0,0,0,0,0,0,0,0,0,0,0,0,0,0,0,0,0,0,0,0,0,0,0,0,0,0,0,0,0,0,0,0,0,0,0,0,0,0,0,0,0,0,0,0,0,0,0,0,0,0,0,0,0,0,0,0,0,0,0,0,0,0,0,0,0,0,0,0,0,0,0,20,0,0,0,0,0,0,0,0,0,0,0,0,0,0,0,0,0,0,0,0,0,0,0,0,0,0,0,0,0,0,0,0,0,0,0,0,0,0,0,0,0,0,0,0,0,0,0,0,0,20,0,0,0,0,0,0,0,0,0,0
347584,46,117686,18329,1176,1,0,17180,593,393,2704,18329,528,19,517,2414,506,788,190,366,2722,234,375,562,551,2776,235,390,773,487,2833,233,453,775,408,2682,270,496,786,397,2724,236,443,697,45,2709,718,5546,552,530,2482,511,464,152,364,2668,228,751,591,395,2969,228,378,563,389,2641,233,721,788,500,2803,383,543,669,400,2670,238,389,573,385,2694,261,468,665,576,998,174,1162,625,398,2789,231,377,766,422,2685,491,5855,790,397,2728,256,454,664,393,2685,237,391,0,0,0,0,0,0,0,0,0,0,0,0,0,0,0,0,0,0,0,0,0,0,0,0,0,0,0,0,0,0,0,0,0,0,0,0,0,0,0,0,0,0,0,0,0,0,0,0,0,0,0,0,0,0,0,0,0,0,0,0,0,0,0,0,0,0,0,0,0,0,0,0,0,0,0,0,0,0,0,0,0,0,0,0,0,0,0,0,0,0,0,0,0,0,0,0,0,0,0,0,0,0,0,0,0,0,0,0,0,0,0,0,0,0,0,0,0,0,0,0,0,0,0,0,0,0,0,0,0,0,0,0,0,0,0,0,0,0,0,0,0,0,0,0,0,0,0,0,0,0,0,0,0,0,0,0,0,0,0,0,0,0,0,0,0,0,0,0,0,0,0,0,0,0,0,0,0,0,0,0,0,0,0,0,0,0,0,0,0,0,0,0,0,0,0,0,0,0,0,0,0,0,0,0,0,0,0,0,0,0,0,0,0,0,0,0,0,0,0,0,0,0,0,0,0,0,0,0,0,0,0,0,0,0,0,0,0,0,0,20,0,0,0,0,0,0,0,0,0,0,0,0,0,0,0,0,0,0,0,0,0,0,0,0,0,0,0,0,0,0,0,0,0,0,0,0,0,0,0,0,0,0,0,0,0,0,0,0,0,20,0,0,0,0,0,0,0,0,0,0
348584,47,117954,19092,1179,1,0,17163,825,551,2857,19092,530,15,500,2537,510,791,188,368,3138,239,454,682,434,2724,235,390,566,382,2712,229,375,834,402,2679,237,394,575,388,2695,241,451,26,603,2614,520,6459,239,377,2826,259,385,685,396,2676,235,645,678,412,2724,233,373,563,390,2639,232,719,651,389,2711,232,374,564,390,2642,233,390,578,394,852,164,357,556,410,2647,232,1158,671,393,2718,234,374,784,417,2676,231,6322,784,398,2708,236,374,559,391,2653,233,746,0,0,0,0,0,0,0,0,0,0,0,0,0,0,0,0,0,0,0,0,0,0,0,0,0,0,0,0,0,0,0,0,0,0,0,0,0,0,0,0,0,0,0,0,0,0,0,0,0,0,0,0,0,0,0,0,0,0,0,0,0,0,0,0,0,0,0,0,0,0,0,0,0,0,0,0,0,0,0,0,0,0,0,0,0,0,0,0,0,0,0,0,0,0,0,0,0,0,0,0,0,0,0,0,0,0,0,0,0,0,0,0,0,0,0,0,0,0,0,0,0,0,0,0,0,0,0,0,0,0,0,0,0,0,0,0,0,0,0,0,0,0,0,0,0,0,0,0,0,0,0,0,0,0,0,0,0,0,0,0,0,0,0,0,0,0,0,0,0,0,0,0,0,0,0,0,0,0,0,0,0,0,0,0,0,0,0,0,0,0,0,0,0,0,0,0,0,0,0,0,0,0,0,0,0,0,0,0,0,0,0,0,0,0,0,0,0,0,0,0,0,0,0,0,0,0,0,0,0,0,0,0,0,0,0,0,0,0,0,20,0,0,0,0,0,0,0,0,0,0,0,0,0,0,0,0,0,0,0,0,0,0,0,0,0,0,0,0,0,0,0,0,0,0,0,0,0,0,0,0,0,0,0,0,0,0,0,0,0,20,0,0,0,0,0,0,0,0,0,0
349584,48,118445,18388,1184,1,0,17703,590,394,2696,18388,528,18,517,2413,506,789,190,366,2722,234,375,562,411,2712,235,390,567,521,2844,234,374,567,391,2651,234,395,575,386,2689,235,374,682,464,2797,242,6409,776,402,2728,233,375,561,391,2649,234,392,580,394,2696,235,374,565,391,3992,281,1030,775,483,1052,206,442,654,396,2674,231,391,782,408,2733,235,375,558,392,2649,233,1156,807,404,2717,229,375,565,388,2644,231,6387,837,396,2725,236,376,556,390,2647,233,531,0,0,0,0,0,0,0,0,0,0,0,0,0,0,0,0,0,0,0,0,0,0,0,0,0,0,0,0,0,0,0,0,0,0,0,0,0,0,0,0,0,0,0,0,0,0,0,0,0,0,0,0,0,0,0,0,0,0,0,0,0,0,0,0,0,0,0,0,0,0,0,0,0,0,0,0,0,0,0,0,0,0,0,0,0,0,0,0,0,0,0,0,0,0,0,0,0,0,0,0,0,0,0,0,0,0,0,0,0,0,0,0,0,0,0,0,0,0,0,0,0,0,0,0,0,0,0,0,0,0,0,0,0,0,0,0,0,0,0,0,0,0,0,0,0,0,0,0,0,0,0,0,0,0,0,0,0,0,0,0,0,0,0,0,0,0,0,0,0,0,0,0,0,0,0,0,0,0,0,0,0,0,0,0,0,0,0,0,0,0,0,0,0,0,0,0,0,0,0,0,0,0,0,0,0,0,0,0,0,0,0,0,0,0,0,0,0,0,0,0,0,0,0,0,0,0,0,0,0,0,0,0,0,0,0,0,0,0,0,20,0,0,0,0,0,0,0,0,0,0,0,0,0,0,0,0,0,0,0,0,0,0,0,0,0,0,0,0,0,0,0,0,0,0,0,0,0,0,0,0,0,0,0,0,0,0,0,0,0,20,0,0,0,0,0,0,0,0,0,0
350584,49,118394,18317,1183,1,0,17219,591,508,2860,18317,530,18,516,2417,506,790,207,486,2857,237,374,560,391,2652,234,391,569,517,2839,234,374,567,391,2647,234,419,646,396,2717,236,375,682,460,2791,248,6453,793,507,2884,233,374,563,388,2649,233,749,593,391,2968,238,376,559,390,874,154,1467,917,520,2938,231,375,559,389,2646,232,390,569,386,2696,235,374,570,389,2644,232,1157,668,394,2710,231,374,567,392,2648,233,6387,783,398,2710,236,374,559,391,2646,234,390,0,0,0,0,0,0,0,0,0,0,0,0,0,0,0,0,0,0,0,0,0,0,0,0,0,0,0,0,0,0,0,0,0,0,0,0,0,0,0,0,0,0,0,0,0,0,0,0,0,0,0,0,0,0,0,0,0,0,0,0,0,0,0,0,0,0,0,0,0,0,0,0,0,0,0,0,0,0,0,0,0,0,0,0,0,0,0,0,0,0,0,0,0,0,0,0,0,0,0,0,0,0,0,0,0,0,0,0,0,0,0,0,0,0,0,0,0,0,0,0,0,0,0,0,0,0,0,0,0,0,0,0,0,0,0,0,0,0,0,0,0,0,0,0,0,0,0,0,0,0,0,0,0,0,0,0,0,0,0,0,0,0,0,0,0,0,0,0,0,0,0,0,0,0,0,0,0,0,0,0,0,0,0,0,0,0,0,0,0,0,0,0,0,0,0,0,0,0,0,0,0,0,0,0,0,0,0,0,0,0,0,0,0,0,0,0,0,0,0,0,0,0,0,0,0,0,0,0,0,0,0,0,0,0,0,0,0,0,0,20,0,0,0,0,0,0,0,0,0,0,0,0,0,0,0,0,0,0,0,0,0,0,0,0,0,0,0,0,0,0,0,0,0,0,0,0,0,0,0,0,0,0,0,0,0,0,0,0,0,20,0,0,0,0,0,0,0,0,0,0
351584,50,115537,18356,1155,1,0,17150,586,395,2701,18356,529,18,516,2412,506,788,190,366,2722,234,375,562,389,2641,234,390,572,391,2700,233,374,567,389,2641,232,395,570,389,2690,234,374,687,465,2793,241,6453,780,400,2723,234,374,559,391,793,161,511,546,403,2695,234,375,565,390,2637,234,717,647,387,2711,232,375,559,390,2649,233,392,567,393,2702,236,374,568,389,2639,234,1160,671,393,2716,232,374,566,392,2642,234,6374,783,398,2717,236,374,558,391,2646,234,747,0,0,0,0,0,0,0,0,0,0,0,0,0,0,0,0,0,0,0,0,0,0,0,0,0,0,0,0,0,0,0,0,0,0,0,0,0,0,0,0,0,0,0,0,0,0,0,0,0,0,0,0,0,0,0,0,0,0,0,0,0,0,0,0,0,0,0,0,0,0,0,0,0,0,0,0,0,0,0,0,0,0,0,0,0,0,0,0,0,0,0,0,0,0,0,0,0,0,0,0,0,0,0,0,0,0,0,0,0,0,0,0,0,0,0,0,0,0,0,0,0,0,0,0,0,0,0,0,0,0,0,0,0,0,0,0,0,0,0,0,0,0,0,0,0,0,0,0,0,0,0,0,0,0,0,0,0,0,0,0,0,0,0,0,0,0,0,0,0,0,0,0,0,0,0,0,0,0,0,0,0,0,0,0,0,0,0,0,0,0,0,0,0,0,0,0,0,0,0,0,0,0,0,0,0,0,0,0,0,0,0,0,0,0,0,0,0,0,0,0,0,0,0,0,0,0,0,0,0,0,0,0,0,0,0,0,0,0,0,20,0,0,0,0,0,0,0,0,0,0,0,0,0,0,0,0,0,0,0,0,0,0,0,0,0,0,0,0,0,0,0,0,0,0,0,0,0,0,0,0,0,0,0,0,0,0,0,0,0,20,0,0,0,0,0,0,0,0,0,0
352584,51,115154,18402,1151,1,0,17190,590,394,2696,18402,525,19,516,2413,506,788,190,366,2719,234,375,562,389,2639,234,390,572,391,2699,233,374,567,389,2644,249,431,613,398,2719,235,374,564,469,2788,242,6387,781,400,861,157,364,562,394,2641,235,392,574,386,2692,236,374,568,398,2643,232,716,647,387,2715,233,376,566,398,2650,233,390,566,393,2695,236,374,571,396,2651,233,1161,668,395,2715,231,373,565,390,2645,233,6315,782,399,2711,236,374,559,391,2646,234,530,0,0,0,0,0,0,0,0,0,0,0,0,0,0,0,0,0,0,0,0,0,0,0,0,0,0,0,0,0,0,0,0,0,0,0,0,0,0,0,0,0,0,0,0,0,0,0,0,0,0,0,0,0,0,0,0,0,0,0,0,0,0,0,0,0,0,0,0,0,0,0,0,0,0,0,0,0,0,0,0,0,0,0,0,0,0,0,0,0,0,0,0,0,0,0,0,0,0,0,0,0,0,0,0,0,0,0,0,0,0,0,0,0,0,0,0,0,0,0,0,0,0,0,0,0,0,0,0,0,0,0,0,0,0,0,0,0,0,0,0,0,0,0,0,0,0,0,0,0,0,0,0,0,0,0,0,0,0,0,0,0,0,0,0,0,0,0,0,0,0,0,0,0,0,0,0,0,0,0,0,0,0,0,0,0,0,0,0,0,0,0,0,0,0,0,0,0,0,0,0,0,0,0,0,0,0,0,0,0,0,0,0,0,0,0,0,0,0,0,0,0,0,0,0,0,0,0,0,0,0,0,0,0,0,0,0,0,0,0,20,0,0,0,0,0,0,0,0,0,0,0,0,0,0,0,0,0,0,0,0,0,0,0,0,0,0,0,0,0,0,0,0,0,0,0,0,0,0,0,0,0,0,0,0,0,0,0,0,0,20,0,0,0,0,0,0,0,0,0,0
353584,52,115453,18381,1154,1,0,17237,591,396,2702,18381,528,18,516,2413,506,788,190,366,2719,234,375,562,389,2639,234,390,572,391,2700,233,374,567,389,2641,232,395,570,389,2691,234,374,563,473,944,215,6493,775,393,2727,234,374,564,391,2639,234,748,591,394,2703,234,374,560,390,2641,232,720,650,388,2725,232,375,560,392,2653,234,391,569,389,2706,235,374,562,389,2641,233,1154,667,389,2714,232,374,565,389,2636,233,6381,783,398,2714,235,374,558,391,2648,234,391,0,0,0,0,0,0,0,0,0,0,0,0,0,0,0,0,0,0,0,0,0,0,0,0,0,0,0,0,0,0,0,0,0,0,0,0,0,0,0,0,0,0,0,0,0,0,0,0,0,0,0,0,0,0,0,0,0,0,0,0,0,0,0,0,0,0,0,0,0,0,0,0,0,0,0,0,0,0,0,0,0,0,0,0,0,0,0,0,0,0,0,0,0,0,0,0,0,0,0,0,0,0,0,0,0,0,0,0,0,0,0,0,0,0,0,0,0,0,0,0,0,0,0,0,0,0,0,0,0,0,0,0,0,0,0,0,0,0,0,0,0,0,0,0,0,0,0,0,0,0,0,0,0,0,0,0,0,0,0,0,0,0,0,0,0,0,0,0,0,0,0,0,0,0,0,0,0,0,0,0,0,0,0,0,0,0,0,0,0,0,0,0,0,0,0,0,0,0,0,0,0,0,0,0,0,0,0,0,0,0,0,0,0,0,0,0,0,0,0,0,0,0,0,0,0,0,0,0,0,0,0,0,0,0,0,0,0,0,0,20,0,0,0,0,0,0,0,0,0,0,0,0,0,0,0,0,0,0,0,0,0,0,0,0,0,0,0,0,0,0,0,0,0,0,0,0,0,0,0,0,0,0,0,0,0,0,0,0,0,20,0,0,0,0,0,0,0,0,0,0
354584,53,115474,18338,1154,1,0,17214,589,393,2700,18338,529,18,516,2412,506,788,190,366,2719,234,375,562,389,2639,234,390,572,391,2700,233,374,567,389,792,162,378,553,390,2679,234,375,560,472,2803,240,6500,771,392,2726,234,376,565,391,2643,234,533,585,388,2705,235,374,559,390,2651,234,717,645,387,2717,230,375,558,390,2647,232,392,568,393,2707,236,374,563,391,2645,234,1156,667,393,2718,233,374,567,391,2641,234,6380,783,398,2714,235,374,558,391,2648,234,747,0,0,0,0,0,0,0,0,0,0,0,0,0,0,0,0,0,0,0,0,0,0,0,0,0,0,0,0,0,0,0,0,0,0,0,0,0,0,0,0,0,0,0,0,0,0,0,0,0,0,0,0,0,0,0,0,0,0,0,0,0,0,0,0,0,0,0,0,0,0,0,0,0,0,0,0,0,0,0,0,0,0,0,0,0,0,0,0,0,0,0,0,0,0,0,0,0,0,0,0,0,0,0,0,0,0,0,0,0,0,0,0,0,0,0,0,0,0,0,0,0,0,0,0,0,0,0,0,0,0,0,0,0,0,0,0,0,0,0,0,0,0,0,0,0,0,0,0,0,0,0,0,0,0,0,0,0,0,0,0,0,0,0,0,0,0,0,0,0,0,0,0,0,0,0,0,0,0,0,0,0,0,0,0,0,0,0,0,0,0,0,0,0,0,0,0,0,0,0,0,0,0,0,0,0,0,0,0,0,0,0,0,0,0,0,0,0,0,0,0,0,0,0,0,0,0,0,0,0,0,0,0,0,0,0,0,0,0,0,20,0,0,0,0,0,0,0,0,0,0,0,0,0,0,0,0,0,0,0,0,0,0,0,0,0,0,0,0,0,0,0,0,0,0,0,0,0,0,0,0,0,0,0,0,0,0,0,0,0,20,0,0,0,0,0,0,0,0,0,0
355584,54,115220,18393,1152,1,0,17168,590,394,2696,18393,525,18,516,2412,506,788,190,366,2719,234,375,562,389,2639,234,390,572,391,846,157,360,555,406,2637,233,395,576,384,2697,234,374,562,474,2851,239,6475,770,392,2723,235,375,565,389,2645,234,393,581,390,2703,235,374,559,393,2649,234,717,645,387,2718,230,374,558,390,2649,233,392,568,393,2706,236,374,562,391,2644,234,1156,667,393,2718,233,374,567,391,2643,233,6387,783,398,2713,236,374,558,391,2646,234,531,0,0,0,0,0,0,0,0,0,0,0,0,0,0,0,0,0,0,0,0,0,0,0,0,0,0,0,0,0,0,0,0,0,0,0,0,0,0,0,0,0,0,0,0,0,0,0,0,0,0,0,0,0,0,0,0,0,0,0,0,0,0,0,0,0,0,0,0,0,0,0,0,0,0,0,0,0,0,0,0,0,0,0,0,0,0,0,0,0,0,0,0,0,0,0,0,0,0,0,0,0,0,0,0,0,0,0,0,0,0,0,0,0,0,0,0,0,0,0,0,0,0,0,0,0,0,0,0,0,0,0,0,0,0,0,0,0,0,0,0,0,0,0,0,0,0,0,0,0,0,0,0,0,0,0,0,0,0,0,0,0,0,0,0,0,0,0,0,0,0,0,0,0,0,0,0,0,0,0,0,0,0,0,0,0,0,0,0,0,0,0,0,0,0,0,0,0,0,0,0,0,0,0,0,0,0,0,0,0,0,0,0,0,0,0,0,0,0,0,0,0,0,0,0,0,0,0,0,0,0,0,0,0,0,0,0,0,0,0,20,0,0,0,0,0,0,0,0,0,0,0,0,0,0,0,0,0,0,0,0,0,0,0,0,0,0,0,0,0,0,0,0,0,0,0,0,0,0,0,0,0,0,0,0,0,0,0,0,0,20,0,0,0,0,0,0,0,0,0,0
356584,55,114650,18332,1146,1,0,17225,594,391,2700,18332,529,18,517,2412,506,788,190,366,866,169,364,555,412,2641,232,391,575,388,2684,232,375,569,397,2649,233,395,574,389,2690,234,374,560,390,2821,250,6454,779,30,2764,629,140,354,399,2405,505,832,163,354,2708,234,374,561,390,2643,233,717,649,388,2719,231,375,563,392,2648,234,390,570,395,2697,236,374,562,388,2645,233,1157,666,390,2714,232,374,564,388,2643,232,6459,783,398,2710,236,374,559,391,2647,234,390,0,0,0,0,0,0,0,0,0,0,0,0,0,0,0,0,0,0,0,0,0,0,0,0,0,0,0,0,0,0,0,0,0,0,0,0,0,0,0,0,0,0,0,0,0,0,0,0,0,0,0,0,0,0,0,0,0,0,0,0,0,0,0,0,0,0,0,0,0,0,0,0,0,0,0,0,0,0,0,0,0,0,0,0,0,0,0,0,0,0,0,0,0,0,0,0,0,0,0,0,0,0,0,0,0,0,0,0,0,0,0,0,0,0,0,0,0,0,0,0,0,0,0,0,0,0,0,0,0,0,0,0,0,0,0,0,0,0,0,0,0,0,0,0,0,0,0,0,0,0,0,0,0,0,0,0,0,0,0,0,0,0,0,0,0,0,0,0,0,0,0,0,0,0,0,0,0,0,0,0,0,0,0,0,0,0,0,0,0,0,0,0,0,0,0,0,0,0,0,0,0,0,0,0,0,0,0,0,0,0,0,0,0,0,0,0,0,0,0,0,0,0,0,0,0,0,0,0,0,0,0,0,0,0,0,0,0,0,0,20,0,0,0,0,0,0,0,0,0,0,0,0,0,0,0,0,0,0,0,0,0,0,0,0,0,0,0,0,0,0,0,0,0,0,0,0,0,0,0,0,0,0,0,0,0,0,0,0,0,20,0,0,0,0,0,0,0,0,0,0
357584,56,121517,23405,1215,1,0,17161,586,395,2699,23405,524,18,516,2413,510,786,191,366,2727,232,375,563,387,2639,233,390,578,394,853,160,363,553,401,2642,235,394,577,386,2696,234,374,565,389,2638,233,6429,806,478,2856,252,444,682,493,2721,239,530,581,388,2704,232,374,566,394,2643,233,783,650,394,2711,233,376,564,391,2646,235,564,697,406,2728,233,379,561,388,2639,233,1156,668,392,2716,231,375,566,390,2651,236,6579,782,398,2716,234,374,562,390,2644,233,748,0,0,0,0,0,0,0,0,0,0,0,0,0,0,0,0,0,0,0,0,0,0,0,0,0,0,0,0,0,0,0,0,0,0,0,0,0,0,0,0,0,0,0,0,0,0,0,0,0,0,0,0,0,0,0,0,0,0,0,0,0,0,0,0,0,0,0,0,0,0,0,0,0,0,0,0,0,0,0,0,0,0,0,0,0,0,0,0,0,0,0,0,0,0,0,0,0,0,0,0,0,0,0,0,0,0,0,0,0,0,0,0,0,0,0,0,0,0,0,0,0,0,0,0,0,0,0,0,0,0,0,0,0,0,0,0,0,0,0,0,0,0,0,0,0,0,0,0,0,0,0,0,0,0,0,0,0,0,0,0,0,0,0,0,0,0,0,0,0,0,0,0,0,0,0,0,0,0,0,0,0,0,0,0,0,0,0,0,0,0,0,0,0,0,0,0,0,0,0,0,0,0,0,0,0,0,0,0,0,0,0,0,0,0,0,0,0,0,0,0,0,0,0,0,0,0,0,0,0,0,0,0,0,0,0,0,0,0,0,20,0,0,0,0,0,0,0,0,0,0,0,0,0,0,0,0,0,0,0,0,0,0,0,0,0,0,0,0,0,0,0,0,0,0,0,0,0,0,0,0,0,0,0,0,0,0,0,0,0,20,0,0,0,0,0,0,0,0,0,0
358594,57,119360,19985,1193,1,0,22236,592,391,2705,19985,544,624,405,2663,234,1077,712,388,2706,234,388,573,385,2636,233,569,704,410,2716,239,388,568,388,2645,233,407,566,386,857,162,361,566,403,2665,236,6559,782,395,2718,235,384,562,387,2653,233,531,589,392,2694,233,390,573,387,2639,233,779,656,392,2715,233,387,565,387,2639,233,531,693,403,2721,239,384,569,387,2643,233,1162,670,388,2714,233,379,571,390,2674,235,6553,780,402,2716,234,384,569,385,2637,233,749,0,0,0,0,0,0,0,0,0,0,0,0,0,0,0,0,0,0,0,0,0,0,0,0,0,0,0,0,0,0,0,0,0,0,0,0,0,0,0,0,0,0,0,0,0,0,0,0,0,0,0,0,0,0,0,0,0,0,0,0,0,0,0,0,0,0,0,0,0,0,0,0,0,0,0,0,0,0,0,0,0,0,0,0,0,0,0,0,0,0,0,0,0,0,0,0,0,0,0,0,0,0,0,0,0,0,0,0,0,0,0,0,0,0,0,0,0,0,0,0,0,0,0,0,0,0,0,0,0,0,0,0,0,0,0,0,0,0,0,0,0,0,0,0,0,0,0,0,0,0,0,0,0,0,0,0,0,0,0,0,0,0,0,0,0,0,0,0,0,0,0,0,0,0,0,0,0,0,0,0,0,0,0,0,0,0,0,0,0,0,0,0,0,0,0,0,0,0,0,0,0,0,0,0,0,0,0,0,0,0,0,0,0,0,0,0,0,0,0,0,0,0,0,0,0,0,0,0,0,0,0,0,0,0,0,0,0,0,0,20,0,0,0,0,0,0,0,0,0,0,0,0,0,0,0,0,0,0,0,0,0,0,0,0,0,0,0,0,0,0,0,0,0,0,0,0,0,0,0,0,0,0,0,0,0,0,0,0,0,20,0,0,0,0,0,0,0,0,0,0
359604,58,116876,18295,1168,1,0,18816,588,397,2703,18295,525,19,516,2423,505,841,192,465,2905,241,440,682,495,2737,235,595,705,406,2717,239,385,568,389,789,160,389,559,394,2687,232,390,571,388,2672,233,6634,783,397,2714,237,381,567,389,2646,233,390,581,396,2692,233,390,573,388,2636,233,778,656,392,2713,234,388,565,387,2637,232,529,687,407,2721,239,385,569,389,2647,234,1162,667,388,2710,234,387,571,389,2674,234,6625,783,398,2714,233,384,568,389,2646,234,532,0,0,0,0,0,0,0,0,0,0,0,0,0,0,0,0,0,0,0,0,0,0,0,0,0,0,0,0,0,0,0,0,0,0,0,0,0,0,0,0,0,0,0,0,0,0,0,0,0,0,0,0,0,0,0,0,0,0,0,0,0,0,0,0,0,0,0,0,0,0,0,0,0,0,0,0,0,0,0,0,0,0,0,0,0,0,0,0,0,0,0,0,0,0,0,0,0,0,0,0,0,0,0,0,0,0,0,0,0,0,0,0,0,0,0,0,0,0,0,0,0,0,0,0,0,0,0,0,0,0,0,0,0,0,0,0,0,0,0,0,0,0,0,0,0,0,0,0,0,0,0,0,0,0,0,0,0,0,0,0,0,0,0,0,0,0,0,0,0,0,0,0,0,0,0,0,0,0,0,0,0,0,0,0,0,0,0,0,0,0,0,0,0,0,0,0,0,0,0,0,0,0,0,0,0,0,0,0,0,0,0,0,0,0,0,0,0,0,0,0,0,0,0,0,0,0,0,0,0,0,0,0,0,0,0,0,0,0,0,20,0,0,0,0,0,0,0,0,0,0,0,0,0,0,0,0,0,0,0,0,0,0,0,0,0,0,0,0,0,0,0,0,0,0,0,0,0,0,0,0,0,0,0,0,0,0,0,0,0,20,0,0,0,0,0,0,0,0,0,0
360604,59,116249,18426,1162,1,0,17125,594,393,2700,18426,525,18,515,2423,505,846,240,42,2727,661,200,442,566,558,365,675,218,377,2783,241,386,572,386,2645,233,406,572,388,2685,233,390,578,388,2676,230,6629,786,396,2716,235,383,563,390,2651,234,747,587,393,2695,232,386,574,389,2643,234,782,657,391,2713,233,387,565,389,2646,234,527,689,407,2724,238,384,569,389,2647,234,1159,667,388,2706,234,387,571,389,2675,236,6619,780,399,2713,235,384,568,389,2648,234,392,0,0,0,0,0,0,0,0,0,0,0,0,0,0,0,0,0,0,0,0,0,0,0,0,0,0,0,0,0,0,0,0,0,0,0,0,0,0,0,0,0,0,0,0,0,0,0,0,0,0,0,0,0,0,0,0,0,0,0,0,0,0,0,0,0,0,0,0,0,0,0,0,0,0,0,0,0,0,0,0,0,0,0,0,0,0,0,0,0,0,0,0,0,0,0,0,0,0,0,0,0,0,0,0,0,0,0,0,0,0,0,0,0,0,0,0,0,0,0,0,0,0,0,0,0,0,0,0,0,0,0,0,0,0,0,0,0,0,0,0,0,0,0,0,0,0,0,0,0,0,0,0,0,0,0,0,0,0,0,0,0,0,0,0,0,0,0,0,0,0,0,0,0,0,0,0,0,0,0,0,0,0,0,0,0,0,0,0,0,0,0,0,0,0,0,0,0,0,0,0,0,0,0,0,0,0,0,0,0,0,0,0,0,0,0,0,0,0,0,0,0,0,0,0,0,0,0,0,0,0,0,0,0,0,0,0,0,0,0,20,0,0,0,0,0,0,0,0,0,0,0,0,0,0,0,0,0,0,0,0,0,0,0,0,0,0,0,0,0,0,0,0,0,0,0,0,0,0,0,0,0,0,0,0,0,0,0,0,0,20,0,0,0,0,0,0,0,0,0,0
361604,60,116228,18153,1162,1,0,17255,584,393,2700,18153,525,19,514,2417,507,846,239,42,883,597,213,438,572,2432,504,712,204,369,2782,241,390,563,386,2637,232,406,572,395,2691,232,386,570,389,2696,235,6627,783,398,2718,237,383,566,388,2637,233,530,586,397,2700,232,386,570,389,2641,234,779,655,391,2709,233,387,565,389,2645,234,527,689,407,2721,239,385,569,389,2648,234,1162,667,388,2709,234,387,571,389,2673,234,6621,783,398,2714,233,384,568,389,2646,234,748,0,0,0,0,0,0,0,0,0,0,0,0,0,0,0,0,0,0,0,0,0,0,0,0,0,0,0,0,0,0,0,0,0,0,0,0,0,0,0,0,0,0,0,0,0,0,0,0,0,0,0,0,0,0,0,0,0,0,0,0,0,0,0,0,0,0,0,0,0,0,0,0,0,0,0,0,0,0,0,0,0,0,0,0,0,0,0,0,0,0,0,0,0,0,0,0,0,0,0,0,0,0,0,0,0,0,0,0,0,0,0,0,0,0,0,0,0,0,0,0,0,0,0,0,0,0,0,0,0,0,0,0,0,0,0,0,0,0,0,0,0,0,0,0,0,0,0,0,0,0,0,0,0,0,0,0,0,0,0,0,0,0,0,0,0,0,0,0,0,0,0,0,0,0,0,0,0,0,0,0,0,0,0,0,0,0,0,0,0,0,0,0,0,0,0,0,0,0,0,0,0,0,0,0,0,0,0,0,0,0,0,0,0,0,0,0,0,0,0,0,0,0,0,0,0,0,0,0,0,0,0,0,0,0,0,0,0,0,0,20,0,0,0,0,0,0,0,0,0,0,0,0,0,0,0,0,0,0,0,0,0,0,0,0,0,0,0,0,0,0,0,0,0,0,0,0,0,0,0,0,0,0,0,0,0,0,0,0,0,20,0,0,0,0,0,0,0,0,0,0
362604,61,114609,18251,1146,1,0,16980,588,395,847,18251,523,18,516,2424,505,842,232,436,2876,241,440,692,384,2653,234,597,697,405,2713,238,383,565,390,2649,233,406,568,388,2702,231,389,571,389,2674,234,6550,781,396,2718,237,381,565,389,2649,233,391,584,391,2696,233,390,571,388,2637,233,780,656,392,2715,233,387,565,387,2637,233,531,693,403,2718,239,385,569,387,2643,233,1162,670,388,2714,233,379,571,390,2676,235,6543,782,401,2716,234,384,569,385,788,160,511,0,0,0,0,0,0,0,0,0,0,0,0,0,0,0,0,0,0,0,0,0,0,0,0,0,0,0,0,0,0,0,0,0,0,0,0,0,0,0,0,0,0,0,0,0,0,0,0,0,0,0,0,0,0,0,0,0,0,0,0,0,0,0,0,0,0,0,0,0,0,0,0,0,0,0,0,0,0,0,0,0,0,0,0,0,0,0,0,0,0,0,0,0,0,0,0,0,0,0,0,0,0,0,0,0,0,0,0,0,0,0,0,0,0,0,0,0,0,0,0,0,0,0,0,0,0,0,0,0,0,0,0,0,0,0,0,0,0,0,0,0,0,0,0,0,0,0,0,0,0,0,0,0,0,0,0,0,0,0,0,0,0,0,0,0,0,0,0,0,0,0,0,0,0,0,0,0,0,0,0,0,0,0,0,0,0,0,0,0,0,0,0,0,0,0,0,0,0,0,0,0,0,0,0,0,0,0,0,0,0,0,0,0,0,0,0,0,0,0,0,0,0,0,0,0,0,0,0,0,0,0,0,0,0,0,0,0,0,0,20,0,0,0,0,0,0,0,0,0,0,0,0,0,0,0,0,0,0,0,0,0,0,0,0,0,0,0,0,0,0,0,0,0,0,0,0,0,0,0,0,0,0,0,0,0,0,0,0,0,20,0,0,0,0,0,0,0,0,0,0
363604,62,116732,18247,1167,1,0,17144,559,410,2691,18247,526,18,516,2416,505,842,232,437,2881,240,440,702,411,2687,235,597,699,407,2719,239,383,565,389,2641,232,406,572,395,2698,231,383,567,390,2689,235,6539,781,399,2716,238,384,567,387,2637,233,747,586,398,2705,233,390,572,387,2634,233,783,656,395,2717,234,388,565,388,2641,233,531,693,403,2718,239,385,569,387,2644,233,1160,666,389,2707,233,383,570,390,797,172,6523,786,395,2711,233,384,563,389,2654,234,393,0,0,0,0,0,0,0,0,0,0,0,0,0,0,0,0,0,0,0,0,0,0,0,0,0,0,0,0,0,0,0,0,0,0,0,0,0,0,0,0,0,0,0,0,0,0,0,0,0,0,0,0,0,0,0,0,0,0,0,0,0,0,0,0,0,0,0,0,0,0,0,0,0,0,0,0,0,0,0,0,0,0,0,0,0,0,0,0,0,0,0,0,0,0,0,0,0,0,0,0,0,0,0,0,0,0,0,0,0,0,0,0,0,0,0,0,0,0,0,0,0,0,0,0,0,0,0,0,0,0,0,0,0,0,0,0,0,0,0,0,0,0,0,0,0,0,0,0,0,0,0,0,0,0,0,0,0,0,0,0,0,0,0,0,0,0,0,0,0,0,0,0,0,0,0,0,0,0,0,0,0,0,0,0,0,0,0,0,0,0,0,0,0,0,0,0,0,0,0,0,0,0,0,0,0,0,0,0,0,0,0,0,0,0,0,0,0,0,0,0,0,0,0,0,0,0,0,0,0,0,0,0,0,0,0,0,0,0,0,20,0,0,0,0,0,0,0,0,0,0,0,0,0,0,0,0,0,0,0,0,0,0,0,0,0,0,0,0,0,0,0,0,0,0,0,0,0,0,0,0,0,0,0,0,0,0,0,0,0,20,0,0,0,0,0,0,0,0,0,0
364604,63,116256,18299,1162,1,0,17077,586,391,2697,18299,523,18,516,2415,505,841,232,437,2873,241,443,700,22,2671,634,397,451,497,2472,518,464,150,358,2641,233,406,569,389,2694,232,386,573,389,2688,235,6541,783,399,2719,237,383,564,388,2642,233,531,588,394,2696,231,384,572,389,2648,233,779,655,391,2708,233,387,565,389,2649,234,529,691,404,2726,239,384,569,389,2649,234,1163,667,388,853,152,370,584,395,2668,236,6536,782,400,2719,233,388,565,387,2642,232,751,0,0,0,0,0,0,0,0,0,0,0,0,0,0,0,0,0,0,0,0,0,0,0,0,0,0,0,0,0,0,0,0,0,0,0,0,0,0,0,0,0,0,0,0,0,0,0,0,0,0,0,0,0,0,0,0,0,0,0,0,0,0,0,0,0,0,0,0,0,0,0,0,0,0,0,0,0,0,0,0,0,0,0,0,0,0,0,0,0,0,0,0,0,0,0,0,0,0,0,0,0,0,0,0,0,0,0,0,0,0,0,0,0,0,0,0,0,0,0,0,0,0,0,0,0,0,0,0,0,0,0,0,0,0,0,0,0,0,0,0,0,0,0,0,0,0,0,0,0,0,0,0,0,0,0,0,0,0,0,0,0,0,0,0,0,0,0,0,0,0,0,0,0,0,0,0,0,0,0,0,0,0,0,0,0,0,0,0,0,0,0,0,0,0,0,0,0,0,0,0,0,0,0,0,0,0,0,0,0,0,0,0,0,0,0,0,0,0,0,0,0,0,0,0,0,0,0,0,0,0,0,0,0,0,0,0,0,0,0,20,0,0,0,0,0,0,0,0,0,0,0,0,0,0,0,0,0,0,0,0,0,0,0,0,0,0,0,0,0,0,0,0,0,0,0,0,0,0,0,0,0,0,0,0,0,0,0,0,0,20,0,0,0,0,0,0,0,0,0,0
365604,64,115854,18253,1158,1,0,17126,588,397,2703,18253,523,18,516,2425,505,846,232,438,2876,249,442,715,28,2696,628,395,451,496,2484,517,465,150,358,2636,233,405,569,395,2701,231,384,566,389,2683,236,6524,783,398,2719,238,383,564,388,2639,233,392,583,392,2701,232,386,570,389,2646,234,779,655,391,2711,232,387,565,389,2650,234,529,690,405,2724,239,384,569,387,787,160,1170,627,382,2712,233,384,558,389,2678,235,6526,783,401,2714,234,388,570,386,2637,232,532,0,0,0,0,0,0,0,0,0,0,0,0,0,0,0,0,0,0,0,0,0,0,0,0,0,0,0,0,0,0,0,0,0,0,0,0,0,0,0,0,0,0,0,0,0,0,0,0,0,0,0,0,0,0,0,0,0,0,0,0,0,0,0,0,0,0,0,0,0,0,0,0,0,0,0,0,0,0,0,0,0,0,0,0,0,0,0,0,0,0,0,0,0,0,0,0,0,0,0,0,0,0,0,0,0,0,0,0,0,0,0,0,0,0,0,0,0,0,0,0,0,0,0,0,0,0,0,0,0,0,0,0,0,0,0,0,0,0,0,0,0,0,0,0,0,0,0,0,0,0,0,0,0,0,0,0,0,0,0,0,0,0,0,0,0,0,0,0,0,0,0,0,0,0,0,0,0,0,0,0,0,0,0,0,0,0,0,0,0,0,0,0,0,0,0,0,0,0,0,0,0,0,0,0,0,0,0,0,0,0,0,0,0,0,0,0,0,0,0,0,0,0,0,0,0,0,0,0,0,0,0,0,0,0,0,0,0,0,0,20,0,0,0,0,0,0,0,0,0,0,0,0,0,0,0,0,0,0,0,0,0,0,0,0,0,0,0,0,0,0,0,0,0,0,0,0,0,0,0,0,0,0,0,0,0,0,0,0,0,20,0,0,0,0,0,0,0,0,0,0
366604,65,116181,18267,1161,1,0,17087,593,397,2698,18267,523,19,516,2421,505,845,232,434,2878,249,444,716,28,2695,630,397,453,493,2483,521,466,150,358,2636,232,405,571,395,2702,232,386,568,389,2684,235,6539,783,398,2719,237,383,564,388,2637,233,748,585,398,2706,233,390,572,388,2634,232,782,657,395,2714,233,387,565,387,789,160,551,687,401,2710,239,384,569,389,2644,233,1161,667,388,2707,234,387,571,389,2675,234,6541,782,398,2712,233,384,568,389,2646,234,392,0,0,0,0,0,0,0,0,0,0,0,0,0,0,0,0,0,0,0,0,0,0,0,0,0,0,0,0,0,0,0,0,0,0,0,0,0,0,0,0,0,0,0,0,0,0,0,0,0,0,0,0,0,0,0,0,0,0,0,0,0,0,0,0,0,0,0,0,0,0,0,0,0,0,0,0,0,0,0,0,0,0,0,0,0,0,0,0,0,0,0,0,0,0,0,0,0,0,0,0,0,0,0,0,0,0,0,0,0,0,0,0,0,0,0,0,0,0,0,0,0,0,0,0,0,0,0,0,0,0,0,0,0,0,0,0,0,0,0,0,0,0,0,0,0,0,0,0,0,0,0,0,0,0,0,0,0,0,0,0,0,0,0,0,0,0,0,0,0,0,0,0,0,0,0,0,0,0,0,0,0,0,0,0,0,0,0,0,0,0,0,0,0,0,0,0,0,0,0,0,0,0,0,0,0,0,0,0,0,0,0,0,0,0,0,0,0,0,0,0,0,0,0,0,0,0,0,0,0,0,0,0,0,0,0,0,0,0,0,20,0,0,0,0,0,0,0,0,0,0,0,0,0,0,0,0,0,0,0,0,0,0,0,0,0,0,0,0,0,0,0,0,0,0,0,0,0,0,0,0,0,0,0,0,0,0,0,0,0,20,0,0,0,0,0,0,0,0,0,0
367604,66,116994,18262,1169,1,0,17102,585,393,2699,18262,524,19,516,2414,505,847,193,369,2906,242,434,688,482,2827,235,602,695,407,2719,238,380,564,390,2650,233,405,570,394,2701,232,387,567,389,2677,233,6523,781,396,2714,237,381,567,389,2646,233,530,587,396,2697,233,390,571,388,2634,233,779,656,392,871,166,361,552,400,2643,233,531,688,408,2725,239,385,569,386,2645,232,1162,666,392,2709,234,384,571,389,2674,235,6524,782,401,2714,234,388,569,385,2639,233,749,0,0,0,0,0,0,0,0,0,0,0,0,0,0,0,0,0,0,0,0,0,0,0,0,0,0,0,0,0,0,0,0,0,0,0,0,0,0,0,0,0,0,0,0,0,0,0,0,0,0,0,0,0,0,0,0,0,0,0,0,0,0,0,0,0,0,0,0,0,0,0,0,0,0,0,0,0,0,0,0,0,0,0,0,0,0,0,0,0,0,0,0,0,0,0,0,0,0,0,0,0,0,0,0,0,0,0,0,0,0,0,0,0,0,0,0,0,0,0,0,0,0,0,0,0,0,0,0,0,0,0,0,0,0,0,0,0,0,0,0,0,0,0,0,0,0,0,0,0,0,0,0,0,0,0,0,0,0,0,0,0,0,0,0,0,0,0,0,0,0,0,0,0,0,0,0,0,0,0,0,0,0,0,0,0,0,0,0,0,0,0,0,0,0,0,0,0,0,0,0,0,0,0,0,0,0,0,0,0,0,0,0,0,0,0,0,0,0,0,0,0,0,0,0,0,0,0,0,0,0,0,0,0,0,0,0,0,0,0,20,0,0,0,0,0,0,0,0,0,0,0,0,0,0,0,0,0,0,0,0,0,0,0,0,0,0,0,0,0,0,0,0,0,0,0,0,0,0,0,0,0,0,0,0,0,0,0,0,0,20,0,0,0,0,0,0,0,0,0,0
368604,67,140385,18345,1403,2,0,17091,588,397,2702,18345,527,19,516,2424,6788,1021,196,468,2876,244,441,686,491,2731,240,602,707,16509,2998,238,388,571,385,2652,235,405,575,559,2848,232,390,573,388,2697,235,6791,780,397,2713,244,386,562,389,2696,234,390,588,393,846,164,363,558,398,2632,232,776,652,394,2710,233,389,571,391,2654,234,528,691,403,2724,236,388,570,388,2643,233,1160,663,392,2708,234,384,571,387,2677,237,6638,780,400,2715,232,390,565,389,2646,233,533,0,0,0,0,0,0,0,8,8,8,8,8,8,8,8,8,8,8,8,8,8,0,0,0,0,0,0,0,0,0,0,0,0,0,0,0,0,0,0,0,0,0,0,0,0,0,0,0,0,0,0,0,0,0,0,0,0,0,0,0,0,0,0,0,0,0,0,0,0,0,0,0,0,0,0,0,0,0,0,0,0,0,0,0,0,0,0,0,0,0,0,0,0,0,0,0,0,0,0,0,0,0,0,0,0,0,0,0,8,0,0,0,0,0,0,0,0,0,0,0,0,8,0,0,0,0,0,0,0,0,0,0,0,0,0,0,0,0,0,0,0,0,0,0,0,0,0,0,0,0,0,0,0,0,0,0,0,0,0,0,0,0,0,0,0,0,0,0,0,0,0,0,0,0,0,0,0,0,0,0,0,0,0,0,0,0,0,0,0,0,0,0,0,0,0,0,0,0,0,0,0,0,0,0,0,0,0,0,20,0,0,0,0,0,0,0,0,0,0,0,0,20,0,0,0,0,0,0,0,0,0,0,0,0,0,0,0,0,0,20,0,0,0,0,0,0,0,0,0,0,0,0,0,0,0,0,0,0,0,0,0,0,0,0,0,0,0,0,0,0,0,0,0,0,0,0,0,0,0,0,0,0,0,0,0,0,0,0,0,20,0,0,0,0,0,0,0,0,0,0
369604,68,131636,18266,1316,2,0,17176,593,392,2700,18266,524,18,516,2415,505,846,193,464,2871,240,440,684,491,2730,237,599,703,407,2719,239,385,565,389,2643,232,406,571,395,2698,231,380,568,390,2690,234,6754,790,397,2711,236,384,560,388,790,160,738,584,409,2703,233,390,573,389,2636,234,778,658,393,2718,233,387,566,389,2644,234,527,689,407,2724,238,388,571,388,2641,232,1164,784,418,2763,238,379,572,391,2686,237,6634,786,400,2716,233,382,14833,503,2280,630,174,0,0,0,0,0,0,0,0,0,0,0,0,0,0,0,0,0,0,0,0,0,0,0,0,0,0,0,0,0,0,0,0,0,0,0,0,0,0,0,0,0,0,0,0,0,0,0,0,0,0,0,0,0,0,0,0,0,0,0,0,0,0,0,0,0,0,0,0,0,0,0,0,0,0,0,0,0,0,0,4,4,4,4,4,4,4,4,4,4,4,4,4,4,4,4,0,0,0,0,0,0,0,0,0,0,0,0,0,0,0,0,0,0,0,0,0,0,0,0,0,0,0,0,0,0,0,0,0,0,0,0,0,0,0,0,0,0,0,0,0,0,0,0,0,0,0,0,0,0,0,0,0,0,0,0,0,0,0,0,0,0,0,0,0,0,0,0,0,0,0,0,0,0,0,0,0,0,0,0,0,4,0,0,0,0,0,0,0,0,0,0,0,0,0,0,4,0,0,0,0,0,0,0,0,0,0,0,0,0,0,0,0,0,0,0,0,0,0,0,0,0,0,0,0,0,0,0,0,0,0,0,0,0,0,0,0,0,0,0,20,0,0,0,0,0,0,0,0,0,0,0,0,0,0,0,0,0,0,0,0,0,0,0,0,0,0,0,0,0,0,0,0,0,0,0,0,0,0,0,0,0,0,0,0,0,0,0,0,0,20,0,0,0,0,0,13,0,0,0,0
370604,69,119199,18613,1191,1,0,17093,360,410,2486,18613,699,156,358,2682,236,774,654,645,2924,238,442,692,490,2730,234,784,761,396,2721,248,387,565,389,2689,234,405,577,397,2698,231,383,570,390,797,176,7030,782,396,2714,235,388,563,388,2642,233,530,585,397,2693,232,386,571,389,2647,233,777,655,391,2709,233,387,565,387,2645,234,527,690,407,2724,237,384,569,387,2645,233,1166,667,392,2713,233,380,571,388,2673,237,7246,781,401,2713,233,388,565,388,2642,232,749,0,0,0,0,0,0,0,0,0,0,0,0,0,0,0,0,0,0,0,0,0,0,0,0,0,0,0,0,0,0,0,0,0,0,0,0,0,0,0,0,0,0,0,0,0,0,0,0,0,0,0,0,0,0,0,0,0,0,0,0,0,0,0,0,0,0,0,0,0,0,0,0,0,0,0,0,0,0,0,0,0,0,0,0,0,0,0,0,0,0,0,0,0,0,0,0,0,0,0,0,0,0,0,0,0,0,0,0,0,0,0,0,0,0,0,0,0,0,0,0,0,0,0,0,0,0,0,0,0,0,0,0,0,0,0,0,0,0,0,0,0,0,0,0,0,0,0,0,0,0,0,0,0,0,0,0,0,0,0,0,0,0,0,0,0,0,0,0,0,0,0,0,0,0,0,0,0,0,0,0,0,0,0,0,0,0,0,0,0,0,0,0,0,0,0,0,0,0,0,0,0,0,0,0,0,0,0,0,0,0,0,0,0,0,0,0,0,0,0,0,0,0,0,0,0,0,0,0,0,0,0,0,0,0,0,0,0,0,0,13,0,0,0,0,0,0,0,0,0,0,0,0,0,0,0,0,0,0,0,0,0,0,0,0,0,0,0,0,0,0,0,0,0,0,0,0,0,0,0,0,0,0,0,0,0,0,0,0,0,13,0,0,0,0,0,0,0,0,0,0
371604,70,141182,20013,1411,2,0,16991,588,394,2705,20013,535,623,410,2666,235,773,743,479,2868,243,434,688,383,2650,235,601,700,411,9675,238,382,574,389,2637,236,408,573,395,2701,235,380,564,386,2725,14184,7293,63,667,2487,513,467,149,414,831,164,513,573,407,2692,234,380,566,383,2636,236,779,652,393,2717,233,378,565,388,2639,233,527,684,406,2723,233,382,562,383,2645,236,1157,667,386,2715,233,377,566,388,2709,235,7182,783,397,2714,232,381,556,385,2650,236,748,0,0,0,0,0,0,0,0,0,0,0,0,0,0,0,0,0,0,0,0,0,1,1,1,1,1,1,1,1,1,1,1,1,1,1,1,1,1,0,0,0,0,0,0,0,0,0,0,0,0,0,0,0,0,0,0,0,0,0,0,0,0,0,0,0,0,0,0,0,0,0,0,0,0,0,0,0,0,0,0,0,0,0,0,0,0,0,0,0,0,0,0,0,0,0,0,0,0,0,0,0,0,0,0,0,0,0,0,0,0,0,0,0,0,0,0,0,0,0,0,0,0,1,0,0,0,0,0,0,0,0,0,0,0,0,0,0,0,1,0,0,0,0,0,0,0,0,0,0,0,0,0,0,0,0,0,0,0,0,0,0,0,0,0,0,0,0,0,0,0,0,0,0,0,0,0,0,0,0,0,0,0,0,0,0,0,0,0,0,0,0,0,0,0,0,0,0,0,0,0,0,0,0,0,0,0,0,0,0,0,0,0,0,0,0,0,0,0,0,0,0,0,13,0,0,0,0,0,0,0,0,0,0,0,0,0,0,0,13,13,0,0,0,0,0,0,0,0,0,0,0,0,0,0,0,0,0,0,0,0,0,0,0,0,0,0,0,0,0,0,0,0,0,0,0,0,0,0,0,0,0,0,0,0,0,0,0,0,0,13,0,0,0,0,0,0,0,0,0,0
372614,71,177691,32502,1776,3,0,18843,588,392,2698,18101,528,19,519,2414,507,909,229,433,2884,243,454,680,392,2664,236,599,700,409,2722,233,377,558,7393,2914,234,400,576,390,2700,232,376,564,384,16846,245,6862,515,518,606,409,443,154,412,2687,235,390,590,393,2710,233,533,687,403,2672,244,775,652,392,2775,232,378,568,388,2641,233,527,684,406,2723,232,381,559,385,2646,236,1156,667,386,2710,234,378,567,7250,2915,236,7099,785,396,2726,234,379,551,385,2647,237,32502,0,0,0,0,0,0,0,0,0,0,0,0,0,0,0,0,0,0,0,0,0,0,0,0,0,2,2,2,2,2,2,2,2,2,2,2,2,0,0,0,0,0,0,0,0,0,0,0,0,0,0,0,0,0,0,0,0,0,0,0,0,0,0,0,0,0,0,0,0,0,0,0,0,0,0,0,0,0,0,0,0,0,0,0,0,4,4,4,4,4,4,4,4,4,4,4,4,4,4,0,0,0,0,0,0,0,0,0,0,0,0,0,0,0,0,0,0,0,0,0,0,0,0,0,0,0,2,0,0,0,0,0,0,0,0,0,0,2,0,0,0,0,0,0,0,0,0,0,0,0,0,0,0,0,0,0,0,0,0,0,0,0,0,0,0,0,0,0,0,0,0,0,0,0,0,0,0,0,0,0,0,0,0,0,0,0,4,0,0,0,0,0,0,0,0,0,0,0,0,4,0,0,0,0,0,0,0,0,0,0,0,0,0,0,0,0,0,0,0,0,0,0,0,0,0,0,13,0,0,0,0,0,0,0,0,0,0,13,0,13,0,0,0,0,0,0,0,0,0,0,0,0,0,0,0,0,0,0,0,0,0,0,0,0,0,0,0,0,0,0,0,0,0,0,0,0,0,0,0,0,0,0,0,0,0,0,13,0,0,13,0,0,0,0,0,0,0,0,0,0
373646,72,184968,32448,1849,5,0,16930,681,21,2628,18571,262,17,375,2825,406,884,773,478,2905,242,381,608,444,2704,233,598,710,412,2726,234,376,557,383,2643,236,405,570,408,2705,230,374,609,397,2670,235,16112,793,19,2705,627,148,16237,657,2411,513,829,157,357,2715,238,376,32448,506,2277,643,565,453,443,2532,512,463,149,364,2645,239,539,686,406,2717,230,376,557,386,2643,235,1165,664,389,2732,234,373,563,388,2649,234,16154,792,20,2707,625,148,351,402,2403,506,645,0,0,0,0,0,0,0,0,0,0,0,0,0,0,0,0,0,0,0,0,0,0,0,0,0,0,0,0,0,0,0,0,0,0,0,0,0,0,0,0,0,0,0,0,1,1,1,1,1,1,1,1,1,1,1,0,0,0,0,0,0,0,0,0,0,0,0,0,0,0,0,0,0,0,0,0,0,0,0,0,0,0,0,0,0,0,0,0,0,0,0,0,0,0,0,0,0,0,0,0,0,0,0,0,0,0,0,0,0,0,0,0,0,0,0,0,0,0,0,0,0,0,0,0,0,0,0,0,0,0,0,0,0,0,0,0,0,0,0,0,0,0,0,0,0,1,0,0,0,0,0,0,0,0,0,1,0,0,0,0,0,0,0,0,0,0,0,0,0,0,0,0,0,0,0,0,0,0,0,0,0,0,0,0,0,0,0,0,0,0,0,0,0,0,0,0,0,0,0,0,0,0,0,0,0,0,0,0,0,0,0,0,0,0,0,0,0,0,0,0,0,0,0,0,0,0,0,0,0,0,0,0,0,0,0,0,0,0,0,0,0,0,0,0,0,0,0,0,0,0,0,0,0,0,0,0,0,0,0,0,0,0,0,0,0,0,0,0,0,0,0,0,0,0,0,0,0,0,0,0,0,0,0,0,0,0,0,0,0,0,0,0,0,0,0,0,0,0,0,0
374654,73,132196,18120,1321,3,0,16987,134,359,853,18120,524,19,581,2495,522,935,232,439,2788,235,376,567,392,2644,240,605,698,407,2713,233,373,561,389,2644,233,416,578,396,2735,232,379,566,387,2647,238,16152,790,19,2706,625,146,351,404,2402,504,832,165,351,2714,232,377,566,386,2634,235,789,655,393,2716,232,375,561,388,2637,238,534,690,404,2711,232,377,560,386,2644,235,1165,669,389,2726,236,374,567,387,2654,234,16154,792,20,2709,626,148,351,402,534,371,455,0,0,0,0,0,0,0,0,0,0,0,0,0,0,0,0,0,0,0,0,0,0,0,0,0,0,0,0,0,0,0,0,0,0,0,0,0,0,0,0,0,0,0,0,0,0,0,0,0,0,0,0,0,0,0,0,0,0,0,0,0,0,0,0,0,0,0,0,0,0,0,0,0,0,0,0,0,0,0,0,0,0,0,0,0,0,0,0,0,0,0,0,0,0,0,0,0,0,0,0,0,0,0,0,0,0,0,0,0,0,0,0,0,0,0,0,0,0,0,0,0,0,0,0,0,0,0,0,0,0,0,0,0,0,0,0,0,0,0,0,0,0,0,0,0,0,0,0,0,0,0,0,0,0,0,0,0,0,0,0,0,0,0,0,0,0,0,0,0,0,0,0,0,0,0,0,0,0,0,0,0,0,0,0,0,0,0,0,0,0,0,0,0,0,0,0,0,0,0,0,0,0,0,0,0,0,0,0,0,0,0,0,0,0,0,0,0,0,0,0,0,0,0,0,0,0,0,0,0,0,0,0,0,0,0,0,0,0,0,0,0,0,0,0,0,0,0,0,0,0,0,0,0,0,0,0,0,0,0,0,0,0,0,0,0,0,0,0,0,0,0,0,0,0,0,0,0,0,0,0,0,0,0,0,0,0,0,0,0,0,0,0,0,0,0,0,0,0,0,0
375654,74,202902,52653,2029,5,0,17015,164,353,2699,18262,522,19,587,2552,517,926,233,439,2781,235,376,566,384,2644,240,605,698,404,2715,233,373,564,389,2643,233,416,581,396,2735,232,381,563,384,2645,238,16154,790,19,2706,625,146,351,404,2401,504,645,136,359,2701,232,377,563,386,2639,235,780,651,392,2713,232,375,560,388,2639,238,534,690,404,2715,232,377,560,386,2646,16133,1271,32,537,2503,505,469,146,357,2648,232,16155,792,16,825,52653,232,16,381,4197,245,745,0,0,0,0,0,0,0,0,0,0,0,0,0,0,0,0,0,0,0,0,0,0,0,0,0,0,0,0,0,0,0,0,0,0,0,0,0,0,0,0,0,0,0,0,0,0,0,0,0,0,0,0,0,0,0,0,0,0,0,0,0,0,0,0,0,0,0,0,0,0,0,0,0,0,0,0,0,16,16,16,16,16,16,16,16,16,16,16,16,16,16,16,16,0,0,0,0,0,0,0,0,0,0,0,0,0,0,0,0,0,0,0,0,0,0,0,0,0,0,0,0,0,0,0,0,0,0,0,0,0,0,0,0,0,0,0,0,0,0,0,0,0,0,0,0,0,0,0,0,0,0,0,0,0,0,0,0,0,0,0,0,0,0,0,0,0,0,0,0,0,0,0,0,0,0,0,0,0,16,0,0,0,0,0,0,0,0,0,0,0,0,0,0,16,0,0,0,0,0,0,0,0,0,0,0,0,0,0,0,0,0,0,0,0,0,0,0,0,0,0,0,0,0,0,0,0,0,0,0,0,0,0,0,0,0,0,0,0,0,0,0,0,0,0,0,0,0,0,0,0,0,0,0,0,0,0,0,0,0,0,0,0,0,0,0,0,0,0,0,0,0,0,0,0,0,0,0,0,0,0,0,0,0,0,0,0,0,0,0,0,0,0,0,0,0,0,0,0,0,0
376694,75,226081,81938,2260,4,0,17092,604,397,3189,18100,525,47,633,2505,511,865,366,415,2872,229,391,582,392,2670,286,636,731,402,2943,234,375,584,561,2796,233,81938,1076,28,4164,647,144,515,531,2454,511,17503,255,14,2699,812,179,364,471,2468,507,667,136,413,2807,232,374,740,436,2740,234,994,711,388,2729,247,379,585,385,2672,234,1609,783,578,2950,231,377,733,439,2738,234,1365,715,404,2758,398,414,693,398,2722,231,17383,815,20,854,532,160,501,589,2502,530,968,0,0,0,0,0,0,0,0,0,0,0,0,0,0,0,0,0,0,0,0,0,0,0,0,0,0,0,0,0,0,0,0,0,0,0,0,0,0,0,0,0,0,0,0,0,0,0,0,0,0,0,0,0,0,0,0,0,0,0,0,0,0,0,0,0,0,0,0,0,0,0,0,0,0,0,0,0,0,0,0,0,0,0,0,0,0,0,0,0,0,0,0,0,0,0,0,0,0,0,0,0,0,0,0,0,0,0,0,0,0,0,0,0,0,0,0,0,0,0,0,0,0,0,0,0,0,0,0,0,0,0,0,0,0,0,0,0,0,0,0,0,0,0,0,0,0,0,0,0,0,0,0,0,0,0,0,0,0,0,0,0,0,0,0,0,0,0,0,0,0,0,0,0,0,0,0,0,0,0,0,0,0,0,0,0,0,0,0,0,0,0,0,0,0,0,0,0,0,0,0,0,0,0,0,0,0,0,0,0,0,0,0,0,0,0,0,0,0,0,0,0,0,0,0,0,0,0,0,0,0,0,0,0,0,0,0,0,0,0,0,0,0,0,0,0,0,0,0,0,0,0,0,0,0,0,0,0,0,0,0,0,0,0,0,0,0,0,0,0,0,0,0,0,0,0,0,0,0,0,0,0,0,0,0,0,0,0,0,0,0,0,0,0,0,0,0,0,0,0,0
377765,76,205433,59406,2054,4,0,17290,227,379,2830,23426,523,18,534,2438,504,870,200,370,2769,232,378,578,383,2671,235,1679,793,429,2814,233,375,579,388,2660,230,59406,917,20,4124,643,148,351,415,2422,506,17464,255,14,2703,649,147,351,416,2420,501,656,140,359,2755,229,379,574,384,2668,233,777,679,392,2766,231,378,572,387,2727,233,1611,787,402,2752,231,379,569,384,800,162,1166,646,384,2731,231,376,577,387,2665,231,17433,810,50,2776,687,212,452,596,2458,510,842,0,0,0,0,0,0,0,0,0,0,0,0,0,0,0,0,0,0,0,0,0,0,0,0,0,0,0,0,0,0,0,0,0,0,0,0,0,0,0,0,0,0,0,0,0,0,0,0,0,0,0,0,0,0,0,0,0,0,0,0,0,0,0,0,0,0,0,0,0,0,0,0,0,0,0,0,0,0,0,0,0,0,0,0,0,0,0,0,0,0,0,0,0,0,0,0,0,0,0,0,0,0,0,0,0,0,0,0,0,0,0,0,0,0,0,0,0,0,0,0,0,0,0,0,0,0,0,0,0,0,0,0,0,0,0,0,0,0,0,0,0,0,0,0,0,0,0,0,0,0,0,0,0,0,0,0,0,0,0,0,0,0,0,0,0,0,0,0,0,0,0,0,0,0,0,0,0,0,0,0,0,0,0,0,0,0,0,0,0,0,0,0,0,0,0,0,0,0,0,0,0,0,0,0,0,0,0,0,0,0,0,0,0,0,0,0,0,0,0,0,0,0,0,0,0,0,0,0,0,0,0,0,0,0,0,0,0,0,0,0,0,0,0,0,0,0,0,0,0,0,0,0,0,0,0,0,0,0,0,0,0,0,0,0,0,0,0,0,0,0,0,0,0,0,0,0,0,0,0,0,0,0,0,0,0,0,0,0,0,0,0,0,0,0,0,0,0,0,0,0
378815,77,141105,18234,1411,3,0,18762,157,356,2765,18234,523,18,531,2433,505,865,199,370,2769,234,380,575,383,2750,235,1683,793,401,2760,230,378,570,389,2662,232,1365,789,397,2750,233,380,573,386,2660,236,17370,805,19,2728,643,146,351,415,2419,504,496,160,359,2758,233,381,574,383,2667,236,782,678,386,2760,232,378,573,387,2731,234,1610,786,404,894,166,373,604,389,2655,235,1157,688,387,2747,232,378,577,387,2669,232,17464,821,45,2791,687,213,455,483,2463,512,664,0,0,0,0,0,0,0,0,0,0,0,0,0,0,0,0,0,0,0,0,0,0,0,0,0,0,0,0,0,0,0,0,0,0,0,0,0,0,0,0,0,0,0,0,0,0,0,0,0,0,0,0,0,0,0,0,0,0,0,0,0,0,0,0,0,0,0,0,0,0,0,0,0,0,0,0,0,0,0,0,0,0,0,0,0,0,0,0,0,0,0,0,0,0,0,0,0,0,0,0,0,0,0,0,0,0,0,0,0,0,0,0,0,0,0,0,0,0,0,0,0,0,0,0,0,0,0,0,0,0,0,0,0,0,0,0,0,0,0,0,0,0,0,0,0,0,0,0,0,0,0,0,0,0,0,0,0,0,0,0,0,0,0,0,0,0,0,0,0,0,0,0,0,0,0,0,0,0,0,0,0,0,0,0,0,0,0,0,0,0,0,0,0,0,0,0,0,0,0,0,0,0,0,0,0,0,0,0,0,0,0,0,0,0,0,0,0,0,0,0,0,0,0,0,0,0,0,0,0,0,0,0,0,0,0,0,0,0,0,0,0,0,0,0,0,0,0,0,0,0,0,0,0,0,0,0,0,0,0,0,0,0,0,0,0,0,0,0,0,0,0,0,0,0,0,0,0,0,0,0,0,0,0,0,0,0,0,0,0,0,0,0,0,0,0,0,0,0,0,0
379814,78,140824,18251,1408,3,0,17069,136,360,2767,18251,522,18,530,2433,505,865,199,370,2768,234,380,575,383,2750,236,1687,793,401,2763,231,378,570,389,2661,232,1432,790,396,2743,233,381,572,383,2670,236,17379,805,20,2735,643,146,351,415,2420,504,843,165,355,2761,232,379,577,384,2662,235,784,678,388,902,178,364,568,396,2718,237,1616,783,400,2754,232,378,570,384,2662,233,1155,685,388,2751,232,377,575,387,2659,231,17519,861,45,2806,56,693,203,382,2731,238,391,0,0,0,0,0,0,0,0,0,0,0,0,0,0,0,0,0,0,0,0,0,0,0,0,0,0,0,0,0,0,0,0,0,0,0,0,0,0,0,0,0,0,0,0,0,0,0,0,0,0,0,0,0,0,0,0,0,0,0,0,0,0,0,0,0,0,0,0,0,0,0,0,0,0,0,0,0,0,0,0,0,0,0,0,0,0,0,0,0,0,0,0,0,0,0,0,0,0,0,0,0,0,0,0,0,0,0,0,0,0,0,0,0,0,0,0,0,0,0,0,0,0,0,0,0,0,0,0,0,0,0,0,0,0,0,0,0,0,0,0,0,0,0,0,0,0,0,0,0,0,0,0,0,0,0,0,0,0,0,0,0,0,0,0,0,0,0,0,0,0,0,0,0,0,0,0,0,0,0,0,0,0,0,0,0,0,0,0,0,0,0,0,0,0,0,0,0,0,0,0,0,0,0,0,0,0,0,0,0,0,0,0,0,0,0,0,0,0,0,0,0,0,0,0,0,0,0,0,0,0,0,0,0,0,0,0,0,0,0,0,0,0,0,0,0,0,0,0,0,0,0,0,0,0,0,0,0,0,0,0,0,0,0,0,0,0,0,0,0,0,0,0,0,0,0,0,0,0,0,0,0,0,0,0,0,0,0,0,0,0,0,0,0,0,0,0,0,0,0,0
380814,79,142002,18344,1420,3,0,17087,595,394,2747,18344,526,19,531,2434,505,865,198,371,2765,234,380,576,384,2751,235,1685,793,401,2763,230,378,570,389,2661,232,1364,789,397,2752,233,380,573,384,2662,236,17365,805,20,2731,643,146,351,415,2419,503,656,138,360,2751,232,379,576,384,801,162,813,659,396,2716,232,379,580,390,2717,234,1610,788,403,2761,232,380,567,383,2666,234,1155,684,387,2749,232,379,573,388,2662,234,17499,861,46,2809,674,225,448,481,2457,512,844,0,0,0,0,0,0,0,0,0,0,0,0,0,0,0,0,0,0,0,0,0,0,0,0,0,0,0,0,0,0,0,0,0,0,0,0,0,0,0,0,0,0,0,0,0,0,0,0,0,0,0,0,0,0,0,0,0,0,0,0,0,0,0,0,0,0,0,0,0,0,0,0,0,0,0,0,0,0,0,0,0,0,0,0,0,0,0,0,0,0,0,0,0,0,0,0,0,0,0,0,0,0,0,0,0,0,0,0,0,0,0,0,0,0,0,0,0,0,0,0,0,0,0,0,0,0,0,0,0,0,0,0,0,0,0,0,0,0,0,0,0,0,0,0,0,0,0,0,0,0,0,0,0,0,0,0,0,0,0,0,0,0,0,0,0,0,0,0,0,0,0,0,0,0,0,0,0,0,0,0,0,0,0,0,0,0,0,0,0,0,0,0,0,0,0,0,0,0,0,0,0,0,0,0,0,0,0,0,0,0,0,0,0,0,0,0,0,0,0,0,0,0,0,0,0,0,0,0,0,0,0,0,0,0,0,0,0,0,0,0,0,0,0,0,0,0,0,0,0,0,0,0,0,0,0,0,0,0,0,0,0,0,0,0,0,0,0,0,0,0,0,0,0,0,0,0,0,0,0,0,0,0,0,0,0,0,0,0,0,0,0,0,0,0,0,0,0,0,0,0
381815,80,142910,18248,1429,3,0,17179,158,353,2773,18248,522,19,531,2433,505,865,199,370,2773,234,380,575,384,2751,235,1685,793,401,2764,231,378,570,389,2661,232,3212,795,398,2753,233,380,567,383,2671,236,17369,804,19,2731,641,144,351,415,540,380,458,162,354,2747,233,380,582,394,2664,236,778,675,387,2759,232,378,574,389,2725,234,1611,786,404,2760,232,379,567,384,2666,234,1155,681,387,2751,232,378,573,388,2665,233,17535,828,46,2793,679,225,439,485,2458,512,669,0,0,0,0,0,0,0,0,0,0,0,0,0,0,0,0,0,0,0,0,0,0,0,0,0,0,0,0,0,0,0,0,0,0,0,0,0,0,0,0,0,0,0,0,0,0,0,0,0,0,0,0,0,0,0,0,0,0,0,0,0,0,0,0,0,0,0,0,0,0,0,0,0,0,0,0,0,0,0,0,0,0,0,0,0,0,0,0,0,0,0,0,0,0,0,0,0,0,0,0,0,0,0,0,0,0,0,0,0,0,0,0,0,0,0,0,0,0,0,0,0,0,0,0,0,0,0,0,0,0,0,0,0,0,0,0,0,0,0,0,0,0,0,0,0,0,0,0,0,0,0,0,0,0,0,0,0,0,0,0,0,0,0,0,0,0,0,0,0,0,0,0,0,0,0,0,0,0,0,0,0,0,0,0,0,0,0,0,0,0,0,0,0,0,0,0,0,0,0,0,0,0,0,0,0,0,0,0,0,0,0,0,0,0,0,0,0,0,0,0,0,0,0,0,0,0,0,0,0,0,0,0,0,0,0,0,0,0,0,0,0,0,0,0,0,0,0,0,0,0,0,0,0,0,0,0,0,0,0,0,0,0,0,0,0,0,0,0,0,0,0,0,0,0,0,0,0,0,0,0,0,0,0,0,0,0,0,0,0,0,0,0,0,0,0,0,0,0,0,0
382814,81,143997,20007,1439,3,0,17084,133,362,2763,20007,534,638,409,2684,235,778,674,388,2756,234,375,577,422,2723,235,1682,793,403,2760,230,376,573,387,2660,230,1370,787,395,2753,234,375,574,384,2661,233,17367,808,20,2742,640,146,353,412,2419,504,845,160,359,2762,235,375,577,383,806,160,814,656,398,2726,231,376,585,411,2700,234,1615,787,401,2763,231,376,569,384,2661,230,1156,683,395,2751,230,376,577,384,2661,250,17513,814,50,2794,702,200,377,470,2448,506,652,0,0,0,0,0,0,0,0,0,0,0,0,0,0,0,0,0,0,0,0,0,0,0,0,0,0,0,0,0,0,0,0,0,0,0,0,0,0,0,0,0,0,0,0,0,0,0,0,0,0,0,0,0,0,0,0,0,0,0,0,0,0,0,0,0,0,0,0,0,0,0,0,0,0,0,0,0,0,0,0,0,0,0,0,0,0,0,0,0,0,0,0,0,0,0,0,0,0,0,0,0,0,0,0,0,0,0,0,0,0,0,0,0,0,0,0,0,0,0,0,0,0,0,0,0,0,0,0,0,0,0,0,0,0,0,0,0,0,0,0,0,0,0,0,0,0,0,0,0,0,0,0,0,0,0,0,0,0,0,0,0,0,0,0,0,0,0,0,0,0,0,0,0,0,0,0,0,0,0,0,0,0,0,0,0,0,0,0,0,0,0,0,0,0,0,0,0,0,0,0,0,0,0,0,0,0,0,0,0,0,0,0,0,0,0,0,0,0,0,0,0,0,0,0,0,0,0,0,0,0,0,0,0,0,0,0,0,0,0,0,0,0,0,0,0,0,0,0,0,0,0,0,0,0,0,0,0,0,0,0,0,0,0,0,0,0,0,0,0,0,0,0,0,0,0,0,0,0,0,0,0,0,0,0,0,0,0,0,0,0,0,0,0,0,0,0,0,0,0,0
383824,82,141866,18325,1418,3,0,18838,133,367,2758,18325,529,18,528,2434,505,868,197,369,2765,232,377,577,419,2725,233,1685,792,403,2762,229,375,573,385,2659,230,1367,787,395,2752,234,375,574,384,2671,236,17380,815,20,2743,645,146,363,416,2432,507,1056,198,361,934,176,366,592,405,2850,235,777,668,406,2771,232,376,618,436,2729,235,1621,784,401,2761,232,376,566,384,2661,230,1153,683,391,2750,230,375,575,387,2660,247,17524,821,46,2794,702,158,358,444,2440,505,492,0,0,0,0,0,0,0,0,0,0,0,0,0,0,0,0,0,0,0,0,0,0,0,0,0,0,0,0,0,0,0,0,0,0,0,0,0,0,0,0,0,0,0,0,0,0,0,0,0,0,0,0,0,0,0,0,0,0,0,0,0,0,0,0,0,0,0,0,0,0,0,0,0,0,0,0,0,0,0,0,0,0,0,0,0,0,0,0,0,0,0,0,0,0,0,0,0,0,0,0,0,0,0,0,0,0,0,0,0,0,0,0,0,0,0,0,0,0,0,0,0,0,0,0,0,0,0,0,0,0,0,0,0,0,0,0,0,0,0,0,0,0,0,0,0,0,0,0,0,0,0,0,0,0,0,0,0,0,0,0,0,0,0,0,0,0,0,0,0,0,0,0,0,0,0,0,0,0,0,0,0,0,0,0,0,0,0,0,0,0,0,0,0,0,0,0,0,0,0,0,0,0,0,0,0,0,0,0,0,0,0,0,0,0,0,0,0,0,0,0,0,0,0,0,0,0,0,0,0,0,0,0,0,0,0,0,0,0,0,0,0,0,0,0,0,0,0,0,0,0,0,0,0,0,0,0,0,0,0,0,0,0,0,0,0,0,0,0,0,0,0,0,0,0,0,0,0,0,0,0,0,0,0,0,0,0,0,0,0,0,0,0,0,0,0,0,0,0,0,0
384824,83,285843,155286,2858,3,0,17158,150,367,2763,155286,626,21,580,6565,514,871,193,552,1060,162,355,732,464,2764,235,1872,797,403,2749,393,415,697,399,2807,233,1441,788,574,2903,233,376,625,407,2702,236,17386,801,20,2726,652,147,351,420,2428,506,657,136,371,2833,233,377,587,388,2674,234,991,716,393,2746,398,414,697,397,2812,233,1614,789,580,2922,234,375,763,486,2862,250,1237,781,401,2769,234,378,575,384,2668,233,17387,805,20,2736,643,146,353,412,2418,506,848,0,0,0,0,0,0,0,0,0,0,0,0,0,0,0,0,0,0,0,0,0,0,0,0,0,0,0,0,0,0,0,0,0,0,0,0,0,0,0,0,0,0,0,0,0,0,0,0,0,0,0,0,0,0,0,0,0,0,0,0,0,0,0,0,0,0,0,0,0,0,0,0,0,0,0,0,0,0,0,0,0,0,0,0,0,0,0,0,0,0,0,0,0,0,0,0,0,0,0,0,0,0,0,0,0,0,0,0,0,0,0,0,0,0,0,0,0,0,0,0,0,0,0,0,0,0,0,0,0,0,0,0,0,0,0,0,0,0,0,0,0,0,0,0,0,0,0,0,0,0,0,0,0,0,0,0,0,0,0,0,0,0,0,0,0,0,0,0,0,0,0,0,0,0,0,0,0,0,0,0,0,0,0,0,0,0,0,0,0,0,0,0,0,0,0,0,0,0,0,0,0,0,0,0,0,0,0,0,0,0,0,0,0,0,0,0,0,0,0,0,0,0,0,0,0,0,0,0,0,0,0,0,0,0,0,0,0,0,0,0,0,0,0,0,0,0,0,0,0,0,0,0,0,0,0,0,0,0,0,0,0,0,0,0,0,0,0,0,0,0,0,0,0,0,0,0,0,0,0,0,0,0,0,0,0,0,0,0,0,0,0,0,0,0,0,0,0,0,0,0
385965,84,701534,566253,7015,4,0,154121,163,354,2872,566253,631,21,578,12430,516,423,676,388,2951,234,379,580,559,2791,234,1775,243,678,2598,522,624,230,379,2744,246,1369,788,397,2770,235,378,572,398,2673,235,17397,812,20,860,539,336,444,516,2492,679,789,141,371,2901,234,377,577,563,2795,236,775,834,436,2844,234,542,714,409,2685,279,1645,787,403,2759,231,377,569,387,2661,231,1159,687,389,2753,231,379,574,384,2663,235,17398,800,20,2732,643,146,351,415,2456,505,846,0,0,0,0,0,0,0,0,0,0,0,0,0,0,0,0,0,0,0,0,0,0,0,0,0,0,0,0,0,0,0,0,0,0,0,0,0,0,0,0,0,0,0,0,0,0,0,0,0,0,0,0,0,0,0,0,0,0,0,0,0,0,0,0,0,0,0,0,0,0,0,0,0,0,0,0,0,0,0,0,0,0,0,0,0,0,0,0,0,0,0,0,0,0,0,0,0,0,0,0,0,0,0,0,0,0,0,0,0,0,0,0,0,0,0,0,0,0,0,0,0,0,0,0,0,0,0,0,0,0,0,0,0,0,0,0,0,0,0,0,0,0,0,0,0,0,0,0,0,0,0,0,0,0,0,0,0,0,0,0,0,0,0,0,0,0,0,0,0,0,0,0,0,0,0,0,0,0,0,0,0,0,0,0,0,0,0,0,0,0,0,0,0,0,0,0,0,0,0,0,0,0,0,0,0,0,0,0,0,0,0,0,0,0,0,0,0,0,0,0,0,0,0,0,0,0,0,0,0,0,0,0,0,0,0,0,0,0,0,0,0,0,0,0,0,0,0,0,0,0,0,0,0,0,0,0,0,0,0,0,0,0,0,0,0,0,0,0,0,0,0,0,0,0,0,0,0,0,0,0,0,0,0,0,0,0,0,0,0,0,0,0,0,0,0,0,0,0,0,0
387515,85,412872,281125,4128,3,0,565090,163,355,2775,281125,623,789,36,9565,639,568,454,452,2484,512,472,150,362,2876,234,1711,793,566,2905,232,377,730,441,2738,234,1501,787,394,2744,244,377,576,392,2673,235,17392,813,20,2732,645,144,363,417,544,384,628,141,356,2757,398,404,702,400,2717,236,777,670,387,2763,230,377,579,391,2669,234,1633,789,398,2753,232,375,569,391,2661,231,1159,685,395,2746,230,376,577,390,2660,231,17392,801,20,2780,690,208,439,589,2504,531,883,0,0,0,0,0,0,0,0,0,0,0,0,0,0,0,0,0,0,0,0,0,0,0,0,0,0,0,0,0,0,0,0,0,0,0,0,0,0,0,0,0,0,0,0,0,0,0,0,0,0,0,0,0,0,0,0,0,0,0,0,0,0,0,0,0,0,0,0,0,0,0,0,0,0,0,0,0,0,0,0,0,0,0,0,0,0,0,0,0,0,0,0,0,0,0,0,0,0,0,0,0,0,0,0,0,0,0,0,0,0,0,0,0,0,0,0,0,0,0,0,0,0,0,0,0,0,0,0,0,0,0,0,0,0,0,0,0,0,0,0,0,0,0,0,0,0,0,0,0,0,0,0,0,0,0,0,0,0,0,0,0,0,0,0,0,0,0,0,0,0,0,0,0,0,0,0,0,0,0,0,0,0,0,0,0,0,0,0,0,0,0,0,0,0,0,0,0,0,0,0,0,0,0,0,0,0,0,0,0,0,0,0,0,0,0,0,0,0,0,0,0,0,0,0,0,0,0,0,0,0,0,0,0,0,0,0,0,0,0,0,0,0,0,0,0,0,0,0,0,0,0,0,0,0,0,0,0,0,0,0,0,0,0,0,0,0,0,0,0,0,0,0,0,0,0,0,0,0,0,0,0,0,0,0,0,0,0,0,0,0,0,0,0,0,0,0,0,0,0,0
388785,86,141150,18326,1411,3,0,279958,184,362,2800,18326,529,18,529,2434,505,872,198,369,2770,233,376,578,392,2670,234,1708,797,400,2751,229,376,574,392,2659,234,1370,786,395,2751,233,375,573,392,807,163,17327,822,20,2731,642,144,353,413,2418,504,500,158,359,2753,235,375,581,392,2666,234,781,674,387,2765,230,377,574,391,2666,233,1632,791,400,2755,230,376,570,391,2660,230,1157,685,390,2749,228,375,577,390,2661,231,17352,810,20,2729,641,208,435,579,2514,537,798,0,0,0,0,0,0,0,0,0,0,0,0,0,0,0,0,0,0,0,0,0,0,0,0,0,0,0,0,0,0,0,0,0,0,0,0,0,0,0,0,0,0,0,0,0,0,0,0,0,0,0,0,0,0,0,0,0,0,0,0,0,0,0,0,0,0,0,0,0,0,0,0,0,0,0,0,0,0,0,0,0,0,0,0,0,0,0,0,0,0,0,0,0,0,0,0,0,0,0,0,0,0,0,0,0,0,0,0,0,0,0,0,0,0,0,0,0,0,0,0,0,0,0,0,0,0,0,0,0,0,0,0,0,0,0,0,0,0,0,0,0,0,0,0,0,0,0,0,0,0,0,0,0,0,0,0,0,0,0,0,0,0,0,0,0,0,0,0,0,0,0,0,0,0,0,0,0,0,0,0,0,0,0,0,0,0,0,0,0,0,0,0,0,0,0,0,0,0,0,0,0,0,0,0,0,0,0,0,0,0,0,0,0,0,0,0,0,0,0,0,0,0,0,0,0,0,0,0,0,0,0,0,0,0,0,0,0,0,0,0,0,0,0,0,0,0,0,0,0,0,0,0,0,0,0,0,0,0,0,0,0,0,0,0,0,0,0,0,0,0,0,0,0,0,0,0,0,0,0,0,0,0,0,0,0,0,0,0,0,0,0,0,0,0,0,0,0,0,0,0
389785,87,146621,23124,1466,3,0,17165,205,378,2858,23124,526,19,529,2433,509,868,198,369,2787,234,375,579,389,2669,233,1725,800,399,2776,232,379,576,385,2659,235,1438,790,397,2759,231,376,573,389,2665,233,17403,802,20,2747,643,148,353,422,539,381,812,169,355,2767,231,381,585,398,2670,234,780,674,391,2772,230,379,575,386,2670,237,1649,790,398,2771,231,374,570,390,2666,231,1155,688,387,2756,231,377,577,387,2660,234,17404,800,20,2818,686,205,450,581,2508,514,660,0,0,0,0,0,0,0,0,0,0,0,0,0,0,0,0,0,0,0,0,0,0,0,0,0,0,0,0,0,0,0,0,0,0,0,0,0,0,0,0,0,0,0,0,0,0,0,0,0,0,0,0,0,0,0,0,0,0,0,0,0,0,0,0,0,0,0,0,0,0,0,0,0,0,0,0,0,0,0,0,0,0,0,0,0,0,0,0,0,0,0,0,0,0,0,0,0,0,0,0,0,0,0,0,0,0,0,0,0,0,0,0,0,0,0,0,0,0,0,0,0,0,0,0,0,0,0,0,0,0,0,0,0,0,0,0,0,0,0,0,0,0,0,0,0,0,0,0,0,0,0,0,0,0,0,0,0,0,0,0,0,0,0,0,0,0,0,0,0,0,0,0,0,0,0,0,0,0,0,0,0,0,0,0,0,0,0,0,0,0,0,0,0,0,0,0,0,0,0,0,0,0,0,0,0,0,0,0,0,0,0,0,0,0,0,0,0,0,0,0,0,0,0,0,0,0,0,0,0,0,0,0,0,0,0,0,0,0,0,0,0,0,0,0,0,0,0,0,0,0,0,0,0,0,0,0,0,0,0,0,0,0,0,0,0,0,0,0,0,0,0,0,0,0,0,0,0,0,0,0,0,0,0,0,0,0,0,0,0,0,0,0,0,0,0,0,0,0,0,0
390794,88,141502,18169,1415,3,0,21961,136,361,2765,18169,533,19,529,2435,507,869,198,369,2785,232,377,579,387,2668,233,1713,799,398,2771,232,377,576,388,2668,237,1369,785,397,2764,232,375,572,387,2663,233,17496,828,20,865,523,162,370,443,2406,509,835,157,354,2769,231,380,581,388,2667,234,779,676,391,2770,230,379,575,386,2670,237,1634,790,399,2772,231,374,572,392,2666,231,1155,688,387,2757,231,378,576,385,2661,234,17496,824,20,2820,686,205,451,580,2500,513,496,0,0,0,0,0,0,0,0,0,0,0,0,0,0,0,0,0,0,0,0,0,0,0,0,0,0,0,0,0,0,0,0,0,0,0,0,0,0,0,0,0,0,0,0,0,0,0,0,0,0,0,0,0,0,0,0,0,0,0,0,0,0,0,0,0,0,0,0,0,0,0,0,0,0,0,0,0,0,0,0,0,0,0,0,0,0,0,0,0,0,0,0,0,0,0,0,0,0,0,0,0,0,0,0,0,0,0,0,0,0,0,0,0,0,0,0,0,0,0,0,0,0,0,0,0,0,0,0,0,0,0,0,0,0,0,0,0,0,0,0,0,0,0,0,0,0,0,0,0,0,0,0,0,0,0,0,0,0,0,0,0,0,0,0,0,0,0,0,0,0,0,0,0,0,0,0,0,0,0,0,0,0,0,0,0,0,0,0,0,0,0,0,0,0,0,0,0,0,0,0,0,0,0,0,0,0,0,0,0,0,0,0,0,0,0,0,0,0,0,0,0,0,0,0,0,0,0,0,0,0,0,0,0,0,0,0,0,0,0,0,0,0,0,0,0,0,0,0,0,0,0,0,0,0,0,0,0,0,0,0,0,0,0,0,0,0,0,0,0,0,0,0,0,0,0,0,0,0,0,0,0,0,0,0,0,0,0,0,0,0,0,0,0,0,0,0,0,0,0,0
391794,89,141657,18195,1416,3,0,16997,157,361,2777,18195,531,18,529,2437,507,866,197,369,2784,233,377,578,388,2669,233,1720,799,400,2771,232,377,576,388,2668,237,1370,785,397,910,165,373,587,398,2650,234,17443,812,20,2746,641,148,353,422,2422,507,656,137,359,2757,230,379,577,390,2668,234,782,675,391,2769,230,379,575,386,2668,237,1648,789,402,2772,231,374,571,391,2663,231,1152,688,392,2760,232,377,576,385,2661,234,17449,816,20,2818,685,205,452,581,2509,515,842,0,0,0,0,0,0,0,0,0,0,0,0,0,0,0,0,0,0,0,0,0,0,0,0,0,0,0,0,0,0,0,0,0,0,0,0,0,0,0,0,0,0,0,0,0,0,0,0,0,0,0,0,0,0,0,0,0,0,0,0,0,0,0,0,0,0,0,0,0,0,0,0,0,0,0,0,0,0,0,0,0,0,0,0,0,0,0,0,0,0,0,0,0,0,0,0,0,0,0,0,0,0,0,0,0,0,0,0,0,0,0,0,0,0,0,0,0,0,0,0,0,0,0,0,0,0,0,0,0,0,0,0,0,0,0,0,0,0,0,0,0,0,0,0,0,0,0,0,0,0,0,0,0,0,0,0,0,0,0,0,0,0,0,0,0,0,0,0,0,0,0,0,0,0,0,0,0,0,0,0,0,0,0,0,0,0,0,0,0,0,0,0,0,0,0,0,0,0,0,0,0,0,0,0,0,0,0,0,0,0,0,0,0,0,0,0,0,0,0,0,0,0,0,0,0,0,0,0,0,0,0,0,0,0,0,0,0,0,0,0,0,0,0,0,0,0,0,0,0,0,0,0,0,0,0,0,0,0,0,0,0,0,0,0,0,0,0,0,0,0,0,0,0,0,0,0,0,0,0,0,0,0,0,0,0,0,0,0,0,0,0,0,0,0,0,0,0,0,0,0
392795,90,144783,18172,1447,3,0,17030,159,354,2782,18172,533,18,529,2436,507,867,197,369,2783,233,376,578,389,2670,233,1712,798,398,2773,232,377,576,388,808,161,3292,790,398,2767,231,376,569,389,2670,233,17445,823,20,2746,639,148,354,421,2423,507,497,154,359,2765,231,378,575,558,2790,233,775,836,436,2852,234,540,723,402,2682,396,1694,791,404,2968,233,376,582,405,2685,235,1155,851,437,2871,233,392,583,387,2675,396,17478,886,59,2887,676,211,471,72,2863,233,529,0,0,0,0,0,0,0,0,0,0,0,0,0,0,0,0,0,0,0,0,0,0,0,0,0,0,0,0,0,0,0,0,0,0,0,0,0,0,0,0,0,0,0,0,0,0,0,0,0,0,0,0,0,0,0,0,0,0,0,0,0,0,0,0,0,0,0,0,0,0,0,0,0,0,0,0,0,0,0,0,0,0,0,0,0,0,0,0,0,0,0,0,0,0,0,0,0,0,0,0,0,0,0,0,0,0,0,0,0,0,0,0,0,0,0,0,0,0,0,0,0,0,0,0,0,0,0,0,0,0,0,0,0,0,0,0,0,0,0,0,0,0,0,0,0,0,0,0,0,0,0,0,0,0,0,0,0,0,0,0,0,0,0,0,0,0,0,0,0,0,0,0,0,0,0,0,0,0,0,0,0,0,0,0,0,0,0,0,0,0,0,0,0,0,0,0,0,0,0,0,0,0,0,0,0,0,0,0,0,0,0,0,0,0,0,0,0,0,0,0,0,0,0,0,0,0,0,0,0,0,0,0,0,0,0,0,0,0,0,0,0,0,0,0,0,0,0,0,0,0,0,0,0,0,0,0,0,0,0,0,0,0,0,0,0,0,0,0,0,0,0,0,0,0,0,0,0,0,0,0,0,0,0,0,0,0,0,0,0,0,0,0,0,0,0,0,0,0,0,0
393794,91,143475,18274,1434,3,0,16998,605,389,2754,18274,527,19,529,2435,507,866,197,369,2780,233,376,578,389,809,161,1723,804,395,2764,231,377,574,386,2667,236,1365,787,397,2765,231,376,574,388,2661,233,17347,826,20,2750,645,158,355,426,2432,518,844,163,354,2789,233,380,581,400,2678,236,778,835,438,2849,232,539,727,405,2681,247,1650,788,404,2785,231,375,577,406,2678,231,1155,850,438,2872,232,393,586,387,2675,396,17366,855,50,2824,679,214,466,774,2531,509,501,0,0,0,0,0,0,0,0,0,0,0,0,0,0,0,0,0,0,0,0,0,0,0,0,0,0,0,0,0,0,0,0,0,0,0,0,0,0,0,0,0,0,0,0,0,0,0,0,0,0,0,0,0,0,0,0,0,0,0,0,0,0,0,0,0,0,0,0,0,0,0,0,0,0,0,0,0,0,0,0,0,0,0,0,0,0,0,0,0,0,0,0,0,0,0,0,0,0,0,0,0,0,0,0,0,0,0,0,0,0,0,0,0,0,0,0,0,0,0,0,0,0,0,0,0,0,0,0,0,0,0,0,0,0,0,0,0,0,0,0,0,0,0,0,0,0,0,0,0,0,0,0,0,0,0,0,0,0,0,0,0,0,0,0,0,0,0,0,0,0,0,0,0,0,0,0,0,0,0,0,0,0,0,0,0,0,0,0,0,0,0,0,0,0,0,0,0,0,0,0,0,0,0,0,0,0,0,0,0,0,0,0,0,0,0,0,0,0,0,0,0,0,0,0,0,0,0,0,0,0,0,0,0,0,0,0,0,0,0,0,0,0,0,0,0,0,0,0,0,0,0,0,0,0,0,0,0,0,0,0,0,0,0,0,0,0,0,0,0,0,0,0,0,0,0,0,0,0,0,0,0,0,0,0,0,0,0,0,0,0,0,0,0,0,0,0,0,0,0,0
394794,92,144448,18216,1444,3,0,17109,213,386,2811,18216,538,18,531,2439,519,873,202,367,929,168,367,592,420,2676,236,1728,810,399,2785,230,537,717,406,2686,400,1490,795,399,2971,233,378,581,561,2797,234,17410,966,29,2781,645,317,425,483,2457,523,662,132,362,2959,234,380,581,407,2685,235,771,831,436,2848,233,433,615,393,2682,247,1638,790,398,2787,230,376,576,399,2678,231,1155,697,395,2766,233,387,578,387,2670,394,17434,887,51,3003,676,212,465,249,2925,236,745,0,0,0,0,0,0,0,0,0,0,0,0,0,0,0,0,0,0,0,0,0,0,0,0,0,0,0,0,0,0,0,0,0,0,0,0,0,0,0,0,0,0,0,0,0,0,0,0,0,0,0,0,0,0,0,0,0,0,0,0,0,0,0,0,0,0,0,0,0,0,0,0,0,0,0,0,0,0,0,0,0,0,0,0,0,0,0,0,0,0,0,0,0,0,0,0,0,0,0,0,0,0,0,0,0,0,0,0,0,0,0,0,0,0,0,0,0,0,0,0,0,0,0,0,0,0,0,0,0,0,0,0,0,0,0,0,0,0,0,0,0,0,0,0,0,0,0,0,0,0,0,0,0,0,0,0,0,0,0,0,0,0,0,0,0,0,0,0,0,0,0,0,0,0,0,0,0,0,0,0,0,0,0,0,0,0,0,0,0,0,0,0,0,0,0,0,0,0,0,0,0,0,0,0,0,0,0,0,0,0,0,0,0,0,0,0,0,0,0,0,0,0,0,0,0,0,0,0,0,0,0,0,0,0,0,0,0,0,0,0,0,0,0,0,0,0,0,0,0,0,0,0,0,0,0,0,0,0,0,0,0,0,0,0,0,0,0,0,0,0,0,0,0,0,0,0,0,0,0,0,0,0,0,0,0,0,0,0,0,0,0,0,0,0,0,0,0,0,0,0
395794,93,139394,18221,1393,3,0,17051,650,409,2790,18221,527,18,530,556,397,825,219,381,2858,234,375,576,392,2670,233,1727,800,397,2774,231,377,576,388,2668,237,1367,785,397,2766,231,376,573,389,2663,233,17407,804,20,2752,643,148,353,422,2418,507,497,157,360,2766,232,380,577,389,2665,233,781,676,393,2779,231,379,574,386,2664,236,1643,790,399,2776,231,374,571,391,2662,231,1152,688,392,2762,232,377,576,385,2661,234,17407,883,50,2813,680,212,468,21,1008,162,518,0,0,0,0,0,0,0,0,0,0,0,0,0,0,0,0,0,0,0,0,0,0,0,0,0,0,0,0,0,0,0,0,0,0,0,0,0,0,0,0,0,0,0,0,0,0,0,0,0,0,0,0,0,0,0,0,0,0,0,0,0,0,0,0,0,0,0,0,0,0,0,0,0,0,0,0,0,0,0,0,0,0,0,0,0,0,0,0,0,0,0,0,0,0,0,0,0,0,0,0,0,0,0,0,0,0,0,0,0,0,0,0,0,0,0,0,0,0,0,0,0,0,0,0,0,0,0,0,0,0,0,0,0,0,0,0,0,0,0,0,0,0,0,0,0,0,0,0,0,0,0,0,0,0,0,0,0,0,0,0,0,0,0,0,0,0,0,0,0,0,0,0,0,0,0,0,0,0,0,0,0,0,0,0,0,0,0,0,0,0,0,0,0,0,0,0,0,0,0,0,0,0,0,0,0,0,0,0,0,0,0,0,0,0,0,0,0,0,0,0,0,0,0,0,0,0,0,0,0,0,0,0,0,0,0,0,0,0,0,0,0,0,0,0,0,0,0,0,0,0,0,0,0,0,0,0,0,0,0,0,0,0,0,0,0,0,0,0,0,0,0,0,0,0,0,0,0,0,0,0,0,0,0,0,0,0,0,0,0,0,0,0,0,0,0,0,0,0,0,0
396794,94,145795,19998,1457,3,0,17053,592,398,2771,19998,543,636,410,4065,234,779,670,392,2769,231,386,586,388,813,172,1709,797,394,2771,232,388,580,386,2665,234,1442,790,399,2764,231,391,581,386,2664,233,17409,802,20,2747,641,151,353,415,2421,503,843,163,357,2777,236,385,587,388,2668,234,785,678,390,2778,231,388,580,386,2701,235,1609,786,403,2782,231,391,578,386,2663,230,1158,684,388,2762,233,385,580,386,2668,233,17475,823,62,2811,682,215,66,457,2779,236,531,0,0,0,0,0,0,0,0,0,0,0,0,0,0,0,0,0,0,0,0,0,0,0,0,0,0,0,0,0,0,0,0,0,0,0,0,0,0,0,0,0,0,0,0,0,0,0,0,0,0,0,0,0,0,0,0,0,0,0,0,0,0,0,0,0,0,0,0,0,0,0,0,0,0,0,0,0,0,0,0,0,0,0,0,0,0,0,0,0,0,0,0,0,0,0,0,0,0,0,0,0,0,0,0,0,0,0,0,0,0,0,0,0,0,0,0,0,0,0,0,0,0,0,0,0,0,0,0,0,0,0,0,0,0,0,0,0,0,0,0,0,0,0,0,0,0,0,0,0,0,0,0,0,0,0,0,0,0,0,0,0,0,0,0,0,0,0,0,0,0,0,0,0,0,0,0,0,0,0,0,0,0,0,0,0,0,0,0,0,0,0,0,0,0,0,0,0,0,0,0,0,0,0,0,0,0,0,0,0,0,0,0,0,0,0,0,0,0,0,0,0,0,0,0,0,0,0,0,0,0,0,0,0,0,0,0,0,0,0,0,0,0,0,0,0,0,0,0,0,0,0,0,0,0,0,0,0,0,0,0,0,0,0,0,0,0,0,0,0,0,0,0,0,0,0,0,0,0,0,0,0,0,0,0,0,0,0,0,0,0,0,0,0,0,0,0,0,0,0,0
397804,95,141612,18302,1416,3,0,18826,613,387,2762,18302,524,18,528,556,393,826,217,383,2861,234,389,584,393,2720,234,1689,793,401,2776,230,388,579,388,2662,231,1367,787,396,2767,231,391,582,388,2663,234,17415,800,20,2752,644,151,353,415,2422,503,843,163,357,2780,235,381,588,388,2667,234,785,678,390,2780,231,388,580,386,2698,235,1609,786,403,2783,231,391,578,386,2661,230,1157,684,388,2761,233,385,580,386,2668,232,17473,824,61,2819,48,657,216,459,2767,235,392,0,0,0,0,0,0,0,0,0,0,0,0,0,0,0,0,0,0,0,0,0,0,0,0,0,0,0,0,0,0,0,0,0,0,0,0,0,0,0,0,0,0,0,0,0,0,0,0,0,0,0,0,0,0,0,0,0,0,0,0,0,0,0,0,0,0,0,0,0,0,0,0,0,0,0,0,0,0,0,0,0,0,0,0,0,0,0,0,0,0,0,0,0,0,0,0,0,0,0,0,0,0,0,0,0,0,0,0,0,0,0,0,0,0,0,0,0,0,0,0,0,0,0,0,0,0,0,0,0,0,0,0,0,0,0,0,0,0,0,0,0,0,0,0,0,0,0,0,0,0,0,0,0,0,0,0,0,0,0,0,0,0,0,0,0,0,0,0,0,0,0,0,0,0,0,0,0,0,0,0,0,0,0,0,0,0,0,0,0,0,0,0,0,0,0,0,0,0,0,0,0,0,0,0,0,0,0,0,0,0,0,0,0,0,0,0,0,0,0,0,0,0,0,0,0,0,0,0,0,0,0,0,0,0,0,0,0,0,0,0,0,0,0,0,0,0,0,0,0,0,0,0,0,0,0,0,0,0,0,0,0,0,0,0,0,0,0,0,0,0,0,0,0,0,0,0,0,0,0,0,0,0,0,0,0,0,0,0,0,0,0,0,0,0,0,0,0,0,0,0
398804,96,142004,18212,1420,3,0,17128,604,387,901,18212,525,18,524,2437,505,869,196,374,2791,233,389,587,388,2717,233,1687,792,401,2780,231,385,581,387,2661,230,1366,787,396,2771,232,389,582,386,2660,233,17421,805,20,2750,644,151,353,415,2423,503,656,137,361,2762,236,385,747,438,2739,232,990,713,394,2760,400,414,694,397,2835,232,1613,785,416,2787,231,387,741,440,2748,235,1363,710,404,2777,288,405,598,393,2684,235,17412,803,56,2826,676,240,443,584,632,373,885,0,0,0,0,0,0,0,0,0,0,0,0,0,0,0,0,0,0,0,0,0,0,0,0,0,0,0,0,0,0,0,0,0,0,0,0,0,0,0,0,0,0,0,0,0,0,0,0,0,0,0,0,0,0,0,0,0,0,0,0,0,0,0,0,0,0,0,0,0,0,0,0,0,0,0,0,0,0,0,0,0,0,0,0,0,0,0,0,0,0,0,0,0,0,0,0,0,0,0,0,0,0,0,0,0,0,0,0,0,0,0,0,0,0,0,0,0,0,0,0,0,0,0,0,0,0,0,0,0,0,0,0,0,0,0,0,0,0,0,0,0,0,0,0,0,0,0,0,0,0,0,0,0,0,0,0,0,0,0,0,0,0,0,0,0,0,0,0,0,0,0,0,0,0,0,0,0,0,0,0,0,0,0,0,0,0,0,0,0,0,0,0,0,0,0,0,0,0,0,0,0,0,0,0,0,0,0,0,0,0,0,0,0,0,0,0,0,0,0,0,0,0,0,0,0,0,0,0,0,0,0,0,0,0,0,0,0,0,0,0,0,0,0,0,0,0,0,0,0,0,0,0,0,0,0,0,0,0,0,0,0,0,0,0,0,0,0,0,0,0,0,0,0,0,0,0,0,0,0,0,0,0,0,0,0,0,0,0,0,0,0,0,0,0,0,0,0,0,0,0
399805,97,140974,18277,1409,3,0,17096,189,362,2786,18277,523,18,527,2436,505,867,196,373,2788,233,389,586,387,2709,232,1690,792,400,2778,231,384,581,387,2668,231,1432,788,399,2764,231,391,581,386,2664,233,17425,803,20,2753,641,151,353,415,2423,503,497,157,362,2771,236,385,585,387,2660,233,784,678,392,2782,232,392,580,387,2692,234,1608,786,402,2780,230,381,578,386,2667,231,1157,685,387,2764,234,389,580,387,806,161,17391,805,20,2825,688,210,456,20,2870,250,533,0,0,0,0,0,0,0,0,0,0,0,0,0,0,0,0,0,0,0,0,0,0,0,0,0,0,0,0,0,0,0,0,0,0,0,0,0,0,0,0,0,0,0,0,0,0,0,0,0,0,0,0,0,0,0,0,0,0,0,0,0,0,0,0,0,0,0,0,0,0,0,0,0,0,0,0,0,0,0,0,0,0,0,0,0,0,0,0,0,0,0,0,0,0,0,0,0,0,0,0,0,0,0,0,0,0,0,0,0,0,0,0,0,0,0,0,0,0,0,0,0,0,0,0,0,0,0,0,0,0,0,0,0,0,0,0,0,0,0,0,0,0,0,0,0,0,0,0,0,0,0,0,0,0,0,0,0,0,0,0,0,0,0,0,0,0,0,0,0,0,0,0,0,0,0,0,0,0,0,0,0,0,0,0,0,0,0,0,0,0,0,0,0,0,0,0,0,0,0,0,0,0,0,0,0,0,0,0,0,0,0,0,0,0,0,0,0,0,0,0,0,0,0,0,0,0,0,0,0,0,0,0,0,0,0,0,0,0,0,0,0,0,0,0,0,0,0,0,0,0,0,0,0,0,0,0,0,0,0,0,0,0,0,0,0,0,0,0,0,0,0,0,0,0,0,0,0,0,0,0,0,0,0,0,0,0,0,0,0,0,0,0,0,0,0,0,0,0,0,0
400804,98,142253,18270,1422,3,0,17106,647,387,2776,18270,523,19,528,2432,505,868,197,373,2795,233,389,586,387,2710,232,1690,793,401,2773,230,381,582,388,2667,231,1366,786,399,2771,232,389,582,386,2661,233,17406,802,19,2753,641,151,353,415,2423,503,843,163,357,2779,235,381,588,388,2667,234,784,678,386,2778,231,388,580,386,2699,235,1609,786,403,2783,231,391,578,386,804,161,1164,656,382,2748,232,387,584,388,2667,231,17469,819,45,2812,690,205,455,628,2499,513,503,0,0,0,0,0,0,0,0,0,0,0,0,0,0,0,0,0,0,0,0,0,0,0,0,0,0,0,0,0,0,0,0,0,0,0,0,0,0,0,0,0,0,0,0,0,0,0,0,0,0,0,0,0,0,0,0,0,0,0,0,0,0,0,0,0,0,0,0,0,0,0,0,0,0,0,0,0,0,0,0,0,0,0,0,0,0,0,0,0,0,0,0,0,0,0,0,0,0,0,0,0,0,0,0,0,0,0,0,0,0,0,0,0,0,0,0,0,0,0,0,0,0,0,0,0,0,0,0,0,0,0,0,0,0,0,0,0,0,0,0,0,0,0,0,0,0,0,0,0,0,0,0,0,0,0,0,0,0,0,0,0,0,0,0,0,0,0,0,0,0,0,0,0,0,0,0,0,0,0,0,0,0,0,0,0,0,0,0,0,0,0,0,0,0,0,0,0,0,0,0,0,0,0,0,0,0,0,0,0,0,0,0,0,0,0,0,0,0,0,0,0,0,0,0,0,0,0,0,0,0,0,0,0,0,0,0,0,0,0,0,0,0,0,0,0,0,0,0,0,0,0,0,0,0,0,0,0,0,0,0,0,0,0,0,0,0,0,0,0,0,0,0,0,0,0,0,0,0,0,0,0,0,0,0,0,0,0,0,0,0,0,0,0,0,0,0,0,0,0,0
401804,99,143387,18306,1433,3,0,17102,156,361,2788,18306,523,19,528,2434,505,870,197,373,2794,233,389,586,388,2719,233,1686,793,403,2781,229,387,581,387,2663,230,3237,790,400,2770,232,389,577,387,2666,233,17419,800,20,2754,641,151,353,415,2422,503,656,137,361,2763,236,385,585,388,2669,234,784,678,386,2778,231,388,580,386,2701,235,1602,786,403,922,161,377,602,397,2663,233,1155,688,386,2765,234,389,584,387,2666,230,17486,849,50,2851,697,218,472,35,2855,234,748,0,0,0,0,0,0,0,0,0,0,0,0,0,0,0,0,0,0,0,0,0,0,0,0,0,0,0,0,0,0,0,0,0,0,0,0,0,0,0,0,0,0,0,0,0,0,0,0,0,0,0,0,0,0,0,0,0,0,0,0,0,0,0,0,0,0,0,0,0,0,0,0,0,0,0,0,0,0,0,0,0,0,0,0,0,0,0,0,0,0,0,0,0,0,0,0,0,0,0,0,0,0,0,0,0,0,0,0,0,0,0,0,0,0,0,0,0,0,0,0,0,0,0,0,0,0,0,0,0,0,0,0,0,0,0,0,0,0,0,0,0,0,0,0,0,0,0,0,0,0,0,0,0,0,0,0,0,0,0,0,0,0,0,0,0,0,0,0,0,0,0,0,0,0,0,0,0,0,0,0,0,0,0,0,0,0,0,0,0,0,0,0,0,0,0,0,0,0,0,0,0,0,0,0,0,0,0,0,0,0,0,0,0,0,0,0,0,0,0,0,0,0,0,0,0,0,0,0,0,0,0,0,0,0,0,0,0,0,0,0,0,0,0,0,0,0,0,0,0,0,0,0,0,0,0,0,0,0,0,0,0,0,0,0,0,0,0,0,0,0,0,0,0,0,0,0,0,0,0,0,0,0,0,0,0,0,0,0,0,0,0,0,0,0,0,0,0,0,0,0
402804,100,142046,18327,1420,3,0,17135,613,399,2755,18327,527,19,527,2437,505,867,196,373,2788,233,389,586,387,2709,232,1687,793,401,2775,230,381,582,388,2668,231,1369,787,396,2771,232,389,582,386,2660,233,17420,799,20,2754,641,151,353,415,2421,503,497,157,362,2768,237,385,585,387,2664,233,786,678,392,2782,232,392,580,387,806,173,1641,794,394,2773,230,385,577,385,2660,234,1154,685,386,2759,236,389,584,386,2648,230,17475,824,44,2812,686,205,452,602,2477,508,661,0,0,0,0,0,0,0,0,0,0,0,0,0,0,0,0,0,0,0,0,0,0,0,0,0,0,0,0,0,0,0,0,0,0,0,0,0,0,0,0,0,0,0,0,0,0,0,0,0,0,0,0,0,0,0,0,0,0,0,0,0,0,0,0,0,0,0,0,0,0,0,0,0,0,0,0,0,0,0,0,0,0,0,0,0,0,0,0,0,0,0,0,0,0,0,0,0,0,0,0,0,0,0,0,0,0,0,0,0,0,0,0,0,0,0,0,0,0,0,0,0,0,0,0,0,0,0,0,0,0,0,0,0,0,0,0,0,0,0,0,0,0,0,0,0,0,0,0,0,0,0,0,0,0,0,0,0,0,0,0,0,0,0,0,0,0,0,0,0,0,0,0,0,0,0,0,0,0,0,0,0,0,0,0,0,0,0,0,0,0,0,0,0,0,0,0,0,0,0,0,0,0,0,0,0,0,0,0,0,0,0,0,0,0,0,0,0,0,0,0,0,0,0,0,0,0,0,0,0,0,0,0,0,0,0,0,0,0,0,0,0,0,0,0,0,0,0,0,0,0,0,0,0,0,0,0,0,0,0,0,0,0,0,0,0,0,0,0,0,0,0,0,0,0,0,0,0,0,0,0,0,0,0,0,0,0,0,0,0,0,0,0,0,0,0,0,0,0,0,0
403804,101,143186,18269,1431,3,0,17158,136,364,2773,18269,524,18,528,2434,505,869,197,373,2796,233,389,586,387,2709,232,1693,792,399,2773,240,383,582,389,2672,231,1432,788,409,2773,234,389,592,386,2671,234,17422,806,20,2754,801,177,366,480,2476,504,841,156,532,2940,233,385,741,441,886,177,937,708,394,2746,247,393,595,388,2883,233,1613,782,416,2789,231,387,739,440,2749,234,1167,688,394,2769,289,407,597,393,2683,235,17408,899,60,2833,59,658,239,470,2874,238,400,0,0,0,0,0,0,0,0,0,0,0,0,0,0,0,0,0,0,0,0,0,0,0,0,0,0,0,0,0,0,0,0,0,0,0,0,0,0,0,0,0,0,0,0,0,0,0,0,0,0,0,0,0,0,0,0,0,0,0,0,0,0,0,0,0,0,0,0,0,0,0,0,0,0,0,0,0,0,0,0,0,0,0,0,0,0,0,0,0,0,0,0,0,0,0,0,0,0,0,0,0,0,0,0,0,0,0,0,0,0,0,0,0,0,0,0,0,0,0,0,0,0,0,0,0,0,0,0,0,0,0,0,0,0,0,0,0,0,0,0,0,0,0,0,0,0,0,0,0,0,0,0,0,0,0,0,0,0,0,0,0,0,0,0,0,0,0,0,0,0,0,0,0,0,0,0,0,0,0,0,0,0,0,0,0,0,0,0,0,0,0,0,0,0,0,0,0,0,0,0,0,0,0,0,0,0,0,0,0,0,0,0,0,0,0,0,0,0,0,0,0,0,0,0,0,0,0,0,0,0,0,0,0,0,0,0,0,0,0,0,0,0,0,0,0,0,0,0,0,0,0,0,0,0,0,0,0,0,0,0,0,0,0,0,0,0,0,0,0,0,0,0,0,0,0,0,0,0,0,0,0,0,0,0,0,0,0,0,0,0,0,0,0,0,0,0,0,0,0,0
404804,102,142330,18199,1423,3,0,17094,599,387,2766,18199,526,18,528,2440,505,867,196,373,2786,233,389,587,388,2715,233,1687,792,402,2786,232,390,582,387,2666,230,1365,786,399,2767,231,391,582,388,2665,234,17419,800,20,2752,644,151,353,415,2422,503,656,137,361,902,163,373,576,419,2664,234,779,679,390,2775,231,388,579,388,2703,235,1603,786,403,2786,232,389,577,388,2666,231,1154,684,387,2764,234,389,580,387,2660,231,17464,821,46,2812,689,217,467,600,2515,512,848,0,0,0,0,0,0,0,0,0,0,0,0,0,0,0,0,0,0,0,0,0,0,0,0,0,0,0,0,0,0,0,0,0,0,0,0,0,0,0,0,0,0,0,0,0,0,0,0,0,0,0,0,0,0,0,0,0,0,0,0,0,0,0,0,0,0,0,0,0,0,0,0,0,0,0,0,0,0,0,0,0,0,0,0,0,0,0,0,0,0,0,0,0,0,0,0,0,0,0,0,0,0,0,0,0,0,0,0,0,0,0,0,0,0,0,0,0,0,0,0,0,0,0,0,0,0,0,0,0,0,0,0,0,0,0,0,0,0,0,0,0,0,0,0,0,0,0,0,0,0,0,0,0,0,0,0,0,0,0,0,0,0,0,0,0,0,0,0,0,0,0,0,0,0,0,0,0,0,0,0,0,0,0,0,0,0,0,0,0,0,0,0,0,0,0,0,0,0,0,0,0,0,0,0,0,0,0,0,0,0,0,0,0,0,0,0,0,0,0,0,0,0,0,0,0,0,0,0,0,0,0,0,0,0,0,0,0,0,0,0,0,0,0,0,0,0,0,0,0,0,0,0,0,0,0,0,0,0,0,0,0,0,0,0,0,0,0,0,0,0,0,0,0,0,0,0,0,0,0,0,0,0,0,0,0,0,0,0,0,0,0,0,0,0,0,0,0,0,0,0
405805,103,142616,18050,1426,3,0,17020,158,354,2782,18050,535,18,528,2439,505,867,196,373,2788,233,389,586,387,2709,232,1692,792,399,2775,229,381,582,388,2668,231,1367,786,399,2770,232,389,582,386,2660,233,17424,802,19,870,523,166,370,441,2399,506,491,155,361,2778,236,385,754,439,2737,233,990,712,394,2761,247,392,598,386,2710,233,1609,786,413,2786,228,382,741,440,2744,234,1168,689,394,2767,280,406,595,393,2864,235,17457,829,50,2814,695,212,474,614,2509,514,712,0,0,0,0,0,0,0,0,0,0,0,0,0,0,0,0,0,0,0,0,0,0,0,0,0,0,0,0,0,0,0,0,0,0,0,0,0,0,0,0,0,0,0,0,0,0,0,0,0,0,0,0,0,0,0,0,0,0,0,0,0,0,0,0,0,0,0,0,0,0,0,0,0,0,0,0,0,0,0,0,0,0,0,0,0,0,0,0,0,0,0,0,0,0,0,0,0,0,0,0,0,0,0,0,0,0,0,0,0,0,0,0,0,0,0,0,0,0,0,0,0,0,0,0,0,0,0,0,0,0,0,0,0,0,0,0,0,0,0,0,0,0,0,0,0,0,0,0,0,0,0,0,0,0,0,0,0,0,0,0,0,0,0,0,0,0,0,0,0,0,0,0,0,0,0,0,0,0,0,0,0,0,0,0,0,0,0,0,0,0,0,0,0,0,0,0,0,0,0,0,0,0,0,0,0,0,0,0,0,0,0,0,0,0,0,0,0,0,0,0,0,0,0,0,0,0,0,0,0,0,0,0,0,0,0,0,0,0,0,0,0,0,0,0,0,0,0,0,0,0,0,0,0,0,0,0,0,0,0,0,0,0,0,0,0,0,0,0,0,0,0,0,0,0,0,0,0,0,0,0,0,0,0,0,0,0,0,0,0,0,0,0,0,0,0,0,0,0,0,0
406804,104,159634,18328,1596,4,0,16881,141,360,2799,18328,527,18,528,2432,505,870,197,373,2794,233,389,586,387,2712,232,1692,792,399,2775,229,381,581,387,2677,231,1434,787,409,2773,234,389,592,386,808,164,17395,802,19,2756,653,150,353,423,2424,504,842,17477,501,2378,650,149,369,426,2437,503,1053,229,371,2806,401,11781,777,22,2865,647,1416,491,528,2525,505,477,312,420,2741,231,1168,687,387,2766,286,407,598,393,2855,234,5983,791,503,2953,254,445,876,549,2359,630,170,0,0,0,0,0,0,0,0,0,0,0,0,0,0,0,0,0,0,0,0,0,0,0,0,0,0,0,0,0,0,0,0,0,0,0,0,0,0,0,0,0,0,0,0,0,0,0,0,0,4,4,4,4,4,4,4,4,4,4,4,4,4,4,4,0,0,0,0,0,0,0,0,0,0,0,0,0,0,0,0,0,0,0,0,0,0,0,0,0,0,0,0,0,0,0,0,0,0,0,0,0,0,0,0,0,0,0,0,0,0,0,0,0,0,0,0,0,0,0,0,0,0,0,0,0,0,0,0,0,0,0,0,0,0,0,0,0,0,0,0,0,0,0,0,0,0,0,0,0,0,4,0,0,0,0,0,0,0,0,0,0,0,0,0,4,0,0,0,0,0,0,0,0,0,0,0,0,0,0,0,0,0,0,0,0,0,0,0,0,0,0,0,0,0,0,0,0,0,0,0,0,0,0,0,0,0,0,0,0,0,0,0,0,0,0,0,0,0,0,0,0,0,0,0,0,0,0,0,0,0,0,0,0,0,0,0,0,0,0,0,0,0,0,0,0,0,0,0,0,0,0,0,0,0,0,0,0,0,0,0,0,0,0,0,11,0,0,0,0,0,0,0,0,0,0,0,0,0,0,0,0,0,0,0,0,0,0,0,0,11,0,0,0,0,0,0,0,0,0,0
407804,105,121301,18568,1213,1,0,17159,370,432,2534,18568,709,156,362,2885,233,781,667,446,2844,233,384,594,388,2734,234,1708,792,401,2781,241,391,581,387,808,163,1402,781,400,2765,232,389,579,386,2665,233,5920,794,399,2781,235,385,576,388,2667,234,529,599,387,2756,237,385,587,387,2664,233,783,678,388,2781,232,392,580,387,2699,234,1606,786,402,2779,231,385,577,388,2668,231,1157,685,387,2764,234,389,580,387,2660,231,5964,791,488,2947,246,442,714,496,2768,236,746,0,0,0,0,0,0,0,0,0,0,0,0,0,0,0,0,0,0,0,0,0,0,0,0,0,0,0,0,0,0,0,0,0,0,0,0,0,0,0,0,0,0,0,0,0,0,0,0,0,0,0,0,0,0,0,0,0,0,0,0,0,0,0,0,0,0,0,0,0,0,0,0,0,0,0,0,0,0,0,0,0,0,0,0,0,0,0,0,0,0,0,0,0,0,0,0,0,0,0,0,0,0,0,0,0,0,0,0,0,0,0,0,0,0,0,0,0,0,0,0,0,0,0,0,0,0,0,0,0,0,0,0,0,0,0,0,0,0,0,0,0,0,0,0,0,0,0,0,0,0,0,0,0,0,0,0,0,0,0,0,0,0,0,0,0,0,0,0,0,0,0,0,0,0,0,0,0,0,0,0,0,0,0,0,0,0,0,0,0,0,0,0,0,0,0,0,0,0,0,0,0,0,0,0,0,0,0,0,0,0,0,0,0,0,0,0,0,0,0,0,0,0,0,0,0,0,0,0,0,0,0,0,0,0,0,0,0,0,0,11,0,0,0,0,0,0,0,0,0,0,0,0,0,0,0,0,0,0,0,0,0,0,0,0,0,0,0,0,0,0,0,0,0,0,0,0,0,0,0,0,0,0,0,0,0,0,0,0,0,11,0,0,0,0,0,0,0,0,0,0
408804,106,122890,20119,1228,1,0,17085,609,392,2761,20119,526,633,414,2691,235,775,673,392,2765,233,378,578,384,2754,238,1693,793,401,2782,230,379,570,387,2664,232,1444,790,394,2764,233,381,571,386,800,163,5965,792,399,2784,233,379,568,387,2670,234,529,601,385,2762,233,380,577,384,2667,236,781,678,386,2777,231,378,575,387,2729,234,1606,786,401,2783,231,381,568,383,2666,234,1153,681,387,2771,232,378,574,387,2661,232,6075,816,19,2833,675,204,448,595,2454,507,841,0,0,0,0,0,0,0,0,0,0,0,0,0,0,0,0,0,0,0,0,0,0,0,0,0,0,0,0,0,0,0,0,0,0,0,0,0,0,0,0,0,0,0,0,0,0,0,0,0,0,0,0,0,0,0,0,0,0,0,0,0,0,0,0,0,0,0,0,0,0,0,0,0,0,0,0,0,0,0,0,0,0,0,0,0,0,0,0,0,0,0,0,0,0,0,0,0,0,0,0,0,0,0,0,0,0,0,0,0,0,0,0,0,0,0,0,0,0,0,0,0,0,0,0,0,0,0,0,0,0,0,0,0,0,0,0,0,0,0,0,0,0,0,0,0,0,0,0,0,0,0,0,0,0,0,0,0,0,0,0,0,0,0,0,0,0,0,0,0,0,0,0,0,0,0,0,0,0,0,0,0,0,0,0,0,0,0,0,0,0,0,0,0,0,0,0,0,0,0,0,0,0,0,0,0,0,0,0,0,0,0,0,0,0,0,0,0,0,0,0,0,0,0,0,0,0,0,0,0,0,0,0,0,0,0,0,0,0,0,11,0,0,0,0,0,0,0,0,0,0,0,0,0,0,0,0,0,0,0,0,0,0,0,0,0,0,0,0,0,0,0,0,0,0,0,0,0,0,0,0,0,0,0,0,0,0,0,0,0,11,0,0,0,0,0,0,0,0,0,0
409815,107,119174,18248,1191,1,0,18947,157,354,2783,18248,522,18,531,2434,505,862,197,370,2788,234,380,575,384,2751,235,1692,793,403,2782,231,378,570,389,2661,232,1365,789,397,915,169,379,585,387,2643,237,5924,795,400,2783,233,378,568,387,2666,234,390,596,385,2761,233,380,577,384,2666,236,781,678,390,2780,231,378,575,387,2728,234,1606,786,404,2784,232,381,568,383,2665,234,1153,681,387,2771,232,378,574,387,2661,232,5953,813,38,2819,721,200,447,600,2457,508,656,0,0,0,0,0,0,0,0,0,0,0,0,0,0,0,0,0,0,0,0,0,0,0,0,0,0,0,0,0,0,0,0,0,0,0,0,0,0,0,0,0,0,0,0,0,0,0,0,0,0,0,0,0,0,0,0,0,0,0,0,0,0,0,0,0,0,0,0,0,0,0,0,0,0,0,0,0,0,0,0,0,0,0,0,0,0,0,0,0,0,0,0,0,0,0,0,0,0,0,0,0,0,0,0,0,0,0,0,0,0,0,0,0,0,0,0,0,0,0,0,0,0,0,0,0,0,0,0,0,0,0,0,0,0,0,0,0,0,0,0,0,0,0,0,0,0,0,0,0,0,0,0,0,0,0,0,0,0,0,0,0,0,0,0,0,0,0,0,0,0,0,0,0,0,0,0,0,0,0,0,0,0,0,0,0,0,0,0,0,0,0,0,0,0,0,0,0,0,0,0,0,0,0,0,0,0,0,0,0,0,0,0,0,0,0,0,0,0,0,0,0,0,0,0,0,0,0,0,0,0,0,0,0,0,0,0,0,0,0,11,0,0,0,0,0,0,0,0,0,0,0,0,0,0,0,0,0,0,0,0,0,0,0,0,0,0,0,0,0,0,0,0,0,0,0,0,0,0,0,0,0,0,0,0,0,0,0,0,0,11,0,0,0,0,0,0,0,0,0,0
410814,108,123747,18300,1237,1,0,17083,138,363,2776,18300,522,19,531,2430,505,870,200,370,2795,234,380,576,384,2749,246,1696,791,401,3097,230,378,573,557,942,170,3319,960,456,2867,234,394,575,383,2684,249,6011,793,399,2986,233,378,579,402,2679,234,747,775,453,2861,234,393,579,383,2679,248,785,677,395,2780,234,378,575,444,2779,236,1607,796,402,2785,231,386,569,384,2667,233,1155,684,388,2768,231,377,578,387,2660,233,5942,795,399,3048,241,432,718,483,2866,238,391,0,0,0,0,0,0,0,0,0,0,0,0,0,0,0,0,0,0,0,0,0,0,0,0,0,0,0,0,0,0,0,0,0,0,0,0,0,0,0,0,0,0,0,0,0,0,0,0,0,0,0,0,0,0,0,0,0,0,0,0,0,0,0,0,0,0,0,0,0,0,0,0,0,0,0,0,0,0,0,0,0,0,0,0,0,0,0,0,0,0,0,0,0,0,0,0,0,0,0,0,0,0,0,0,0,0,0,0,0,0,0,0,0,0,0,0,0,0,0,0,0,0,0,0,0,0,0,0,0,0,0,0,0,0,0,0,0,0,0,0,0,0,0,0,0,0,0,0,0,0,0,0,0,0,0,0,0,0,0,0,0,0,0,0,0,0,0,0,0,0,0,0,0,0,0,0,0,0,0,0,0,0,0,0,0,0,0,0,0,0,0,0,0,0,0,0,0,0,0,0,0,0,0,0,0,0,0,0,0,0,0,0,0,0,0,0,0,0,0,0,0,0,0,0,0,0,0,0,0,0,0,0,0,0,0,0,0,0,0,11,0,0,0,0,0,0,0,0,0,0,0,0,0,0,0,0,0,0,0,0,0,0,0,0,0,0,0,0,0,0,0,0,0,0,0,0,0,0,0,0,0,0,0,0,0,0,0,0,0,11,0,0,0,0,0,0,0,0,0,0
411814,109,120766,18300,1207,1,0,17130,603,388,2765,18300,522,18,531,2433,505,868,200,370,2794,234,380,576,384,886,159,1710,799,392,2776,232,378,576,387,2664,233,1365,789,397,2773,233,380,572,386,2661,236,5971,792,399,2780,233,378,568,387,2670,234,529,601,385,2763,233,380,577,384,2666,236,781,678,386,2779,232,378,575,387,2728,234,1608,786,404,2785,232,379,568,383,2666,234,1153,681,462,2886,233,376,574,388,2667,232,5957,868,487,2948,246,433,717,490,2763,239,742,0,0,0,0,0,0,0,0,0,0,0,0,0,0,0,0,0,0,0,0,0,0,0,0,0,0,0,0,0,0,0,0,0,0,0,0,0,0,0,0,0,0,0,0,0,0,0,0,0,0,0,0,0,0,0,0,0,0,0,0,0,0,0,0,0,0,0,0,0,0,0,0,0,0,0,0,0,0,0,0,0,0,0,0,0,0,0,0,0,0,0,0,0,0,0,0,0,0,0,0,0,0,0,0,0,0,0,0,0,0,0,0,0,0,0,0,0,0,0,0,0,0,0,0,0,0,0,0,0,0,0,0,0,0,0,0,0,0,0,0,0,0,0,0,0,0,0,0,0,0,0,0,0,0,0,0,0,0,0,0,0,0,0,0,0,0,0,0,0,0,0,0,0,0,0,0,0,0,0,0,0,0,0,0,0,0,0,0,0,0,0,0,0,0,0,0,0,0,0,0,0,0,0,0,0,0,0,0,0,0,0,0,0,0,0,0,0,0,0,0,0,0,0,0,0,0,0,0,0,0,0,0,0,0,0,0,0,0,0,11,0,0,0,0,0,0,0,0,0,0,0,0,0,0,0,0,0,0,0,0,0,0,0,0,0,0,0,0,0,0,0,0,0,0,0,0,0,0,0,0,0,0,0,0,0,0,0,0,0,11,0,0,0,0,0,0,0,0,0,0
412814,110,120262,18371,1202,1,0,17128,610,394,2768,18371,525,18,531,2718,510,870,197,371,922,176,365,587,406,2761,239,1696,793,403,2776,230,376,572,389,2656,230,1432,791,397,2763,233,381,571,383,2668,236,5987,792,399,2782,232,379,568,387,2670,234,389,594,385,2765,233,380,577,384,2667,236,781,678,390,2779,231,378,575,387,2728,234,1608,786,404,2784,232,381,568,383,2666,234,1153,681,387,2772,232,378,574,387,2661,232,5984,815,37,2813,728,200,448,598,2456,507,657,0,0,0,0,0,0,0,0,0,0,0,0,0,0,0,0,0,0,0,0,0,0,0,0,0,0,0,0,0,0,0,0,0,0,0,0,0,0,0,0,0,0,0,0,0,0,0,0,0,0,0,0,0,0,0,0,0,0,0,0,0,0,0,0,0,0,0,0,0,0,0,0,0,0,0,0,0,0,0,0,0,0,0,0,0,0,0,0,0,0,0,0,0,0,0,0,0,0,0,0,0,0,0,0,0,0,0,0,0,0,0,0,0,0,0,0,0,0,0,0,0,0,0,0,0,0,0,0,0,0,0,0,0,0,0,0,0,0,0,0,0,0,0,0,0,0,0,0,0,0,0,0,0,0,0,0,0,0,0,0,0,0,0,0,0,0,0,0,0,0,0,0,0,0,0,0,0,0,0,0,0,0,0,0,0,0,0,0,0,0,0,0,0,0,0,0,0,0,0,0,0,0,0,0,0,0,0,0,0,0,0,0,0,0,0,0,0,0,0,0,0,0,0,0,0,0,0,0,0,0,0,0,0,0,0,0,0,0,0,11,0,0,0,0,0,0,0,0,0,0,0,0,0,0,0,0,0,0,0,0,0,0,0,0,0,0,0,0,0,0,0,0,0,0,0,0,0,0,0,0,0,0,0,0,0,0,0,0,0,11,0,0,0,0,0,0,0,0,0,0
413814,111,118436,18226,1184,1,0,17204,138,362,908,18226,522,18,528,2437,505,864,198,371,2792,234,380,575,384,2750,235,1695,793,401,2780,231,378,570,389,2662,232,1363,789,397,2770,233,380,572,386,2661,236,5954,793,399,2782,233,378,568,387,2668,234,744,616,401,2777,232,390,582,384,2671,245,789,677,394,2973,233,378,582,403,2731,236,1608,831,420,2799,233,379,572,382,2658,234,1153,685,387,2772,232,378,573,389,2668,234,5953,865,524,3000,245,428,714,492,901,160,388,0,0,0,0,0,0,0,0,0,0,0,0,0,0,0,0,0,0,0,0,0,0,0,0,0,0,0,0,0,0,0,0,0,0,0,0,0,0,0,0,0,0,0,0,0,0,0,0,0,0,0,0,0,0,0,0,0,0,0,0,0,0,0,0,0,0,0,0,0,0,0,0,0,0,0,0,0,0,0,0,0,0,0,0,0,0,0,0,0,0,0,0,0,0,0,0,0,0,0,0,0,0,0,0,0,0,0,0,0,0,0,0,0,0,0,0,0,0,0,0,0,0,0,0,0,0,0,0,0,0,0,0,0,0,0,0,0,0,0,0,0,0,0,0,0,0,0,0,0,0,0,0,0,0,0,0,0,0,0,0,0,0,0,0,0,0,0,0,0,0,0,0,0,0,0,0,0,0,0,0,0,0,0,0,0,0,0,0,0,0,0,0,0,0,0,0,0,0,0,0,0,0,0,0,0,0,0,0,0,0,0,0,0,0,0,0,0,0,0,0,0,0,0,0,0,0,0,0,0,0,0,0,0,0,0,0,0,0,0,11,0,0,0,0,0,0,0,0,0,0,0,0,0,0,0,0,0,0,0,0,0,0,0,0,0,0,0,0,0,0,0,0,0,0,0,0,0,0,0,0,0,0,0,0,0,0,0,0,0,11,0,0,0,0,0,0,0,0,0,0
414814,112,121235,18250,1212,1,0,17120,598,395,2778,18250,523,18,531,2435,505,861,196,372,2788,234,380,575,383,2750,235,1695,793,403,2781,231,378,570,389,2663,231,1363,789,397,2770,233,541,716,408,2681,396,6061,792,399,2799,235,378,574,560,2794,235,530,609,393,2789,235,389,583,383,2672,249,786,676,395,2838,233,378,579,385,2726,235,1609,786,403,2784,233,379,568,383,2665,234,1153,684,387,2771,233,378,574,387,804,164,6005,790,483,2937,245,441,749,23,2680,649,529,0,0,0,0,0,0,0,0,0,0,0,0,0,0,0,0,0,0,0,0,0,0,0,0,0,0,0,0,0,0,0,0,0,0,0,0,0,0,0,0,0,0,0,0,0,0,0,0,0,0,0,0,0,0,0,0,0,0,0,0,0,0,0,0,0,0,0,0,0,0,0,0,0,0,0,0,0,0,0,0,0,0,0,0,0,0,0,0,0,0,0,0,0,0,0,0,0,0,0,0,0,0,0,0,0,0,0,0,0,0,0,0,0,0,0,0,0,0,0,0,0,0,0,0,0,0,0,0,0,0,0,0,0,0,0,0,0,0,0,0,0,0,0,0,0,0,0,0,0,0,0,0,0,0,0,0,0,0,0,0,0,0,0,0,0,0,0,0,0,0,0,0,0,0,0,0,0,0,0,0,0,0,0,0,0,0,0,0,0,0,0,0,0,0,0,0,0,0,0,0,0,0,0,0,0,0,0,0,0,0,0,0,0,0,0,0,0,0,0,0,0,0,0,0,0,0,0,0,0,0,0,0,0,0,0,0,0,0,0,11,0,0,0,0,0,0,0,0,0,0,0,0,0,0,0,0,0,0,0,0,0,0,0,0,0,0,0,0,0,0,0,0,0,0,0,0,0,0,0,0,0,0,0,0,0,0,0,0,0,11,0,0,0,0,0,0,0,0,0,0
415814,113,136135,18565,1361,2,0,17087,378,437,2529,18565,708,155,364,2682,235,774,675,391,2771,232,380,577,384,2754,238,1695,794,401,2780,231,379,570,387,2660,231,1442,790,394,2766,233,380,571,386,2665,236,5964,797,399,2780,233,378,568,387,2668,234,390,596,385,2765,233,380,577,384,2666,236,782,678,390,2778,232,378,575,387,2728,234,1608,786,404,2788,5974,494,642,397,2681,238,1158,691,388,910,160,378,616,394,14874,258,5273,676,656,692,482,617,223,454,2865,393,563,0,0,0,0,0,0,0,0,0,0,0,0,0,0,0,0,0,0,0,0,0,0,0,0,0,0,0,0,0,0,0,0,0,0,0,0,0,0,0,0,0,0,0,0,0,0,0,0,0,0,0,0,0,0,0,0,0,0,0,0,0,0,0,0,0,0,0,0,0,0,0,0,4,4,4,4,4,4,4,4,4,4,4,4,4,4,4,0,0,0,0,0,0,0,0,0,0,0,0,0,0,0,0,0,0,0,0,0,0,0,0,0,0,0,0,0,0,0,0,0,0,0,0,0,0,0,0,0,0,0,0,0,0,0,0,0,0,0,0,0,0,0,0,0,0,0,0,0,0,0,0,0,0,0,0,0,0,0,0,0,0,0,0,0,0,0,0,0,0,0,0,0,0,4,0,0,0,0,0,0,0,0,0,0,0,0,0,4,0,0,0,0,0,0,0,0,0,0,0,0,0,0,0,0,0,0,0,0,0,0,0,0,0,0,0,0,0,0,0,0,0,0,0,0,0,0,0,0,0,0,0,0,0,0,0,0,0,0,0,11,0,0,0,0,0,0,0,0,0,0,0,0,0,0,0,0,0,0,0,0,0,0,0,0,0,0,0,0,0,0,0,0,0,11,0,0,0,0,0,0,0,0,0,0,0,0,0,10,0,10,0,0,0,0,0,0,0,0,0,0
416814,114,120033,18294,1200,1,0,17097,711,399,2795,18294,526,19,582,2463,509,868,196,372,2793,234,381,577,384,2751,239,1695,793,401,2987,233,377,580,447,2711,234,1362,797,397,2779,235,388,572,383,2671,236,5668,792,395,2765,232,377,572,387,2665,233,744,606,400,2763,233,380,578,383,2667,236,783,677,385,2783,231,378,574,389,2721,234,1608,786,403,921,168,374,604,388,2655,235,1157,688,387,2768,232,378,578,386,2669,231,5695,790,478,2932,245,442,733,22,2676,645,157,0,0,0,0,0,0,0,0,0,0,0,0,0,0,0,0,0,0,0,0,0,0,0,0,0,0,0,0,0,0,0,0,0,0,0,0,0,0,0,0,0,0,0,0,0,0,0,0,0,0,0,0,0,0,0,0,0,0,0,0,0,0,0,0,0,0,0,0,0,0,0,0,0,0,0,0,0,0,0,0,0,0,0,0,0,0,0,0,0,0,0,0,0,0,0,0,0,0,0,0,0,0,0,0,0,0,0,0,0,0,0,0,0,0,0,0,0,0,0,0,0,0,0,0,0,0,0,0,0,0,0,0,0,0,0,0,0,0,0,0,0,0,0,0,0,0,0,0,0,0,0,0,0,0,0,0,0,0,0,0,0,0,0,0,0,0,0,0,0,0,0,0,0,0,0,0,0,0,0,0,0,0,0,0,0,0,0,0,0,0,0,0,0,0,0,0,0,0,0,0,0,0,0,0,0,0,0,0,0,0,0,0,0,0,0,0,0,0,0,0,0,0,0,0,0,0,0,0,0,0,0,0,0,0,0,0,0,0,0,10,0,0,0,0,0,0,0,0,0,0,0,0,0,0,0,0,0,0,0,0,0,0,0,0,0,0,0,0,0,0,0,0,0,0,0,0,0,0,0,0,0,0,0,0,0,0,0,0,0,10,0,0,0,0,0,0,0,0,0,0
417814,115,120369,18571,1203,1,0,17126,365,426,2526,18571,709,157,364,2681,234,775,675,391,2772,232,380,577,384,2752,238,1694,793,401,2781,231,379,570,387,2664,232,1444,790,394,2764,233,381,571,386,2665,236,5669,793,395,2764,232,377,572,387,2669,233,530,599,386,2763,232,379,580,384,2662,235,780,676,389,2783,233,379,572,388,872,151,1634,787,392,2776,234,379,576,382,2659,235,1157,680,388,2763,234,377,583,387,2659,233,5731,788,480,2931,246,444,772,477,2730,238,748,0,0,0,0,0,0,0,0,0,0,0,0,0,0,0,0,0,0,0,0,0,0,0,0,0,0,0,0,0,0,0,0,0,0,0,0,0,0,0,0,0,0,0,0,0,0,0,0,0,0,0,0,0,0,0,0,0,0,0,0,0,0,0,0,0,0,0,0,0,0,0,0,0,0,0,0,0,0,0,0,0,0,0,0,0,0,0,0,0,0,0,0,0,0,0,0,0,0,0,0,0,0,0,0,0,0,0,0,0,0,0,0,0,0,0,0,0,0,0,0,0,0,0,0,0,0,0,0,0,0,0,0,0,0,0,0,0,0,0,0,0,0,0,0,0,0,0,0,0,0,0,0,0,0,0,0,0,0,0,0,0,0,0,0,0,0,0,0,0,0,0,0,0,0,0,0,0,0,0,0,0,0,0,0,0,0,0,0,0,0,0,0,0,0,0,0,0,0,0,0,0,0,0,0,0,0,0,0,0,0,0,0,0,0,0,0,0,0,0,0,0,0,0,0,0,0,0,0,0,0,0,0,0,0,0,0,0,0,0,10,0,0,0,0,0,0,0,0,0,0,0,0,0,0,0,0,0,0,0,0,0,0,0,0,0,0,0,0,0,0,0,0,0,0,0,0,0,0,0,0,0,0,0,0,0,0,0,0,0,10,0,0,0,0,0,0,0,0,0,0
418814,116,120715,18343,1207,1,0,17098,601,392,2760,18343,525,19,531,2435,505,866,199,370,2788,234,380,576,384,2750,235,1695,792,401,2798,232,377,572,397,2668,233,1361,798,397,2779,235,538,716,408,2682,398,5827,793,395,2777,234,377,580,439,2703,234,390,598,385,2765,234,380,578,383,2947,237,780,671,390,917,175,369,573,395,2735,236,1613,784,400,2780,232,379,572,383,2662,233,1152,685,388,2767,232,377,576,387,2657,232,5734,788,479,2930,245,443,778,473,2721,236,530,0,0,0,0,0,0,0,0,0,0,0,0,0,0,0,0,0,0,0,0,0,0,0,0,0,0,0,0,0,0,0,0,0,0,0,0,0,0,0,0,0,0,0,0,0,0,0,0,0,0,0,0,0,0,0,0,0,0,0,0,0,0,0,0,0,0,0,0,0,0,0,0,0,0,0,0,0,0,0,0,0,0,0,0,0,0,0,0,0,0,0,0,0,0,0,0,0,0,0,0,0,0,0,0,0,0,0,0,0,0,0,0,0,0,0,0,0,0,0,0,0,0,0,0,0,0,0,0,0,0,0,0,0,0,0,0,0,0,0,0,0,0,0,0,0,0,0,0,0,0,0,0,0,0,0,0,0,0,0,0,0,0,0,0,0,0,0,0,0,0,0,0,0,0,0,0,0,0,0,0,0,0,0,0,0,0,0,0,0,0,0,0,0,0,0,0,0,0,0,0,0,0,0,0,0,0,0,0,0,0,0,0,0,0,0,0,0,0,0,0,0,0,0,0,0,0,0,0,0,0,0,0,0,0,0,0,0,0,0,10,0,0,0,0,0,0,0,0,0,0,0,0,0,0,0,0,0,0,0,0,0,0,0,0,0,0,0,0,0,0,0,0,0,0,0,0,0,0,0,0,0,0,0,0,0,0,0,0,0,10,0,0,0,0,0,0,0,0,0,0
419814,117,121773,18286,1217,1,0,17174,606,388,2767,18286,524,19,531,2432,506,866,199,370,2786,234,380,576,384,2752,235,1696,794,403,2780,230,378,570,389,2663,231,3286,793,399,2768,233,381,567,384,2671,236,5648,793,395,2764,232,377,572,387,2666,233,744,608,400,914,176,364,580,397,2645,235,784,674,392,2767,231,379,575,389,2716,234,1608,786,404,2784,231,381,568,383,2667,234,1155,681,387,2771,232,378,574,387,2660,232,5823,786,478,2934,246,442,777,474,2720,236,390,0,0,0,0,0,0,0,0,0,0,0,0,0,0,0,0,0,0,0,0,0,0,0,0,0,0,0,0,0,0,0,0,0,0,0,0,0,0,0,0,0,0,0,0,0,0,0,0,0,0,0,0,0,0,0,0,0,0,0,0,0,0,0,0,0,0,0,0,0,0,0,0,0,0,0,0,0,0,0,0,0,0,0,0,0,0,0,0,0,0,0,0,0,0,0,0,0,0,0,0,0,0,0,0,0,0,0,0,0,0,0,0,0,0,0,0,0,0,0,0,0,0,0,0,0,0,0,0,0,0,0,0,0,0,0,0,0,0,0,0,0,0,0,0,0,0,0,0,0,0,0,0,0,0,0,0,0,0,0,0,0,0,0,0,0,0,0,0,0,0,0,0,0,0,0,0,0,0,0,0,0,0,0,0,0,0,0,0,0,0,0,0,0,0,0,0,0,0,0,0,0,0,0,0,0,0,0,0,0,0,0,0,0,0,0,0,0,0,0,0,0,0,0,0,0,0,0,0,0,0,0,0,0,0,0,0,0,0,0,10,0,0,0,0,0,0,0,0,0,0,0,0,0,0,0,0,0,0,0,0,0,0,0,0,0,0,0,0,0,0,0,0,0,0,0,0,0,0,0,0,0,0,0,0,0,0,0,0,0,10,0,0,0,0,0,0,0,0,0,0
420814,118,124852,23390,1248,1,0,17123,596,388,2768,23390,525,18,528,2433,506,869,197,369,2787,233,376,577,419,2725,232,1651,789,404,2779,229,375,572,385,2662,230,1368,786,397,2772,233,375,572,384,2660,233,5668,792,396,2765,231,376,574,383,2671,234,531,597,389,2757,233,375,578,384,2661,233,779,672,388,933,168,358,571,432,2698,238,1616,786,404,2778,232,376,569,384,2661,230,1155,685,395,2768,231,375,576,384,2662,231,5797,782,481,2944,249,449,731,398,2686,234,746,0,0,0,0,0,0,0,0,0,0,0,0,0,0,0,0,0,0,0,0,0,0,0,0,0,0,0,0,0,0,0,0,0,0,0,0,0,0,0,0,0,0,0,0,0,0,0,0,0,0,0,0,0,0,0,0,0,0,0,0,0,0,0,0,0,0,0,0,0,0,0,0,0,0,0,0,0,0,0,0,0,0,0,0,0,0,0,0,0,0,0,0,0,0,0,0,0,0,0,0,0,0,0,0,0,0,0,0,0,0,0,0,0,0,0,0,0,0,0,0,0,0,0,0,0,0,0,0,0,0,0,0,0,0,0,0,0,0,0,0,0,0,0,0,0,0,0,0,0,0,0,0,0,0,0,0,0,0,0,0,0,0,0,0,0,0,0,0,0,0,0,0,0,0,0,0,0,0,0,0,0,0,0,0,0,0,0,0,0,0,0,0,0,0,0,0,0,0,0,0,0,0,0,0,0,0,0,0,0,0,0,0,0,0,0,0,0,0,0,0,0,0,0,0,0,0,0,0,0,0,0,0,0,0,0,0,0,0,0,10,0,0,0,0,0,0,0,0,0,0,0,0,0,0,0,0,0,0,0,0,0,0,0,0,0,0,0,0,0,0,0,0,0,0,0,0,0,0,0,0,0,0,0,0,0,0,0,0,0,10,0,0,0,0,0,0,0,0,0,0
421824,119,119803,18329,1198,1,0,22226,611,406,2757,18329,529,19,529,2434,505,869,197,369,2787,233,376,577,419,2726,233,1692,793,403,2779,229,375,573,385,2660,230,1368,786,397,2773,233,375,572,384,2662,233,5634,793,396,2765,231,376,574,383,2671,234,392,592,390,2756,234,375,578,384,805,160,807,658,398,2757,231,376,577,419,2705,234,1610,787,401,2780,231,376,570,387,2660,230,1156,683,395,2769,230,376,746,445,2747,232,5812,792,487,2943,258,456,730,506,2379,639,298,0,0,0,0,0,0,0,0,0,0,0,0,0,0,0,0,0,0,0,0,0,0,0,0,0,0,0,0,0,0,0,0,0,0,0,0,0,0,0,0,0,0,0,0,0,0,0,0,0,0,0,0,0,0,0,0,0,0,0,0,0,0,0,0,0,0,0,0,0,0,0,0,0,0,0,0,0,0,0,0,0,0,0,0,0,0,0,0,0,0,0,0,0,0,0,0,0,0,0,0,0,0,0,0,0,0,0,0,0,0,0,0,0,0,0,0,0,0,0,0,0,0,0,0,0,0,0,0,0,0,0,0,0,0,0,0,0,0,0,0,0,0,0,0,0,0,0,0,0,0,0,0,0,0,0,0,0,0,0,0,0,0,0,0,0,0,0,0,0,0,0,0,0,0,0,0,0,0,0,0,0,0,0,0,0,0,0,0,0,0,0,0,0,0,0,0,0,0,0,0,0,0,0,0,0,0,0,0,0,0,0,0,0,0,0,0,0,0,0,0,0,0,0,0,0,0,0,0,0,0,0,0,0,0,0,0,0,0,0,10,0,0,0,0,0,0,0,0,0,0,0,0,0,0,0,0,0,0,0,0,0,0,0,0,0,0,0,0,0,0,0,0,0,0,0,0,0,0,0,0,0,0,0,0,0,0,0,0,0,10,0,0,0,0,0,0,0,0,0,0
422824,120,120198,18513,1201,1,0,17162,370,445,2536,18513,757,161,363,2702,234,778,678,389,2770,231,376,570,423,2725,233,1691,795,403,2781,228,375,575,384,2661,230,1440,788,397,2764,233,375,571,384,2666,233,5669,793,396,2765,231,376,574,383,805,161,745,601,406,2750,232,378,580,383,2660,234,780,671,386,2786,230,376,576,416,2708,232,1610,784,401,2782,230,376,570,387,2659,230,1155,680,391,2767,230,376,578,384,2661,231,5836,784,480,2977,247,442,734,400,2682,233,390,0,0,0,0,0,0,0,0,0,0,0,0,0,0,0,0,0,0,0,0,0,0,0,0,0,0,0,0,0,0,0,0,0,0,0,0,0,0,0,0,0,0,0,0,0,0,0,0,0,0,0,0,0,0,0,0,0,0,0,0,0,0,0,0,0,0,0,0,0,0,0,0,0,0,0,0,0,0,0,0,0,0,0,0,0,0,0,0,0,0,0,0,0,0,0,0,0,0,0,0,0,0,0,0,0,0,0,0,0,0,0,0,0,0,0,0,0,0,0,0,0,0,0,0,0,0,0,0,0,0,0,0,0,0,0,0,0,0,0,0,0,0,0,0,0,0,0,0,0,0,0,0,0,0,0,0,0,0,0,0,0,0,0,0,0,0,0,0,0,0,0,0,0,0,0,0,0,0,0,0,0,0,0,0,0,0,0,0,0,0,0,0,0,0,0,0,0,0,0,0,0,0,0,0,0,0,0,0,0,0,0,0,0,0,0,0,0,0,0,0,0,0,0,0,0,0,0,0,0,0,0,0,0,0,0,0,0,0,0,10,0,0,0,0,0,0,0,0,0,0,0,0,0,0,0,0,0,0,0,0,0,0,0,0,0,0,0,0,0,0,0,0,0,0,0,0,0,0,0,0,0,0,0,0,0,0,0,0,0,10,0,0,0,0,0,0,0,0,0,0
423824,121,119687,18274,1196,1,0,17042,594,392,2767,18274,525,19,529,2434,505,869,197,369,2788,233,376,577,419,2726,233,1692,793,403,2778,229,375,573,385,2660,230,1365,786,397,2771,234,375,572,384,2661,233,5667,793,396,902,168,366,589,401,2656,234,532,597,389,2764,234,375,579,384,2660,233,777,672,388,2790,230,377,575,418,2709,232,1610,784,401,2782,230,376,570,387,2660,230,1155,680,391,2765,230,376,578,384,2662,231,5716,787,478,2933,248,442,737,393,2682,234,746,0,0,0,0,0,0,0,0,0,0,0,0,0,0,0,0,0,0,0,0,0,0,0,0,0,0,0,0,0,0,0,0,0,0,0,0,0,0,0,0,0,0,0,0,0,0,0,0,0,0,0,0,0,0,0,0,0,0,0,0,0,0,0,0,0,0,0,0,0,0,0,0,0,0,0,0,0,0,0,0,0,0,0,0,0,0,0,0,0,0,0,0,0,0,0,0,0,0,0,0,0,0,0,0,0,0,0,0,0,0,0,0,0,0,0,0,0,0,0,0,0,0,0,0,0,0,0,0,0,0,0,0,0,0,0,0,0,0,0,0,0,0,0,0,0,0,0,0,0,0,0,0,0,0,0,0,0,0,0,0,0,0,0,0,0,0,0,0,0,0,0,0,0,0,0,0,0,0,0,0,0,0,0,0,0,0,0,0,0,0,0,0,0,0,0,0,0,0,0,0,0,0,0,0,0,0,0,0,0,0,0,0,0,0,0,0,0,0,0,0,0,0,0,0,0,0,0,0,0,0,0,0,0,0,0,0,0,0,0,10,0,0,0,0,0,0,0,0,0,0,0,0,0,0,0,0,0,0,0,0,0,0,0,0,0,0,0,0,0,0,0,0,0,0,0,0,0,0,0,0,0,0,0,0,0,0,0,0,0,10,0,0,0,0,0,0,0,0,0,0
424824,122,121257,18265,1212,1,0,17104,611,404,2754,18265,525,18,528,2433,505,869,197,369,2787,400,410,692,427,2888,235,1695,791,462,2847,230,374,582,384,2672,230,1450,785,397,912,178,373,582,397,2659,237,5789,791,407,2776,234,375,737,434,2737,235,405,596,389,2784,397,405,698,398,2687,237,777,665,567,2925,231,376,741,470,2775,234,1810,790,401,2769,272,400,587,393,2662,233,1160,688,391,2763,231,375,578,385,2662,230,6043,47,664,2621,537,614,230,378,2750,237,530,0,0,0,0,0,0,0,0,0,0,0,0,0,0,0,0,0,0,0,0,0,0,0,0,0,0,0,0,0,0,0,0,0,0,0,0,0,0,0,0,0,0,0,0,0,0,0,0,0,0,0,0,0,0,0,0,0,0,0,0,0,0,0,0,0,0,0,0,0,0,0,0,0,0,0,0,0,0,0,0,0,0,0,0,0,0,0,0,0,0,0,0,0,0,0,0,0,0,0,0,0,0,0,0,0,0,0,0,0,0,0,0,0,0,0,0,0,0,0,0,0,0,0,0,0,0,0,0,0,0,0,0,0,0,0,0,0,0,0,0,0,0,0,0,0,0,0,0,0,0,0,0,0,0,0,0,0,0,0,0,0,0,0,0,0,0,0,0,0,0,0,0,0,0,0,0,0,0,0,0,0,0,0,0,0,0,0,0,0,0,0,0,0,0,0,0,0,0,0,0,0,0,0,0,0,0,0,0,0,0,0,0,0,0,0,0,0,0,0,0,0,0,0,0,0,0,0,0,0,0,0,0,0,0,0,0,0,0,0,10,0,0,0,0,0,0,0,0,0,0,0,0,0,0,0,0,0,0,0,0,0,0,0,0,0,0,0,0,0,0,0,0,0,0,0,0,0,0,0,0,0,0,0,0,0,0,0,0,0,10,0,0,0,0,0,0,0,0,0,0
425824,123,207190,35732,2071,5,0,17101,611,454,2838,18370,538,18,529,2435,506,883,202,367,2793,243,376,577,416,2730,234,1694,789,416,2793,229,375,736,439,881,179,1512,783,392,2769,398,410,695,398,2687,234,5788,792,576,2938,231,377,589,5922,2928,236,760,619,403,2730,241,380,585,382,14065,266,395,433,511,2552,510,473,315,435,2781,235,1630,786,406,8459,231,384,583,390,2871,236,35732,703,22,2735,651,147,350,417,2674,531,17711,272,49,20091,662,259,406,488,2450,688,799,0,0,0,0,0,0,0,0,0,0,0,0,0,0,0,0,0,0,0,0,0,0,0,0,0,0,0,0,0,0,0,0,0,0,0,0,0,0,0,0,0,0,0,0,0,8,8,8,8,8,8,8,8,8,8,8,8,0,0,0,0,0,0,0,0,0,0,0,0,0,0,8,8,8,8,8,8,8,8,0,0,0,0,0,0,0,0,0,0,8,8,8,8,8,8,8,8,8,8,8,0,0,0,0,0,0,0,0,0,0,0,0,0,0,0,0,0,0,0,0,0,0,0,0,0,0,0,0,0,0,0,0,0,0,0,0,0,0,0,0,0,0,0,0,0,0,8,0,0,0,0,0,0,0,0,0,0,8,0,0,0,0,0,0,0,0,0,0,0,0,0,0,8,0,0,0,0,0,0,8,0,0,0,0,0,0,0,0,0,0,0,0,8,0,0,0,0,0,0,0,0,0,0,0,0,0,0,0,0,0,0,0,0,0,0,0,0,0,0,0,0,0,0,0,0,0,0,0,0,0,0,0,0,0,0,0,0,0,0,10,0,0,0,0,0,0,10,0,0,0,0,0,0,0,0,0,0,11,0,0,0,0,0,0,0,0,0,0,0,0,0,0,11,0,0,0,0,0,0,0,0,0,0,0,0,0,0,0,0,0,0,0,0,0,0,0,0,0,0,0
426854,124,137635,18319,1376,2,0,17200,149,372,16516,18319,546,19,526,2437,509,1053,226,371,2892,243,379,576,386,2716,234,1690,791,412,2786,231,375,584,384,2668,231,1452,787,394,2766,244,377,575,386,2670,235,7052,793,412,2786,234,376,736,434,2749,236,922,714,406,2773,247,377,583,383,2862,235,775,671,407,2861,233,375,746,443,2743,235,1639,783,405,2769,395,410,693,398,2814,232,1158,683,564,2941,233,378,788,24,2745,675,6943,528,610,662,390,483,161,375,2677,237,536,8,8,0,0,0,0,0,0,0,0,0,0,0,0,0,0,0,0,0,0,0,0,0,0,0,0,0,0,0,0,0,0,0,0,0,0,0,0,0,0,0,0,0,0,0,0,0,0,0,0,0,0,0,0,0,0,0,0,0,0,0,0,0,0,0,0,0,0,0,0,0,0,0,0,0,0,0,0,0,0,0,0,0,0,0,0,0,0,0,0,0,0,0,0,0,0,0,0,0,0,0,0,8,0,0,0,0,0,0,0,0,0,0,0,0,0,0,0,0,0,0,0,0,0,0,0,0,0,0,0,0,0,0,0,0,0,0,0,0,0,0,0,0,0,0,0,0,0,0,0,0,0,0,0,0,0,0,0,0,0,0,0,0,0,0,0,0,0,0,0,0,0,0,0,0,0,0,0,0,0,0,0,0,0,0,0,0,0,0,0,0,0,0,0,0,0,0,0,0,0,0,0,13,0,0,0,0,0,0,0,0,0,0,0,0,0,0,0,0,0,0,0,0,0,0,0,0,0,0,0,0,0,0,0,0,0,0,0,0,13,0,0,0,0,0,0,0,0,0,0,0,0,0,0,0,0,0,0,0,0,0,0,0,0,0,0,0,0,0,0,0,0,0,0,0,0,0,0,0,0,0,0,0,0,0,0,0,0,0,13,0,0,0,0,0,0,0,0,0,0
427864,125,122501,18296,1225,1,0,17121,605,397,2767,18296,527,19,529,2433,507,875,198,369,2903,235,377,570,384,2671,233,1692,795,404,2770,228,375,573,387,2660,231,1370,787,395,2769,234,375,573,386,2663,234,6992,795,401,2776,232,376,573,386,2674,234,748,604,400,2758,234,375,580,383,2663,234,784,671,390,2852,234,375,583,383,2668,233,1615,783,400,2777,232,377,570,384,2663,230,1157,674,391,902,155,367,733,483,2827,248,7145,793,474,2861,235,376,575,386,2674,234,393,0,0,0,0,0,0,0,0,0,0,0,0,0,0,0,0,0,0,0,0,0,0,0,0,0,0,0,0,0,0,0,0,0,0,0,0,0,0,0,0,0,0,0,0,0,0,0,0,0,0,0,0,0,0,0,0,0,0,0,0,0,0,0,0,0,0,0,0,0,0,0,0,0,0,0,0,0,0,0,0,0,0,0,0,0,0,0,0,0,0,0,0,0,0,0,0,0,0,0,0,0,0,0,0,0,0,0,0,0,0,0,0,0,0,0,0,0,0,0,0,0,0,0,0,0,0,0,0,0,0,0,0,0,0,0,0,0,0,0,0,0,0,0,0,0,0,0,0,0,0,0,0,0,0,0,0,0,0,0,0,0,0,0,0,0,0,0,0,0,0,0,0,0,0,0,0,0,0,0,0,0,0,0,0,0,0,0,0,0,0,0,0,0,0,0,0,0,0,0,0,0,0,0,0,0,0,0,0,0,0,0,0,0,0,0,0,0,0,0,0,0,0,0,0,0,0,0,0,0,0,0,0,0,0,0,0,0,0,0,13,0,0,0,0,0,0,0,0,0,0,0,0,0,0,0,0,0,0,0,0,0,0,0,0,0,0,0,0,0,0,0,0,0,0,0,0,0,0,0,0,0,0,0,0,0,0,0,0,0,13,0,0,0,0,0,0,0,0,0,0
428864,126,122552,18353,1225,1,0,17131,593,387,2763,18353,528,19,528,2434,507,875,198,369,2905,233,377,569,386,2668,232,1692,794,402,2770,228,376,573,387,2660,231,1372,787,395,2768,234,375,573,386,2663,234,7013,795,401,2776,231,376,573,386,2675,234,535,594,385,2756,234,375,580,383,2665,234,782,670,390,2857,234,375,584,386,2669,234,1615,783,400,2777,232,377,570,384,804,163,1164,651,386,2749,232,374,582,490,2857,245,7141,783,494,2870,235,376,578,383,2674,234,743,0,0,0,0,0,0,0,0,0,0,0,0,0,0,0,0,0,0,0,0,0,0,0,0,0,0,0,0,0,0,0,0,0,0,0,0,0,0,0,0,0,0,0,0,0,0,0,0,0,0,0,0,0,0,0,0,0,0,0,0,0,0,0,0,0,0,0,0,0,0,0,0,0,0,0,0,0,0,0,0,0,0,0,0,0,0,0,0,0,0,0,0,0,0,0,0,0,0,0,0,0,0,0,0,0,0,0,0,0,0,0,0,0,0,0,0,0,0,0,0,0,0,0,0,0,0,0,0,0,0,0,0,0,0,0,0,0,0,0,0,0,0,0,0,0,0,0,0,0,0,0,0,0,0,0,0,0,0,0,0,0,0,0,0,0,0,0,0,0,0,0,0,0,0,0,0,0,0,0,0,0,0,0,0,0,0,0,0,0,0,0,0,0,0,0,0,0,0,0,0,0,0,0,0,0,0,0,0,0,0,0,0,0,0,0,0,0,0,0,0,0,0,0,0,0,0,0,0,0,0,0,0,0,0,0,0,0,0,0,13,0,0,0,0,0,0,0,0,0,0,0,0,0,0,0,0,0,0,0,0,0,0,0,0,0,0,0,0,0,0,0,0,0,0,0,0,0,0,0,0,0,0,0,0,0,0,0,0,0,13,0,0,0,0,0,0,0,0,0,0
429864,127,124555,18327,1245,1,0,17186,607,401,2762,18327,529,18,529,2434,507,870,197,369,2904,233,377,574,386,2667,232,1692,794,402,2772,228,375,573,387,2661,231,3294,792,399,2770,234,375,568,383,2671,234,7117,796,402,2776,232,376,573,386,2674,234,395,590,385,2756,234,375,580,383,2667,234,782,672,390,2860,234,375,584,386,805,165,1650,792,393,2772,233,375,570,384,2658,232,1158,679,395,2765,233,375,582,492,2912,243,7243,790,490,2954,236,374,578,385,2668,233,535,0,0,0,0,0,0,0,0,0,0,0,0,0,0,0,0,0,0,0,0,0,0,0,0,0,0,0,0,0,0,0,0,0,0,0,0,0,0,0,0,0,0,0,0,0,0,0,0,0,0,0,0,0,0,0,0,0,0,0,0,0,0,0,0,0,0,0,0,0,0,0,0,0,0,0,0,0,0,0,0,0,0,0,0,0,0,0,0,0,0,0,0,0,0,0,0,0,0,0,0,0,0,0,0,0,0,0,0,0,0,0,0,0,0,0,0,0,0,0,0,0,0,0,0,0,0,0,0,0,0,0,0,0,0,0,0,0,0,0,0,0,0,0,0,0,0,0,0,0,0,0,0,0,0,0,0,0,0,0,0,0,0,0,0,0,0,0,0,0,0,0,0,0,0,0,0,0,0,0,0,0,0,0,0,0,0,0,0,0,0,0,0,0,0,0,0,0,0,0,0,0,0,0,0,0,0,0,0,0,0,0,0,0,0,0,0,0,0,0,0,0,0,0,0,0,0,0,0,0,0,0,0,0,0,0,0,0,0,0,13,0,0,0,0,0,0,0,0,0,0,0,0,0,0,0,0,0,0,0,0,0,0,0,0,0,0,0,0,0,0,0,0,0,0,0,0,0,0,0,0,0,0,0,0,0,0,0,0,0,13,0,0,0,0,0,0,0,0,0,0
430864,128,122731,18412,1227,1,0,17160,597,388,2760,18412,525,19,529,2434,507,875,198,369,2903,233,377,569,386,2671,233,1692,795,404,2770,228,375,573,387,2660,231,1371,787,395,2769,234,375,573,386,2663,234,7064,794,403,2775,231,376,573,386,2674,234,749,604,400,2757,234,375,579,386,2665,234,785,674,390,993,163,369,584,398,2676,237,1618,787,402,2775,232,377,569,384,2662,230,1157,680,395,2765,231,375,577,494,2852,243,7208,779,490,2933,233,375,579,385,2670,233,392,0,0,0,0,0,0,0,0,0,0,0,0,0,0,0,0,0,0,0,0,0,0,0,0,0,0,0,0,0,0,0,0,0,0,0,0,0,0,0,0,0,0,0,0,0,0,0,0,0,0,0,0,0,0,0,0,0,0,0,0,0,0,0,0,0,0,0,0,0,0,0,0,0,0,0,0,0,0,0,0,0,0,0,0,0,0,0,0,0,0,0,0,0,0,0,0,0,0,0,0,0,0,0,0,0,0,0,0,0,0,0,0,0,0,0,0,0,0,0,0,0,0,0,0,0,0,0,0,0,0,0,0,0,0,0,0,0,0,0,0,0,0,0,0,0,0,0,0,0,0,0,0,0,0,0,0,0,0,0,0,0,0,0,0,0,0,0,0,0,0,0,0,0,0,0,0,0,0,0,0,0,0,0,0,0,0,0,0,0,0,0,0,0,0,0,0,0,0,0,0,0,0,0,0,0,0,0,0,0,0,0,0,0,0,0,0,0,0,0,0,0,0,0,0,0,0,0,0,0,0,0,0,0,0,0,0,0,0,0,13,0,0,0,0,0,0,0,0,0,0,0,0,0,0,0,0,0,0,0,0,0,0,0,0,0,0,0,0,0,0,0,0,0,0,0,0,0,0,0,0,0,0,0,0,0,0,0,0,0,13,0,0,0,0,0,0,0,0,0,0
431864,129,125851,20119,1258,1,0,17247,593,389,2760,20119,527,635,411,2690,236,776,674,428,2847,234,374,630,395,2676,233,1692,795,400,2869,234,378,581,392,2668,233,1436,787,397,2766,231,376,573,388,2668,233,7099,801,401,2771,232,377,570,388,2665,236,529,598,386,2751,231,375,578,387,2663,233,779,676,422,2829,235,376,583,383,2667,236,1610,783,400,917,160,371,604,397,2659,232,1157,688,388,2762,230,377,728,486,2899,247,7224,795,474,2868,232,376,575,390,2664,233,744,0,0,0,0,0,0,0,0,0,0,0,0,0,0,0,0,0,0,0,0,0,0,0,0,0,0,0,0,0,0,0,0,0,0,0,0,0,0,0,0,0,0,0,0,0,0,0,0,0,0,0,0,0,0,0,0,0,0,0,0,0,0,0,0,0,0,0,0,0,0,0,0,0,0,0,0,0,0,0,0,0,0,0,0,0,0,0,0,0,0,0,0,0,0,0,0,0,0,0,0,0,0,0,0,0,0,0,0,0,0,0,0,0,0,0,0,0,0,0,0,0,0,0,0,0,0,0,0,0,0,0,0,0,0,0,0,0,0,0,0,0,0,0,0,0,0,0,0,0,0,0,0,0,0,0,0,0,0,0,0,0,0,0,0,0,0,0,0,0,0,0,0,0,0,0,0,0,0,0,0,0,0,0,0,0,0,0,0,0,0,0,0,0,0,0,0,0,0,0,0,0,0,0,0,0,0,0,0,0,0,0,0,0,0,0,0,0,0,0,0,0,0,0,0,0,0,0,0,0,0,0,0,0,0,0,0,0,0,0,13,0,0,0,0,0,0,0,0,0,0,0,0,0,0,0,0,0,0,0,0,0,0,0,0,0,0,0,0,0,0,0,0,0,0,0,0,0,0,0,0,0,0,0,0,0,0,0,0,0,13,0,0,0,0,0,0,0,0,0,0
432874,130,123990,18369,1239,1,0,18957,611,398,2762,18369,528,19,529,2434,506,865,197,400,2887,231,378,570,388,2672,233,1691,805,402,2782,230,386,571,384,2665,241,1369,785,397,2981,233,378,577,406,2682,234,7129,808,404,2781,234,387,581,388,2674,398,421,704,395,2777,233,375,582,406,2674,234,773,833,474,1017,167,372,606,396,2687,276,1642,790,402,2970,231,377,579,449,2710,233,1154,693,395,2771,233,385,577,497,2857,254,7161,790,492,2952,234,375,580,401,2679,235,530,0,0,0,0,0,0,0,0,0,0,0,0,0,0,0,0,0,0,0,0,0,0,0,0,0,0,0,0,0,0,0,0,0,0,0,0,0,0,0,0,0,0,0,0,0,0,0,0,0,0,0,0,0,0,0,0,0,0,0,0,0,0,0,0,0,0,0,0,0,0,0,0,0,0,0,0,0,0,0,0,0,0,0,0,0,0,0,0,0,0,0,0,0,0,0,0,0,0,0,0,0,0,0,0,0,0,0,0,0,0,0,0,0,0,0,0,0,0,0,0,0,0,0,0,0,0,0,0,0,0,0,0,0,0,0,0,0,0,0,0,0,0,0,0,0,0,0,0,0,0,0,0,0,0,0,0,0,0,0,0,0,0,0,0,0,0,0,0,0,0,0,0,0,0,0,0,0,0,0,0,0,0,0,0,0,0,0,0,0,0,0,0,0,0,0,0,0,0,0,0,0,0,0,0,0,0,0,0,0,0,0,0,0,0,0,0,0,0,0,0,0,0,0,0,0,0,0,0,0,0,0,0,0,0,0,0,0,0,0,13,0,0,0,0,0,0,0,0,0,0,0,0,0,0,0,0,0,0,0,0,0,0,0,0,0,0,0,0,0,0,0,0,0,0,0,0,0,0,0,0,0,0,0,0,0,0,0,0,0,13,0,0,0,0,0,0,0,0,0,0
433874,131,123022,18342,1230,1,0,17205,600,386,2768,18342,529,18,529,2434,507,869,198,402,2887,232,378,570,388,2672,233,1690,964,459,2865,232,391,579,388,2671,275,1465,788,397,2766,231,376,574,386,2664,233,6993,798,399,2773,232,377,570,388,2668,235,744,604,400,2762,232,375,580,386,805,162,809,668,430,2807,234,375,575,385,2662,236,1608,783,400,2780,231,375,570,387,2661,230,1157,684,389,2763,230,377,728,486,2841,250,7101,795,473,2860,232,376,576,390,2666,233,390,0,0,0,0,0,0,0,0,0,0,0,0,0,0,0,0,0,0,0,0,0,0,0,0,0,0,0,0,0,0,0,0,0,0,0,0,0,0,0,0,0,0,0,0,0,0,0,0,0,0,0,0,0,0,0,0,0,0,0,0,0,0,0,0,0,0,0,0,0,0,0,0,0,0,0,0,0,0,0,0,0,0,0,0,0,0,0,0,0,0,0,0,0,0,0,0,0,0,0,0,0,0,0,0,0,0,0,0,0,0,0,0,0,0,0,0,0,0,0,0,0,0,0,0,0,0,0,0,0,0,0,0,0,0,0,0,0,0,0,0,0,0,0,0,0,0,0,0,0,0,0,0,0,0,0,0,0,0,0,0,0,0,0,0,0,0,0,0,0,0,0,0,0,0,0,0,0,0,0,0,0,0,0,0,0,0,0,0,0,0,0,0,0,0,0,0,0,0,0,0,0,0,0,0,0,0,0,0,0,0,0,0,0,0,0,0,0,0,0,0,0,0,0,0,0,0,0,0,0,0,0,0,0,0,0,0,0,0,0,13,0,0,0,0,0,0,0,0,0,0,0,0,0,0,0,0,0,0,0,0,0,0,0,0,0,0,0,0,0,0,0,0,0,0,0,0,0,0,0,0,0,0,0,0,0,0,0,0,0,13,0,0,0,0,0,0,0,0,0,0
434874,132,122670,18344,1226,1,0,17177,598,386,2762,18344,529,18,529,2435,507,869,198,401,2887,232,378,574,384,2672,233,1691,797,400,2768,228,377,571,384,2661,232,1366,787,397,2772,232,375,573,386,2658,233,6990,796,399,2776,232,377,570,388,2666,236,529,596,386,901,166,362,578,408,2658,234,776,674,417,2829,235,376,581,386,2664,236,1610,783,400,2782,230,375,571,387,2661,230,1157,682,393,2764,231,377,726,488,2841,252,7124,796,474,2874,232,376,575,390,2666,233,744,0,0,0,0,0,0,0,0,0,0,0,0,0,0,0,0,0,0,0,0,0,0,0,0,0,0,0,0,0,0,0,0,0,0,0,0,0,0,0,0,0,0,0,0,0,0,0,0,0,0,0,0,0,0,0,0,0,0,0,0,0,0,0,0,0,0,0,0,0,0,0,0,0,0,0,0,0,0,0,0,0,0,0,0,0,0,0,0,0,0,0,0,0,0,0,0,0,0,0,0,0,0,0,0,0,0,0,0,0,0,0,0,0,0,0,0,0,0,0,0,0,0,0,0,0,0,0,0,0,0,0,0,0,0,0,0,0,0,0,0,0,0,0,0,0,0,0,0,0,0,0,0,0,0,0,0,0,0,0,0,0,0,0,0,0,0,0,0,0,0,0,0,0,0,0,0,0,0,0,0,0,0,0,0,0,0,0,0,0,0,0,0,0,0,0,0,0,0,0,0,0,0,0,0,0,0,0,0,0,0,0,0,0,0,0,0,0,0,0,0,0,0,0,0,0,0,0,0,0,0,0,0,0,0,0,0,0,0,0,13,0,0,0,0,0,0,0,0,0,0,0,0,0,0,0,0,0,0,0,0,0,0,0,0,0,0,0,0,0,0,0,0,0,0,0,0,0,0,0,0,0,0,0,0,0,0,0,0,0,13,0,0,0,0,0,0,0,0,0,0
435874,133,174454,35305,1744,3,0,17179,610,399,2766,18091,531,18,529,2434,507,864,197,400,2885,232,377,570,388,2670,233,1688,797,400,2770,228,540,716,406,2686,392,1409,792,397,2977,233,377,577,406,2682,234,7044,807,401,921,171,7183,788,402,2685,401,421,716,396,2783,232,377,586,448,2712,235,35305,745,23,4100,640,140,354,584,2479,508,1737,242,375,2863,229,427,614,392,812,161,1177,674,389,2766,250,434,721,507,2849,271,17485,838,20,2754,647,159,354,428,2426,677,781,0,0,0,0,0,0,0,0,0,0,0,0,0,0,0,0,0,0,0,0,0,0,0,0,0,0,0,0,0,0,0,0,0,0,0,0,0,0,0,0,0,0,0,4,4,4,4,4,4,4,4,4,4,4,4,4,4,4,4,0,0,0,0,0,0,0,0,0,0,0,0,0,0,0,0,0,0,0,0,0,0,0,0,0,0,0,0,0,0,0,0,0,0,0,0,0,0,0,0,0,0,0,0,0,0,0,0,0,0,0,0,0,0,0,0,0,0,0,0,0,0,0,0,0,0,0,0,0,0,0,0,0,0,0,0,0,0,0,0,0,0,0,0,0,4,0,0,0,0,0,0,0,0,0,0,0,0,0,0,4,0,0,0,0,0,0,0,0,0,0,0,0,0,0,0,0,0,0,0,0,0,0,0,0,0,0,0,0,0,0,0,0,0,0,0,0,0,0,0,0,0,0,0,0,0,0,0,0,0,0,0,0,0,0,0,0,0,0,0,0,0,0,0,0,0,0,0,0,0,0,0,0,0,0,0,0,0,0,0,13,0,0,0,0,13,0,0,0,0,0,0,0,0,0,0,0,0,0,0,0,0,0,0,0,0,0,0,0,0,0,0,0,0,0,0,0,0,0,0,0,0,0,0,0,0,0,0,0,0,0,0,0,0,0,0,0,0,0,0,0
436894,134,143797,18317,1437,3,0,16926,148,370,2918,18317,526,18,544,2431,506,909,385,428,2890,228,538,720,407,2686,396,1754,796,404,2975,232,378,583,563,2787,236,1442,802,397,2772,234,536,720,405,2684,290,17437,806,20,2764,647,148,353,434,2429,506,843,174,355,2796,233,385,580,388,2672,236,814,684,397,2783,234,375,584,387,2661,233,1608,785,400,916,157,370,609,391,2655,233,1157,686,388,2766,248,432,714,490,2842,258,17410,805,20,2754,640,150,354,422,2421,507,496,0,0,0,0,0,0,0,0,0,0,0,0,0,0,0,0,0,0,0,0,0,0,0,0,0,0,0,0,0,0,0,0,0,0,0,0,0,0,0,0,0,0,0,0,0,0,0,0,0,0,0,0,0,0,0,0,0,0,0,0,0,0,0,0,0,0,0,0,0,0,0,0,0,0,0,0,0,0,0,0,0,0,0,0,0,0,0,0,0,0,0,0,0,0,0,0,0,0,0,0,0,0,0,0,0,0,0,0,0,0,0,0,0,0,0,0,0,0,0,0,0,0,0,0,0,0,0,0,0,0,0,0,0,0,0,0,0,0,0,0,0,0,0,0,0,0,0,0,0,0,0,0,0,0,0,0,0,0,0,0,0,0,0,0,0,0,0,0,0,0,0,0,0,0,0,0,0,0,0,0,0,0,0,0,0,0,0,0,0,0,0,0,0,0,0,0,0,0,0,0,0,0,0,0,0,0,0,0,0,0,0,0,0,0,0,0,0,0,0,0,0,0,0,0,0,0,0,0,0,0,0,0,0,0,0,0,0,0,0,0,0,0,0,0,0,0,0,0,0,0,0,0,0,0,0,0,0,0,0,0,0,0,0,0,0,0,0,0,0,0,0,0,0,0,0,0,0,0,0,0,0,0,0,0,0,0,0,0,0,0,0,0,0,0,0,0,0,0,0,0
437894,135,141736,18293,1417,3,0,17147,157,361,2774,18293,525,19,532,2429,505,912,216,374,2813,232,378,579,388,2669,237,1692,792,401,2785,231,375,577,389,2664,230,1367,789,395,2767,231,378,574,385,2659,235,17407,801,20,2755,643,148,353,424,2420,505,656,139,359,2765,230,377,578,388,2668,236,820,685,397,919,168,356,573,409,2666,236,1611,788,401,2782,231,377,571,387,2661,232,1157,685,388,2770,245,431,713,482,2843,252,17406,805,20,2751,640,150,354,422,2421,507,843,0,0,0,0,0,0,0,0,0,0,0,0,0,0,0,0,0,0,0,0,0,0,0,0,0,0,0,0,0,0,0,0,0,0,0,0,0,0,0,0,0,0,0,0,0,0,0,0,0,0,0,0,0,0,0,0,0,0,0,0,0,0,0,0,0,0,0,0,0,0,0,0,0,0,0,0,0,0,0,0,0,0,0,0,0,0,0,0,0,0,0,0,0,0,0,0,0,0,0,0,0,0,0,0,0,0,0,0,0,0,0,0,0,0,0,0,0,0,0,0,0,0,0,0,0,0,0,0,0,0,0,0,0,0,0,0,0,0,0,0,0,0,0,0,0,0,0,0,0,0,0,0,0,0,0,0,0,0,0,0,0,0,0,0,0,0,0,0,0,0,0,0,0,0,0,0,0,0,0,0,0,0,0,0,0,0,0,0,0,0,0,0,0,0,0,0,0,0,0,0,0,0,0,0,0,0,0,0,0,0,0,0,0,0,0,0,0,0,0,0,0,0,0,0,0,0,0,0,0,0,0,0,0,0,0,0,0,0,0,0,0,0,0,0,0,0,0,0,0,0,0,0,0,0,0,0,0,0,0,0,0,0,0,0,0,0,0,0,0,0,0,0,0,0,0,0,0,0,0,0,0,0,0,0,0,0,0,0,0,0,0,0,0,0,0,0,0,0,0,0
438895,136,143341,18301,1433,3,0,17122,163,354,2779,18301,522,18,532,2432,505,913,217,374,2815,232,378,580,388,2668,237,1693,792,401,2784,230,376,577,389,2664,230,3287,795,398,2768,231,377,569,387,2665,236,17402,801,20,2755,643,148,353,424,2419,504,496,159,359,2769,231,377,577,387,804,160,833,695,398,2767,233,375,575,390,2668,234,1606,789,401,2782,231,377,570,385,2660,233,1153,685,388,2769,245,430,713,484,2841,253,17406,805,20,2751,640,150,354,422,2422,507,656,0,0,0,0,0,0,0,0,0,0,0,0,0,0,0,0,0,0,0,0,0,0,0,0,0,0,0,0,0,0,0,0,0,0,0,0,0,0,0,0,0,0,0,0,0,0,0,0,0,0,0,0,0,0,0,0,0,0,0,0,0,0,0,0,0,0,0,0,0,0,0,0,0,0,0,0,0,0,0,0,0,0,0,0,0,0,0,0,0,0,0,0,0,0,0,0,0,0,0,0,0,0,0,0,0,0,0,0,0,0,0,0,0,0,0,0,0,0,0,0,0,0,0,0,0,0,0,0,0,0,0,0,0,0,0,0,0,0,0,0,0,0,0,0,0,0,0,0,0,0,0,0,0,0,0,0,0,0,0,0,0,0,0,0,0,0,0,0,0,0,0,0,0,0,0,0,0,0,0,0,0,0,0,0,0,0,0,0,0,0,0,0,0,0,0,0,0,0,0,0,0,0,0,0,0,0,0,0,0,0,0,0,0,0,0,0,0,0,0,0,0,0,0,0,0,0,0,0,0,0,0,0,0,0,0,0,0,0,0,0,0,0,0,0,0,0,0,0,0,0,0,0,0,0,0,0,0,0,0,0,0,0,0,0,0,0,0,0,0,0,0,0,0,0,0,0,0,0,0,0,0,0,0,0,0,0,0,0,0,0,0,0,0,0,0,0,0,0,0,0
439894,137,144135,18295,1441,3,0,17137,137,360,2766,18295,525,19,532,2429,505,911,217,374,2815,232,378,579,388,2669,237,1691,790,402,2806,232,375,577,557,2792,234,1366,955,448,2869,233,540,722,405,2683,400,17459,816,20,2940,645,146,354,589,587,386,890,191,362,2785,230,540,718,406,2691,395,878,712,401,2941,232,376,583,450,2719,235,1607,787,400,2780,231,377,570,388,2664,233,1154,685,386,2768,245,430,718,492,2842,262,17425,806,20,2754,640,150,354,422,2420,507,496,0,0,0,0,0,0,0,0,0,0,0,0,0,0,0,0,0,0,0,0,0,0,0,0,0,0,0,0,0,0,0,0,0,0,0,0,0,0,0,0,0,0,0,0,0,0,0,0,0,0,0,0,0,0,0,0,0,0,0,0,0,0,0,0,0,0,0,0,0,0,0,0,0,0,0,0,0,0,0,0,0,0,0,0,0,0,0,0,0,0,0,0,0,0,0,0,0,0,0,0,0,0,0,0,0,0,0,0,0,0,0,0,0,0,0,0,0,0,0,0,0,0,0,0,0,0,0,0,0,0,0,0,0,0,0,0,0,0,0,0,0,0,0,0,0,0,0,0,0,0,0,0,0,0,0,0,0,0,0,0,0,0,0,0,0,0,0,0,0,0,0,0,0,0,0,0,0,0,0,0,0,0,0,0,0,0,0,0,0,0,0,0,0,0,0,0,0,0,0,0,0,0,0,0,0,0,0,0,0,0,0,0,0,0,0,0,0,0,0,0,0,0,0,0,0,0,0,0,0,0,0,0,0,0,0,0,0,0,0,0,0,0,0,0,0,0,0,0,0,0,0,0,0,0,0,0,0,0,0,0,0,0,0,0,0,0,0,0,0,0,0,0,0,0,0,0,0,0,0,0,0,0,0,0,0,0,0,0,0,0,0,0,0,0,0,0,0,0,0,0
440894,138,142654,18303,1426,3,0,17132,157,361,2775,18303,522,18,531,2430,505,912,215,374,2812,232,378,579,388,2669,246,1692,791,401,2799,232,375,576,398,2670,231,1437,802,394,2770,234,385,575,385,2665,398,17436,807,20,888,531,160,366,444,2419,510,658,150,359,2786,233,536,725,406,2682,280,843,695,400,2776,234,375,581,390,2668,234,1606,789,401,2784,232,377,569,387,2663,233,1152,684,388,2767,248,430,721,491,2840,251,17485,830,20,2754,640,150,354,424,2424,507,844,0,0,0,0,0,0,0,0,0,0,0,0,0,0,0,0,0,0,0,0,0,0,0,0,0,0,0,0,0,0,0,0,0,0,0,0,0,0,0,0,0,0,0,0,0,0,0,0,0,0,0,0,0,0,0,0,0,0,0,0,0,0,0,0,0,0,0,0,0,0,0,0,0,0,0,0,0,0,0,0,0,0,0,0,0,0,0,0,0,0,0,0,0,0,0,0,0,0,0,0,0,0,0,0,0,0,0,0,0,0,0,0,0,0,0,0,0,0,0,0,0,0,0,0,0,0,0,0,0,0,0,0,0,0,0,0,0,0,0,0,0,0,0,0,0,0,0,0,0,0,0,0,0,0,0,0,0,0,0,0,0,0,0,0,0,0,0,0,0,0,0,0,0,0,0,0,0,0,0,0,0,0,0,0,0,0,0,0,0,0,0,0,0,0,0,0,0,0,0,0,0,0,0,0,0,0,0,0,0,0,0,0,0,0,0,0,0,0,0,0,0,0,0,0,0,0,0,0,0,0,0,0,0,0,0,0,0,0,0,0,0,0,0,0,0,0,0,0,0,0,0,0,0,0,0,0,0,0,0,0,0,0,0,0,0,0,0,0,0,0,0,0,0,0,0,0,0,0,0,0,0,0,0,0,0,0,0,0,0,0,0,0,0,0,0,0,0,0,0,0
441895,139,141461,18277,1414,3,0,17135,160,354,2779,18277,522,19,532,2431,505,912,217,374,2813,232,378,580,388,2668,237,1693,792,401,2785,231,375,577,389,2661,230,1365,789,396,2768,232,377,574,385,804,160,17393,803,20,2755,643,148,353,424,2419,504,496,159,359,2768,231,377,577,387,2664,236,815,688,396,2776,233,375,581,388,2665,234,1606,789,401,2783,231,377,570,385,2663,233,1152,684,388,2767,247,431,719,492,2840,259,17466,825,20,2754,640,150,354,422,2420,507,657,0,0,0,0,0,0,0,0,0,0,0,0,0,0,0,0,0,0,0,0,0,0,0,0,0,0,0,0,0,0,0,0,0,0,0,0,0,0,0,0,0,0,0,0,0,0,0,0,0,0,0,0,0,0,0,0,0,0,0,0,0,0,0,0,0,0,0,0,0,0,0,0,0,0,0,0,0,0,0,0,0,0,0,0,0,0,0,0,0,0,0,0,0,0,0,0,0,0,0,0,0,0,0,0,0,0,0,0,0,0,0,0,0,0,0,0,0,0,0,0,0,0,0,0,0,0,0,0,0,0,0,0,0,0,0,0,0,0,0,0,0,0,0,0,0,0,0,0,0,0,0,0,0,0,0,0,0,0,0,0,0,0,0,0,0,0,0,0,0,0,0,0,0,0,0,0,0,0,0,0,0,0,0,0,0,0,0,0,0,0,0,0,0,0,0,0,0,0,0,0,0,0,0,0,0,0,0,0,0,0,0,0,0,0,0,0,0,0,0,0,0,0,0,0,0,0,0,0,0,0,0,0,0,0,0,0,0,0,0,0,0,0,0,0,0,0,0,0,0,0,0,0,0,0,0,0,0,0,0,0,0,0,0,0,0,0,0,0,0,0,0,0,0,0,0,0,0,0,0,0,0,0,0,0,0,0,0,0,0,0,0,0,0,0,0,0,0,0,0,0
442894,140,143361,18303,1433,3,0,17109,140,360,2767,18303,522,18,531,2430,505,911,216,374,2814,232,378,579,388,2669,237,1691,790,402,2782,231,376,577,389,803,160,1402,787,398,2766,231,378,569,387,2668,235,17405,801,20,2758,643,148,353,588,2484,505,853,171,355,2789,233,537,720,406,2682,248,824,691,403,2790,234,375,575,442,2713,235,1610,800,401,2782,230,386,570,388,2672,242,1155,689,392,2773,246,433,720,502,2843,266,17479,989,29,2790,644,318,427,484,2456,678,590,0,0,0,0,0,0,0,0,0,0,0,0,0,0,0,0,0,0,0,0,0,0,0,0,0,0,0,0,0,0,0,0,0,0,0,0,0,0,0,0,0,0,0,0,0,0,0,0,0,0,0,0,0,0,0,0,0,0,0,0,0,0,0,0,0,0,0,0,0,0,0,0,0,0,0,0,0,0,0,0,0,0,0,0,0,0,0,0,0,0,0,0,0,0,0,0,0,0,0,0,0,0,0,0,0,0,0,0,0,0,0,0,0,0,0,0,0,0,0,0,0,0,0,0,0,0,0,0,0,0,0,0,0,0,0,0,0,0,0,0,0,0,0,0,0,0,0,0,0,0,0,0,0,0,0,0,0,0,0,0,0,0,0,0,0,0,0,0,0,0,0,0,0,0,0,0,0,0,0,0,0,0,0,0,0,0,0,0,0,0,0,0,0,0,0,0,0,0,0,0,0,0,0,0,0,0,0,0,0,0,0,0,0,0,0,0,0,0,0,0,0,0,0,0,0,0,0,0,0,0,0,0,0,0,0,0,0,0,0,0,0,0,0,0,0,0,0,0,0,0,0,0,0,0,0,0,0,0,0,0,0,0,0,0,0,0,0,0,0,0,0,0,0,0,0,0,0,0,0,0,0,0,0,0,0,0,0,0,0,0,0,0,0,0,0,0,0,0,0,0
443894,141,147394,20031,1473,3,0,17135,187,370,2913,20031,539,650,411,2725,234,801,681,387,2759,398,415,696,398,2817,234,1693,792,581,2936,232,384,739,440,2738,233,1504,786,394,2763,244,388,582,386,808,164,17382,817,20,2756,650,151,365,420,2431,507,665,138,359,2778,395,412,704,398,2838,233,779,665,400,2791,233,389,599,394,2681,235,1629,783,404,2777,396,413,695,399,2815,231,1154,686,404,2778,257,450,897,536,2860,262,17503,827,20,2751,699,157,361,445,2438,503,846,0,0,0,0,0,0,0,0,0,0,0,0,0,0,0,0,0,0,0,0,0,0,0,0,0,0,0,0,0,0,0,0,0,0,0,0,0,0,0,0,0,0,0,0,0,0,0,0,0,0,0,0,0,0,0,0,0,0,0,0,0,0,0,0,0,0,0,0,0,0,0,0,0,0,0,0,0,0,0,0,0,0,0,0,0,0,0,0,0,0,0,0,0,0,0,0,0,0,0,0,0,0,0,0,0,0,0,0,0,0,0,0,0,0,0,0,0,0,0,0,0,0,0,0,0,0,0,0,0,0,0,0,0,0,0,0,0,0,0,0,0,0,0,0,0,0,0,0,0,0,0,0,0,0,0,0,0,0,0,0,0,0,0,0,0,0,0,0,0,0,0,0,0,0,0,0,0,0,0,0,0,0,0,0,0,0,0,0,0,0,0,0,0,0,0,0,0,0,0,0,0,0,0,0,0,0,0,0,0,0,0,0,0,0,0,0,0,0,0,0,0,0,0,0,0,0,0,0,0,0,0,0,0,0,0,0,0,0,0,0,0,0,0,0,0,0,0,0,0,0,0,0,0,0,0,0,0,0,0,0,0,0,0,0,0,0,0,0,0,0,0,0,0,0,0,0,0,0,0,0,0,0,0,0,0,0,0,0,0,0,0,0,0,0,0,0,0,0,0,0
444905,142,141786,18415,1417,3,0,18862,163,367,2791,18415,537,19,529,2453,505,883,201,369,2788,245,386,583,386,2669,235,1689,788,404,2771,230,387,582,386,2663,231,1367,786,395,917,167,381,585,396,2644,235,17407,803,20,2755,647,151,355,415,2417,503,498,157,360,2770,235,385,583,386,2686,234,781,670,388,2782,233,388,583,389,2667,234,1611,787,404,2784,233,389,576,387,2656,230,1156,683,391,2985,244,442,723,490,2874,244,17355,809,20,2752,650,151,353,415,2423,503,656,0,0,0,0,0,0,0,0,0,0,0,0,0,0,0,0,0,0,0,0,0,0,0,0,0,0,0,0,0,0,0,0,0,0,0,0,0,0,0,0,0,0,0,0,0,0,0,0,0,0,0,0,0,0,0,0,0,0,0,0,0,0,0,0,0,0,0,0,0,0,0,0,0,0,0,0,0,0,0,0,0,0,0,0,0,0,0,0,0,0,0,0,0,0,0,0,0,0,0,0,0,0,0,0,0,0,0,0,0,0,0,0,0,0,0,0,0,0,0,0,0,0,0,0,0,0,0,0,0,0,0,0,0,0,0,0,0,0,0,0,0,0,0,0,0,0,0,0,0,0,0,0,0,0,0,0,0,0,0,0,0,0,0,0,0,0,0,0,0,0,0,0,0,0,0,0,0,0,0,0,0,0,0,0,0,0,0,0,0,0,0,0,0,0,0,0,0,0,0,0,0,0,0,0,0,0,0,0,0,0,0,0,0,0,0,0,0,0,0,0,0,0,0,0,0,0,0,0,0,0,0,0,0,0,0,0,0,0,0,0,0,0,0,0,0,0,0,0,0,0,0,0,0,0,0,0,0,0,0,0,0,0,0,0,0,0,0,0,0,0,0,0,0,0,0,0,0,0,0,0,0,0,0,0,0,0,0,0,0,0,0,0,0,0,0,0,0,0,0,0
445904,143,140695,18253,1406,3,0,17250,137,362,2766,18253,526,19,528,2452,503,867,194,369,2793,237,386,584,386,2660,233,1698,789,402,914,163,374,606,394,2646,230,1444,790,396,2769,235,385,579,387,2660,233,17354,812,20,2754,646,151,355,415,2416,503,845,160,355,2779,233,385,585,388,2701,235,780,669,386,2773,232,384,582,389,2668,234,1622,787,401,2782,233,387,575,387,2658,230,1156,683,391,3004,256,444,726,39,2749,53,17628,249,14,2718,653,148,354,416,2420,501,493,0,0,0,0,0,0,0,0,0,0,0,0,0,0,0,0,0,0,0,0,0,0,0,0,0,0,0,0,0,0,0,0,0,0,0,0,0,0,0,0,0,0,0,0,0,0,0,0,0,0,0,0,0,0,0,0,0,0,0,0,0,0,0,0,0,0,0,0,0,0,0,0,0,0,0,0,0,0,0,0,0,0,0,0,0,0,0,0,0,0,0,0,0,0,0,0,0,0,0,0,0,0,0,0,0,0,0,0,0,0,0,0,0,0,0,0,0,0,0,0,0,0,0,0,0,0,0,0,0,0,0,0,0,0,0,0,0,0,0,0,0,0,0,0,0,0,0,0,0,0,0,0,0,0,0,0,0,0,0,0,0,0,0,0,0,0,0,0,0,0,0,0,0,0,0,0,0,0,0,0,0,0,0,0,0,0,0,0,0,0,0,0,0,0,0,0,0,0,0,0,0,0,0,0,0,0,0,0,0,0,0,0,0,0,0,0,0,0,0,0,0,0,0,0,0,0,0,0,0,0,0,0,0,0,0,0,0,0,0,0,0,0,0,0,0,0,0,0,0,0,0,0,0,0,0,0,0,0,0,0,0,0,0,0,0,0,0,0,0,0,0,0,0,0,0,0,0,0,0,0,0,0,0,0,0,0,0,0,0,0,0,0,0,0,0,0,0,0,0,0
446904,144,141697,18325,1416,3,0,17093,156,363,2781,18325,530,19,528,2450,503,867,195,370,2794,237,386,584,386,809,161,1716,796,396,2775,232,385,584,388,2665,234,1372,787,395,2767,234,389,580,387,2659,233,17228,801,21,2755,646,151,355,415,2416,503,659,138,359,2765,233,385,583,388,2701,235,780,669,386,2776,232,386,582,387,2667,234,1614,787,404,2783,233,386,575,387,2659,230,1152,683,391,2985,242,442,726,489,2891,243,17234,800,21,2753,647,151,352,415,2421,504,843,0,0,0,0,0,0,0,0,0,0,0,0,0,0,0,0,0,0,0,0,0,0,0,0,0,0,0,0,0,0,0,0,0,0,0,0,0,0,0,0,0,0,0,0,0,0,0,0,0,0,0,0,0,0,0,0,0,0,0,0,0,0,0,0,0,0,0,0,0,0,0,0,0,0,0,0,0,0,0,0,0,0,0,0,0,0,0,0,0,0,0,0,0,0,0,0,0,0,0,0,0,0,0,0,0,0,0,0,0,0,0,0,0,0,0,0,0,0,0,0,0,0,0,0,0,0,0,0,0,0,0,0,0,0,0,0,0,0,0,0,0,0,0,0,0,0,0,0,0,0,0,0,0,0,0,0,0,0,0,0,0,0,0,0,0,0,0,0,0,0,0,0,0,0,0,0,0,0,0,0,0,0,0,0,0,0,0,0,0,0,0,0,0,0,0,0,0,0,0,0,0,0,0,0,0,0,0,0,0,0,0,0,0,0,0,0,0,0,0,0,0,0,0,0,0,0,0,0,0,0,0,0,0,0,0,0,0,0,0,0,0,0,0,0,0,0,0,0,0,0,0,0,0,0,0,0,0,0,0,0,0,0,0,0,0,0,0,0,0,0,0,0,0,0,0,0,0,0,0,0,0,0,0,0,0,0,0,0,0,0,0,0,0,0,0,0,0,0,0,0
447905,145,145633,18278,1456,3,0,17162,163,356,2785,18278,526,18,528,554,434,865,212,382,2875,237,385,584,393,2667,234,1698,789,403,2783,231,385,748,440,2729,233,3258,789,398,2771,247,392,587,387,2713,234,17295,979,30,2793,648,149,368,427,2425,508,661,196,362,2846,248,386,588,384,2879,235,775,665,566,2924,233,387,749,442,2743,232,1688,782,400,2773,241,385,578,388,2670,231,1157,685,407,2990,241,446,734,492,2889,242,17314,815,21,2757,805,180,364,481,2497,508,658,0,0,0,0,0,0,0,0,0,0,0,0,0,0,0,0,0,0,0,0,0,0,0,0,0,0,0,0,0,0,0,0,0,0,0,0,0,0,0,0,0,0,0,0,0,0,0,0,0,0,0,0,0,0,0,0,0,0,0,0,0,0,0,0,0,0,0,0,0,0,0,0,0,0,0,0,0,0,0,0,0,0,0,0,0,0,0,0,0,0,0,0,0,0,0,0,0,0,0,0,0,0,0,0,0,0,0,0,0,0,0,0,0,0,0,0,0,0,0,0,0,0,0,0,0,0,0,0,0,0,0,0,0,0,0,0,0,0,0,0,0,0,0,0,0,0,0,0,0,0,0,0,0,0,0,0,0,0,0,0,0,0,0,0,0,0,0,0,0,0,0,0,0,0,0,0,0,0,0,0,0,0,0,0,0,0,0,0,0,0,0,0,0,0,0,0,0,0,0,0,0,0,0,0,0,0,0,0,0,0,0,0,0,0,0,0,0,0,0,0,0,0,0,0,0,0,0,0,0,0,0,0,0,0,0,0,0,0,0,0,0,0,0,0,0,0,0,0,0,0,0,0,0,0,0,0,0,0,0,0,0,0,0,0,0,0,0,0,0,0,0,0,0,0,0,0,0,0,0,0,0,0,0,0,0,0,0,0,0,0,0,0,0,0,0,0,0,0,0,0
448904,146,139707,18290,1397,3,0,17116,135,363,914,18290,529,18,529,2453,503,866,193,371,2794,236,392,584,387,2660,233,1701,790,402,2781,230,387,585,388,2669,231,1369,787,396,2774,234,389,580,387,2658,233,17306,818,21,2758,646,151,355,415,2416,503,845,160,355,2782,234,385,585,388,2699,235,779,670,386,2780,232,384,582,389,2669,234,1623,787,401,2784,233,389,576,387,2656,230,1156,683,391,2987,242,443,726,489,2890,243,17293,800,21,2753,647,151,353,415,539,382,454,0,0,0,0,0,0,0,0,0,0,0,0,0,0,0,0,0,0,0,0,0,0,0,0,0,0,0,0,0,0,0,0,0,0,0,0,0,0,0,0,0,0,0,0,0,0,0,0,0,0,0,0,0,0,0,0,0,0,0,0,0,0,0,0,0,0,0,0,0,0,0,0,0,0,0,0,0,0,0,0,0,0,0,0,0,0,0,0,0,0,0,0,0,0,0,0,0,0,0,0,0,0,0,0,0,0,0,0,0,0,0,0,0,0,0,0,0,0,0,0,0,0,0,0,0,0,0,0,0,0,0,0,0,0,0,0,0,0,0,0,0,0,0,0,0,0,0,0,0,0,0,0,0,0,0,0,0,0,0,0,0,0,0,0,0,0,0,0,0,0,0,0,0,0,0,0,0,0,0,0,0,0,0,0,0,0,0,0,0,0,0,0,0,0,0,0,0,0,0,0,0,0,0,0,0,0,0,0,0,0,0,0,0,0,0,0,0,0,0,0,0,0,0,0,0,0,0,0,0,0,0,0,0,0,0,0,0,0,0,0,0,0,0,0,0,0,0,0,0,0,0,0,0,0,0,0,0,0,0,0,0,0,0,0,0,0,0,0,0,0,0,0,0,0,0,0,0,0,0,0,0,0,0,0,0,0,0,0,0,0,0,0,0,0,0,0,0,0,0,0
449904,147,141719,18319,1417,3,0,17187,168,353,2769,18319,530,18,528,2451,503,870,196,370,2800,237,386,583,386,2660,233,1693,790,402,2781,230,387,585,388,2668,231,1372,786,397,2774,233,389,580,387,2659,233,17243,801,21,2758,646,151,355,415,2416,503,659,138,359,2768,233,385,583,388,2700,235,781,669,386,2780,232,384,582,389,2668,234,1615,787,404,2786,233,389,576,387,2656,230,1156,683,391,3050,240,436,718,484,1004,172,17232,798,20,2754,647,149,352,415,2421,504,843,0,0,0,0,0,0,0,0,0,0,0,0,0,0,0,0,0,0,0,0,0,0,0,0,0,0,0,0,0,0,0,0,0,0,0,0,0,0,0,0,0,0,0,0,0,0,0,0,0,0,0,0,0,0,0,0,0,0,0,0,0,0,0,0,0,0,0,0,0,0,0,0,0,0,0,0,0,0,0,0,0,0,0,0,0,0,0,0,0,0,0,0,0,0,0,0,0,0,0,0,0,0,0,0,0,0,0,0,0,0,0,0,0,0,0,0,0,0,0,0,0,0,0,0,0,0,0,0,0,0,0,0,0,0,0,0,0,0,0,0,0,0,0,0,0,0,0,0,0,0,0,0,0,0,0,0,0,0,0,0,0,0,0,0,0,0,0,0,0,0,0,0,0,0,0,0,0,0,0,0,0,0,0,0,0,0,0,0,0,0,0,0,0,0,0,0,0,0,0,0,0,0,0,0,0,0,0,0,0,0,0,0,0,0,0,0,0,0,0,0,0,0,0,0,0,0,0,0,0,0,0,0,0,0,0,0,0,0,0,0,0,0,0,0,0,0,0,0,0,0,0,0,0,0,0,0,0,0,0,0,0,0,0,0,0,0,0,0,0,0,0,0,0,0,0,0,0,0,0,0,0,0,0,0,0,0,0,0,0,0,0,0,0,0,0,0,0,0,0,0
450905,148,146699,23325,1466,3,0,17154,163,356,2792,23325,529,19,528,2474,508,863,193,371,2801,235,378,574,386,2664,234,1697,791,401,2786,232,381,575,383,2668,234,1443,788,397,2772,233,379,572,386,2668,234,17239,801,21,2762,643,148,350,413,2416,506,656,137,359,2768,232,377,577,387,2716,234,779,671,391,2780,232,379,578,385,2663,235,1614,786,402,2786,231,377,570,387,2662,230,1155,684,495,2950,244,437,725,515,2856,238,17240,798,21,2764,643,146,351,415,541,380,808,0,0,0,0,0,0,0,0,0,0,0,0,0,0,0,0,0,0,0,0,0,0,0,0,0,0,0,0,0,0,0,0,0,0,0,0,0,0,0,0,0,0,0,0,0,0,0,0,0,0,0,0,0,0,0,0,0,0,0,0,0,0,0,0,0,0,0,0,0,0,0,0,0,0,0,0,0,0,0,0,0,0,0,0,0,0,0,0,0,0,0,0,0,0,0,0,0,0,0,0,0,0,0,0,0,0,0,0,0,0,0,0,0,0,0,0,0,0,0,0,0,0,0,0,0,0,0,0,0,0,0,0,0,0,0,0,0,0,0,0,0,0,0,0,0,0,0,0,0,0,0,0,0,0,0,0,0,0,0,0,0,0,0,0,0,0,0,0,0,0,0,0,0,0,0,0,0,0,0,0,0,0,0,0,0,0,0,0,0,0,0,0,0,0,0,0,0,0,0,0,0,0,0,0,0,0,0,0,0,0,0,0,0,0,0,0,0,0,0,0,0,0,0,0,0,0,0,0,0,0,0,0,0,0,0,0,0,0,0,0,0,0,0,0,0,0,0,0,0,0,0,0,0,0,0,0,0,0,0,0,0,0,0,0,0,0,0,0,0,0,0,0,0,0,0,0,0,0,0,0,0,0,0,0,0,0,0,0,0,0,0,0,0,0,0,0,0,0,0,0
451914,149,141216,18193,1412,3,0,22164,172,358,2782,18193,529,19,528,2471,510,867,195,369,2801,235,378,574,388,2665,234,1699,791,401,2787,232,380,575,383,2667,234,1366,786,395,2777,233,379,572,386,2663,234,17206,803,21,2764,643,148,350,413,2415,506,497,157,360,2779,233,378,575,387,2714,233,779,670,393,2785,233,380,576,385,2666,236,1613,784,401,2795,232,378,568,386,2664,232,1157,685,493,2949,243,439,725,501,2863,237,17209,801,21,889,530,162,367,440,2402,505,652,0,0,0,0,0,0,0,0,0,0,0,0,0,0,0,0,0,0,0,0,0,0,0,0,0,0,0,0,0,0,0,0,0,0,0,0,0,0,0,0,0,0,0,0,0,0,0,0,0,0,0,0,0,0,0,0,0,0,0,0,0,0,0,0,0,0,0,0,0,0,0,0,0,0,0,0,0,0,0,0,0,0,0,0,0,0,0,0,0,0,0,0,0,0,0,0,0,0,0,0,0,0,0,0,0,0,0,0,0,0,0,0,0,0,0,0,0,0,0,0,0,0,0,0,0,0,0,0,0,0,0,0,0,0,0,0,0,0,0,0,0,0,0,0,0,0,0,0,0,0,0,0,0,0,0,0,0,0,0,0,0,0,0,0,0,0,0,0,0,0,0,0,0,0,0,0,0,0,0,0,0,0,0,0,0,0,0,0,0,0,0,0,0,0,0,0,0,0,0,0,0,0,0,0,0,0,0,0,0,0,0,0,0,0,0,0,0,0,0,0,0,0,0,0,0,0,0,0,0,0,0,0,0,0,0,0,0,0,0,0,0,0,0,0,0,0,0,0,0,0,0,0,0,0,0,0,0,0,0,0,0,0,0,0,0,0,0,0,0,0,0,0,0,0,0,0,0,0,0,0,0,0,0,0,0,0,0,0,0,0,0,0,0,0,0,0,0,0,0,0
452914,150,141557,18227,1415,3,0,17024,140,360,2779,18227,526,18,529,2471,508,864,194,370,2802,235,378,574,386,2661,233,1694,791,401,2789,232,380,575,383,2668,234,1439,788,397,2777,232,379,572,386,2668,234,17240,801,21,2762,643,148,350,413,2416,506,843,163,354,2784,232,377,579,387,2714,234,776,671,391,2779,232,379,578,385,2665,235,1611,786,400,2786,231,377,570,387,2661,230,1155,684,495,1092,203,455,718,506,2842,239,17239,798,21,2766,643,146,351,415,2418,503,497,0,0,0,0,0,0,0,0,0,0,0,0,0,0,0,0,0,0,0,0,0,0,0,0,0,0,0,0,0,0,0,0,0,0,0,0,0,0,0,0,0,0,0,0,0,0,0,0,0,0,0,0,0,0,0,0,0,0,0,0,0,0,0,0,0,0,0,0,0,0,0,0,0,0,0,0,0,0,0,0,0,0,0,0,0,0,0,0,0,0,0,0,0,0,0,0,0,0,0,0,0,0,0,0,0,0,0,0,0,0,0,0,0,0,0,0,0,0,0,0,0,0,0,0,0,0,0,0,0,0,0,0,0,0,0,0,0,0,0,0,0,0,0,0,0,0,0,0,0,0,0,0,0,0,0,0,0,0,0,0,0,0,0,0,0,0,0,0,0,0,0,0,0,0,0,0,0,0,0,0,0,0,0,0,0,0,0,0,0,0,0,0,0,0,0,0,0,0,0,0,0,0,0,0,0,0,0,0,0,0,0,0,0,0,0,0,0,0,0,0,0,0,0,0,0,0,0,0,0,0,0,0,0,0,0,0,0,0,0,0,0,0,0,0,0,0,0,0,0,0,0,0,0,0,0,0,0,0,0,0,0,0,0,0,0,0,0,0,0,0,0,0,0,0,0,0,0,0,0,0,0,0,0,0,0,0,0,0,0,0,0,0,0,0,0,0,0,0,0,0
453914,151,141781,18176,1417,3,0,17062,159,360,2783,18176,531,18,529,2475,510,863,195,369,2806,235,379,574,388,2665,234,1698,791,401,2788,232,380,575,383,2667,234,1367,786,395,2779,233,378,572,386,2663,234,17306,818,21,2767,643,148,350,413,2416,506,656,137,359,2770,232,377,577,387,2716,234,777,671,391,2780,232,379,578,385,2663,235,1615,786,400,2788,231,377,570,387,802,162,1168,655,503,2953,244,436,727,485,2860,237,17373,807,20,2763,643,146,351,415,2416,503,843,0,0,0,0,0,0,0,0,0,0,0,0,0,0,0,0,0,0,0,0,0,0,0,0,0,0,0,0,0,0,0,0,0,0,0,0,0,0,0,0,0,0,0,0,0,0,0,0,0,0,0,0,0,0,0,0,0,0,0,0,0,0,0,0,0,0,0,0,0,0,0,0,0,0,0,0,0,0,0,0,0,0,0,0,0,0,0,0,0,0,0,0,0,0,0,0,0,0,0,0,0,0,0,0,0,0,0,0,0,0,0,0,0,0,0,0,0,0,0,0,0,0,0,0,0,0,0,0,0,0,0,0,0,0,0,0,0,0,0,0,0,0,0,0,0,0,0,0,0,0,0,0,0,0,0,0,0,0,0,0,0,0,0,0,0,0,0,0,0,0,0,0,0,0,0,0,0,0,0,0,0,0,0,0,0,0,0,0,0,0,0,0,0,0,0,0,0,0,0,0,0,0,0,0,0,0,0,0,0,0,0,0,0,0,0,0,0,0,0,0,0,0,0,0,0,0,0,0,0,0,0,0,0,0,0,0,0,0,0,0,0,0,0,0,0,0,0,0,0,0,0,0,0,0,0,0,0,0,0,0,0,0,0,0,0,0,0,0,0,0,0,0,0,0,0,0,0,0,0,0,0,0,0,0,0,0,0,0,0,0,0,0,0,0,0,0,0,0,0,0
454915,152,140814,18236,1408,3,0,17001,165,355,2793,18236,526,18,529,2469,508,866,195,369,2802,235,379,574,388,2665,234,1698,791,401,2788,232,380,575,383,2666,234,1438,789,397,2777,233,378,572,386,2665,234,17271,800,21,2762,643,148,350,413,2416,506,497,157,360,2779,233,378,575,387,2714,233,779,670,393,2787,233,380,576,384,804,164,1648,794,394,2781,231,376,569,387,2655,233,1155,688,389,2990,249,444,733,40,2733,685,17042,532,16,2918,233,380,568,386,2666,234,529,0,0,0,0,0,0,0,0,0,0,0,0,0,0,0,0,0,0,0,0,0,0,0,0,0,0,0,0,0,0,0,0,0,0,0,0,0,0,0,0,0,0,0,0,0,0,0,0,0,0,0,0,0,0,0,0,0,0,0,0,0,0,0,0,0,0,0,0,0,0,0,0,0,0,0,0,0,0,0,0,0,0,0,0,0,0,0,0,0,0,0,0,0,0,0,0,0,0,0,0,0,0,0,0,0,0,0,0,0,0,0,0,0,0,0,0,0,0,0,0,0,0,0,0,0,0,0,0,0,0,0,0,0,0,0,0,0,0,0,0,0,0,0,0,0,0,0,0,0,0,0,0,0,0,0,0,0,0,0,0,0,0,0,0,0,0,0,0,0,0,0,0,0,0,0,0,0,0,0,0,0,0,0,0,0,0,0,0,0,0,0,0,0,0,0,0,0,0,0,0,0,0,0,0,0,0,0,0,0,0,0,0,0,0,0,0,0,0,0,0,0,0,0,0,0,0,0,0,0,0,0,0,0,0,0,0,0,0,0,0,0,0,0,0,0,0,0,0,0,0,0,0,0,0,0,0,0,0,0,0,0,0,0,0,0,0,0,0,0,0,0,0,0,0,0,0,0,0,0,0,0,0,0,0,0,0,0,0,0,0,0,0,0,0,0,0,0,0,0,0
455914,153,143903,19919,1439,3,0,17068,610,385,2768,19919,533,18,526,2478,508,863,194,369,2806,235,379,574,388,2665,234,1699,791,401,2788,232,380,575,383,2668,234,1366,787,397,2779,233,378,572,386,2663,234,17337,822,20,2766,643,148,350,413,2416,506,843,163,354,2785,232,377,579,387,2714,234,777,671,391,922,176,367,575,394,2651,236,1623,790,402,2787,231,377,569,387,2664,231,1159,687,495,2950,244,437,727,486,2859,237,17340,820,20,2764,640,146,351,415,2418,503,497,0,0,0,0,0,0,0,0,0,0,0,0,0,0,0,0,0,0,0,0,0,0,0,0,0,0,0,0,0,0,0,0,0,0,0,0,0,0,0,0,0,0,0,0,0,0,0,0,0,0,0,0,0,0,0,0,0,0,0,0,0,0,0,0,0,0,0,0,0,0,0,0,0,0,0,0,0,0,0,0,0,0,0,0,0,0,0,0,0,0,0,0,0,0,0,0,0,0,0,0,0,0,0,0,0,0,0,0,0,0,0,0,0,0,0,0,0,0,0,0,0,0,0,0,0,0,0,0,0,0,0,0,0,0,0,0,0,0,0,0,0,0,0,0,0,0,0,0,0,0,0,0,0,0,0,0,0,0,0,0,0,0,0,0,0,0,0,0,0,0,0,0,0,0,0,0,0,0,0,0,0,0,0,0,0,0,0,0,0,0,0,0,0,0,0,0,0,0,0,0,0,0,0,0,0,0,0,0,0,0,0,0,0,0,0,0,0,0,0,0,0,0,0,0,0,0,0,0,0,0,0,0,0,0,0,0,0,0,0,0,0,0,0,0,0,0,0,0,0,0,0,0,0,0,0,0,0,0,0,0,0,0,0,0,0,0,0,0,0,0,0,0,0,0,0,0,0,0,0,0,0,0,0,0,0,0,0,0,0,0,0,0,0,0,0,0,0,0,0,0
456914,154,141691,18229,1416,3,0,18755,159,360,2783,18229,526,18,529,2472,510,865,194,370,2803,235,378,574,388,2666,234,1698,791,401,2788,232,380,575,383,2667,234,1367,786,395,2780,233,378,572,386,2663,234,17266,800,21,2766,643,148,350,413,2415,506,656,137,359,2770,232,377,577,387,869,152,807,683,391,2763,234,379,578,384,2666,235,1616,783,400,2789,232,377,571,389,2656,231,1156,684,496,2956,244,436,724,486,2859,238,17268,797,21,2765,643,146,351,415,2416,503,843,0,0,0,0,0,0,0,0,0,0,0,0,0,0,0,0,0,0,0,0,0,0,0,0,0,0,0,0,0,0,0,0,0,0,0,0,0,0,0,0,0,0,0,0,0,0,0,0,0,0,0,0,0,0,0,0,0,0,0,0,0,0,0,0,0,0,0,0,0,0,0,0,0,0,0,0,0,0,0,0,0,0,0,0,0,0,0,0,0,0,0,0,0,0,0,0,0,0,0,0,0,0,0,0,0,0,0,0,0,0,0,0,0,0,0,0,0,0,0,0,0,0,0,0,0,0,0,0,0,0,0,0,0,0,0,0,0,0,0,0,0,0,0,0,0,0,0,0,0,0,0,0,0,0,0,0,0,0,0,0,0,0,0,0,0,0,0,0,0,0,0,0,0,0,0,0,0,0,0,0,0,0,0,0,0,0,0,0,0,0,0,0,0,0,0,0,0,0,0,0,0,0,0,0,0,0,0,0,0,0,0,0,0,0,0,0,0,0,0,0,0,0,0,0,0,0,0,0,0,0,0,0,0,0,0,0,0,0,0,0,0,0,0,0,0,0,0,0,0,0,0,0,0,0,0,0,0,0,0,0,0,0,0,0,0,0,0,0,0,0,0,0,0,0,0,0,0,0,0,0,0,0,0,0,0,0,0,0,0,0,0,0,0,0,0,0,0,0,0,0
457915,155,143412,18271,1434,3,0,17062,165,355,2794,18271,525,18,529,2471,508,863,194,369,2805,235,379,574,388,2665,234,1700,791,401,2788,232,379,575,383,2667,234,3286,790,398,2780,233,378,568,387,2668,234,17337,822,20,2766,643,148,350,413,540,381,458,161,355,2767,233,378,582,398,2718,234,775,672,390,2781,232,379,574,385,2666,235,1621,786,400,2786,231,377,570,387,2664,231,1159,684,495,2953,244,437,726,486,2860,237,17339,818,20,2767,640,143,351,414,2420,503,656,0,0,0,0,0,0,0,0,0,0,0,0,0,0,0,0,0,0,0,0,0,0,0,0,0,0,0,0,0,0,0,0,0,0,0,0,0,0,0,0,0,0,0,0,0,0,0,0,0,0,0,0,0,0,0,0,0,0,0,0,0,0,0,0,0,0,0,0,0,0,0,0,0,0,0,0,0,0,0,0,0,0,0,0,0,0,0,0,0,0,0,0,0,0,0,0,0,0,0,0,0,0,0,0,0,0,0,0,0,0,0,0,0,0,0,0,0,0,0,0,0,0,0,0,0,0,0,0,0,0,0,0,0,0,0,0,0,0,0,0,0,0,0,0,0,0,0,0,0,0,0,0,0,0,0,0,0,0,0,0,0,0,0,0,0,0,0,0,0,0,0,0,0,0,0,0,0,0,0,0,0,0,0,0,0,0,0,0,0,0,0,0,0,0,0,0,0,0,0,0,0,0,0,0,0,0,0,0,0,0,0,0,0,0,0,0,0,0,0,0,0,0,0,0,0,0,0,0,0,0,0,0,0,0,0,0,0,0,0,0,0,0,0,0,0,0,0,0,0,0,0,0,0,0,0,0,0,0,0,0,0,0,0,0,0,0,0,0,0,0,0,0,0,0,0,0,0,0,0,0,0,0,0,0,0,0,0,0,0,0,0,0,0,0,0,0,0,0,0,0
458914,156,141649,18290,1416,3,0,17101,139,360,2773,18290,526,19,529,2474,507,863,194,370,2808,235,379,574,388,2666,234,1686,792,401,2792,232,381,575,383,2668,234,1366,786,395,2780,233,378,572,386,2661,234,17337,822,20,887,527,163,367,437,2404,508,835,156,354,2793,232,377,580,389,2722,234,777,675,391,2781,232,379,576,385,2666,235,1603,786,402,2786,231,376,569,387,2664,231,1159,684,494,2954,244,436,726,487,2865,237,17268,797,21,2765,643,146,351,415,2418,503,497,0,0,0,0,0,0,0,0,0,0,0,0,0,0,0,0,0,0,0,0,0,0,0,0,0,0,0,0,0,0,0,0,0,0,0,0,0,0,0,0,0,0,0,0,0,0,0,0,0,0,0,0,0,0,0,0,0,0,0,0,0,0,0,0,0,0,0,0,0,0,0,0,0,0,0,0,0,0,0,0,0,0,0,0,0,0,0,0,0,0,0,0,0,0,0,0,0,0,0,0,0,0,0,0,0,0,0,0,0,0,0,0,0,0,0,0,0,0,0,0,0,0,0,0,0,0,0,0,0,0,0,0,0,0,0,0,0,0,0,0,0,0,0,0,0,0,0,0,0,0,0,0,0,0,0,0,0,0,0,0,0,0,0,0,0,0,0,0,0,0,0,0,0,0,0,0,0,0,0,0,0,0,0,0,0,0,0,0,0,0,0,0,0,0,0,0,0,0,0,0,0,0,0,0,0,0,0,0,0,0,0,0,0,0,0,0,0,0,0,0,0,0,0,0,0,0,0,0,0,0,0,0,0,0,0,0,0,0,0,0,0,0,0,0,0,0,0,0,0,0,0,0,0,0,0,0,0,0,0,0,0,0,0,0,0,0,0,0,0,0,0,0,0,0,0,0,0,0,0,0,0,0,0,0,0,0,0,0,0,0,0,0,0,0,0,0,0,0,0,0
459914,157,144336,18348,1443,3,0,17121,159,360,2782,18348,530,18,529,2472,510,862,195,369,2806,235,379,574,388,2663,233,1693,791,401,2788,232,380,575,383,2667,234,1439,787,397,1137,159,355,629,523,2798,235,17238,982,29,2805,645,158,352,426,2428,676,777,140,370,2924,234,377,583,403,2734,236,770,830,433,2867,234,541,713,409,2685,291,1646,786,403,2795,231,377,572,396,2664,231,1157,696,495,2955,243,448,738,502,2860,249,17239,797,21,2955,646,146,352,586,2487,509,849,0,0,0,0,0,0,0,0,0,0,0,0,0,0,0,0,0,0,0,0,0,0,0,0,0,0,0,0,0,0,0,0,0,0,0,0,0,0,0,0,0,0,0,0,0,0,0,0,0,0,0,0,0,0,0,0,0,0,0,0,0,0,0,0,0,0,0,0,0,0,0,0,0,0,0,0,0,0,0,0,0,0,0,0,0,0,0,0,0,0,0,0,0,0,0,0,0,0,0,0,0,0,0,0,0,0,0,0,0,0,0,0,0,0,0,0,0,0,0,0,0,0,0,0,0,0,0,0,0,0,0,0,0,0,0,0,0,0,0,0,0,0,0,0,0,0,0,0,0,0,0,0,0,0,0,0,0,0,0,0,0,0,0,0,0,0,0,0,0,0,0,0,0,0,0,0,0,0,0,0,0,0,0,0,0,0,0,0,0,0,0,0,0,0,0,0,0,0,0,0,0,0,0,0,0,0,0,0,0,0,0,0,0,0,0,0,0,0,0,0,0,0,0,0,0,0,0,0,0,0,0,0,0,0,0,0,0,0,0,0,0,0,0,0,0,0,0,0,0,0,0,0,0,0,0,0,0,0,0,0,0,0,0,0,0,0,0,0,0,0,0,0,0,0,0,0,0,0,0,0,0,0,0,0,0,0,0,0,0,0,0,0,0,0,0,0,0,0,0,0
460915,158,144716,18295,1447,3,0,17178,334,437,2873,18295,540,18,529,2477,678,948,210,376,3006,234,377,584,402,2676,234,1697,959,459,2873,232,393,581,383,810,329,1438,785,391,2861,233,376,574,398,2673,234,17305,827,21,2768,645,156,352,418,2432,517,499,157,360,2800,235,378,575,555,2861,234,769,834,435,2868,232,541,711,409,2684,398,1692,786,404,2798,234,377,574,405,2670,232,1156,852,521,2972,244,452,732,492,2860,251,17297,808,20,2776,647,146,350,465,2450,510,660,0,0,0,0,0,0,0,0,0,0,0,0,0,0,0,0,0,0,0,0,0,0,0,0,0,0,0,0,0,0,0,0,0,0,0,0,0,0,0,0,0,0,0,0,0,0,0,0,0,0,0,0,0,0,0,0,0,0,0,0,0,0,0,0,0,0,0,0,0,0,0,0,0,0,0,0,0,0,0,0,0,0,0,0,0,0,0,0,0,0,0,0,0,0,0,0,0,0,0,0,0,0,0,0,0,0,0,0,0,0,0,0,0,0,0,0,0,0,0,0,0,0,0,0,0,0,0,0,0,0,0,0,0,0,0,0,0,0,0,0,0,0,0,0,0,0,0,0,0,0,0,0,0,0,0,0,0,0,0,0,0,0,0,0,0,0,0,0,0,0,0,0,0,0,0,0,0,0,0,0,0,0,0,0,0,0,0,0,0,0,0,0,0,0,0,0,0,0,0,0,0,0,0,0,0,0,0,0,0,0,0,0,0,0,0,0,0,0,0,0,0,0,0,0,0,0,0,0,0,0,0,0,0,0,0,0,0,0,0,0,0,0,0,0,0,0,0,0,0,0,0,0,0,0,0,0,0,0,0,0,0,0,0,0,0,0,0,0,0,0,0,0,0,0,0,0,0,0,0,0,0,0,0,0,0,0,0,0,0,0,0,0,0,0,0,0,0,0,0,0
461914,159,143247,18295,1432,3,0,17133,149,362,2790,18295,537,19,530,2473,518,871,199,369,2809,235,378,574,398,811,169,1713,964,453,2879,232,540,709,407,2693,249,1438,787,397,2987,233,378,579,559,2791,234,17242,983,29,2804,646,189,380,438,2430,508,840,163,355,2799,233,377,579,385,2718,235,770,667,388,2789,233,379,575,385,2667,235,1608,790,402,2786,232,377,573,386,2660,230,1153,685,495,2952,242,436,726,486,2865,237,17239,798,21,2766,643,146,351,415,2418,503,497,0,0,0,0,0,0,0,0,0,0,0,0,0,0,0,0,0,0,0,0,0,0,0,0,0,0,0,0,0,0,0,0,0,0,0,0,0,0,0,0,0,0,0,0,0,0,0,0,0,0,0,0,0,0,0,0,0,0,0,0,0,0,0,0,0,0,0,0,0,0,0,0,0,0,0,0,0,0,0,0,0,0,0,0,0,0,0,0,0,0,0,0,0,0,0,0,0,0,0,0,0,0,0,0,0,0,0,0,0,0,0,0,0,0,0,0,0,0,0,0,0,0,0,0,0,0,0,0,0,0,0,0,0,0,0,0,0,0,0,0,0,0,0,0,0,0,0,0,0,0,0,0,0,0,0,0,0,0,0,0,0,0,0,0,0,0,0,0,0,0,0,0,0,0,0,0,0,0,0,0,0,0,0,0,0,0,0,0,0,0,0,0,0,0,0,0,0,0,0,0,0,0,0,0,0,0,0,0,0,0,0,0,0,0,0,0,0,0,0,0,0,0,0,0,0,0,0,0,0,0,0,0,0,0,0,0,0,0,0,0,0,0,0,0,0,0,0,0,0,0,0,0,0,0,0,0,0,0,0,0,0,0,0,0,0,0,0,0,0,0,0,0,0,0,0,0,0,0,0,0,0,0,0,0,0,0,0,0,0,0,0,0,0,0,0,0,0,0,0,0
462914,160,141711,18317,1417,3,0,17124,159,360,2782,18317,529,18,529,2471,508,861,194,369,940,170,366,589,407,2668,236,1697,795,401,2787,230,380,571,387,2662,234,1366,787,397,2779,233,378,572,388,2662,233,17234,802,21,2765,643,148,350,413,2416,506,656,137,359,2769,232,377,577,387,2716,234,777,671,391,2780,232,379,578,385,2663,235,1613,786,402,2789,231,377,570,387,2662,230,1155,684,495,2952,244,437,726,495,2862,238,17232,798,20,2763,643,146,351,415,2417,503,843,0,0,0,0,0,0,0,0,0,0,0,0,0,0,0,0,0,0,0,0,0,0,0,0,0,0,0,0,0,0,0,0,0,0,0,0,0,0,0,0,0,0,0,0,0,0,0,0,0,0,0,0,0,0,0,0,0,0,0,0,0,0,0,0,0,0,0,0,0,0,0,0,0,0,0,0,0,0,0,0,0,0,0,0,0,0,0,0,0,0,0,0,0,0,0,0,0,0,0,0,0,0,0,0,0,0,0,0,0,0,0,0,0,0,0,0,0,0,0,0,0,0,0,0,0,0,0,0,0,0,0,0,0,0,0,0,0,0,0,0,0,0,0,0,0,0,0,0,0,0,0,0,0,0,0,0,0,0,0,0,0,0,0,0,0,0,0,0,0,0,0,0,0,0,0,0,0,0,0,0,0,0,0,0,0,0,0,0,0,0,0,0,0,0,0,0,0,0,0,0,0,0,0,0,0,0,0,0,0,0,0,0,0,0,0,0,0,0,0,0,0,0,0,0,0,0,0,0,0,0,0,0,0,0,0,0,0,0,0,0,0,0,0,0,0,0,0,0,0,0,0,0,0,0,0,0,0,0,0,0,0,0,0,0,0,0,0,0,0,0,0,0,0,0,0,0,0,0,0,0,0,0,0,0,0,0,0,0,0,0,0,0,0,0,0,0,0,0,0,0
463915,161,193250,34623,1932,5,0,17150,165,355,2791,18196,529,18,529,590,398,838,224,377,2873,235,378,576,393,2666,234,1695,792,401,2786,232,379,575,383,2666,234,1368,787,395,2778,233,380,572,388,2666,234,17245,799,21,2765,643,148,350,413,2415,506,497,157,360,2778,233,378,575,387,2713,233,778,670,393,2791,233,380,576,384,2666,236,1612,784,401,2989,233,377,580,560,2787,233,1158,858,518,2972,246,17514,846,61,2739,707,17013,532,17,2928,239,378,574,34623,2975,233,531,0,0,0,0,0,0,0,0,0,0,0,0,0,0,0,0,0,0,0,0,0,0,0,0,0,0,0,0,0,0,0,0,0,0,0,0,0,0,0,0,0,0,0,0,0,0,0,0,0,0,0,0,0,0,0,0,0,0,0,0,0,0,0,0,0,0,0,0,0,0,0,0,0,0,0,0,0,0,0,0,0,0,0,1,1,1,1,1,1,1,1,1,1,1,1,1,0,0,0,0,0,0,0,0,0,0,0,0,0,0,0,0,0,0,0,0,0,0,0,0,0,0,0,0,0,0,0,0,0,0,0,0,0,0,0,0,0,0,0,0,0,0,0,0,0,0,0,0,0,0,0,0,0,0,0,0,0,0,0,0,0,0,0,0,0,0,0,0,0,0,0,0,0,0,0,0,0,0,0,0,0,0,0,0,1,0,0,0,0,0,0,0,0,0,0,0,1,0,0,0,0,0,0,0,0,0,0,0,0,0,0,0,0,0,0,0,0,0,0,0,0,0,0,0,0,0,0,0,0,0,0,0,0,0,0,0,0,0,0,0,0,0,0,0,0,0,0,0,0,0,0,0,0,0,0,0,0,0,0,0,0,0,0,0,0,0,0,0,0,0,0,0,0,0,0,0,0,0,0,0,0,0,0,0,0,0,0,0,0,0,0,0,0,0,0,0,0,0,0,0
464934,162,161767,18365,1617,4,0,17028,602,391,2785,18365,522,18,578,2461,508,865,208,379,2805,232,385,578,384,2671,246,1692,791,408,2815,232,375,577,552,2791,235,1440,961,17484,3074,240,390,588,376,824,323,17331,822,15,2957,646,143,349,586,2492,515,845,333,444,2875,233,386,631,391,2689,401,852,700,401,2936,234,372,582,444,2714,235,1607,795,409,2805,230,383,568,382,2669,243,1260,758,475,2941,248,438,726,393,2680,235,17265,803,17,2763,642,145,349,415,2418,505,495,0,0,0,0,0,0,0,0,0,0,0,0,0,0,0,0,0,0,0,0,0,0,0,0,0,0,0,0,0,0,16,16,16,16,16,16,16,16,16,16,16,16,16,16,16,16,16,16,16,16,16,16,16,16,16,16,16,16,16,16,16,16,16,16,16,16,16,16,16,16,16,16,16,16,16,16,16,16,16,16,16,16,16,16,16,16,16,16,16,16,16,16,16,16,16,16,16,16,16,16,0,0,0,0,0,0,0,0,0,0,0,0,0,0,0,0,0,0,0,0,0,0,0,0,0,0,0,0,0,0,0,16,0,0,0,0,0,0,0,0,0,0,0,0,0,0,0,0,0,0,0,0,0,0,0,0,0,0,0,0,0,0,0,0,0,0,0,0,0,0,0,0,0,0,0,0,0,0,0,0,0,0,0,0,0,0,0,0,0,0,0,0,0,0,0,0,0,0,0,0,0,0,0,0,0,0,0,0,0,0,0,0,0,0,0,0,0,0,0,0,0,0,0,0,0,0,0,0,0,0,0,0,0,0,0,0,0,0,0,0,0,0,0,0,0,0,0,0,0,0,0,0,0,0,0,0,0,0,0,0,0,0,0,0,0,0,0,0,0,0,0,0,0,0,0,0,0,0,0,0,0,0,0,0,0,0,0,0,0,0,0,0,0,0,0,0,0,0,0,0
465934,163,280117,98236,2801,4,0,17198,150,358,2801,18423,521,14,535,2439,508,865,371,98236,4366,238,19,377,461,2405,675,1899,243,368,2839,234,374,559,554,2775,234,382,574,386,2716,233,531,688,402,2681,246,7635,777,7848,2964,232,376,562,387,2709,234,529,587,388,2689,233,380,563,386,2639,236,777,661,388,2716,232,378,563,388,2639,233,1611,779,488,2885,244,7871,776,26,859,515,1013,388,473,2482,516,466,148,359,38082,265,16872,534,16,2854,234,374,625,573,2799,234,747,16,16,16,16,16,16,16,16,16,16,16,16,16,16,16,16,16,16,16,16,16,16,16,16,16,16,16,16,16,16,16,16,16,16,16,16,16,16,16,16,16,0,0,0,0,0,0,0,0,0,0,0,0,0,0,0,0,0,0,0,0,0,0,0,0,0,0,0,0,0,0,0,16,16,16,16,16,16,16,16,16,16,16,16,16,16,16,0,0,0,0,0,0,0,0,0,0,0,0,0,0,0,0,0,0,0,0,0,0,0,0,16,0,0,0,0,0,0,0,0,0,0,0,0,0,0,0,0,0,0,0,0,0,0,0,0,0,0,0,0,0,16,0,0,0,0,0,0,0,0,0,0,0,0,0,0,0,0,0,0,0,0,0,0,0,0,0,0,0,0,0,0,0,0,16,0,0,0,0,0,0,0,0,0,0,0,0,16,0,0,0,0,0,0,0,0,0,0,0,0,0,0,0,0,0,0,0,0,0,0,0,30,0,0,0,0,0,0,0,0,0,0,0,0,0,0,0,0,0,0,0,0,0,0,0,0,0,0,0,30,0,30,0,0,0,0,0,0,0,0,0,0,0,0,0,0,0,0,0,0,0,0,0,0,0,0,0,0,0,0,0,0,0,0,30,0,0,0,0,0,0,0,0,0,0,0,0,0,0,0,0,0,0,0,0,0,0,0,0,0
467034,164,154699,19667,1546,4,0,17257,604,401,2719,16304,685,25,561,579,381,821,208,374,2810,225,380,576,395,2643,233,1690,774,408,2676,231,377,558,384,2639,234,406,578,398,2701,229,375,561,386,19667,239,16858,538,12,2837,231,372,603,393,2668,234,526,581,390,2691,231,370,563,389,2640,232,780,658,401,2716,231,372,561,384,2643,234,1729,764,471,2854,238,424,696,392,2668,232,1161,682,396,2709,230,372,557,380,2646,234,17211,792,16,2702,624,143,389,460,2424,503,826,0,0,0,0,0,0,0,0,0,0,0,0,0,0,0,0,0,0,0,0,0,0,0,0,0,0,0,0,0,0,0,0,0,0,0,0,16,16,16,16,16,16,16,16,16,16,16,16,16,16,16,16,16,16,16,16,16,16,16,16,16,16,16,16,16,16,16,16,16,16,16,16,16,16,16,16,16,16,16,16,16,16,16,16,16,16,16,16,16,16,16,16,16,16,16,16,16,16,16,16,0,0,0,0,0,0,0,0,0,0,0,0,0,0,0,0,0,0,0,0,0,0,0,0,0,0,0,0,0,0,0,0,0,0,0,0,0,16,0,0,0,0,0,0,0,0,0,0,0,0,0,0,0,0,0,0,0,0,0,0,0,0,0,0,0,0,0,0,0,0,0,0,0,0,0,0,0,0,0,0,0,0,0,0,0,0,0,0,0,0,0,0,0,0,0,0,0,0,0,0,0,0,0,0,0,0,0,0,0,0,0,0,0,0,0,0,0,0,0,0,0,0,0,0,0,0,0,0,0,0,0,0,0,0,0,0,0,0,0,0,0,0,0,0,0,0,0,0,0,0,0,0,0,0,0,0,0,0,0,0,0,0,0,0,0,0,0,0,0,0,0,0,0,0,0,0,0,0,0,0,0,0,0,0,0,0,0,0,0,0,0,0,0,0,0,0,0,0,0,0
468035,165,187230,37873,1872,5,0,15130,154,353,865,18242,529,14,514,2415,506,841,195,370,2690,229,371,562,383,37873,266,1328,489,536,2416,504,466,149,358,2587,233,415,584,391,2642,227,378,571,385,794,157,17201,793,17,2661,635,143,351,411,2408,506,640,133,356,2708,230,373,562,384,2588,233,782,656,394,2712,231,373,17611,504,2285,665,1481,541,577,2520,516,492,150,360,2603,242,1172,673,390,2672,230,375,562,385,2588,231,17228,792,17,2672,641,146,351,410,2350,508,827,16,16,16,16,16,16,16,16,16,16,16,16,16,16,16,16,16,16,16,16,16,16,16,16,16,16,16,16,16,16,16,16,16,16,16,16,16,16,16,16,16,16,16,16,16,16,16,16,16,16,16,16,16,16,16,16,16,16,16,16,16,16,16,16,16,16,16,16,16,16,16,16,16,16,16,16,16,16,16,16,16,16,16,16,16,16,16,16,16,16,16,16,16,16,16,16,16,16,16,16,0,0,0,0,0,0,0,0,0,0,0,0,0,0,0,0,0,16,0,0,0,0,0,0,0,0,0,0,0,0,0,0,0,0,0,0,0,0,0,0,0,0,0,0,0,0,0,0,0,0,0,0,0,0,0,0,0,0,0,0,0,0,0,0,0,16,0,0,0,0,0,0,0,0,0,0,0,0,0,0,0,0,0,0,0,0,0,0,0,0,0,0,0,0,0,0,0,0,0,0,0,0,0,0,0,0,0,0,0,0,0,0,0,0,0,0,0,0,0,0,0,0,0,0,0,0,0,0,0,0,0,0,0,0,0,0,0,0,0,0,0,0,0,0,0,0,0,0,0,0,0,0,0,0,0,0,0,0,0,0,0,0,0,0,0,0,0,0,0,0,0,0,0,0,0,0,0,0,0,0,0,0,0,0,0,0,0,0,0,0,0,0,0,0,0,0,0,0,0,0
