millis,sequence,total_us,max_us,avg_us,overrun_count,dropped_reports,previous_write_us,b00_us,b01_us,b02_us,b03_us,b04_us,b05_us,b06_us,b07_us,b08_us,b09_us,b10_us,b11_us,b12_us,b13_us,b14_us,b15_us,b16_us,b17_us,b18_us,b19_us,b20_us,b21_us,b22_us,b23_us,b24_us,b25_us,b26_us,b27_us,b28_us,b29_us,b30_us,b31_us,b32_us,b33_us,b34_us,b35_us,b36_us,b37_us,b38_us,b39_us,b40_us,b41_us,b42_us,b43_us,b44_us,b45_us,b46_us,b47_us,b48_us,b49_us,b50_us,b51_us,b52_us,b53_us,b54_us,b55_us,b56_us,b57_us,b58_us,b59_us,b60_us,b61_us,b62_us,b63_us,b64_us,b65_us,b66_us,b67_us,b68_us,b69_us,b70_us,b71_us,b72_us,b73_us,b74_us,b75_us,b76_us,b77_us,b78_us,b79_us,b80_us,b81_us,b82_us,b83_us,b84_us,b85_us,b86_us,b87_us,b88_us,b89_us,b90_us,b91_us,b92_us,b93_us,b94_us,b95_us,b96_us,b97_us,b98_us,b99_us,b00_button_mask,b01_button_mask,b02_button_mask,b03_button_mask,b04_button_mask,b05_button_mask,b06_button_mask,b07_button_mask,b08_button_mask,b09_button_mask,b10_button_mask,b11_button_mask,b12_button_mask,b13_button_mask,b14_button_mask,b15_button_mask,b16_button_mask,b17_button_mask,b18_button_mask,b19_button_mask,b20_button_mask,b21_button_mask,b22_button_mask,b23_button_mask,b24_button_mask,b25_button_mask,b26_button_mask,b27_button_mask,b28_button_mask,b29_button_mask,b30_button_mask,b31_button_mask,b32_button_mask,b33_button_mask,b34_button_mask,b35_button_mask,b36_button_mask,b37_button_mask,b38_button_mask,b39_button_mask,b40_button_mask,b41_button_mask,b42_button_mask,b43_button_mask,b44_button_mask,b45_button_mask,b46_button_mask,b47_button_mask,b48_button_mask,b49_button_mask,b50_button_mask,b51_button_mask,b52_button_mask,b53_button_mask,b54_button_mask,b55_button_mask,b56_button_mask,b57_button_mask,b58_button_mask,b59_button_mask,b60_button_mask,b61_button_mask,b62_button_mask,b63_button_mask,b64_button_mask,b65_button_mask,b66_button_mask,b67_button_mask,b68_button_mask,b69_button_mask,b70_button_mask,b71_button_mask,b72_button_mask,b73_button_mask,b74_button_mask,b75_button_mask,b76_button_mask,b77_button_mask,b78_button_mask,b79_button_mask,b80_button_mask,b81_button_mask,b82_button_mask,b83_button_mask,b84_button_mask,b85_button_mask,b86_button_mask,b87_button_mask,b88_button_mask,b89_button_mask,b90_button_mask,b91_button_mask,b92_button_mask,b93_button_mask,b94_button_mask,b95_button_mask,b96_button_mask,b97_button_mask,b98_button_mask,b99_button_mask,b00_button_event_mask,b01_button_event_mask,b02_button_event_mask,b03_button_event_mask,b04_button_event_mask,b05_button_event_mask,b06_button_event_mask,b07_button_event_mask,b08_button_event_mask,b09_button_event_mask,b10_button_event_mask,b11_button_event_mask,b12_button_event_mask,b13_button_event_mask,b14_button_event_mask,b15_button_event_mask,b16_button_event_mask,b17_button_event_mask,b18_button_event_mask,b19_button_event_mask,b20_button_event_mask,b21_button_event_mask,b22_button_event_mask,b23_button_event_mask,b24_button_event_mask,b25_button_event_mask,b26_button_event_mask,b27_button_event_mask,b28_button_event_mask,b29_button_event_mask,b30_button_event_mask,b31_button_event_mask,b32_button_event_mask,b33_button_event_mask,b34_button_event_mask,b35_button_event_mask,b36_button_event_mask,b37_button_event_mask,b38_button_event_mask,b39_button_event_mask,b40_button_event_mask,b41_button_event_mask,b42_button_event_mask,b43_button_event_mask,b44_button_event_mask,b45_button_event_mask,b46_button_event_mask,b47_button_event_mask,b48_button_event_mask,b49_button_event_mask,b50_button_event_mask,b51_button_event_mask,b52_button_event_mask,b53_button_event_mask,b54_button_event_mask,b55_button_event_mask,b56_button_event_mask,b57_button_event_mask,b58_button_event_mask,b59_button_event_mask,b60_button_event_mask,b61_button_event_mask,b62_button_event_mask,b63_button_event_mask,b64_button_event_mask,b65_button_event_mask,b66_button_event_mask,b67_button_event_mask,b68_button_event_mask,b69_button_event_mask,b70_button_event_mask,b71_button_event_mask,b72_button_event_mask,b73_button_event_mask,b74_button_event_mask,b75_button_event_mask,b76_button_event_mask,b77_button_event_mask,b78_button_event_mask,b79_button_event_mask,b80_button_event_mask,b81_button_event_mask,b82_button_event_mask,b83_button_event_mask,b84_button_event_mask,b85_button_event_mask,b86_button_event_mask,b87_button_event_mask,b88_button_event_mask,b89_button_event_mask,b90_button_event_mask,b91_button_event_mask,b92_button_event_mask,b93_button_event_mask,b94_button_event_mask,b95_button_event_mask,b96_button_event_mask,b97_button_event_mask,b98_button_event_mask,b99_button_event_mask
152265,1,152341,38504,1523,4,0,0,0,38504,1665,309,495,548,474,2093,381,874,540,427,2190,255,455,559,221,2300,12175,834,47,416,2237,221,464,492,402,2074,210,419,461,410,2132,217,397,454,404,2145,236,12094,573,46,2313,477,263,464,470,1943,506,658,142,412,2112,211,401,458,399,2761,222,777,622,518,955,174,397,573,406,2668,239,673,646,515,2832,227,403,583,419,2671,229,404,580,511,2801,234,403,575,417,2743,238,12058,735,59,2610,614,151,384,440,2420,512,863,0,16,16,16,16,16,16,16,16,16,16,16,16,16,16,16,16,16,0,0,0,0,0,0,0,0,0,0,0,0,0,0,0,0,0,0,0,0,0,0,0,0,0,0,0,0,0,0,0,0,0,0,0,0,0,0,0,0,0,0,0,0,0,0,0,0,0,0,0,0,0,0,0,0,0,0,0,0,0,0,0,0,0,0,0,0,0,0,0,0,0,0,0,0,0,0,0,0,0,0,0,16,0,0,0,0,0,0,0,0,0,0,0,0,0,0,0,0,16,0,0,0,0,0,0,0,0,0,0,0,0,0,0,0,0,0,0,0,0,0,0,0,0,0,0,0,0,0,0,0,0,0,0,0,0,0,0,0,0,0,0,0,0,0,0,0,0,0,0,0,0,0,0,0,0,0,0,0,0,0,0,0,0,0,0,0,0,0,0,0,0,0,0,0,0,0,0,0,0,0
153233,2,153799,43396,1537,3,0,0,181,505,2799,43396,528,18,515,2460,544,813,213,411,2785,235,402,577,414,2663,257,1003,751,423,2747,234,399,572,414,2619,254,444,658,398,2719,241,417,628,434,2728,293,12091,717,51,2764,601,147,381,438,2369,543,707,145,389,2769,235,400,575,430,2653,256,801,668,426,2802,238,400,634,422,2670,258,621,694,404,2741,233,404,643,430,2738,259,413,698,420,2810,237,422,674,426,2789,258,12038,772,23,2705,655,173,474,531,576,526,940,0,0,0,0,0,0,0,0,0,0,0,0,0,0,0,0,0,0,0,0,0,0,0,0,0,0,0,0,0,0,0,0,0,0,0,0,0,0,0,0,0,0,0,0,0,0,0,0,0,0,0,0,0,0,0,0,0,0,0,0,0,0,0,0,0,0,0,0,0,0,0,0,0,0,0,0,0,0,0,0,0,0,0,0,0,0,0,0,0,0,0,0,0,0,0,0,0,0,0,0,0,0,0,0,0,0,0,0,0,0,0,0,0,0,0,0,0,0,0,0,0,0,0,0,0,0,0,0,0,0,0,0,0,0,0,0,0,0,0,0,0,0,0,0,0,0,0,0,0,0,0,0,0,0,0,0,0,0,0,0,0,0,0,0,0,0,0,0,0,0,0,0,0,0,0,0,0,0,0,0,0,0,0,0,0,0,0,0,0,0,0,0,0,0,0,0,0,0,0,0
154263,3,126193,17398,1261,1,0,42181,202,394,2808,17398,611,79,710,2749,561,889,213,549,3196,244,519,1087,541,3072,283,1149,834,445,3103,267,413,809,558,2806,431,584,821,489,2824,245,533,714,543,2803,320,6671,816,557,2962,270,506,797,536,2803,278,535,816,526,2866,288,411,806,527,2899,268,937,828,531,2945,235,522,918,497,2779,267,717,813,452,2847,239,413,665,530,2874,269,508,802,444,950,182,429,707,434,2816,269,5998,819,451,2789,243,409,654,439,2774,268,596,0,0,0,0,0,0,0,0,0,0,0,0,0,0,0,0,0,0,0,0,0,0,0,0,0,0,0,0,0,0,0,0,0,0,0,0,0,0,0,0,0,0,0,0,0,0,0,0,0,0,0,0,0,0,0,0,0,0,0,0,0,0,0,0,0,0,0,0,0,0,0,0,0,0,0,0,0,0,0,0,0,0,0,0,0,0,0,0,0,0,0,0,0,0,0,0,0,0,0,0,0,0,0,0,0,0,0,0,0,0,0,0,0,0,0,0,0,0,0,0,0,0,0,0,0,0,0,0,0,0,0,0,0,0,0,0,0,0,0,0,0,0,0,0,0,0,0,0,0,0,0,0,0,0,0,0,0,0,0,0,0,0,0,0,0,0,0,0,0,0,0,0,0,0,0,0,0,0,0,0,0,0,0,0,0,0,0,0,0,0,0,0,0,0,0,0,0,0,0,0
155263,4,119652,16424,1196,1,0,15180,727,434,2838,16424,540,17,579,2494,555,891,280,495,3001,267,424,706,431,2963,267,1024,758,574,2915,235,411,930,477,2804,269,474,731,439,2766,246,438,715,444,2769,300,5747,821,441,2766,251,423,668,431,2671,269,875,745,428,2769,240,412,649,437,2708,263,833,697,450,2771,245,423,671,433,2742,270,652,729,416,960,225,411,711,450,2795,270,429,718,415,2808,247,439,1216,30,2764,717,5504,522,721,2542,525,549,181,413,2982,268,442,0,0,0,0,0,0,0,0,0,0,0,0,0,0,0,0,0,0,0,0,0,0,0,0,0,0,0,0,0,0,0,0,0,0,0,0,0,0,0,0,0,0,0,0,0,0,0,0,0,0,0,0,0,0,0,0,0,0,0,0,0,0,0,0,0,0,0,0,0,0,0,0,0,0,0,0,0,0,0,0,0,0,0,0,0,0,0,0,0,0,0,0,0,0,0,0,0,0,0,0,0,0,0,0,0,0,0,0,0,0,0,0,0,0,0,0,0,0,0,0,0,0,0,0,0,0,0,0,0,0,0,0,0,0,0,0,0,0,0,0,0,0,0,0,0,0,0,0,0,0,0,0,0,0,0,0,0,0,0,0,0,0,0,0,0,0,0,0,0,0,0,0,0,0,0,0,0,0,0,0,0,0,0,0,0,0,0,0,0,0,0,0,0,0,0,0,0,0,0,0
156262,5,120164,14748,1201,1,0,15210,718,429,2782,14748,539,19,580,2702,571,1010,238,510,3042,238,409,673,445,2754,270,1119,771,469,2792,233,412,658,440,2701,268,541,728,437,2864,377,469,743,429,2796,305,5820,1060,527,2893,242,411,762,562,2875,269,618,812,521,2858,243,423,668,433,887,252,852,715,430,2822,277,544,729,459,2729,271,634,770,445,2797,240,445,707,439,2740,264,434,712,421,2940,267,441,776,469,2881,269,5718,922,530,2910,243,459,732,440,2842,268,816,0,0,0,0,0,0,0,0,0,0,0,0,0,0,0,0,0,0,0,0,0,0,0,0,0,0,0,0,0,0,0,0,0,0,0,0,0,0,0,0,0,0,0,0,0,0,0,0,0,0,0,0,0,0,0,0,0,0,0,0,0,0,0,0,0,0,0,0,0,0,0,0,0,0,0,0,0,0,0,0,0,0,0,0,0,0,0,0,0,0,0,0,0,0,0,0,0,0,0,0,0,0,0,0,0,0,0,0,0,0,0,0,0,0,0,0,0,0,0,0,0,0,0,0,0,0,0,0,0,0,0,0,0,0,0,0,0,0,0,0,0,0,0,0,0,0,0,0,0,0,0,0,0,0,0,0,0,0,0,0,0,0,0,0,0,0,0,0,0,0,0,0,0,0,0,0,0,0,0,0,0,0,0,0,0,0,0,0,0,0,0,0,0,0,0,0,0,0,0,0
157263,6,140299,16472,1402,2,0,13531,702,429,2814,16472,537,17,767,2553,556,887,233,460,2936,280,419,697,442,2854,269,1083,775,548,3220,242,443,933,542,2791,270,447,835,450,2788,331,453,751,444,2972,363,5847,821,521,3025,243,518,731,528,982,244,468,701,437,3164,264,468,770,437,2736,273,822,708,431,2962,240,521,732,570,2859,268,652,742,430,2815,242,412,5994,517,2815,276,431,728,432,2777,12263,526,182,719,2528,562,6467,241,407,2857,418,449,730,624,2908,265,594,0,0,0,0,0,0,0,0,0,0,0,0,0,0,0,0,0,0,0,0,0,0,0,0,0,0,0,0,0,0,0,0,0,0,0,0,0,0,0,0,0,0,0,0,0,0,0,0,0,0,0,0,0,0,0,0,0,0,0,0,0,0,0,0,0,0,0,0,0,0,0,0,0,0,8,8,8,8,8,8,8,8,8,0,0,0,0,0,0,0,0,0,0,0,0,0,0,0,0,0,0,0,0,0,0,0,0,0,0,0,0,0,0,0,0,0,0,0,0,0,0,0,0,0,0,0,0,0,0,0,0,0,0,0,0,0,0,0,0,0,0,0,0,0,0,0,0,0,0,0,0,0,0,0,0,0,0,0,0,0,0,0,0,0,0,0,0,0,0,0,0,0,0,0,0,8,0,0,0,0,0,0,0,8,0,0,0,0,0,0,0,0,0,0,0,0,0,0,0,0
158263,7,299298,151855,2992,4,0,15257,734,470,2847,151855,661,6019,722,5157,526,885,218,416,16248,267,38,644,662,611,414,1185,211,408,2907,304,561,750,528,2775,236,430,675,454,2848,241,483,717,510,2851,238,6255,822,440,2777,243,487,724,440,2719,242,799,708,473,2830,276,490,736,432,2740,238,805,782,458,2791,244,488,726,439,2722,6250,724,737,467,3071,259,499,732,459,2756,241,12392,821,21,2767,692,250,421,550,665,422,12064,263,26,2748,689,254,571,697,2482,518,758,0,0,0,1,1,1,1,1,1,1,1,1,0,0,0,0,0,0,0,0,0,0,0,0,0,0,0,0,0,0,0,0,0,0,0,0,0,0,0,0,0,0,0,0,0,0,0,0,0,0,0,0,0,0,0,0,0,0,0,0,0,0,0,0,0,0,0,2,2,2,2,2,2,2,2,2,2,2,2,0,0,0,0,0,0,0,0,0,8,8,8,8,8,8,8,8,8,8,8,8,0,0,0,0,0,1,0,0,0,0,0,0,1,0,0,0,0,0,0,0,0,0,0,0,0,0,0,0,0,0,0,0,0,0,0,0,0,0,0,0,0,0,0,0,0,0,0,0,0,0,0,0,0,0,0,0,0,0,0,0,0,0,0,0,0,0,0,0,2,0,0,0,0,0,0,0,0,0,0,2,0,0,0,0,0,0,0,0,0,8,0,0,0,0,0,0,0,0,0,0
159403,8,574085,420687,5740,3,0,150631,11869,508,2287,420687,378,507,714,13032,524,404,682,423,2846,257,471,716,405,2733,232,988,738,586,2963,254,406,787,451,2691,230,425,695,544,3224,273,412,801,472,2730,233,6120,799,438,9254,235,495,692,452,2901,226,772,718,440,1076,262,512,792,553,2878,235,785,726,439,9137,229,399,643,436,2731,230,755,761,471,2844,260,408,792,498,2789,6595,523,942,469,2867,253,467,788,578,3063,228,6154,797,511,2850,258,409,7128,505,2955,390,594,0,0,0,0,0,0,0,0,0,0,0,0,0,0,0,0,0,0,0,0,0,0,0,0,0,0,0,0,0,0,1,1,1,1,1,1,1,1,1,1,1,1,0,0,0,0,0,0,0,0,1,1,1,1,1,1,1,1,1,1,1,1,0,0,0,0,0,0,1,1,1,1,1,1,1,1,1,1,0,0,0,0,0,0,0,0,1,1,1,1,1,1,1,1,1,0,0,0,0,0,8,0,0,0,0,0,0,0,0,0,0,0,0,0,0,0,0,0,0,0,0,0,0,0,0,0,0,0,0,0,0,1,0,0,0,0,0,0,0,0,0,0,1,0,0,0,0,0,0,0,0,0,1,0,0,0,0,0,0,0,0,0,1,0,0,0,0,0,0,1,0,0,0,0,0,0,0,0,1,0,0,0,0,0,0,0,0,1,0,0,0,0,0,0,0,1,0,0,0,0
160813,9,538087,416063,5380,3,0,419041,702,427,2931,416063,703,20,600,12782,522,534,793,428,914,275,404,675,426,2775,230,989,717,438,2798,254,404,700,403,2734,238,428,657,410,2777,253,419,707,391,3003,232,6269,817,465,2836,255,463,773,421,2771,10129,875,828,468,2851,257,422,700,395,2734,394,825,708,551,2907,254,406,717,473,2790,230,707,690,432,2833,262,507,694,427,2748,230,502,782,426,2847,277,512,852,438,863,165,5232,806,420,2907,258,413,691,450,2786,233,557,0,0,0,0,0,0,0,0,0,0,0,0,0,0,0,0,0,0,0,0,0,0,0,0,0,0,0,0,0,0,0,0,0,0,0,0,0,0,16,16,16,16,16,16,16,16,16,16,0,0,0,0,0,0,0,0,0,0,0,0,0,0,0,0,0,0,0,0,0,0,0,0,0,0,0,0,0,0,0,0,0,0,0,0,0,0,0,0,0,0,0,0,0,0,0,0,0,0,0,0,0,0,0,0,0,0,0,0,0,0,0,0,0,0,0,0,0,0,0,0,0,0,0,0,0,0,0,0,0,0,0,0,0,0,0,0,0,0,0,16,0,0,0,0,0,0,0,0,16,0,0,0,0,0,0,0,0,0,0,0,0,0,0,0,0,0,0,0,0,0,0,0,0,0,0,0,0,0,0,0,0,0,0,0,0,0,0,0,0,0,0,0,0,0,0,0,0,0,0,0
162213,10,116566,16386,1165,1,0,414847,678,427,2782,16386,525,14,568,2470,509,936,218,426,2842,253,407,693,395,2723,238,1144,796,430,2812,253,406,704,406,2733,233,418,647,434,2796,268,408,680,405,2735,245,5248,808,425,2796,251,455,780,420,2737,231,771,668,442,2781,255,408,694,390,2994,231,784,682,444,2802,260,420,701,402,2738,231,601,669,427,2787,255,406,687,412,873,157,389,613,492,2872,254,406,689,393,2737,236,5236,807,427,2886,258,404,689,417,2744,234,417,0,0,0,0,0,0,0,0,0,0,0,0,0,0,0,0,0,0,0,0,0,0,0,0,0,0,0,0,0,0,0,0,0,0,0,0,0,0,0,0,0,0,0,0,0,0,0,0,0,0,0,0,0,0,0,0,0,0,0,0,0,0,0,0,0,0,0,0,0,0,0,0,0,0,0,0,0,0,0,0,0,0,0,0,0,0,0,0,0,0,0,0,0,0,0,0,0,0,0,0,0,0,0,0,0,0,0,0,0,0,0,0,0,0,0,0,0,0,0,0,0,0,0,0,0,0,0,0,0,0,0,0,0,0,0,0,0,0,0,0,0,0,0,0,0,0,0,0,0,0,0,0,0,0,0,0,0,0,0,0,0,0,0,0,0,0,0,0,0,0,0,0,0,0,0,0,0,0,0,0,0,0,0,0,0,0,0,0,0,0,0,0,0,0,0,0,0,0,0,0
163212,11,114838,14675,1148,1,0,15175,664,425,2792,14675,530,39,610,2495,511,859,208,396,2800,253,408,693,412,2769,232,987,725,436,2810,260,413,696,397,2727,231,553,695,430,2792,259,411,702,411,2731,234,5246,809,443,2832,255,450,764,422,2772,230,557,655,429,2779,271,412,691,414,2746,234,774,699,429,906,254,410,690,406,2757,228,604,648,420,2798,252,407,690,390,2877,229,405,651,428,2788,254,408,685,416,2743,239,5235,806,430,2898,257,415,692,397,2728,233,780,0,0,0,0,0,0,0,0,0,0,0,0,0,0,0,0,0,0,0,0,0,0,0,0,0,0,0,0,0,0,0,0,0,0,0,0,0,0,0,0,0,0,0,0,0,0,0,0,0,0,0,0,0,0,0,0,0,0,0,0,0,0,0,0,0,0,0,0,0,0,0,0,0,0,0,0,0,0,0,0,0,0,0,0,0,0,0,0,0,0,0,0,0,0,0,0,0,0,0,0,0,0,0,0,0,0,0,0,0,0,0,0,0,0,0,0,0,0,0,0,0,0,0,0,0,0,0,0,0,0,0,0,0,0,0,0,0,0,0,0,0,0,0,0,0,0,0,0,0,0,0,0,0,0,0,0,0,0,0,0,0,0,0,0,0,0,0,0,0,0,0,0,0,0,0,0,0,0,0,0,0,0,0,0,0,0,0,0,0,0,0,0,0,0,0,0,0,0,0,0
164213,12,125519,18090,1255,1,0,13465,683,909,4239,18090,576,36,1079,3054,564,1075,271,865,3291,351,435,814,511,3033,233,996,714,439,2794,257,470,733,436,3000,230,581,943,510,2879,272,485,709,427,3604,244,5481,818,442,2836,254,449,762,425,2739,231,419,655,443,914,250,403,676,401,2733,234,784,684,426,2811,250,416,707,400,2846,259,612,676,442,2821,254,407,693,391,2741,265,408,686,408,2805,253,418,836,435,2799,275,5230,847,442,2912,254,408,688,395,2754,395,589,0,0,0,0,0,0,0,0,0,0,0,0,0,0,0,0,0,0,0,0,0,0,0,0,0,0,0,0,0,0,0,0,0,0,0,0,0,0,0,0,0,0,0,0,0,0,0,0,0,0,0,0,0,0,0,0,0,0,0,0,0,0,0,0,0,0,0,0,0,0,0,0,0,0,0,0,0,0,0,0,0,0,0,0,0,0,0,0,0,0,0,0,0,0,0,0,0,0,0,0,0,0,0,0,0,0,0,0,0,0,0,0,0,0,0,0,0,0,0,0,0,0,0,0,0,0,0,0,0,0,0,0,0,0,0,0,0,0,0,0,0,0,0,0,0,0,0,0,0,0,0,0,0,0,0,0,0,0,0,0,0,0,0,0,0,0,0,0,0,0,0,0,0,0,0,0,0,0,0,0,0,0,0,0,0,0,0,0,0,0,0,0,0,0,0,0,0,0,0,0
165213,13,116658,16473,1166,1,0,16871,717,453,2852,16473,525,15,560,2462,511,1057,215,408,2853,255,757,699,426,2766,242,1007,736,434,2786,255,417,706,396,2728,231,418,648,436,2782,257,406,691,396,886,158,5242,805,424,2803,245,449,763,424,2734,230,770,683,424,2783,256,406,689,415,2745,232,769,691,430,2792,258,414,696,397,2725,232,608,658,427,2790,255,406,694,404,2742,233,402,640,420,2790,253,409,692,392,2744,243,5235,804,427,2891,253,408,699,404,2737,233,419,0,0,0,0,0,0,0,0,0,0,0,0,0,0,0,0,0,0,0,0,0,0,0,0,0,0,0,0,0,0,0,0,0,0,0,0,0,0,0,0,0,0,0,0,0,0,0,0,0,0,0,0,0,0,0,0,0,0,0,0,0,0,0,0,0,0,0,0,0,0,0,0,0,0,0,0,0,0,0,0,0,0,0,0,0,0,0,0,0,0,0,0,0,0,0,0,0,0,0,0,0,0,0,0,0,0,0,0,0,0,0,0,0,0,0,0,0,0,0,0,0,0,0,0,0,0,0,0,0,0,0,0,0,0,0,0,0,0,0,0,0,0,0,0,0,0,0,0,0,0,0,0,0,0,0,0,0,0,0,0,0,0,0,0,0,0,0,0,0,0,0,0,0,0,0,0,0,0,0,0,0,0,0,0,0,0,0,0,0,0,0,0,0,0,0,0,0,0,0,0
166212,14,114146,14645,1141,1,0,15262,661,426,2784,14645,527,14,562,2456,511,858,207,395,2792,256,407,703,412,2742,232,986,722,436,2798,254,405,694,396,873,151,421,633,406,2782,255,406,695,409,2737,237,5250,805,440,2822,252,454,770,423,2735,237,564,664,423,2771,255,407,697,404,2738,232,772,686,456,2799,254,408,692,396,2735,239,610,661,416,2784,255,406,695,404,2743,232,402,642,437,2791,254,407,690,397,2749,244,5235,805,428,2891,253,422,700,395,2731,233,768,0,0,0,0,0,0,0,0,0,0,0,0,0,0,0,0,0,0,0,0,0,0,0,0,0,0,0,0,0,0,0,0,0,0,0,0,0,0,0,0,0,0,0,0,0,0,0,0,0,0,0,0,0,0,0,0,0,0,0,0,0,0,0,0,0,0,0,0,0,0,0,0,0,0,0,0,0,0,0,0,0,0,0,0,0,0,0,0,0,0,0,0,0,0,0,0,0,0,0,0,0,0,0,0,0,0,0,0,0,0,0,0,0,0,0,0,0,0,0,0,0,0,0,0,0,0,0,0,0,0,0,0,0,0,0,0,0,0,0,0,0,0,0,0,0,0,0,0,0,0,0,0,0,0,0,0,0,0,0,0,0,0,0,0,0,0,0,0,0,0,0,0,0,0,0,0,0,0,0,0,0,0,0,0,0,0,0,0,0,0,0,0,0,0,0,0,0,0,0,0
167213,15,113552,16252,1135,1,0,13440,686,440,2791,16252,535,14,563,2479,510,859,196,398,921,256,415,704,403,2729,228,979,726,438,2788,256,406,692,418,2742,232,418,650,417,2792,257,406,688,396,2737,239,5245,807,427,2790,253,459,776,431,2749,230,419,657,428,2783,254,407,692,396,2734,232,777,680,430,2794,254,408,700,406,2735,232,600,649,423,2787,255,406,688,396,2738,237,412,653,414,2780,254,408,699,404,2743,236,5231,805,442,2918,253,407,684,397,887,159,546,0,0,0,0,0,0,0,0,0,0,0,0,0,0,0,0,0,0,0,0,0,0,0,0,0,0,0,0,0,0,0,0,0,0,0,0,0,0,0,0,0,0,0,0,0,0,0,0,0,0,0,0,0,0,0,0,0,0,0,0,0,0,0,0,0,0,0,0,0,0,0,0,0,0,0,0,0,0,0,0,0,0,0,0,0,0,0,0,0,0,0,0,0,0,0,0,0,0,0,0,0,0,0,0,0,0,0,0,0,0,0,0,0,0,0,0,0,0,0,0,0,0,0,0,0,0,0,0,0,0,0,0,0,0,0,0,0,0,0,0,0,0,0,0,0,0,0,0,0,0,0,0,0,0,0,0,0,0,0,0,0,0,0,0,0,0,0,0,0,0,0,0,0,0,0,0,0,0,0,0,0,0,0,0,0,0,0,0,0,0,0,0,0,0,0,0,0,0,0,0
168213,16,115544,16304,1155,1,0,15048,638,406,2786,16304,538,14,559,2461,511,859,209,406,2792,257,406,690,415,2748,234,982,726,434,2793,257,411,701,397,2728,235,420,661,429,2783,254,405,699,412,2735,239,5241,805,427,2801,251,456,768,423,2733,237,788,682,421,2779,255,408,697,402,2738,234,772,685,446,2799,255,408,690,395,2772,233,603,647,420,2787,254,418,701,394,2731,232,402,639,438,2782,253,407,693,392,884,156,5227,807,423,2850,257,413,692,401,2657,231,418,0,0,0,0,0,0,0,0,0,0,0,0,0,0,0,0,0,0,0,0,0,0,0,0,0,0,0,0,0,0,0,0,0,0,0,0,0,0,0,0,0,0,0,0,0,0,0,0,0,0,0,0,0,0,0,0,0,0,0,0,0,0,0,0,0,0,0,0,0,0,0,0,0,0,0,0,0,0,0,0,0,0,0,0,0,0,0,0,0,0,0,0,0,0,0,0,0,0,0,0,0,0,0,0,0,0,0,0,0,0,0,0,0,0,0,0,0,0,0,0,0,0,0,0,0,0,0,0,0,0,0,0,0,0,0,0,0,0,0,0,0,0,0,0,0,0,0,0,0,0,0,0,0,0,0,0,0,0,0,0,0,0,0,0,0,0,0,0,0,0,0,0,0,0,0,0,0,0,0,0,0,0,0,0,0,0,0,0,0,0,0,0,0,0,0,0,0,0,0,0
169212,17,113917,14645,1139,1,0,15082,672,434,2771,14645,527,14,567,2415,512,860,198,397,2821,259,414,693,395,2736,234,992,718,441,2795,253,406,695,418,2676,230,417,649,417,2795,254,406,692,396,2729,237,5252,806,427,2734,251,448,770,425,2697,229,557,661,430,2778,256,406,691,396,2731,237,783,684,427,2792,253,419,704,396,2732,232,601,649,438,919,251,408,667,399,2672,237,415,647,418,2775,253,420,711,394,2736,239,5224,805,440,2901,254,407,685,397,2750,237,784,0,0,0,0,0,0,0,0,0,0,0,0,0,0,0,0,0,0,0,0,0,0,0,0,0,0,0,0,0,0,0,0,0,0,0,0,0,0,0,0,0,0,0,0,0,0,0,0,0,0,0,0,0,0,0,0,0,0,0,0,0,0,0,0,0,0,0,0,0,0,0,0,0,0,0,0,0,0,0,0,0,0,0,0,0,0,0,0,0,0,0,0,0,0,0,0,0,0,0,0,0,0,0,0,0,0,0,0,0,0,0,0,0,0,0,0,0,0,0,0,0,0,0,0,0,0,0,0,0,0,0,0,0,0,0,0,0,0,0,0,0,0,0,0,0,0,0,0,0,0,0,0,0,0,0,0,0,0,0,0,0,0,0,0,0,0,0,0,0,0,0,0,0,0,0,0,0,0,0,0,0,0,0,0,0,0,0,0,0,0,0,0,0,0,0,0,0,0,0,0
170213,18,115532,16378,1155,1,0,13439,681,425,2793,16378,525,15,562,2457,511,854,210,406,2791,256,407,690,396,2766,233,983,724,433,2796,257,412,700,397,2726,235,418,661,427,2778,253,406,693,390,2758,239,5243,806,428,2793,246,447,763,424,2733,231,442,671,430,2774,257,408,692,413,2739,231,771,690,430,906,258,407,681,404,2730,226,609,666,428,2781,253,406,687,415,2738,231,405,639,420,2776,257,412,695,397,2721,237,5226,806,425,2891,253,408,687,416,2741,233,557,0,0,0,0,0,0,0,0,0,0,0,0,0,0,0,0,0,0,0,0,0,0,0,0,0,0,0,0,0,0,0,0,0,0,0,0,0,0,0,0,0,0,0,0,0,0,0,0,0,0,0,0,0,0,0,0,0,0,0,0,0,0,0,0,0,0,0,0,0,0,0,0,0,0,0,0,0,0,0,0,0,0,0,0,0,0,0,0,0,0,0,0,0,0,0,0,0,0,0,0,0,0,0,0,0,0,0,0,0,0,0,0,0,0,0,0,0,0,0,0,0,0,0,0,0,0,0,0,0,0,0,0,0,0,0,0,0,0,0,0,0,0,0,0,0,0,0,0,0,0,0,0,0,0,0,0,0,0,0,0,0,0,0,0,0,0,0,0,0,0,0,0,0,0,0,0,0,0,0,0,0,0,0,0,0,0,0,0,0,0,0,0,0,0,0,0,0,0,0,0
171213,19,115640,16324,1156,1,0,15171,664,425,2806,16324,524,14,562,2462,511,856,207,395,2790,256,407,696,404,2744,232,986,720,435,2799,254,405,693,396,2735,240,426,659,411,2780,254,407,700,401,2735,238,5248,805,453,2815,250,456,763,421,864,173,774,632,418,2775,252,418,711,398,2724,232,774,684,446,2795,254,405,690,398,2752,235,601,641,420,2787,252,419,705,391,2729,232,404,649,432,2773,254,407,694,414,2745,238,5231,803,426,2885,257,415,692,397,2726,234,419,0,0,0,0,0,0,0,0,0,0,0,0,0,0,0,0,0,0,0,0,0,0,0,0,0,0,0,0,0,0,0,0,0,0,0,0,0,0,0,0,0,0,0,0,0,0,0,0,0,0,0,0,0,0,0,0,0,0,0,0,0,0,0,0,0,0,0,0,0,0,0,0,0,0,0,0,0,0,0,0,0,0,0,0,0,0,0,0,0,0,0,0,0,0,0,0,0,0,0,0,0,0,0,0,0,0,0,0,0,0,0,0,0,0,0,0,0,0,0,0,0,0,0,0,0,0,0,0,0,0,0,0,0,0,0,0,0,0,0,0,0,0,0,0,0,0,0,0,0,0,0,0,0,0,0,0,0,0,0,0,0,0,0,0,0,0,0,0,0,0,0,0,0,0,0,0,0,0,0,0,0,0,0,0,0,0,0,0,0,0,0,0,0,0,0,0,0,0,0,0
172212,20,115898,16365,1158,1,0,15117,674,429,2782,16365,527,14,567,2468,509,855,196,397,2798,260,413,694,395,2733,235,994,719,441,2796,253,405,695,417,2736,233,418,650,417,2784,257,413,701,392,861,155,5269,801,423,2797,288,457,760,427,2730,232,557,651,430,2788,255,408,692,390,2735,236,781,683,427,2793,253,419,706,396,2728,232,602,661,436,2780,255,407,690,390,2758,231,405,637,420,2781,254,419,704,392,2737,237,5221,838,443,2892,253,408,689,395,2755,240,776,0,0,0,0,0,0,0,0,0,0,0,0,0,0,0,0,0,0,0,0,0,0,0,0,0,0,0,0,0,0,0,0,0,0,0,0,0,0,0,0,0,0,0,0,0,0,0,0,0,0,0,0,0,0,0,0,0,0,0,0,0,0,0,0,0,0,0,0,0,0,0,0,0,0,0,0,0,0,0,0,0,0,0,0,0,0,0,0,0,0,0,0,0,0,0,0,0,0,0,0,0,0,0,0,0,0,0,0,0,0,0,0,0,0,0,0,0,0,0,0,0,0,0,0,0,0,0,0,0,0,0,0,0,0,0,0,0,0,0,0,0,0,0,0,0,0,0,0,0,0,0,0,0,0,0,0,0,0,0,0,0,0,0,0,0,0,0,0,0,0,0,0,0,0,0,0,0,0,0,0,0,0,0,0,0,0,0,0,0,0,0,0,0,0,0,0,0,0,0,0
173213,21,113856,14717,1138,1,0,15152,667,426,2794,14717,529,14,559,2458,511,857,209,405,2793,257,406,690,396,2765,233,983,725,432,913,260,408,661,410,2726,224,420,657,430,2773,251,405,688,416,2737,232,5244,804,427,2830,252,453,759,423,2722,232,418,671,430,2774,256,407,694,415,2743,232,770,689,430,2791,253,408,692,396,2731,233,609,660,424,2782,255,406,689,415,2743,232,402,641,420,2788,254,409,692,392,2738,236,5234,806,427,2890,253,408,702,404,2739,233,557,0,0,0,0,0,0,0,0,0,0,0,0,0,0,0,0,0,0,0,0,0,0,0,0,0,0,0,0,0,0,0,0,0,0,0,0,0,0,0,0,0,0,0,0,0,0,0,0,0,0,0,0,0,0,0,0,0,0,0,0,0,0,0,0,0,0,0,0,0,0,0,0,0,0,0,0,0,0,0,0,0,0,0,0,0,0,0,0,0,0,0,0,0,0,0,0,0,0,0,0,0,0,0,0,0,0,0,0,0,0,0,0,0,0,0,0,0,0,0,0,0,0,0,0,0,0,0,0,0,0,0,0,0,0,0,0,0,0,0,0,0,0,0,0,0,0,0,0,0,0,0,0,0,0,0,0,0,0,0,0,0,0,0,0,0,0,0,0,0,0,0,0,0,0,0,0,0,0,0,0,0,0,0,0,0,0,0,0,0,0,0,0,0,0,0,0,0,0,0,0
174213,22,113880,16328,1138,1,0,13501,662,426,2788,16328,528,14,563,2458,512,854,207,396,923,255,416,704,413,2729,228,984,721,450,2814,256,406,692,396,2744,239,427,662,410,2780,257,417,701,395,2731,240,5252,816,426,2792,288,450,767,441,2745,228,771,671,430,2785,258,414,698,395,2726,234,772,699,433,2789,254,406,691,398,2751,232,601,644,420,2806,254,408,692,390,2739,232,406,653,431,2787,254,408,693,414,2743,237,5226,805,426,2896,257,415,691,396,863,155,400,0,0,0,0,0,0,0,0,0,0,0,0,0,0,0,0,0,0,0,0,0,0,0,0,0,0,0,0,0,0,0,0,0,0,0,0,0,0,0,0,0,0,0,0,0,0,0,0,0,0,0,0,0,0,0,0,0,0,0,0,0,0,0,0,0,0,0,0,0,0,0,0,0,0,0,0,0,0,0,0,0,0,0,0,0,0,0,0,0,0,0,0,0,0,0,0,0,0,0,0,0,0,0,0,0,0,0,0,0,0,0,0,0,0,0,0,0,0,0,0,0,0,0,0,0,0,0,0,0,0,0,0,0,0,0,0,0,0,0,0,0,0,0,0,0,0,0,0,0,0,0,0,0,0,0,0,0,0,0,0,0,0,0,0,0,0,0,0,0,0,0,0,0,0,0,0,0,0,0,0,0,0,0,0,0,0,0,0,0,0,0,0,0,0,0,0,0,0,0,0
175212,23,115769,16296,1157,1,0,15117,648,421,2786,16296,540,15,571,2473,509,858,195,398,2811,257,406,689,394,2743,232,988,722,438,2791,255,406,702,407,2731,233,418,650,431,2800,254,406,694,390,2735,242,5242,803,427,2790,251,458,763,422,2734,231,557,655,447,2777,256,407,691,396,2760,234,773,679,427,2785,257,416,697,397,2718,232,602,666,423,2786,254,406,688,415,2749,231,404,644,421,2794,255,408,689,396,874,169,5233,814,423,2903,255,406,696,408,2737,234,769,0,0,0,0,0,0,0,0,0,0,0,0,0,0,0,0,0,0,0,0,0,0,0,0,0,0,0,0,0,0,0,0,0,0,0,0,0,0,0,0,0,0,0,0,0,0,0,0,0,0,0,0,0,0,0,0,0,0,0,0,0,0,0,0,0,0,0,0,0,0,0,0,0,0,0,0,0,0,0,0,0,0,0,0,0,0,0,0,0,0,0,0,0,0,0,0,0,0,0,0,0,0,0,0,0,0,0,0,0,0,0,0,0,0,0,0,0,0,0,0,0,0,0,0,0,0,0,0,0,0,0,0,0,0,0,0,0,0,0,0,0,0,0,0,0,0,0,0,0,0,0,0,0,0,0,0,0,0,0,0,0,0,0,0,0,0,0,0,0,0,0,0,0,0,0,0,0,0,0,0,0,0,0,0,0,0,0,0,0,0,0,0,0,0,0,0,0,0,0,0
176213,24,113968,14685,1139,1,0,15088,676,443,2800,14685,530,14,563,2476,512,857,191,396,2798,257,420,706,391,2736,233,988,730,434,2793,253,405,697,433,2739,234,417,647,418,2777,257,412,695,395,2727,238,5246,802,427,2793,293,448,771,440,2737,230,419,653,430,2792,255,407,691,390,2736,238,782,680,427,2796,253,419,708,396,2728,232,602,651,437,920,250,408,668,399,2752,230,404,636,421,2783,253,417,709,392,2727,241,5231,818,445,2896,253,408,687,395,2751,234,558,0,0,0,0,0,0,0,0,0,0,0,0,0,0,0,0,0,0,0,0,0,0,0,0,0,0,0,0,0,0,0,0,0,0,0,0,0,0,0,0,0,0,0,0,0,0,0,0,0,0,0,0,0,0,0,0,0,0,0,0,0,0,0,0,0,0,0,0,0,0,0,0,0,0,0,0,0,0,0,0,0,0,0,0,0,0,0,0,0,0,0,0,0,0,0,0,0,0,0,0,0,0,0,0,0,0,0,0,0,0,0,0,0,0,0,0,0,0,0,0,0,0,0,0,0,0,0,0,0,0,0,0,0,0,0,0,0,0,0,0,0,0,0,0,0,0,0,0,0,0,0,0,0,0,0,0,0,0,0,0,0,0,0,0,0,0,0,0,0,0,0,0,0,0,0,0,0,0,0,0,0,0,0,0,0,0,0,0,0,0,0,0,0,0,0,0,0,0,0,0
177213,25,115846,16380,1158,1,0,13477,665,427,2783,16380,524,14,561,2463,510,858,208,406,2791,256,407,689,415,2751,232,983,727,433,2801,257,426,703,402,2729,235,417,665,427,2782,253,406,692,396,2758,239,5246,804,427,2796,251,463,763,418,2734,229,772,676,438,2782,256,408,693,390,2772,234,774,681,429,908,251,411,696,409,2728,223,601,647,436,2793,254,406,688,390,2757,233,404,636,421,2782,253,420,703,392,2731,237,5222,812,447,2899,253,408,686,395,2753,234,420,0,0,0,0,0,0,0,0,0,0,0,0,0,0,0,0,0,0,0,0,0,0,0,0,0,0,0,0,0,0,0,0,0,0,0,0,0,0,0,0,0,0,0,0,0,0,0,0,0,0,0,0,0,0,0,0,0,0,0,0,0,0,0,0,0,0,0,0,0,0,0,0,0,0,0,0,0,0,0,0,0,0,0,0,0,0,0,0,0,0,0,0,0,0,0,0,0,0,0,0,0,0,0,0,0,0,0,0,0,0,0,0,0,0,0,0,0,0,0,0,0,0,0,0,0,0,0,0,0,0,0,0,0,0,0,0,0,0,0,0,0,0,0,0,0,0,0,0,0,0,0,0,0,0,0,0,0,0,0,0,0,0,0,0,0,0,0,0,0,0,0,0,0,0,0,0,0,0,0,0,0,0,0,0,0,0,0,0,0,0,0,0,0,0,0,0,0,0,0,0
178212,26,115845,16403,1158,1,0,15171,662,427,2776,16403,529,14,561,2464,511,855,210,406,2789,256,407,690,396,2769,233,982,727,433,2796,257,411,701,397,2723,235,418,663,426,2778,253,407,694,412,2737,238,5240,804,427,2807,252,455,765,423,867,174,547,627,414,2778,251,420,712,398,2724,232,775,683,446,2793,254,406,692,398,2754,233,603,647,420,2783,259,428,699,396,2727,232,402,654,431,2772,253,407,694,392,2758,237,5234,805,426,2887,257,416,694,396,2726,234,779,0,0,0,0,0,0,0,0,0,0,0,0,0,0,0,0,0,0,0,0,0,0,0,0,0,0,0,0,0,0,0,0,0,0,0,0,0,0,0,0,0,0,0,0,0,0,0,0,0,0,0,0,0,0,0,0,0,0,0,0,0,0,0,0,0,0,0,0,0,0,0,0,0,0,0,0,0,0,0,0,0,0,0,0,0,0,0,0,0,0,0,0,0,0,0,0,0,0,0,0,0,0,0,0,0,0,0,0,0,0,0,0,0,0,0,0,0,0,0,0,0,0,0,0,0,0,0,0,0,0,0,0,0,0,0,0,0,0,0,0,0,0,0,0,0,0,0,0,0,0,0,0,0,0,0,0,0,0,0,0,0,0,0,0,0,0,0,0,0,0,0,0,0,0,0,0,0,0,0,0,0,0,0,0,0,0,0,0,0,0,0,0,0,0,0,0,0,0,0,0
179213,27,113898,14625,1138,1,0,15189,688,430,2785,14625,525,14,568,2466,509,857,195,397,2815,257,407,688,396,2746,238,991,721,435,2795,255,406,699,408,2736,234,417,646,432,926,249,412,672,399,2764,232,5244,804,428,2796,251,463,767,422,2729,229,419,664,441,2776,254,408,694,390,2756,234,774,682,429,2780,257,415,699,397,2723,232,629,662,430,2787,254,406,689,415,2754,232,405,644,419,2784,258,416,697,395,2730,237,5234,808,426,2894,253,408,701,413,2736,233,557,0,0,0,0,0,0,0,0,0,0,0,0,0,0,0,0,0,0,0,0,0,0,0,0,0,0,0,0,0,0,0,0,0,0,0,0,0,0,0,0,0,0,0,0,0,0,0,0,0,0,0,0,0,0,0,0,0,0,0,0,0,0,0,0,0,0,0,0,0,0,0,0,0,0,0,0,0,0,0,0,0,0,0,0,0,0,0,0,0,0,0,0,0,0,0,0,0,0,0,0,0,0,0,0,0,0,0,0,0,0,0,0,0,0,0,0,0,0,0,0,0,0,0,0,0,0,0,0,0,0,0,0,0,0,0,0,0,0,0,0,0,0,0,0,0,0,0,0,0,0,0,0,0,0,0,0,0,0,0,0,0,0,0,0,0,0,0,0,0,0,0,0,0,0,0,0,0,0,0,0,0,0,0,0,0,0,0,0,0,0,0,0,0,0,0,0,0,0,0,0
180213,28,115782,16352,1157,1,0,13425,662,426,2787,16352,525,15,562,2459,517,852,201,395,2787,256,419,702,395,2737,233,989,732,449,914,254,408,653,406,2755,223,420,651,419,2767,252,418,702,394,2727,235,5240,808,443,2800,253,455,767,423,2751,236,784,682,421,2782,255,420,706,391,2734,233,770,701,430,2789,253,408,694,433,2739,232,600,645,420,2787,258,414,697,392,2728,233,404,652,431,2781,253,407,692,417,2746,236,5222,803,426,2915,253,408,688,395,2742,234,420,0,0,0,0,0,0,0,0,0,0,0,0,0,0,0,0,0,0,0,0,0,0,0,0,0,0,0,0,0,0,0,0,0,0,0,0,0,0,0,0,0,0,0,0,0,0,0,0,0,0,0,0,0,0,0,0,0,0,0,0,0,0,0,0,0,0,0,0,0,0,0,0,0,0,0,0,0,0,0,0,0,0,0,0,0,0,0,0,0,0,0,0,0,0,0,0,0,0,0,0,0,0,0,0,0,0,0,0,0,0,0,0,0,0,0,0,0,0,0,0,0,0,0,0,0,0,0,0,0,0,0,0,0,0,0,0,0,0,0,0,0,0,0,0,0,0,0,0,0,0,0,0,0,0,0,0,0,0,0,0,0,0,0,0,0,0,0,0,0,0,0,0,0,0,0,0,0,0,0,0,0,0,0,0,0,0,0,0,0,0,0,0,0,0,0,0,0,0,0,0
181212,29,113749,16351,1137,1,0,15141,670,428,2773,16351,525,14,568,569,393,813,207,397,2827,257,415,701,397,2726,234,992,711,442,2792,256,406,693,417,2736,232,417,647,419,2795,255,406,686,396,2739,246,5239,804,428,2795,252,452,762,425,2729,230,556,657,446,2781,255,407,694,390,2760,234,772,682,427,2783,254,420,704,396,2727,232,601,667,432,2787,256,406,688,396,2761,234,402,643,420,2780,258,417,695,397,2727,238,5226,814,426,2887,253,408,686,395,884,158,766,0,0,0,0,0,0,0,0,0,0,0,0,0,0,0,0,0,0,0,0,0,0,0,0,0,0,0,0,0,0,0,0,0,0,0,0,0,0,0,0,0,0,0,0,0,0,0,0,0,0,0,0,0,0,0,0,0,0,0,0,0,0,0,0,0,0,0,0,0,0,0,0,0,0,0,0,0,0,0,0,0,0,0,0,0,0,0,0,0,0,0,0,0,0,0,0,0,0,0,0,0,0,0,0,0,0,0,0,0,0,0,0,0,0,0,0,0,0,0,0,0,0,0,0,0,0,0,0,0,0,0,0,0,0,0,0,0,0,0,0,0,0,0,0,0,0,0,0,0,0,0,0,0,0,0,0,0,0,0,0,0,0,0,0,0,0,0,0,0,0,0,0,0,0,0,0,0,0,0,0,0,0,0,0,0,0,0,0,0,0,0,0,0,0,0,0,0,0,0,0
182213,30,113892,14699,1138,1,0,15141,637,417,2775,14699,529,14,559,2461,511,857,209,406,2786,256,407,689,396,2771,233,982,726,433,2799,257,426,703,398,2728,235,417,664,427,2782,253,406,692,415,2743,238,5248,806,466,2834,245,437,757,423,2731,231,417,671,429,2774,256,407,691,415,2740,234,770,690,430,2796,254,408,692,396,2735,233,608,660,425,2779,255,406,695,411,2739,232,403,639,435,2795,254,406,689,397,873,170,5236,807,423,2907,254,406,697,408,2739,234,558,0,0,0,0,0,0,0,0,0,0,0,0,0,0,0,0,0,0,0,0,0,0,0,0,0,0,0,0,0,0,0,0,0,0,0,0,0,0,0,0,0,0,0,0,0,0,0,0,0,0,0,0,0,0,0,0,0,0,0,0,0,0,0,0,0,0,0,0,0,0,0,0,0,0,0,0,0,0,0,0,0,0,0,0,0,0,0,0,0,0,0,0,0,0,0,0,0,0,0,0,0,0,0,0,0,0,0,0,0,0,0,0,0,0,0,0,0,0,0,0,0,0,0,0,0,0,0,0,0,0,0,0,0,0,0,0,0,0,0,0,0,0,0,0,0,0,0,0,0,0,0,0,0,0,0,0,0,0,0,0,0,0,0,0,0,0,0,0,0,0,0,0,0,0,0,0,0,0,0,0,0,0,0,0,0,0,0,0,0,0,0,0,0,0,0,0,0,0,0,0
183213,31,115835,16392,1158,1,0,13464,662,426,2790,16392,524,14,560,2459,518,852,201,395,2787,257,407,696,404,2744,232,985,723,446,2797,254,405,694,396,2747,233,418,652,417,2786,258,424,702,396,2722,239,5244,805,426,2799,253,453,762,441,2740,232,771,674,428,2783,254,407,692,396,2735,239,782,687,430,2795,253,408,700,406,2736,232,600,649,423,920,254,403,672,405,2729,236,412,645,414,2783,253,440,711,397,2735,239,5235,808,440,2909,254,408,686,395,2737,239,427,0,0,0,0,0,0,0,0,0,0,0,0,0,0,0,0,0,0,0,0,0,0,0,0,0,0,0,0,0,0,0,0,0,0,0,0,0,0,0,0,0,0,0,0,0,0,0,0,0,0,0,0,0,0,0,0,0,0,0,0,0,0,0,0,0,0,0,0,0,0,0,0,0,0,0,0,0,0,0,0,0,0,0,0,0,0,0,0,0,0,0,0,0,0,0,0,0,0,0,0,0,0,0,0,0,0,0,0,0,0,0,0,0,0,0,0,0,0,0,0,0,0,0,0,0,0,0,0,0,0,0,0,0,0,0,0,0,0,0,0,0,0,0,0,0,0,0,0,0,0,0,0,0,0,0,0,0,0,0,0,0,0,0,0,0,0,0,0,0,0,0,0,0,0,0,0,0,0,0,0,0,0,0,0,0,0,0,0,0,0,0,0,0,0,0,0,0,0,0,0
184212,32,115773,16351,1157,1,0,15181,670,420,2772,16351,541,14,570,2465,511,855,196,400,2803,256,407,691,396,2764,233,983,726,433,2797,257,412,699,397,2723,235,417,662,427,2780,253,407,694,412,2740,239,5241,804,428,2824,251,453,763,423,2726,232,558,665,431,2767,255,408,694,412,873,153,774,684,412,2790,253,406,696,396,2723,233,608,661,424,2783,252,406,691,415,2738,232,407,640,422,2779,257,410,696,396,2727,240,5233,804,425,2891,253,408,700,404,2735,233,767,0,0,0,0,0,0,0,0,0,0,0,0,0,0,0,0,0,0,0,0,0,0,0,0,0,0,0,0,0,0,0,0,0,0,0,0,0,0,0,0,0,0,0,0,0,0,0,0,0,0,0,0,0,0,0,0,0,0,0,0,0,0,0,0,0,0,0,0,0,0,0,0,0,0,0,0,0,0,0,0,0,0,0,0,0,0,0,0,0,0,0,0,0,0,0,0,0,0,0,0,0,0,0,0,0,0,0,0,0,0,0,0,0,0,0,0,0,0,0,0,0,0,0,0,0,0,0,0,0,0,0,0,0,0,0,0,0,0,0,0,0,0,0,0,0,0,0,0,0,0,0,0,0,0,0,0,0,0,0,0,0,0,0,0,0,0,0,0,0,0,0,0,0,0,0,0,0,0,0,0,0,0,0,0,0,0,0,0,0,0,0,0,0,0,0,0,0,0,0,0
185213,33,113862,14714,1138,1,0,15142,677,442,2800,14714,528,14,562,2458,517,855,201,395,2795,256,428,701,395,2743,233,989,719,445,2801,253,406,694,396,2771,235,418,651,417,2786,258,426,701,397,2726,239,5239,810,428,2795,253,449,757,422,882,160,396,629,413,2779,255,413,709,396,2714,232,779,693,433,2785,253,406,695,417,2738,235,600,643,420,2787,256,412,696,395,2733,232,406,654,431,2785,253,406,694,416,2739,239,5226,806,426,2912,254,408,688,395,2739,239,565,0,0,0,0,0,0,0,0,0,0,0,0,0,0,0,0,0,0,0,0,0,0,0,0,0,0,0,0,0,0,0,0,0,0,0,0,0,0,0,0,0,0,0,0,0,0,0,0,0,0,0,0,0,0,0,0,0,0,0,0,0,0,0,0,0,0,0,0,0,0,0,0,0,0,0,0,0,0,0,0,0,0,0,0,0,0,0,0,0,0,0,0,0,0,0,0,0,0,0,0,0,0,0,0,0,0,0,0,0,0,0,0,0,0,0,0,0,0,0,0,0,0,0,0,0,0,0,0,0,0,0,0,0,0,0,0,0,0,0,0,0,0,0,0,0,0,0,0,0,0,0,0,0,0,0,0,0,0,0,0,0,0,0,0,0,0,0,0,0,0,0,0,0,0,0,0,0,0,0,0,0,0,0,0,0,0,0,0,0,0,0,0,0,0,0,0,0,0,0,0
186213,34,122093,21791,1220,1,0,13508,671,420,2776,21791,537,17,556,2462,513,860,206,396,2992,229,399,638,419,2724,232,989,718,437,2986,225,398,639,422,2729,235,425,648,418,2956,230,403,642,421,2710,232,5235,795,441,3001,245,469,689,417,2741,234,787,674,422,1111,183,390,627,429,2725,233,780,677,440,2963,229,398,632,419,2739,232,608,640,421,2961,237,409,635,415,2727,230,403,644,431,2962,233,400,631,421,2732,232,5216,798,470,2983,237,408,637,413,2713,229,559,0,0,0,0,0,0,0,0,0,0,0,0,0,0,0,0,0,0,0,0,0,0,0,0,0,0,0,0,0,0,0,0,0,0,0,0,0,0,0,0,0,0,0,0,0,0,0,0,0,0,0,0,0,0,0,0,0,0,0,0,0,0,0,0,0,0,0,0,0,0,0,0,0,0,0,0,0,0,0,0,0,0,0,0,0,0,0,0,0,0,0,0,0,0,0,0,0,0,0,0,0,0,0,0,0,0,0,0,0,0,0,0,0,0,0,0,0,0,0,0,0,0,0,0,0,0,0,0,0,0,0,0,0,0,0,0,0,0,0,0,0,0,0,0,0,0,0,0,0,0,0,0,0,0,0,0,0,0,0,0,0,0,0,0,0,0,0,0,0,0,0,0,0,0,0,0,0,0,0,0,0,0,0,0,0,0,0,0,0,0,0,0,0,0,0,0,0,0,0,0
187223,35,117390,16830,1173,1,0,20582,677,436,2971,16830,536,15,559,2476,512,862,196,394,3031,229,398,626,421,2740,231,1013,719,438,2986,225,399,639,431,2729,233,425,646,417,2961,235,410,638,413,862,193,5238,790,428,3009,244,468,710,428,2741,228,776,670,443,2956,233,400,632,421,2740,232,777,675,422,2976,229,400,640,422,2738,234,604,639,436,2956,231,402,630,419,2739,236,414,642,413,2965,232,401,643,424,2732,234,5221,795,467,2990,231,400,632,429,2730,228,423,0,0,0,0,0,0,0,0,0,0,0,0,0,0,0,0,0,0,0,0,0,0,0,0,0,0,0,0,0,0,0,0,0,0,0,0,0,0,0,0,0,0,0,0,0,0,0,0,0,0,0,0,0,0,0,0,0,0,0,0,0,0,0,0,0,0,0,0,0,0,0,0,0,0,0,0,0,0,0,0,0,0,0,0,0,0,0,0,0,0,0,0,0,0,0,0,0,0,0,0,0,0,0,0,0,0,0,0,0,0,0,0,0,0,0,0,0,0,0,0,0,0,0,0,0,0,0,0,0,0,0,0,0,0,0,0,0,0,0,0,0,0,0,0,0,0,0,0,0,0,0,0,0,0,0,0,0,0,0,0,0,0,0,0,0,0,0,0,0,0,0,0,0,0,0,0,0,0,0,0,0,0,0,0,0,0,0,0,0,0,0,0,0,0,0,0,0,0,0,0
188222,36,115735,15240,1157,1,0,15641,658,426,2962,15240,536,14,558,2464,513,860,208,405,2996,230,399,631,429,2732,232,989,718,437,2985,230,406,645,413,861,159,422,617,417,2988,230,403,625,429,2721,238,5235,796,431,3004,245,464,694,413,2742,231,568,659,426,2958,230,400,640,419,2726,230,777,672,438,2970,229,398,633,420,2742,234,604,640,422,2970,231,402,635,424,2719,233,404,634,437,2968,232,399,632,419,2742,235,5229,795,468,2985,237,408,638,412,2715,231,785,0,0,0,0,0,0,0,0,0,0,0,0,0,0,0,0,0,0,0,0,0,0,0,0,0,0,0,0,0,0,0,0,0,0,0,0,0,0,0,0,0,0,0,0,0,0,0,0,0,0,0,0,0,0,0,0,0,0,0,0,0,0,0,0,0,0,0,0,0,0,0,0,0,0,0,0,0,0,0,0,0,0,0,0,0,0,0,0,0,0,0,0,0,0,0,0,0,0,0,0,0,0,0,0,0,0,0,0,0,0,0,0,0,0,0,0,0,0,0,0,0,0,0,0,0,0,0,0,0,0,0,0,0,0,0,0,0,0,0,0,0,0,0,0,0,0,0,0,0,0,0,0,0,0,0,0,0,0,0,0,0,0,0,0,0,0,0,0,0,0,0,0,0,0,0,0,0,0,0,0,0,0,0,0,0,0,0,0,0,0,0,0,0,0,0,0,0,0,0,0
189223,37,117047,16887,1170,1,0,14046,683,424,2962,16887,528,18,569,2472,510,860,196,396,1137,185,381,617,419,2725,235,996,727,439,2976,224,399,643,421,2715,231,425,641,418,2959,232,400,634,419,2712,238,5233,796,433,3004,245,463,715,413,2745,229,425,656,440,2963,233,401,632,419,2732,238,780,679,425,2966,228,400,639,422,2728,234,604,640,437,2965,231,402,633,419,2732,234,415,641,413,2966,233,401,642,424,2724,232,5220,796,476,2988,231,400,633,419,2727,233,567,0,0,0,0,0,0,0,0,0,0,0,0,0,0,0,0,0,0,0,0,0,0,0,0,0,0,0,0,0,0,0,0,0,0,0,0,0,0,0,0,0,0,0,0,0,0,0,0,0,0,0,0,0,0,0,0,0,0,0,0,0,0,0,0,0,0,0,0,0,0,0,0,0,0,0,0,0,0,0,0,0,0,0,0,0,0,0,0,0,0,0,0,0,0,0,0,0,0,0,0,0,0,0,0,0,0,0,0,0,0,0,0,0,0,0,0,0,0,0,0,0,0,0,0,0,0,0,0,0,0,0,0,0,0,0,0,0,0,0,0,0,0,0,0,0,0,0,0,0,0,0,0,0,0,0,0,0,0,0,0,0,0,0,0,0,0,0,0,0,0,0,0,0,0,0,0,0,0,0,0,0,0,0,0,0,0,0,0,0,0,0,0,0,0,0,0,0,0,0,0
190223,38,115509,16904,1155,1,0,15695,669,421,1114,16904,528,15,558,2463,514,860,209,405,2990,229,398,631,443,2739,232,985,718,433,2986,229,407,646,413,2719,232,423,657,425,2964,230,402,633,429,2724,231,5236,794,431,3018,245,465,695,413,2739,234,794,668,424,2961,234,420,640,424,2721,231,777,675,436,2980,228,398,634,419,2742,239,616,648,416,2962,231,402,630,423,2721,233,404,630,438,2959,232,399,632,419,868,193,5224,797,464,2987,233,400,637,422,2712,231,423,0,0,0,0,0,0,0,0,0,0,0,0,0,0,0,0,0,0,0,0,0,0,0,0,0,0,0,0,0,0,0,0,0,0,0,0,0,0,0,0,0,0,0,0,0,0,0,0,0,0,0,0,0,0,0,0,0,0,0,0,0,0,0,0,0,0,0,0,0,0,0,0,0,0,0,0,0,0,0,0,0,0,0,0,0,0,0,0,0,0,0,0,0,0,0,0,0,0,0,0,0,0,0,0,0,0,0,0,0,0,0,0,0,0,0,0,0,0,0,0,0,0,0,0,0,0,0,0,0,0,0,0,0,0,0,0,0,0,0,0,0,0,0,0,0,0,0,0,0,0,0,0,0,0,0,0,0,0,0,0,0,0,0,0,0,0,0,0,0,0,0,0,0,0,0,0,0,0,0,0,0,0,0,0,0,0,0,0,0,0,0,0,0,0,0,0,0,0,0,0
191222,39,115794,15230,1157,1,0,15758,664,439,2963,15230,538,14,558,2473,512,861,196,394,3010,234,407,637,412,2726,233,995,713,443,2984,223,398,646,430,2721,232,425,647,418,2962,230,401,635,419,2717,240,5242,796,432,3022,257,484,690,433,2757,229,561,653,442,2969,228,400,630,421,2730,233,787,677,426,2978,228,399,635,424,2721,236,603,641,435,2969,231,401,629,421,863,167,389,597,416,2987,235,408,640,412,2729,234,5224,801,468,2990,228,399,633,419,2722,228,775,0,0,0,0,0,0,0,0,0,0,0,0,0,0,0,0,0,0,0,0,0,0,0,0,0,0,0,0,0,0,0,0,0,0,0,0,0,0,0,0,0,0,0,0,0,0,0,0,0,0,0,0,0,0,0,0,0,0,0,0,0,0,0,0,0,0,0,0,0,0,0,0,0,0,0,0,0,0,0,0,0,0,0,0,0,0,0,0,0,0,0,0,0,0,0,0,0,0,0,0,0,0,0,0,0,0,0,0,0,0,0,0,0,0,0,0,0,0,0,0,0,0,0,0,0,0,0,0,0,0,0,0,0,0,0,0,0,0,0,0,0,0,0,0,0,0,0,0,0,0,0,0,0,0,0,0,0,0,0,0,0,0,0,0,0,0,0,0,0,0,0,0,0,0,0,0,0,0,0,0,0,0,0,0,0,0,0,0,0,0,0,0,0,0,0,0,0,0,0,0
192223,40,117197,16974,1171,1,0,14042,675,429,2959,16974,529,15,561,2463,512,859,208,405,2994,230,399,631,429,2742,231,989,723,435,2983,228,407,644,414,2715,233,425,659,424,2964,229,402,635,429,2723,237,5237,794,431,3005,261,463,693,414,2741,235,433,659,422,2962,234,401,639,419,2726,231,776,673,435,1126,183,380,623,422,2734,235,615,656,416,2961,231,400,637,419,2722,231,404,630,436,2971,233,399,632,419,2736,245,5223,798,467,2989,231,400,640,421,2716,228,561,0,0,0,0,0,0,0,0,0,0,0,0,0,0,0,0,0,0,0,0,0,0,0,0,0,0,0,0,0,0,0,0,0,0,0,0,0,0,0,0,0,0,0,0,0,0,0,0,0,0,0,0,0,0,0,0,0,0,0,0,0,0,0,0,0,0,0,0,0,0,0,0,0,0,0,0,0,0,0,0,0,0,0,0,0,0,0,0,0,0,0,0,0,0,0,0,0,0,0,0,0,0,0,0,0,0,0,0,0,0,0,0,0,0,0,0,0,0,0,0,0,0,0,0,0,0,0,0,0,0,0,0,0,0,0,0,0,0,0,0,0,0,0,0,0,0,0,0,0,0,0,0,0,0,0,0,0,0,0,0,0,0,0,0,0,0,0,0,0,0,0,0,0,0,0,0,0,0,0,0,0,0,0,0,0,0,0,0,0,0,0,0,0,0,0,0,0,0,0,0
193223,41,117700,16949,1177,1,0,15787,662,440,2957,16949,528,15,559,2489,518,860,195,396,2990,231,419,641,424,2727,232,990,711,441,2984,222,398,640,420,2732,232,422,643,417,2963,229,402,640,423,2709,232,5232,797,445,3013,256,464,690,419,3053,228,774,666,432,1110,196,394,634,418,2734,233,779,684,427,2968,228,398,640,430,2738,231,608,641,421,2963,232,400,630,421,2732,234,415,644,415,2963,232,401,642,424,2726,232,5216,796,471,2992,231,400,633,419,2708,234,431,0,0,0,0,0,0,0,0,0,0,0,0,0,0,0,0,0,0,0,0,0,0,0,0,0,0,0,0,0,0,0,0,0,0,0,0,0,0,0,0,0,0,0,0,0,0,0,0,0,0,0,0,0,0,0,0,0,0,0,0,0,0,0,0,0,0,0,0,0,0,0,0,0,0,0,0,0,0,0,0,0,0,0,0,0,0,0,0,0,0,0,0,0,0,0,0,0,0,0,0,0,0,0,0,0,0,0,0,0,0,0,0,0,0,0,0,0,0,0,0,0,0,0,0,0,0,0,0,0,0,0,0,0,0,0,0,0,0,0,0,0,0,0,0,0,0,0,0,0,0,0,0,0,0,0,0,0,0,0,0,0,0,0,0,0,0,0,0,0,0,0,0,0,0,0,0,0,0,0,0,0,0,0,0,0,0,0,0,0,0,0,0,0,0,0,0,0,0,0,0
194222,42,117442,16943,1174,1,0,15765,668,420,2961,16943,529,14,559,2463,513,860,199,398,2993,229,398,631,419,2732,233,986,719,437,2983,226,400,644,424,2711,233,425,657,425,2961,230,402,634,419,869,187,5223,793,425,3002,264,471,688,417,2738,232,564,659,433,2962,228,401,635,419,2734,232,778,674,423,2971,234,406,639,414,2736,234,613,655,425,2959,231,401,630,429,2740,231,404,634,420,2982,233,399,633,419,2730,232,5221,796,467,2985,230,400,634,425,2718,228,775,0,0,0,0,0,0,0,0,0,0,0,0,0,0,0,0,0,0,0,0,0,0,0,0,0,0,0,0,0,0,0,0,0,0,0,0,0,0,0,0,0,0,0,0,0,0,0,0,0,0,0,0,0,0,0,0,0,0,0,0,0,0,0,0,0,0,0,0,0,0,0,0,0,0,0,0,0,0,0,0,0,0,0,0,0,0,0,0,0,0,0,0,0,0,0,0,0,0,0,0,0,0,0,0,0,0,0,0,0,0,0,0,0,0,0,0,0,0,0,0,0,0,0,0,0,0,0,0,0,0,0,0,0,0,0,0,0,0,0,0,0,0,0,0,0,0,0,0,0,0,0,0,0,0,0,0,0,0,0,0,0,0,0,0,0,0,0,0,0,0,0,0,0,0,0,0,0,0,0,0,0,0,0,0,0,0,0,0,0,0,0,0,0,0,0,0,0,0,0,0
195223,43,115494,15255,1154,1,0,15754,678,428,2963,15255,536,15,558,2463,516,856,203,393,2990,229,418,642,424,2729,233,987,710,459,2988,224,398,639,422,858,178,418,606,420,2988,231,404,631,423,2715,237,5235,796,440,3010,258,465,688,422,2752,233,432,663,420,2963,231,402,635,424,2719,231,775,691,432,2979,228,398,629,430,2729,234,604,640,421,3002,231,401,623,421,2729,231,408,649,427,2972,233,399,636,427,2737,232,5224,796,471,2986,231,400,632,419,2710,228,565,0,0,0,0,0,0,0,0,0,0,0,0,0,0,0,0,0,0,0,0,0,0,0,0,0,0,0,0,0,0,0,0,0,0,0,0,0,0,0,0,0,0,0,0,0,0,0,0,0,0,0,0,0,0,0,0,0,0,0,0,0,0,0,0,0,0,0,0,0,0,0,0,0,0,0,0,0,0,0,0,0,0,0,0,0,0,0,0,0,0,0,0,0,0,0,0,0,0,0,0,0,0,0,0,0,0,0,0,0,0,0,0,0,0,0,0,0,0,0,0,0,0,0,0,0,0,0,0,0,0,0,0,0,0,0,0,0,0,0,0,0,0,0,0,0,0,0,0,0,0,0,0,0,0,0,0,0,0,0,0,0,0,0,0,0,0,0,0,0,0,0,0,0,0,0,0,0,0,0,0,0,0,0,0,0,0,0,0,0,0,0,0,0,0,0,0,0,0,0,0
196223,44,115336,16867,1153,1,0,14070,669,427,2962,16867,528,15,564,2474,511,861,196,394,1137,184,379,615,420,2749,229,987,726,440,2979,223,398,643,421,2714,230,421,642,433,2963,232,402,634,421,2710,238,5236,794,432,3004,259,462,709,422,2754,226,777,665,430,2966,231,399,631,419,2728,237,787,681,426,2971,228,399,643,419,2730,234,604,641,435,2962,233,401,629,421,2733,237,412,642,413,2963,232,401,640,423,2721,235,5225,799,469,2988,232,399,631,430,873,167,408,0,0,0,0,0,0,0,0,0,0,0,0,0,0,0,0,0,0,0,0,0,0,0,0,0,0,0,0,0,0,0,0,0,0,0,0,0,0,0,0,0,0,0,0,0,0,0,0,0,0,0,0,0,0,0,0,0,0,0,0,0,0,0,0,0,0,0,0,0,0,0,0,0,0,0,0,0,0,0,0,0,0,0,0,0,0,0,0,0,0,0,0,0,0,0,0,0,0,0,0,0,0,0,0,0,0,0,0,0,0,0,0,0,0,0,0,0,0,0,0,0,0,0,0,0,0,0,0,0,0,0,0,0,0,0,0,0,0,0,0,0,0,0,0,0,0,0,0,0,0,0,0,0,0,0,0,0,0,0,0,0,0,0,0,0,0,0,0,0,0,0,0,0,0,0,0,0,0,0,0,0,0,0,0,0,0,0,0,0,0,0,0,0,0,0,0,0,0,0,0
197222,45,117520,16959,1175,1,0,15679,620,424,2986,16959,529,15,559,2464,513,858,206,396,2993,230,399,638,419,2726,231,989,718,447,2987,223,398,639,422,2719,237,432,655,410,2953,230,402,640,423,2709,232,5233,797,445,3014,250,498,720,424,2754,229,565,655,428,2962,233,408,637,412,2729,233,776,688,438,2969,228,397,630,420,2739,236,604,640,421,2970,231,402,636,424,2720,233,404,634,438,2961,233,399,633,419,871,183,5213,797,463,2988,241,407,637,422,2711,232,776,0,0,0,0,0,0,0,0,0,0,0,0,0,0,0,0,0,0,0,0,0,0,0,0,0,0,0,0,0,0,0,0,0,0,0,0,0,0,0,0,0,0,0,0,0,0,0,0,0,0,0,0,0,0,0,0,0,0,0,0,0,0,0,0,0,0,0,0,0,0,0,0,0,0,0,0,0,0,0,0,0,0,0,0,0,0,0,0,0,0,0,0,0,0,0,0,0,0,0,0,0,0,0,0,0,0,0,0,0,0,0,0,0,0,0,0,0,0,0,0,0,0,0,0,0,0,0,0,0,0,0,0,0,0,0,0,0,0,0,0,0,0,0,0,0,0,0,0,0,0,0,0,0,0,0,0,0,0,0,0,0,0,0,0,0,0,0,0,0,0,0,0,0,0,0,0,0,0,0,0,0,0,0,0,0,0,0,0,0,0,0,0,0,0,0,0,0,0,0,0
198223,46,115544,15251,1155,1,0,15772,678,432,2967,15251,536,14,557,2474,512,861,196,396,2991,234,407,636,412,2732,233,991,718,439,2985,226,398,639,422,2730,235,422,645,419,2961,230,402,641,423,2707,238,5235,793,431,3028,251,497,726,427,2748,229,426,656,427,2958,236,409,634,412,2726,233,778,681,428,2979,228,398,631,429,2730,234,603,644,420,1111,200,394,632,418,2741,235,407,650,428,2968,228,399,632,429,2734,231,5221,794,467,2988,230,400,633,419,2707,228,565,0,0,0,0,0,0,0,0,0,0,0,0,0,0,0,0,0,0,0,0,0,0,0,0,0,0,0,0,0,0,0,0,0,0,0,0,0,0,0,0,0,0,0,0,0,0,0,0,0,0,0,0,0,0,0,0,0,0,0,0,0,0,0,0,0,0,0,0,0,0,0,0,0,0,0,0,0,0,0,0,0,0,0,0,0,0,0,0,0,0,0,0,0,0,0,0,0,0,0,0,0,0,0,0,0,0,0,0,0,0,0,0,0,0,0,0,0,0,0,0,0,0,0,0,0,0,0,0,0,0,0,0,0,0,0,0,0,0,0,0,0,0,0,0,0,0,0,0,0,0,0,0,0,0,0,0,0,0,0,0,0,0,0,0,0,0,0,0,0,0,0,0,0,0,0,0,0,0,0,0,0,0,0,0,0,0,0,0,0,0,0,0,0,0,0,0,0,0,0,0
199223,47,117455,16962,1174,1,0,14069,670,426,2957,16962,528,18,570,2473,511,860,196,394,2990,229,398,631,419,2727,238,1000,715,439,2986,223,399,649,421,2717,233,425,647,418,2960,230,401,635,419,2717,237,5244,796,432,3006,252,499,736,434,2740,228,773,675,426,2972,231,400,629,419,2726,236,786,679,427,1124,185,379,639,427,2730,228,602,655,423,2965,233,399,632,420,2721,236,415,645,412,2969,233,399,644,422,2730,232,5217,795,473,2990,231,399,629,419,2736,230,423,0,0,0,0,0,0,0,0,0,0,0,0,0,0,0,0,0,0,0,0,0,0,0,0,0,0,0,0,0,0,0,0,0,0,0,0,0,0,0,0,0,0,0,0,0,0,0,0,0,0,0,0,0,0,0,0,0,0,0,0,0,0,0,0,0,0,0,0,0,0,0,0,0,0,0,0,0,0,0,0,0,0,0,0,0,0,0,0,0,0,0,0,0,0,0,0,0,0,0,0,0,0,0,0,0,0,0,0,0,0,0,0,0,0,0,0,0,0,0,0,0,0,0,0,0,0,0,0,0,0,0,0,0,0,0,0,0,0,0,0,0,0,0,0,0,0,0,0,0,0,0,0,0,0,0,0,0,0,0,0,0,0,0,0,0,0,0,0,0,0,0,0,0,0,0,0,0,0,0,0,0,0,0,0,0,0,0,0,0,0,0,0,0,0,0,0,0,0,0,0
200222,48,117643,17239,1176,1,0,15779,653,427,3020,17239,538,43,640,2494,508,860,206,405,2987,230,401,633,419,2725,232,989,718,436,2980,232,407,645,414,2709,233,444,658,428,2964,229,402,634,430,2720,231,5235,796,432,2978,237,410,639,412,856,161,566,618,417,2961,234,399,637,421,2711,228,779,671,437,2979,228,398,635,419,2722,234,603,642,420,2961,231,402,634,424,2702,231,404,643,438,2970,232,400,636,421,2722,234,5219,796,471,2985,231,401,636,422,2714,230,775,0,0,0,0,0,0,0,0,0,0,0,0,0,0,0,0,0,0,0,0,0,0,0,0,0,0,0,0,0,0,0,0,0,0,0,0,0,0,0,0,0,0,0,0,0,0,0,0,0,0,0,0,0,0,0,0,0,0,0,0,0,0,0,0,0,0,0,0,0,0,0,0,0,0,0,0,0,0,0,0,0,0,0,0,0,0,0,0,0,0,0,0,0,0,0,0,0,0,0,0,0,0,0,0,0,0,0,0,0,0,0,0,0,0,0,0,0,0,0,0,0,0,0,0,0,0,0,0,0,0,0,0,0,0,0,0,0,0,0,0,0,0,0,0,0,0,0,0,0,0,0,0,0,0,0,0,0,0,0,0,0,0,0,0,0,0,0,0,0,0,0,0,0,0,0,0,0,0,0,0,0,0,0,0,0,0,0,0,0,0,0,0,0,0,0,0,0,0,0,0
201223,49,115506,15387,1155,1,0,15973,680,427,3002,15387,530,63,639,2497,508,862,200,397,2983,228,399,640,422,2717,231,990,724,437,2980,226,398,639,430,2729,233,425,644,417,2989,233,400,636,420,862,193,5235,792,429,2975,234,399,643,421,2715,233,420,641,438,2962,233,401,633,419,2705,233,786,675,427,2984,228,418,644,424,2710,234,604,642,433,2965,231,402,630,419,2706,235,413,643,413,2961,232,399,646,422,2713,232,5217,797,471,2987,232,399,633,419,2711,228,563,0,0,0,0,0,0,0,0,0,0,0,0,0,0,0,0,0,0,0,0,0,0,0,0,0,0,0,0,0,0,0,0,0,0,0,0,0,0,0,0,0,0,0,0,0,0,0,0,0,0,0,0,0,0,0,0,0,0,0,0,0,0,0,0,0,0,0,0,0,0,0,0,0,0,0,0,0,0,0,0,0,0,0,0,0,0,0,0,0,0,0,0,0,0,0,0,0,0,0,0,0,0,0,0,0,0,0,0,0,0,0,0,0,0,0,0,0,0,0,0,0,0,0,0,0,0,0,0,0,0,0,0,0,0,0,0,0,0,0,0,0,0,0,0,0,0,0,0,0,0,0,0,0,0,0,0,0,0,0,0,0,0,0,0,0,0,0,0,0,0,0,0,0,0,0,0,0,0,0,0,0,0,0,0,0,0,0,0,0,0,0,0,0,0,0,0,0,0,0,0
202223,50,117358,17057,1173,1,0,14171,669,426,3023,17057,530,44,648,2481,508,859,199,396,2990,230,398,632,419,2733,236,997,711,437,1127,180,385,637,431,2726,226,421,675,437,2960,231,402,631,421,2720,232,5234,796,432,2969,236,410,638,412,2711,233,772,673,427,2968,230,400,636,429,2711,227,777,671,424,2976,233,407,642,413,2713,234,611,654,423,2953,232,401,631,429,2719,232,404,633,422,2964,233,399,634,419,2711,231,5218,800,467,2983,230,400,639,419,2717,228,423,0,0,0,0,0,0,0,0,0,0,0,0,0,0,0,0,0,0,0,0,0,0,0,0,0,0,0,0,0,0,0,0,0,0,0,0,0,0,0,0,0,0,0,0,0,0,0,0,0,0,0,0,0,0,0,0,0,0,0,0,0,0,0,0,0,0,0,0,0,0,0,0,0,0,0,0,0,0,0,0,0,0,0,0,0,0,0,0,0,0,0,0,0,0,0,0,0,0,0,0,0,0,0,0,0,0,0,0,0,0,0,0,0,0,0,0,0,0,0,0,0,0,0,0,0,0,0,0,0,0,0,0,0,0,0,0,0,0,0,0,0,0,0,0,0,0,0,0,0,0,0,0,0,0,0,0,0,0,0,0,0,0,0,0,0,0,0,0,0,0,0,0,0,0,0,0,0,0,0,0,0,0,0,0,0,0,0,0,0,0,0,0,0,0,0,0,0,0,0,0
203222,51,115539,17063,1155,1,0,15807,660,426,3006,17063,535,42,643,2496,513,871,200,394,1125,184,380,637,435,2733,230,984,729,447,2993,222,398,636,420,2709,236,434,650,410,2957,232,401,641,419,2712,238,5234,794,432,2968,232,401,634,419,2704,238,565,653,420,2955,232,399,637,423,2704,231,776,672,436,2982,227,398,634,421,2722,233,604,647,421,2967,231,402,637,424,2704,229,403,634,437,2965,232,399,634,419,2726,234,5214,796,471,2987,238,408,637,412,859,160,791,0,0,0,0,0,0,0,0,0,0,0,0,0,0,0,0,0,0,0,0,0,0,0,0,0,0,0,0,0,0,0,0,0,0,0,0,0,0,0,0,0,0,0,0,0,0,0,0,0,0,0,0,0,0,0,0,0,0,0,0,0,0,0,0,0,0,0,0,0,0,0,0,0,0,0,0,0,0,0,0,0,0,0,0,0,0,0,0,0,0,0,0,0,0,0,0,0,0,0,0,0,0,0,0,0,0,0,0,0,0,0,0,0,0,0,0,0,0,0,0,0,0,0,0,0,0,0,0,0,0,0,0,0,0,0,0,0,0,0,0,0,0,0,0,0,0,0,0,0,0,0,0,0,0,0,0,0,0,0,0,0,0,0,0,0,0,0,0,0,0,0,0,0,0,0,0,0,0,0,0,0,0,0,0,0,0,0,0,0,0,0,0,0,0,0,0,0,0,0,0
204223,52,115459,15351,1154,1,0,15859,644,418,3046,15351,531,65,636,2492,507,860,198,394,3004,234,407,638,412,2720,232,995,714,441,2982,226,398,648,422,2715,232,425,647,433,2960,230,401,635,419,2735,231,5235,796,431,2968,231,402,640,422,2710,233,420,641,439,2962,234,401,631,419,2728,230,774,675,427,2980,228,399,642,422,2713,234,603,651,431,2961,233,401,629,419,2717,231,403,632,420,2969,237,408,640,412,859,186,5213,800,464,2985,232,398,631,429,2728,231,561,0,0,0,0,0,0,0,0,0,0,0,0,0,0,0,0,0,0,0,0,0,0,0,0,0,0,0,0,0,0,0,0,0,0,0,0,0,0,0,0,0,0,0,0,0,0,0,0,0,0,0,0,0,0,0,0,0,0,0,0,0,0,0,0,0,0,0,0,0,0,0,0,0,0,0,0,0,0,0,0,0,0,0,0,0,0,0,0,0,0,0,0,0,0,0,0,0,0,0,0,0,0,0,0,0,0,0,0,0,0,0,0,0,0,0,0,0,0,0,0,0,0,0,0,0,0,0,0,0,0,0,0,0,0,0,0,0,0,0,0,0,0,0,0,0,0,0,0,0,0,0,0,0,0,0,0,0,0,0,0,0,0,0,0,0,0,0,0,0,0,0,0,0,0,0,0,0,0,0,0,0,0,0,0,0,0,0,0,0,0,0,0,0,0,0,0,0,0,0,0
205223,53,117210,16836,1172,1,0,14096,656,426,3043,16836,531,42,644,2495,508,858,203,395,2994,230,400,638,419,2723,231,989,719,435,2984,226,398,640,422,2712,237,433,654,410,2951,229,402,639,423,2710,232,5229,827,443,2967,230,401,634,419,2723,234,770,664,427,2969,234,409,639,412,2705,227,788,688,431,2977,230,398,635,429,2719,233,604,641,421,1135,188,379,629,419,2724,239,415,642,415,2957,228,400,643,422,2716,230,5231,795,484,2989,230,400,633,419,2711,234,429,0,0,0,0,0,0,0,0,0,0,0,0,0,0,0,0,0,0,0,0,0,0,0,0,0,0,0,0,0,0,0,0,0,0,0,0,0,0,0,0,0,0,0,0,0,0,0,0,0,0,0,0,0,0,0,0,0,0,0,0,0,0,0,0,0,0,0,0,0,0,0,0,0,0,0,0,0,0,0,0,0,0,0,0,0,0,0,0,0,0,0,0,0,0,0,0,0,0,0,0,0,0,0,0,0,0,0,0,0,0,0,0,0,0,0,0,0,0,0,0,0,0,0,0,0,0,0,0,0,0,0,0,0,0,0,0,0,0,0,0,0,0,0,0,0,0,0,0,0,0,0,0,0,0,0,0,0,0,0,0,0,0,0,0,0,0,0,0,0,0,0,0,0,0,0,0,0,0,0,0,0,0,0,0,0,0,0,0,0,0,0,0,0,0,0,0,0,0,0,0
206222,54,117494,17012,1174,1,0,15587,670,420,3005,17012,531,44,646,2497,507,861,197,395,2993,230,400,633,419,2728,235,996,716,437,2983,227,400,645,424,2713,233,422,658,435,2962,230,401,635,419,2721,232,5235,797,432,2972,239,410,641,422,2709,233,558,651,432,2958,234,398,631,443,2723,228,776,671,424,1128,194,399,629,417,2733,229,609,669,422,2960,231,400,636,425,2710,229,403,635,420,2966,232,400,634,419,2716,232,5228,798,467,2988,232,399,639,419,2715,228,775,0,0,0,0,0,0,0,0,0,0,0,0,0,0,0,0,0,0,0,0,0,0,0,0,0,0,0,0,0,0,0,0,0,0,0,0,0,0,0,0,0,0,0,0,0,0,0,0,0,0,0,0,0,0,0,0,0,0,0,0,0,0,0,0,0,0,0,0,0,0,0,0,0,0,0,0,0,0,0,0,0,0,0,0,0,0,0,0,0,0,0,0,0,0,0,0,0,0,0,0,0,0,0,0,0,0,0,0,0,0,0,0,0,0,0,0,0,0,0,0,0,0,0,0,0,0,0,0,0,0,0,0,0,0,0,0,0,0,0,0,0,0,0,0,0,0,0,0,0,0,0,0,0,0,0,0,0,0,0,0,0,0,0,0,0,0,0,0,0,0,0,0,0,0,0,0,0,0,0,0,0,0,0,0,0,0,0,0,0,0,0,0,0,0,0,0,0,0,0,0
207223,55,115428,15375,1154,1,0,15753,677,441,3009,15375,530,63,635,2496,513,856,203,392,2978,229,401,638,419,2724,230,989,718,435,2982,226,398,640,422,2712,238,431,658,410,2957,230,426,643,425,2706,238,5234,796,441,2970,230,401,634,419,853,179,419,617,420,2962,232,401,635,421,2714,229,778,671,438,2979,228,398,635,419,2711,238,616,649,416,2960,231,402,634,423,2707,231,404,641,427,2969,232,399,634,419,2730,233,5217,798,471,2988,237,408,638,412,2719,229,559,0,0,0,0,0,0,0,0,0,0,0,0,0,0,0,0,0,0,0,0,0,0,0,0,0,0,0,0,0,0,0,0,0,0,0,0,0,0,0,0,0,0,0,0,0,0,0,0,0,0,0,0,0,0,0,0,0,0,0,0,0,0,0,0,0,0,0,0,0,0,0,0,0,0,0,0,0,0,0,0,0,0,0,0,0,0,0,0,0,0,0,0,0,0,0,0,0,0,0,0,0,0,0,0,0,0,0,0,0,0,0,0,0,0,0,0,0,0,0,0,0,0,0,0,0,0,0,0,0,0,0,0,0,0,0,0,0,0,0,0,0,0,0,0,0,0,0,0,0,0,0,0,0,0,0,0,0,0,0,0,0,0,0,0,0,0,0,0,0,0,0,0,0,0,0,0,0,0,0,0,0,0,0,0,0,0,0,0,0,0,0,0,0,0,0,0,0,0,0,0
208223,56,117401,17057,1174,1,0,14165,669,435,3007,17057,529,106,641,2501,507,862,198,394,2986,233,407,638,412,2722,233,995,713,441,2980,227,398,640,430,2718,232,425,646,417,2957,230,401,634,419,860,189,5234,793,429,2973,233,400,646,419,2713,233,773,663,437,2964,229,400,634,419,2711,232,785,672,427,2975,229,399,643,419,2713,233,603,641,432,2957,232,401,631,419,2707,237,413,645,413,2961,232,400,642,419,2712,232,5229,795,477,2992,232,399,631,421,2723,231,423,0,0,0,0,0,0,0,0,0,0,0,0,0,0,0,0,0,0,0,0,0,0,0,0,0,0,0,0,0,0,0,0,0,0,0,0,0,0,0,0,0,0,0,0,0,0,0,0,0,0,0,0,0,0,0,0,0,0,0,0,0,0,0,0,0,0,0,0,0,0,0,0,0,0,0,0,0,0,0,0,0,0,0,0,0,0,0,0,0,0,0,0,0,0,0,0,0,0,0,0,0,0,0,0,0,0,0,0,0,0,0,0,0,0,0,0,0,0,0,0,0,0,0,0,0,0,0,0,0,0,0,0,0,0,0,0,0,0,0,0,0,0,0,0,0,0,0,0,0,0,0,0,0,0,0,0,0,0,0,0,0,0,0,0,0,0,0,0,0,0,0,0,0,0,0,0,0,0,0,0,0,0,0,0,0,0,0,0,0,0,0,0,0,0,0,0,0,0,0,0
209222,57,117517,17081,1175,1,0,15832,658,427,3004,17081,529,42,641,2495,508,860,206,404,2984,228,401,632,419,2725,232,989,717,436,1132,194,395,634,420,2727,226,420,679,425,2959,230,402,632,429,2718,231,5225,797,432,2984,228,400,631,423,2703,233,561,655,427,2960,234,399,640,430,2708,228,776,674,438,2980,228,398,634,419,2726,233,604,646,422,2966,231,402,637,424,2708,231,404,633,437,2966,232,399,634,419,2727,234,5218,796,471,2987,238,408,637,412,2716,230,773,0,0,0,0,0,0,0,0,0,0,0,0,0,0,0,0,0,0,0,0,0,0,0,0,0,0,0,0,0,0,0,0,0,0,0,0,0,0,0,0,0,0,0,0,0,0,0,0,0,0,0,0,0,0,0,0,0,0,0,0,0,0,0,0,0,0,0,0,0,0,0,0,0,0,0,0,0,0,0,0,0,0,0,0,0,0,0,0,0,0,0,0,0,0,0,0,0,0,0,0,0,0,0,0,0,0,0,0,0,0,0,0,0,0,0,0,0,0,0,0,0,0,0,0,0,0,0,0,0,0,0,0,0,0,0,0,0,0,0,0,0,0,0,0,0,0,0,0,0,0,0,0,0,0,0,0,0,0,0,0,0,0,0,0,0,0,0,0,0,0,0,0,0,0,0,0,0,0,0,0,0,0,0,0,0,0,0,0,0,0,0,0,0,0,0,0,0,0,0,0
210223,58,113352,15346,1133,1,0,15838,683,430,3020,15346,530,65,641,573,390,825,196,396,3015,232,399,630,422,2717,232,995,711,441,2992,227,399,643,425,2721,233,422,641,417,2959,229,401,632,419,2717,238,5227,796,432,2969,232,400,640,419,2711,231,419,643,441,2959,234,400,631,419,2732,229,779,672,429,2980,228,399,641,422,2712,234,603,644,435,2963,231,402,630,419,2712,230,403,634,420,2969,233,400,643,424,2705,234,5222,802,469,2990,231,400,633,429,868,163,547,0,0,0,0,0,0,0,0,0,0,0,0,0,0,0,0,0,0,0,0,0,0,0,0,0,0,0,0,0,0,0,0,0,0,0,0,0,0,0,0,0,0,0,0,0,0,0,0,0,0,0,0,0,0,0,0,0,0,0,0,0,0,0,0,0,0,0,0,0,0,0,0,0,0,0,0,0,0,0,0,0,0,0,0,0,0,0,0,0,0,0,0,0,0,0,0,0,0,0,0,0,0,0,0,0,0,0,0,0,0,0,0,0,0,0,0,0,0,0,0,0,0,0,0,0,0,0,0,0,0,0,0,0,0,0,0,0,0,0,0,0,0,0,0,0,0,0,0,0,0,0,0,0,0,0,0,0,0,0,0,0,0,0,0,0,0,0,0,0,0,0,0,0,0,0,0,0,0,0,0,0,0,0,0,0,0,0,0,0,0,0,0,0,0,0,0,0,0,0,0
211223,59,117269,16972,1172,1,0,14153,616,420,3038,16972,530,42,641,2495,508,862,211,396,2995,230,399,632,430,2727,230,989,719,435,2987,226,398,640,422,2712,237,433,654,410,2960,229,402,638,423,2707,238,5234,796,441,2968,231,401,634,419,2725,239,789,666,419,2962,230,402,638,423,2701,228,776,672,437,2977,229,398,635,419,2725,238,617,650,415,2956,231,403,635,423,2705,231,404,650,438,2965,233,399,634,419,872,189,5209,795,463,2987,238,406,638,412,2712,232,423,0,0,0,0,0,0,0,0,0,0,0,0,0,0,0,0,0,0,0,0,0,0,0,0,0,0,0,0,0,0,0,0,0,0,0,0,0,0,0,0,0,0,0,0,0,0,0,0,0,0,0,0,0,0,0,0,0,0,0,0,0,0,0,0,0,0,0,0,0,0,0,0,0,0,0,0,0,0,0,0,0,0,0,0,0,0,0,0,0,0,0,0,0,0,0,0,0,0,0,0,0,0,0,0,0,0,0,0,0,0,0,0,0,0,0,0,0,0,0,0,0,0,0,0,0,0,0,0,0,0,0,0,0,0,0,0,0,0,0,0,0,0,0,0,0,0,0,0,0,0,0,0,0,0,0,0,0,0,0,0,0,0,0,0,0,0,0,0,0,0,0,0,0,0,0,0,0,0,0,0,0,0,0,0,0,0,0,0,0,0,0,0,0,0,0,0,0,0,0,0
212222,60,117566,16995,1175,1,0,15778,747,464,2982,16995,529,76,657,2499,506,862,196,396,2991,234,407,637,412,2722,231,993,718,440,2986,226,398,648,421,2715,232,425,648,417,2961,231,401,635,419,2713,231,5234,797,431,2968,230,401,641,421,2713,232,558,644,440,2956,234,398,631,421,2734,228,780,673,428,2978,228,398,641,421,2714,233,604,643,431,1111,190,381,623,420,2735,241,417,647,415,2964,229,401,638,423,2705,231,5222,795,476,2988,230,399,632,421,2723,235,789,0,0,0,0,0,0,0,0,0,0,0,0,0,0,0,0,0,0,0,0,0,0,0,0,0,0,0,0,0,0,0,0,0,0,0,0,0,0,0,0,0,0,0,0,0,0,0,0,0,0,0,0,0,0,0,0,0,0,0,0,0,0,0,0,0,0,0,0,0,0,0,0,0,0,0,0,0,0,0,0,0,0,0,0,0,0,0,0,0,0,0,0,0,0,0,0,0,0,0,0,0,0,0,0,0,0,0,0,0,0,0,0,0,0,0,0,0,0,0,0,0,0,0,0,0,0,0,0,0,0,0,0,0,0,0,0,0,0,0,0,0,0,0,0,0,0,0,0,0,0,0,0,0,0,0,0,0,0,0,0,0,0,0,0,0,0,0,0,0,0,0,0,0,0,0,0,0,0,0,0,0,0,0,0,0,0,0,0,0,0,0,0,0,0,0,0,0,0,0,0
213223,61,115477,15393,1154,1,0,15813,675,421,2959,15393,529,77,641,2485,507,860,207,405,2987,230,399,632,419,2726,232,989,716,436,2978,232,407,646,413,2711,233,425,656,425,2958,229,402,635,429,2732,231,5235,795,431,2978,236,410,639,412,2712,233,420,658,427,2959,234,402,639,430,859,162,779,671,413,3009,229,400,634,419,2707,238,616,649,416,2958,233,402,640,423,2702,231,404,645,427,2968,232,399,632,430,2730,232,5220,797,470,2986,234,408,640,412,2715,228,561,0,0,0,0,0,0,0,0,0,0,0,0,0,0,0,0,0,0,0,0,0,0,0,0,0,0,0,0,0,0,0,0,0,0,0,0,0,0,0,0,0,0,0,0,0,0,0,0,0,0,0,0,0,0,0,0,0,0,0,0,0,0,0,0,0,0,0,0,0,0,0,0,0,0,0,0,0,0,0,0,0,0,0,0,0,0,0,0,0,0,0,0,0,0,0,0,0,0,0,0,0,0,0,0,0,0,0,0,0,0,0,0,0,0,0,0,0,0,0,0,0,0,0,0,0,0,0,0,0,0,0,0,0,0,0,0,0,0,0,0,0,0,0,0,0,0,0,0,0,0,0,0,0,0,0,0,0,0,0,0,0,0,0,0,0,0,0,0,0,0,0,0,0,0,0,0,0,0,0,0,0,0,0,0,0,0,0,0,0,0,0,0,0,0,0,0,0,0,0,0
214223,62,117270,17044,1172,1,0,14175,671,436,2969,17044,530,42,650,2486,507,858,199,397,3009,231,398,630,421,2725,239,1002,713,438,2982,227,398,649,421,2717,232,425,646,433,2960,230,401,635,419,2715,237,5228,796,431,2969,231,401,640,419,858,162,761,626,445,2968,232,400,633,419,2718,229,778,671,424,2979,233,406,642,413,2715,234,610,654,423,2955,232,402,630,429,2722,231,403,632,420,2969,237,408,640,412,2715,233,5217,798,466,2990,232,399,639,421,2717,228,423,0,0,0,0,0,0,0,0,0,0,0,0,0,0,0,0,0,0,0,0,0,0,0,0,0,0,0,0,0,0,0,0,0,0,0,0,0,0,0,0,0,0,0,0,0,0,0,0,0,0,0,0,0,0,0,0,0,0,0,0,0,0,0,0,0,0,0,0,0,0,0,0,0,0,0,0,0,0,0,0,0,0,0,0,0,0,0,0,0,0,0,0,0,0,0,0,0,0,0,0,0,0,0,0,0,0,0,0,0,0,0,0,0,0,0,0,0,0,0,0,0,0,0,0,0,0,0,0,0,0,0,0,0,0,0,0,0,0,0,0,0,0,0,0,0,0,0,0,0,0,0,0,0,0,0,0,0,0,0,0,0,0,0,0,0,0,0,0,0,0,0,0,0,0,0,0,0,0,0,0,0,0,0,0,0,0,0,0,0,0,0,0,0,0,0,0,0,0,0,0
215222,63,117449,17024,1174,1,0,15835,660,450,2964,17024,530,42,645,2497,513,854,201,393,2993,230,398,640,419,2720,230,989,718,454,2980,226,398,640,422,2721,238,431,652,410,1112,189,390,631,428,2733,242,5234,803,439,2969,232,400,632,419,2722,235,557,643,426,2957,232,400,641,423,2703,227,776,686,439,2975,227,398,633,419,2726,235,604,643,420,2965,231,402,637,424,2700,230,404,645,427,2970,233,400,634,419,2726,234,5219,797,471,2987,237,408,636,412,2716,230,773,0,0,0,0,0,0,0,0,0,0,0,0,0,0,0,0,0,0,0,0,0,0,0,0,0,0,0,0,0,0,0,0,0,0,0,0,0,0,0,0,0,0,0,0,0,0,0,0,0,0,0,0,0,0,0,0,0,0,0,0,0,0,0,0,0,0,0,0,0,0,0,0,0,0,0,0,0,0,0,0,0,0,0,0,0,0,0,0,0,0,0,0,0,0,0,0,0,0,0,0,0,0,0,0,0,0,0,0,0,0,0,0,0,0,0,0,0,0,0,0,0,0,0,0,0,0,0,0,0,0,0,0,0,0,0,0,0,0,0,0,0,0,0,0,0,0,0,0,0,0,0,0,0,0,0,0,0,0,0,0,0,0,0,0,0,0,0,0,0,0,0,0,0,0,0,0,0,0,0,0,0,0,0,0,0,0,0,0,0,0,0,0,0,0,0,0,0,0,0,0
216223,64,117114,17064,1171,1,0,15816,682,430,2965,17064,535,42,650,2488,507,858,199,397,2997,231,398,630,421,2726,231,995,715,441,1133,185,381,641,433,2728,226,421,663,419,2952,230,401,632,419,2707,237,5227,792,432,2967,230,423,642,425,2707,233,420,641,439,2961,234,401,631,419,2711,234,785,671,426,2980,228,400,639,422,2712,234,603,663,431,2961,233,401,629,419,2713,232,404,633,420,2966,232,401,643,424,2707,239,5222,801,474,2987,232,399,633,419,2725,231,561,0,0,0,0,0,0,0,0,0,0,0,0,0,0,0,0,0,0,0,0,0,0,0,0,0,0,0,0,0,0,0,0,0,0,0,0,0,0,0,0,0,0,0,0,0,0,0,0,0,0,0,0,0,0,0,0,0,0,0,0,0,0,0,0,0,0,0,0,0,0,0,0,0,0,0,0,0,0,0,0,0,0,0,0,0,0,0,0,0,0,0,0,0,0,0,0,0,0,0,0,0,0,0,0,0,0,0,0,0,0,0,0,0,0,0,0,0,0,0,0,0,0,0,0,0,0,0,0,0,0,0,0,0,0,0,0,0,0,0,0,0,0,0,0,0,0,0,0,0,0,0,0,0,0,0,0,0,0,0,0,0,0,0,0,0,0,0,0,0,0,0,0,0,0,0,0,0,0,0,0,0,0,0,0,0,0,0,0,0,0,0,0,0,0,0,0,0,0,0,0
217223,65,113605,15447,1136,1,0,15857,659,427,2968,15447,530,77,644,566,389,820,211,398,2994,229,399,634,419,2717,230,989,711,436,2993,232,407,641,412,2717,234,425,653,422,2966,231,402,632,429,2733,230,5237,794,429,2977,230,401,634,419,2706,237,792,670,419,2961,229,400,640,429,2713,228,778,672,424,2974,228,398,636,419,2710,240,611,649,416,2958,234,401,639,419,2704,227,404,634,435,2961,231,400,636,422,2717,240,5221,798,468,2987,231,401,635,422,861,164,402,0,0,0,0,0,0,0,0,0,0,0,0,0,0,0,0,0,0,0,0,0,0,0,0,0,0,0,0,0,0,0,0,0,0,0,0,0,0,0,0,0,0,0,0,0,0,0,0,0,0,0,0,0,0,0,0,0,0,0,0,0,0,0,0,0,0,0,0,0,0,0,0,0,0,0,0,0,0,0,0,0,0,0,0,0,0,0,0,0,0,0,0,0,0,0,0,0,0,0,0,0,0,0,0,0,0,0,0,0,0,0,0,0,0,0,0,0,0,0,0,0,0,0,0,0,0,0,0,0,0,0,0,0,0,0,0,0,0,0,0,0,0,0,0,0,0,0,0,0,0,0,0,0,0,0,0,0,0,0,0,0,0,0,0,0,0,0,0,0,0,0,0,0,0,0,0,0,0,0,0,0,0,0,0,0,0,0,0,0,0,0,0,0,0,0,0,0,0,0,0
218222,66,117385,16995,1173,1,0,14221,623,443,2964,16995,530,46,645,2497,508,858,197,395,2987,234,407,637,412,2720,231,1012,717,440,2984,227,398,640,431,2726,233,425,647,417,2957,235,410,638,412,2712,232,5235,797,432,2966,231,401,634,429,2727,231,557,644,425,2964,239,407,639,412,2711,229,779,674,428,2980,229,398,634,429,2720,232,603,645,421,2968,231,401,630,419,2705,229,410,649,427,1107,192,385,624,432,2744,232,5220,796,468,2988,233,399,630,421,2714,236,791,0,0,0,0,0,0,0,0,0,0,0,0,0,0,0,0,0,0,0,0,0,0,0,0,0,0,0,0,0,0,0,0,0,0,0,0,0,0,0,0,0,0,0,0,0,0,0,0,0,0,0,0,0,0,0,0,0,0,0,0,0,0,0,0,0,0,0,0,0,0,0,0,0,0,0,0,0,0,0,0,0,0,0,0,0,0,0,0,0,0,0,0,0,0,0,0,0,0,0,0,0,0,0,0,0,0,0,0,0,0,0,0,0,0,0,0,0,0,0,0,0,0,0,0,0,0,0,0,0,0,0,0,0,0,0,0,0,0,0,0,0,0,0,0,0,0,0,0,0,0,0,0,0,0,0,0,0,0,0,0,0,0,0,0,0,0,0,0,0,0,0,0,0,0,0,0,0,0,0,0,0,0,0,0,0,0,0,0,0,0,0,0,0,0,0,0,0,0,0,0
219223,67,117137,17047,1171,1,0,15791,675,421,2962,17047,530,45,647,2490,507,860,199,396,2989,230,400,633,419,2722,236,996,713,438,2982,227,418,650,425,2711,233,422,643,434,2958,229,402,635,419,2723,238,5235,796,432,2970,239,410,641,422,2710,233,419,651,431,2962,234,400,631,429,2723,229,775,671,424,2991,232,407,641,412,2716,234,610,656,423,1112,189,380,623,435,2738,234,404,633,422,2966,228,400,633,419,2724,231,5224,795,467,2987,231,400,641,421,2718,228,561,0,0,0,0,0,0,0,0,0,0,0,0,0,0,0,0,0,0,0,0,0,0,0,0,0,0,0,0,0,0,0,0,0,0,0,0,0,0,0,0,0,0,0,0,0,0,0,0,0,0,0,0,0,0,0,0,0,0,0,0,0,0,0,0,0,0,0,0,0,0,0,0,0,0,0,0,0,0,0,0,0,0,0,0,0,0,0,0,0,0,0,0,0,0,0,0,0,0,0,0,0,0,0,0,0,0,0,0,0,0,0,0,0,0,0,0,0,0,0,0,0,0,0,0,0,0,0,0,0,0,0,0,0,0,0,0,0,0,0,0,0,0,0,0,0,0,0,0,0,0,0,0,0,0,0,0,0,0,0,0,0,0,0,0,0,0,0,0,0,0,0,0,0,0,0,0,0,0,0,0,0,0,0,0,0,0,0,0,0,0,0,0,0,0,0,0,0,0,0,0
220223,68,115568,15287,1155,1,0,15837,662,442,2957,15287,538,81,640,2502,507,862,199,395,2986,230,399,640,422,2717,233,990,720,446,2983,227,398,640,420,2726,235,422,643,417,2953,236,409,640,412,2712,232,5236,798,432,2968,232,400,633,430,2716,232,771,665,426,2966,229,400,636,421,858,179,794,673,410,2998,227,399,643,422,2706,233,603,642,435,2961,232,401,631,419,2709,230,404,633,422,2969,232,401,640,423,2706,234,5229,797,475,2988,232,399,632,419,2725,231,421,0,0,0,0,0,0,0,0,0,0,0,0,0,0,0,0,0,0,0,0,0,0,0,0,0,0,0,0,0,0,0,0,0,0,0,0,0,0,0,0,0,0,0,0,0,0,0,0,0,0,0,0,0,0,0,0,0,0,0,0,0,0,0,0,0,0,0,0,0,0,0,0,0,0,0,0,0,0,0,0,0,0,0,0,0,0,0,0,0,0,0,0,0,0,0,0,0,0,0,0,0,0,0,0,0,0,0,0,0,0,0,0,0,0,0,0,0,0,0,0,0,0,0,0,0,0,0,0,0,0,0,0,0,0,0,0,0,0,0,0,0,0,0,0,0,0,0,0,0,0,0,0,0,0,0,0,0,0,0,0,0,0,0,0,0,0,0,0,0,0,0,0,0,0,0,0,0,0,0,0,0,0,0,0,0,0,0,0,0,0,0,0,0,0,0,0,0,0,0,0
221222,69,117401,17073,1174,1,0,14081,660,427,2954,17073,537,50,665,2482,507,860,207,404,2987,230,399,632,419,2728,232,989,716,436,2980,235,407,646,424,2712,233,425,654,425,2958,230,401,635,429,2722,231,5235,796,432,2968,231,401,634,419,853,161,562,612,419,2965,234,400,632,429,2718,229,778,672,424,2979,233,407,643,412,2714,234,603,658,420,2957,232,401,630,419,2713,231,403,632,422,2966,238,408,643,413,2714,234,5218,800,468,2988,233,399,639,430,2718,229,775,0,0,0,0,0,0,0,0,0,0,0,0,0,0,0,0,0,0,0,0,0,0,0,0,0,0,0,0,0,0,0,0,0,0,0,0,0,0,0,0,0,0,0,0,0,0,0,0,0,0,0,0,0,0,0,0,0,0,0,0,0,0,0,0,0,0,0,0,0,0,0,0,0,0,0,0,0,0,0,0,0,0,0,0,0,0,0,0,0,0,0,0,0,0,0,0,0,0,0,0,0,0,0,0,0,0,0,0,0,0,0,0,0,0,0,0,0,0,0,0,0,0,0,0,0,0,0,0,0,0,0,0,0,0,0,0,0,0,0,0,0,0,0,0,0,0,0,0,0,0,0,0,0,0,0,0,0,0,0,0,0,0,0,0,0,0,0,0,0,0,0,0,0,0,0,0,0,0,0,0,0,0,0,0,0,0,0,0,0,0,0,0,0,0,0,0,0,0,0,0
222223,70,117129,16941,1171,1,0,15865,677,441,2965,16941,531,63,658,2563,513,864,197,396,2985,232,399,637,422,2724,232,990,708,438,2986,226,398,644,423,2717,233,420,645,419,1111,188,389,630,429,2731,234,5239,794,429,2965,231,401,634,430,2711,231,420,644,424,2997,233,400,628,421,2721,229,777,689,430,2974,226,398,632,429,2719,233,603,644,420,2969,232,400,630,419,2706,229,407,644,427,2966,232,402,634,430,2718,233,5214,798,472,3007,237,408,636,413,2718,230,563,0,0,0,0,0,0,0,0,0,0,0,0,0,0,0,0,0,0,0,0,0,0,0,0,0,0,0,0,0,0,0,0,0,0,0,0,0,0,0,0,0,0,0,0,0,0,0,0,0,0,0,0,0,0,0,0,0,0,0,0,0,0,0,0,0,0,0,0,0,0,0,0,0,0,0,0,0,0,0,0,0,0,0,0,0,0,0,0,0,0,0,0,0,0,0,0,0,0,0,0,0,0,0,0,0,0,0,0,0,0,0,0,0,0,0,0,0,0,0,0,0,0,0,0,0,0,0,0,0,0,0,0,0,0,0,0,0,0,0,0,0,0,0,0,0,0,0,0,0,0,0,0,0,0,0,0,0,0,0,0,0,0,0,0,0,0,0,0,0,0,0,0,0,0,0,0,0,0,0,0,0,0,0,0,0,0,0,0,0,0,0,0,0,0,0,0,0,0,0,0
223223,71,115576,15295,1155,1,0,15760,668,427,2964,15295,539,45,657,2531,508,864,198,394,3001,232,398,627,421,2730,228,995,717,437,1133,186,380,636,426,2729,223,423,662,438,2958,231,404,631,421,2709,235,5229,795,430,2968,230,402,639,422,2708,233,774,665,438,2965,227,400,633,419,2713,229,777,674,424,2975,228,399,639,422,2706,234,603,659,421,2955,232,401,631,429,2714,230,404,633,422,2969,232,399,634,419,2724,233,5217,798,468,2988,232,400,640,421,2718,229,423,0,0,0,0,0,0,0,0,0,0,0,0,0,0,0,0,0,0,0,0,0,0,0,0,0,0,0,0,0,0,0,0,0,0,0,0,0,0,0,0,0,0,0,0,0,0,0,0,0,0,0,0,0,0,0,0,0,0,0,0,0,0,0,0,0,0,0,0,0,0,0,0,0,0,0,0,0,0,0,0,0,0,0,0,0,0,0,0,0,0,0,0,0,0,0,0,0,0,0,0,0,0,0,0,0,0,0,0,0,0,0,0,0,0,0,0,0,0,0,0,0,0,0,0,0,0,0,0,0,0,0,0,0,0,0,0,0,0,0,0,0,0,0,0,0,0,0,0,0,0,0,0,0,0,0,0,0,0,0,0,0,0,0,0,0,0,0,0,0,0,0,0,0,0,0,0,0,0,0,0,0,0,0,0,0,0,0,0,0,0,0,0,0,0,0,0,0,0,0,0
224222,72,122183,21881,1221,1,0,14111,660,426,2957,21881,529,49,656,2501,509,860,196,516,2878,230,399,641,425,2720,231,985,725,524,1010,172,385,627,433,2717,228,419,658,513,2834,234,409,636,417,2821,231,5238,798,514,2845,232,400,632,430,2709,230,558,646,517,2858,231,399,632,421,2717,234,787,678,514,2863,227,399,638,429,2720,231,603,640,535,2860,228,399,630,423,2723,238,414,641,516,2845,234,401,639,425,2781,238,5225,804,521,2848,231,400,633,423,2713,233,770,0,0,0,0,0,0,0,0,0,0,0,0,0,0,0,0,0,0,0,0,0,0,0,0,0,0,0,0,0,0,0,0,0,0,0,0,0,0,0,0,0,0,0,0,0,0,0,0,0,0,0,0,0,0,0,0,0,0,0,0,0,0,0,0,0,0,0,0,0,0,0,0,0,0,0,0,0,0,0,0,0,0,0,0,0,0,0,0,0,0,0,0,0,0,0,0,0,0,0,0,0,0,0,0,0,0,0,0,0,0,0,0,0,0,0,0,0,0,0,0,0,0,0,0,0,0,0,0,0,0,0,0,0,0,0,0,0,0,0,0,0,0,0,0,0,0,0,0,0,0,0,0,0,0,0,0,0,0,0,0,0,0,0,0,0,0,0,0,0,0,0,0,0,0,0,0,0,0,0,0,0,0,0,0,0,0,0,0,0,0,0,0,0,0,0,0,0,0,0,0
225233,73,114946,16887,1149,1,0,20692,674,516,2863,16887,530,50,662,2484,511,854,205,515,1001,180,382,614,446,2738,230,982,727,524,2872,227,407,644,414,2715,230,426,654,513,2837,231,400,640,435,2829,232,5236,797,518,2862,231,401,635,421,2698,236,428,658,516,2841,235,400,635,425,2717,231,777,669,523,2856,227,400,630,420,2722,234,603,644,512,2844,236,408,635,416,2718,231,405,647,514,2851,234,402,640,432,2784,238,5221,802,520,2861,230,400,634,420,851,186,567,0,0,0,0,0,0,0,0,0,0,0,0,0,0,0,0,0,0,0,0,0,0,0,0,0,0,0,0,0,0,0,0,0,0,0,0,0,0,0,0,0,0,0,0,0,0,0,0,0,0,0,0,0,0,0,0,0,0,0,0,0,0,0,0,0,0,0,0,0,0,0,0,0,0,0,0,0,0,0,0,0,0,0,0,0,0,0,0,0,0,0,0,0,0,0,0,0,0,0,0,0,0,0,0,0,0,0,0,0,0,0,0,0,0,0,0,0,0,0,0,0,0,0,0,0,0,0,0,0,0,0,0,0,0,0,0,0,0,0,0,0,0,0,0,0,0,0,0,0,0,0,0,0,0,0,0,0,0,0,0,0,0,0,0,0,0,0,0,0,0,0,0,0,0,0,0,0,0,0,0,0,0,0,0,0,0,0,0,0,0,0,0,0,0,0,0,0,0,0,0
226233,74,115505,15402,1155,1,0,15673,619,523,2852,15402,530,64,666,2492,511,856,197,516,2893,231,398,628,422,2725,238,992,711,523,2859,226,402,640,427,2715,233,420,644,509,2851,226,400,637,423,2830,235,5234,797,513,2851,231,401,638,424,2703,231,773,667,516,2844,229,398,635,423,2716,231,776,670,515,2862,234,408,640,412,2713,233,617,658,508,2836,230,400,630,431,2717,233,403,637,514,2853,238,410,637,416,913,173,5216,816,517,2852,233,399,633,431,2721,232,417,0,0,0,0,0,0,0,0,0,0,0,0,0,0,0,0,0,0,0,0,0,0,0,0,0,0,0,0,0,0,0,0,0,0,0,0,0,0,0,0,0,0,0,0,0,0,0,0,0,0,0,0,0,0,0,0,0,0,0,0,0,0,0,0,0,0,0,0,0,0,0,0,0,0,0,0,0,0,0,0,0,0,0,0,0,0,0,0,0,0,0,0,0,0,0,0,0,0,0,0,0,0,0,0,0,0,0,0,0,0,0,0,0,0,0,0,0,0,0,0,0,0,0,0,0,0,0,0,0,0,0,0,0,0,0,0,0,0,0,0,0,0,0,0,0,0,0,0,0,0,0,0,0,0,0,0,0,0,0,0,0,0,0,0,0,0,0,0,0,0,0,0,0,0,0,0,0,0,0,0,0,0,0,0,0,0,0,0,0,0,0,0,0,0,0,0,0,0,0,0
227232,75,117205,16951,1172,1,0,14214,667,515,2844,16951,530,50,663,2483,513,855,203,513,2883,231,399,629,432,2730,231,984,715,523,2880,224,401,639,420,2712,231,423,654,516,2830,230,400,637,432,2837,230,5228,799,513,2871,235,410,638,412,2689,231,561,656,517,2829,234,399,632,428,2715,228,778,670,512,2875,227,400,630,419,2719,238,612,650,513,1000,180,385,644,412,2722,230,403,655,515,2847,231,402,630,422,2791,237,5226,804,513,2850,230,400,639,425,2703,231,770,0,0,0,0,0,0,0,0,0,0,0,0,0,0,0,0,0,0,0,0,0,0,0,0,0,0,0,0,0,0,0,0,0,0,0,0,0,0,0,0,0,0,0,0,0,0,0,0,0,0,0,0,0,0,0,0,0,0,0,0,0,0,0,0,0,0,0,0,0,0,0,0,0,0,0,0,0,0,0,0,0,0,0,0,0,0,0,0,0,0,0,0,0,0,0,0,0,0,0,0,0,0,0,0,0,0,0,0,0,0,0,0,0,0,0,0,0,0,0,0,0,0,0,0,0,0,0,0,0,0,0,0,0,0,0,0,0,0,0,0,0,0,0,0,0,0,0,0,0,0,0,0,0,0,0,0,0,0,0,0,0,0,0,0,0,0,0,0,0,0,0,0,0,0,0,0,0,0,0,0,0,0,0,0,0,0,0,0,0,0,0,0,0,0,0,0,0,0,0,0
228233,76,116903,16973,1169,1,0,15743,680,512,2857,16973,529,50,661,2493,512,853,198,514,2871,239,407,637,425,2719,233,986,731,527,2861,226,401,639,423,2722,234,420,644,510,2841,235,407,643,417,2816,229,5235,794,513,2851,232,400,632,430,2707,230,420,646,514,2851,238,408,636,414,2713,233,777,677,518,1010,178,384,619,432,2730,232,601,648,514,2832,236,408,640,416,2715,229,405,655,516,2845,234,401,632,431,2786,238,5216,802,515,2874,230,400,634,420,2697,237,567,0,0,0,0,0,0,0,0,0,0,0,0,0,0,0,0,0,0,0,0,0,0,0,0,0,0,0,0,0,0,0,0,0,0,0,0,0,0,0,0,0,0,0,0,0,0,0,0,0,0,0,0,0,0,0,0,0,0,0,0,0,0,0,0,0,0,0,0,0,0,0,0,0,0,0,0,0,0,0,0,0,0,0,0,0,0,0,0,0,0,0,0,0,0,0,0,0,0,0,0,0,0,0,0,0,0,0,0,0,0,0,0,0,0,0,0,0,0,0,0,0,0,0,0,0,0,0,0,0,0,0,0,0,0,0,0,0,0,0,0,0,0,0,0,0,0,0,0,0,0,0,0,0,0,0,0,0,0,0,0,0,0,0,0,0,0,0,0,0,0,0,0,0,0,0,0,0,0,0,0,0,0,0,0,0,0,0,0,0,0,0,0,0,0,0,0,0,0,0,0
229233,77,115413,15314,1154,1,0,15756,668,518,2834,15314,544,53,665,2478,511,855,197,520,2894,231,398,628,422,2725,237,997,711,524,2859,227,402,645,423,2718,232,421,644,520,2846,228,399,636,423,2834,233,5235,794,512,2846,234,401,639,424,854,167,761,626,516,2840,231,399,630,431,2724,229,776,676,512,2857,231,409,636,413,2709,231,610,652,513,2840,232,400,640,432,2715,233,403,635,515,2868,230,402,632,422,2784,235,5229,806,514,2855,233,400,636,429,2712,231,418,0,0,0,0,0,0,0,0,0,0,0,0,0,0,0,0,0,0,0,0,0,0,0,0,0,0,0,0,0,0,0,0,0,0,0,0,0,0,0,0,0,0,0,0,0,0,0,0,0,0,0,0,0,0,0,0,0,0,0,0,0,0,0,0,0,0,0,0,0,0,0,0,0,0,0,0,0,0,0,0,0,0,0,0,0,0,0,0,0,0,0,0,0,0,0,0,0,0,0,0,0,0,0,0,0,0,0,0,0,0,0,0,0,0,0,0,0,0,0,0,0,0,0,0,0,0,0,0,0,0,0,0,0,0,0,0,0,0,0,0,0,0,0,0,0,0,0,0,0,0,0,0,0,0,0,0,0,0,0,0,0,0,0,0,0,0,0,0,0,0,0,0,0,0,0,0,0,0,0,0,0,0,0,0,0,0,0,0,0,0,0,0,0,0,0,0,0,0,0,0
230232,78,117332,17014,1173,1,0,14043,669,517,2862,17014,530,64,669,2489,510,859,210,509,2885,230,399,628,432,2730,231,984,715,525,2872,225,401,640,421,2712,239,431,653,517,2834,230,399,640,423,941,164,5207,799,521,2860,232,401,635,419,2697,239,569,653,520,2835,232,399,636,425,2715,228,777,708,521,2858,227,400,627,439,2725,230,604,639,515,2850,236,407,636,414,2719,231,403,653,511,2840,234,401,635,422,2783,239,5230,802,515,2852,236,407,640,416,2710,232,783,0,0,0,0,0,0,0,0,0,0,0,0,0,0,0,0,0,0,0,0,0,0,0,0,0,0,0,0,0,0,0,0,0,0,0,0,0,0,0,0,0,0,0,0,0,0,0,0,0,0,0,0,0,0,0,0,0,0,0,0,0,0,0,0,0,0,0,0,0,0,0,0,0,0,0,0,0,0,0,0,0,0,0,0,0,0,0,0,0,0,0,0,0,0,0,0,0,0,0,0,0,0,0,0,0,0,0,0,0,0,0,0,0,0,0,0,0,0,0,0,0,0,0,0,0,0,0,0,0,0,0,0,0,0,0,0,0,0,0,0,0,0,0,0,0,0,0,0,0,0,0,0,0,0,0,0,0,0,0,0,0,0,0,0,0,0,0,0,0,0,0,0,0,0,0,0,0,0,0,0,0,0,0,0,0,0,0,0,0,0,0,0,0,0,0,0,0,0,0,0
231233,79,117037,17076,1170,1,0,15770,685,510,2852,17076,530,50,668,2479,513,854,198,514,2891,230,398,628,422,2726,238,997,713,523,1018,171,390,636,420,2720,228,419,659,514,2834,230,401,633,423,2835,231,5237,797,513,2844,239,409,641,413,2708,231,420,662,513,2827,233,400,630,431,2726,233,775,672,513,2867,231,408,637,412,2715,231,636,657,512,2845,232,400,630,431,2722,231,403,634,516,2867,231,402,634,423,2773,242,5230,803,515,2857,232,399,640,423,2705,232,555,0,0,0,0,0,0,0,0,0,0,0,0,0,0,0,0,0,0,0,0,0,0,0,0,0,0,0,0,0,0,0,0,0,0,0,0,0,0,0,0,0,0,0,0,0,0,0,0,0,0,0,0,0,0,0,0,0,0,0,0,0,0,0,0,0,0,0,0,0,0,0,0,0,0,0,0,0,0,0,0,0,0,0,0,0,0,0,0,0,0,0,0,0,0,0,0,0,0,0,0,0,0,0,0,0,0,0,0,0,0,0,0,0,0,0,0,0,0,0,0,0,0,0,0,0,0,0,0,0,0,0,0,0,0,0,0,0,0,0,0,0,0,0,0,0,0,0,0,0,0,0,0,0,0,0,0,0,0,0,0,0,0,0,0,0,0,0,0,0,0,0,0,0,0,0,0,0,0,0,0,0,0,0,0,0,0,0,0,0,0,0,0,0,0,0,0,0,0,0,0
232233,80,113631,15365,1136,1,0,15842,666,526,2850,15365,530,50,661,2482,521,863,199,521,1004,181,383,634,432,2728,231,980,721,525,2876,223,399,637,423,2708,237,431,653,509,2832,232,399,640,425,2828,231,5229,796,517,2869,229,402,635,420,2707,236,785,674,508,2865,228,419,649,426,2701,230,775,674,526,2855,230,400,632,421,2715,233,604,639,512,2845,236,408,636,415,2715,232,405,653,514,2846,233,401,632,431,2791,238,5224,802,515,2864,236,408,639,413,855,160,407,0,0,0,0,0,0,0,0,0,0,0,0,0,0,0,0,0,0,0,0,0,0,0,0,0,0,0,0,0,0,0,0,0,0,0,0,0,0,0,0,0,0,0,0,0,0,0,0,0,0,0,0,0,0,0,0,0,0,0,0,0,0,0,0,0,0,0,0,0,0,0,0,0,0,0,0,0,0,0,0,0,0,0,0,0,0,0,0,0,0,0,0,0,0,0,0,0,0,0,0,0,0,0,0,0,0,0,0,0,0,0,0,0,0,0,0,0,0,0,0,0,0,0,0,0,0,0,0,0,0,0,0,0,0,0,0,0,0,0,0,0,0,0,0,0,0,0,0,0,0,0,0,0,0,0,0,0,0,0,0,0,0,0,0,0,0,0,0,0,0,0,0,0,0,0,0,0,0,0,0,0,0,0,0,0,0,0,0,0,0,0,0,0,0,0,0,0,0,0,0
233232,81,117246,16986,1172,1,0,14135,636,518,2852,16986,531,50,673,2492,511,854,197,520,2882,236,407,636,414,2726,232,988,720,522,2857,227,401,639,423,2719,234,420,644,516,2836,235,408,640,418,2821,229,5233,796,513,2851,232,400,632,430,2718,231,558,646,515,2842,238,407,635,414,2721,229,774,687,522,2861,229,400,631,430,2727,232,604,641,511,2869,229,400,632,420,2714,233,405,646,516,2850,234,402,640,425,915,173,5209,816,518,2841,232,400,635,423,2707,237,785,0,0,0,0,0,0,0,0,0,0,0,0,0,0,0,0,0,0,0,0,0,0,0,0,0,0,0,0,0,0,0,0,0,0,0,0,0,0,0,0,0,0,0,0,0,0,0,0,0,0,0,0,0,0,0,0,0,0,0,0,0,0,0,0,0,0,0,0,0,0,0,0,0,0,0,0,0,0,0,0,0,0,0,0,0,0,0,0,0,0,0,0,0,0,0,0,0,0,0,0,0,0,0,0,0,0,0,0,0,0,0,0,0,0,0,0,0,0,0,0,0,0,0,0,0,0,0,0,0,0,0,0,0,0,0,0,0,0,0,0,0,0,0,0,0,0,0,0,0,0,0,0,0,0,0,0,0,0,0,0,0,0,0,0,0,0,0,0,0,0,0,0,0,0,0,0,0,0,0,0,0,0,0,0,0,0,0,0,0,0,0,0,0,0,0,0,0,0,0,0
234233,82,117061,17119,1170,1,0,15770,684,509,2867,17119,532,50,664,2472,513,854,207,509,2871,229,398,631,422,2728,233,984,716,523,2861,231,409,645,416,2717,232,423,659,516,2834,230,400,644,432,2820,228,5235,797,512,2873,232,400,634,419,2696,230,420,663,518,2841,233,400,628,432,2718,234,777,672,515,2872,232,401,635,412,2708,232,609,657,509,999,179,382,631,435,2725,232,403,639,513,2868,234,409,636,416,2779,235,5229,804,513,2846,233,400,634,431,2711,231,556,0,0,0,0,0,0,0,0,0,0,0,0,0,0,0,0,0,0,0,0,0,0,0,0,0,0,0,0,0,0,0,0,0,0,0,0,0,0,0,0,0,0,0,0,0,0,0,0,0,0,0,0,0,0,0,0,0,0,0,0,0,0,0,0,0,0,0,0,0,0,0,0,0,0,0,0,0,0,0,0,0,0,0,0,0,0,0,0,0,0,0,0,0,0,0,0,0,0,0,0,0,0,0,0,0,0,0,0,0,0,0,0,0,0,0,0,0,0,0,0,0,0,0,0,0,0,0,0,0,0,0,0,0,0,0,0,0,0,0,0,0,0,0,0,0,0,0,0,0,0,0,0,0,0,0,0,0,0,0,0,0,0,0,0,0,0,0,0,0,0,0,0,0,0,0,0,0,0,0,0,0,0,0,0,0,0,0,0,0,0,0,0,0,0,0,0,0,0,0,0
235233,83,115646,15368,1156,1,0,15813,667,517,2862,15368,529,129,654,2484,513,854,203,516,2880,231,399,636,430,2724,232,984,716,522,2886,224,401,640,420,2709,232,423,657,518,2840,230,400,634,432,2840,229,5235,797,512,2869,237,410,639,412,2693,232,785,676,506,2850,227,398,635,430,2716,231,779,670,515,1008,182,396,638,415,2715,232,609,656,515,2836,232,400,630,431,2713,229,403,642,512,2864,232,402,633,423,2781,237,5224,800,515,2857,232,399,641,432,2712,232,417,0,0,0,0,0,0,0,0,0,0,0,0,0,0,0,0,0,0,0,0,0,0,0,0,0,0,0,0,0,0,0,0,0,0,0,0,0,0,0,0,0,0,0,0,0,0,0,0,0,0,0,0,0,0,0,0,0,0,0,0,0,0,0,0,0,0,0,0,0,0,0,0,0,0,0,0,0,0,0,0,0,0,0,0,0,0,0,0,0,0,0,0,0,0,0,0,0,0,0,0,0,0,0,0,0,0,0,0,0,0,0,0,0,0,0,0,0,0,0,0,0,0,0,0,0,0,0,0,0,0,0,0,0,0,0,0,0,0,0,0,0,0,0,0,0,0,0,0,0,0,0,0,0,0,0,0,0,0,0,0,0,0,0,0,0,0,0,0,0,0,0,0,0,0,0,0,0,0,0,0,0,0,0,0,0,0,0,0,0,0,0,0,0,0,0,0,0,0,0,0
236232,84,117379,17112,1173,1,0,14130,665,516,2864,17112,534,50,661,2480,520,870,199,515,2882,230,401,637,422,2727,232,984,715,528,2869,226,401,639,423,2709,238,431,655,512,2832,230,400,641,432,2824,229,5233,797,514,2872,231,401,634,419,851,182,562,613,523,2843,234,400,639,425,2712,229,780,673,517,2858,226,399,631,421,2724,230,603,640,510,2842,231,400,636,425,2713,230,403,644,516,2845,234,401,631,431,2791,236,5222,803,515,2876,230,400,633,420,2697,232,781,0,0,0,0,0,0,0,0,0,0,0,0,0,0,0,0,0,0,0,0,0,0,0,0,0,0,0,0,0,0,0,0,0,0,0,0,0,0,0,0,0,0,0,0,0,0,0,0,0,0,0,0,0,0,0,0,0,0,0,0,0,0,0,0,0,0,0,0,0,0,0,0,0,0,0,0,0,0,0,0,0,0,0,0,0,0,0,0,0,0,0,0,0,0,0,0,0,0,0,0,0,0,0,0,0,0,0,0,0,0,0,0,0,0,0,0,0,0,0,0,0,0,0,0,0,0,0,0,0,0,0,0,0,0,0,0,0,0,0,0,0,0,0,0,0,0,0,0,0,0,0,0,0,0,0,0,0,0,0,0,0,0,0,0,0,0,0,0,0,0,0,0,0,0,0,0,0,0,0,0,0,0,0,0,0,0,0,0,0,0,0,0,0,0,0,0,0,0,0,0
237233,85,117028,17131,1170,1,0,15811,680,503,2860,17131,538,50,665,2478,513,855,198,514,2890,234,407,638,414,2727,233,990,714,521,2864,226,401,647,423,2712,232,422,643,512,2857,228,401,634,423,951,181,5221,800,515,2853,234,401,642,425,2710,232,420,642,521,2843,231,400,630,423,2720,237,782,673,516,2864,227,401,635,422,2708,232,604,656,510,2845,230,400,629,423,2723,234,402,634,516,2856,235,401,640,425,2781,238,5214,801,518,2855,231,399,633,423,2704,236,562,0,0,0,0,0,0,0,0,0,0,0,0,0,0,0,0,0,0,0,0,0,0,0,0,0,0,0,0,0,0,0,0,0,0,0,0,0,0,0,0,0,0,0,0,0,0,0,0,0,0,0,0,0,0,0,0,0,0,0,0,0,0,0,0,0,0,0,0,0,0,0,0,0,0,0,0,0,0,0,0,0,0,0,0,0,0,0,0,0,0,0,0,0,0,0,0,0,0,0,0,0,0,0,0,0,0,0,0,0,0,0,0,0,0,0,0,0,0,0,0,0,0,0,0,0,0,0,0,0,0,0,0,0,0,0,0,0,0,0,0,0,0,0,0,0,0,0,0,0,0,0,0,0,0,0,0,0,0,0,0,0,0,0,0,0,0,0,0,0,0,0,0,0,0,0,0,0,0,0,0,0,0,0,0,0,0,0,0,0,0,0,0,0,0,0,0,0,0,0,0
238233,86,117225,17099,1172,1,0,15850,670,517,2845,17099,530,50,663,2480,513,854,214,512,2869,229,398,631,422,2728,233,984,714,523,1017,170,386,632,420,2719,228,417,659,519,2832,229,401,634,423,2832,230,5231,797,513,2846,238,409,640,415,2712,231,773,675,517,2850,228,399,633,423,2715,231,779,669,513,2874,233,409,637,412,2709,233,609,655,510,2834,232,400,631,431,2717,231,403,636,516,2864,236,410,638,417,2784,236,5236,801,513,2853,232,399,632,432,2718,232,417,0,0,0,0,0,0,0,0,0,0,0,0,0,0,0,0,0,0,0,0,0,0,0,0,0,0,0,0,0,0,0,0,0,0,0,0,0,0,0,0,0,0,0,0,0,0,0,0,0,0,0,0,0,0,0,0,0,0,0,0,0,0,0,0,0,0,0,0,0,0,0,0,0,0,0,0,0,0,0,0,0,0,0,0,0,0,0,0,0,0,0,0,0,0,0,0,0,0,0,0,0,0,0,0,0,0,0,0,0,0,0,0,0,0,0,0,0,0,0,0,0,0,0,0,0,0,0,0,0,0,0,0,0,0,0,0,0,0,0,0,0,0,0,0,0,0,0,0,0,0,0,0,0,0,0,0,0,0,0,0,0,0,0,0,0,0,0,0,0,0,0,0,0,0,0,0,0,0,0,0,0,0,0,0,0,0,0,0,0,0,0,0,0,0,0,0,0,0,0,0
239232,87,113734,15390,1137,1,0,15872,665,515,2866,15390,535,129,653,568,415,846,203,514,2885,231,399,642,435,2715,229,983,711,526,2891,225,402,639,419,2711,238,431,649,512,2833,233,420,645,427,2828,229,5233,797,517,2851,232,401,633,421,2706,237,565,655,520,2841,233,399,637,425,2713,228,777,685,520,2851,229,400,629,421,2723,234,602,644,514,2845,231,400,635,426,2713,232,403,646,514,2839,234,402,633,422,2783,239,5230,802,515,2850,236,407,640,416,856,161,764,0,0,0,0,0,0,0,0,0,0,0,0,0,0,0,0,0,0,0,0,0,0,0,0,0,0,0,0,0,0,0,0,0,0,0,0,0,0,0,0,0,0,0,0,0,0,0,0,0,0,0,0,0,0,0,0,0,0,0,0,0,0,0,0,0,0,0,0,0,0,0,0,0,0,0,0,0,0,0,0,0,0,0,0,0,0,0,0,0,0,0,0,0,0,0,0,0,0,0,0,0,0,0,0,0,0,0,0,0,0,0,0,0,0,0,0,0,0,0,0,0,0,0,0,0,0,0,0,0,0,0,0,0,0,0,0,0,0,0,0,0,0,0,0,0,0,0,0,0,0,0,0,0,0,0,0,0,0,0,0,0,0,0,0,0,0,0,0,0,0,0,0,0,0,0,0,0,0,0,0,0,0,0,0,0,0,0,0,0,0,0,0,0,0,0,0,0,0,0,0
240233,88,116992,17080,1169,1,0,14167,643,519,2854,17080,535,57,665,2478,512,853,198,513,2875,237,407,636,414,2724,233,1010,712,523,2856,227,401,639,431,2722,231,421,644,508,2850,233,408,643,417,2823,230,5233,796,513,2851,231,401,642,430,2709,230,420,647,513,2854,232,399,631,420,2711,238,784,670,516,2860,227,401,635,423,2713,233,602,641,515,2840,231,400,629,423,2725,236,412,645,515,1002,179,386,645,415,2819,235,5214,803,516,2857,232,399,632,423,2695,237,564,0,0,0,0,0,0,0,0,0,0,0,0,0,0,0,0,0,0,0,0,0,0,0,0,0,0,0,0,0,0,0,0,0,0,0,0,0,0,0,0,0,0,0,0,0,0,0,0,0,0,0,0,0,0,0,0,0,0,0,0,0,0,0,0,0,0,0,0,0,0,0,0,0,0,0,0,0,0,0,0,0,0,0,0,0,0,0,0,0,0,0,0,0,0,0,0,0,0,0,0,0,0,0,0,0,0,0,0,0,0,0,0,0,0,0,0,0,0,0,0,0,0,0,0,0,0,0,0,0,0,0,0,0,0,0,0,0,0,0,0,0,0,0,0,0,0,0,0,0,0,0,0,0,0,0,0,0,0,0,0,0,0,0,0,0,0,0,0,0,0,0,0,0,0,0,0,0,0,0,0,0,0,0,0,0,0,0,0,0,0,0,0,0,0,0,0,0,0,0,0
241233,89,117317,17164,1173,1,0,15813,672,518,2845,17164,530,50,663,2479,513,854,197,518,2892,229,398,629,422,2742,233,988,711,525,2865,227,401,644,425,2720,233,420,657,515,2828,229,400,636,433,2846,230,5233,794,513,2843,236,409,640,415,2708,230,772,676,513,2850,229,399,633,423,2712,230,778,670,515,2865,229,400,630,421,2712,233,603,656,513,1000,181,382,629,411,2734,231,403,637,517,2857,236,409,635,416,2786,236,5229,805,513,2852,232,399,632,432,2710,232,417,0,0,0,0,0,0,0,0,0,0,0,0,0,0,0,0,0,0,0,0,0,0,0,0,0,0,0,0,0,0,0,0,0,0,0,0,0,0,0,0,0,0,0,0,0,0,0,0,0,0,0,0,0,0,0,0,0,0,0,0,0,0,0,0,0,0,0,0,0,0,0,0,0,0,0,0,0,0,0,0,0,0,0,0,0,0,0,0,0,0,0,0,0,0,0,0,0,0,0,0,0,0,0,0,0,0,0,0,0,0,0,0,0,0,0,0,0,0,0,0,0,0,0,0,0,0,0,0,0,0,0,0,0,0,0,0,0,0,0,0,0,0,0,0,0,0,0,0,0,0,0,0,0,0,0,0,0,0,0,0,0,0,0,0,0,0,0,0,0,0,0,0,0,0,0,0,0,0,0,0,0,0,0,0,0,0,0,0,0,0,0,0,0,0,0,0,0,0,0,0
242232,90,115745,15321,1157,1,0,15872,666,515,2845,15321,533,64,672,2495,513,858,204,513,2885,229,401,637,422,2726,230,983,718,530,2874,227,401,639,423,2725,237,430,652,516,2834,230,421,645,427,2834,229,5244,805,521,2852,231,400,633,421,2719,232,557,648,516,2846,234,399,639,425,864,165,784,681,531,2872,228,403,634,421,2722,233,604,639,512,2841,231,400,639,425,2708,232,403,648,517,2835,233,401,633,431,2786,237,5223,801,515,2857,237,408,642,416,2712,232,783,0,0,0,0,0,0,0,0,0,0,0,0,0,0,0,0,0,0,0,0,0,0,0,0,0,0,0,0,0,0,0,0,0,0,0,0,0,0,0,0,0,0,0,0,0,0,0,0,0,0,0,0,0,0,0,0,0,0,0,0,0,0,0,0,0,0,0,0,0,0,0,0,0,0,0,0,0,0,0,0,0,0,0,0,0,0,0,0,0,0,0,0,0,0,0,0,0,0,0,0,0,0,0,0,0,0,0,0,0,0,0,0,0,0,0,0,0,0,0,0,0,0,0,0,0,0,0,0,0,0,0,0,0,0,0,0,0,0,0,0,0,0,0,0,0,0,0,0,0,0,0,0,0,0,0,0,0,0,0,0,0,0,0,0,0,0,0,0,0,0,0,0,0,0,0,0,0,0,0,0,0,0,0,0,0,0,0,0,0,0,0,0,0,0,0,0,0,0,0,0
243233,91,116824,16922,1168,1,0,14127,683,504,2860,16922,537,50,666,2478,512,853,198,513,2916,231,399,628,424,2719,233,991,716,526,2862,226,401,649,432,2718,231,421,648,511,2855,228,400,636,423,2825,227,5232,796,512,2853,233,401,641,421,856,165,403,611,516,2862,231,400,630,420,2704,240,787,677,512,2850,226,399,638,429,2714,231,603,638,509,2866,229,400,634,420,2718,239,413,653,514,2850,234,401,638,422,2780,238,5222,804,517,2853,231,400,632,423,2699,237,565,0,0,0,0,0,0,0,0,0,0,0,0,0,0,0,0,0,0,0,0,0,0,0,0,0,0,0,0,0,0,0,0,0,0,0,0,0,0,0,0,0,0,0,0,0,0,0,0,0,0,0,0,0,0,0,0,0,0,0,0,0,0,0,0,0,0,0,0,0,0,0,0,0,0,0,0,0,0,0,0,0,0,0,0,0,0,0,0,0,0,0,0,0,0,0,0,0,0,0,0,0,0,0,0,0,0,0,0,0,0,0,0,0,0,0,0,0,0,0,0,0,0,0,0,0,0,0,0,0,0,0,0,0,0,0,0,0,0,0,0,0,0,0,0,0,0,0,0,0,0,0,0,0,0,0,0,0,0,0,0,0,0,0,0,0,0,0,0,0,0,0,0,0,0,0,0,0,0,0,0,0,0,0,0,0,0,0,0,0,0,0,0,0,0,0,0,0,0,0,0
244233,92,117093,16975,1170,1,0,15683,670,516,2850,16975,532,54,661,2482,513,854,205,512,2875,230,398,631,422,2728,233,984,714,523,2858,232,409,645,416,2720,232,423,657,517,999,176,383,640,428,2840,230,5229,793,514,2867,232,401,633,419,2689,237,791,671,508,2850,227,399,644,421,2709,229,778,670,520,2855,229,401,634,419,2724,236,612,650,515,2834,230,400,637,426,2707,232,403,634,522,2844,234,401,631,422,2775,239,5218,801,515,2853,237,407,642,416,2711,232,417,0,0,0,0,0,0,0,0,0,0,0,0,0,0,0,0,0,0,0,0,0,0,0,0,0,0,0,0,0,0,0,0,0,0,0,0,0,0,0,0,0,0,0,0,0,0,0,0,0,0,0,0,0,0,0,0,0,0,0,0,0,0,0,0,0,0,0,0,0,0,0,0,0,0,0,0,0,0,0,0,0,0,0,0,0,0,0,0,0,0,0,0,0,0,0,0,0,0,0,0,0,0,0,0,0,0,0,0,0,0,0,0,0,0,0,0,0,0,0,0,0,0,0,0,0,0,0,0,0,0,0,0,0,0,0,0,0,0,0,0,0,0,0,0,0,0,0,0,0,0,0,0,0,0,0,0,0,0,0,0,0,0,0,0,0,0,0,0,0,0,0,0,0,0,0,0,0,0,0,0,0,0,0,0,0,0,0,0,0,0,0,0,0,0,0,0,0,0,0,0
245232,93,115680,15405,1156,1,0,15742,671,516,2833,15405,539,50,665,2482,514,853,199,513,2887,230,398,629,422,2726,238,997,715,522,1018,170,384,653,422,2713,229,419,660,512,2855,228,402,632,423,2830,230,5226,797,513,2850,232,400,639,422,2706,230,558,646,518,2864,232,399,630,421,2719,234,782,675,512,2860,227,401,635,423,2713,231,604,639,519,2865,228,400,632,420,2726,234,402,634,516,2851,234,401,639,425,2782,238,5214,801,518,2855,231,399,633,423,2718,237,783,0,0,0,0,0,0,0,0,0,0,0,0,0,0,0,0,0,0,0,0,0,0,0,0,0,0,0,0,0,0,0,0,0,0,0,0,0,0,0,0,0,0,0,0,0,0,0,0,0,0,0,0,0,0,0,0,0,0,0,0,0,0,0,0,0,0,0,0,0,0,0,0,0,0,0,0,0,0,0,0,0,0,0,0,0,0,0,0,0,0,0,0,0,0,0,0,0,0,0,0,0,0,0,0,0,0,0,0,0,0,0,0,0,0,0,0,0,0,0,0,0,0,0,0,0,0,0,0,0,0,0,0,0,0,0,0,0,0,0,0,0,0,0,0,0,0,0,0,0,0,0,0,0,0,0,0,0,0,0,0,0,0,0,0,0,0,0,0,0,0,0,0,0,0,0,0,0,0,0,0,0,0,0,0,0,0,0,0,0,0,0,0,0,0,0,0,0,0,0,0
246233,94,114826,17050,1148,1,0,14107,675,506,2865,17050,530,50,662,567,395,841,202,516,2874,227,399,633,422,2711,237,992,706,515,2869,227,401,647,424,2717,233,421,642,514,2828,230,400,632,423,2826,236,5235,797,513,2852,231,401,640,424,2704,231,420,650,517,2832,234,399,630,423,2714,237,785,670,517,2865,229,401,636,423,2715,233,602,658,507,2840,230,400,628,422,2722,233,403,634,514,2844,239,409,640,415,2771,237,5241,802,515,2852,231,400,634,431,859,163,547,0,0,0,0,0,0,0,0,0,0,0,0,0,0,0,0,0,0,0,0,0,0,0,0,0,0,0,0,0,0,0,0,0,0,0,0,0,0,0,0,0,0,0,0,0,0,0,0,0,0,0,0,0,0,0,0,0,0,0,0,0,0,0,0,0,0,0,0,0,0,0,0,0,0,0,0,0,0,0,0,0,0,0,0,0,0,0,0,0,0,0,0,0,0,0,0,0,0,0,0,0,0,0,0,0,0,0,0,0,0,0,0,0,0,0,0,0,0,0,0,0,0,0,0,0,0,0,0,0,0,0,0,0,0,0,0,0,0,0,0,0,0,0,0,0,0,0,0,0,0,0,0,0,0,0,0,0,0,0,0,0,0,0,0,0,0,0,0,0,0,0,0,0,0,0,0,0,0,0,0,0,0,0,0,0,0,0,0,0,0,0,0,0,0,0,0,0,0,0,0
247233,95,117215,17000,1172,1,0,15810,618,521,2868,17000,542,50,659,2487,518,864,199,518,2879,229,398,642,425,2723,232,984,715,522,2882,226,401,640,420,2707,238,431,653,517,2834,230,400,638,426,2835,229,5234,798,546,2862,229,401,635,420,2691,236,786,673,508,2856,229,399,642,424,2706,230,778,671,526,2854,230,400,631,421,2724,236,612,649,512,2837,231,400,636,425,2713,232,403,646,514,1004,181,382,631,436,2819,236,5213,801,513,2872,236,408,638,413,2695,233,418,0,0,0,0,0,0,0,0,0,0,0,0,0,0,0,0,0,0,0,0,0,0,0,0,0,0,0,0,0,0,0,0,0,0,0,0,0,0,0,0,0,0,0,0,0,0,0,0,0,0,0,0,0,0,0,0,0,0,0,0,0,0,0,0,0,0,0,0,0,0,0,0,0,0,0,0,0,0,0,0,0,0,0,0,0,0,0,0,0,0,0,0,0,0,0,0,0,0,0,0,0,0,0,0,0,0,0,0,0,0,0,0,0,0,0,0,0,0,0,0,0,0,0,0,0,0,0,0,0,0,0,0,0,0,0,0,0,0,0,0,0,0,0,0,0,0,0,0,0,0,0,0,0,0,0,0,0,0,0,0,0,0,0,0,0,0,0,0,0,0,0,0,0,0,0,0,0,0,0,0,0,0,0,0,0,0,0,0,0,0,0,0,0,0,0,0,0,0,0,0
248232,96,115612,15345,1156,1,0,15776,678,515,2843,15345,531,46,665,2487,514,854,198,512,2866,231,398,631,422,2724,235,992,717,525,2863,226,401,643,425,2714,230,421,650,515,2831,230,400,636,423,2837,231,5230,800,513,2846,236,409,638,415,2708,231,558,658,518,2831,234,398,630,431,2722,228,777,670,512,2871,232,409,636,412,2716,233,609,659,511,1001,179,382,631,435,2725,231,403,637,516,2871,230,402,632,422,2789,242,5225,802,515,2855,232,399,640,422,2706,232,770,0,0,0,0,0,0,0,0,0,0,0,0,0,0,0,0,0,0,0,0,0,0,0,0,0,0,0,0,0,0,0,0,0,0,0,0,0,0,0,0,0,0,0,0,0,0,0,0,0,0,0,0,0,0,0,0,0,0,0,0,0,0,0,0,0,0,0,0,0,0,0,0,0,0,0,0,0,0,0,0,0,0,0,0,0,0,0,0,0,0,0,0,0,0,0,0,0,0,0,0,0,0,0,0,0,0,0,0,0,0,0,0,0,0,0,0,0,0,0,0,0,0,0,0,0,0,0,0,0,0,0,0,0,0,0,0,0,0,0,0,0,0,0,0,0,0,0,0,0,0,0,0,0,0,0,0,0,0,0,0,0,0,0,0,0,0,0,0,0,0,0,0,0,0,0,0,0,0,0,0,0,0,0,0,0,0,0,0,0,0,0,0,0,0,0,0,0,0,0,0
249233,97,117105,17098,1171,1,0,14056,676,515,2874,17098,534,50,659,2483,519,870,199,517,2881,230,399,635,425,2721,233,985,721,528,2857,226,401,639,432,2727,232,421,644,512,2853,233,408,642,417,2818,229,5232,796,514,2852,232,400,640,421,2701,230,420,649,512,2856,232,400,631,420,856,179,796,668,519,2879,229,420,642,428,2708,233,604,643,517,2840,231,400,631,424,2711,237,413,646,516,2850,235,401,639,425,2783,237,5220,805,520,2851,231,400,633,423,2713,232,556,0,0,0,0,0,0,0,0,0,0,0,0,0,0,0,0,0,0,0,0,0,0,0,0,0,0,0,0,0,0,0,0,0,0,0,0,0,0,0,0,0,0,0,0,0,0,0,0,0,0,0,0,0,0,0,0,0,0,0,0,0,0,0,0,0,0,0,0,0,0,0,0,0,0,0,0,0,0,0,0,0,0,0,0,0,0,0,0,0,0,0,0,0,0,0,0,0,0,0,0,0,0,0,0,0,0,0,0,0,0,0,0,0,0,0,0,0,0,0,0,0,0,0,0,0,0,0,0,0,0,0,0,0,0,0,0,0,0,0,0,0,0,0,0,0,0,0,0,0,0,0,0,0,0,0,0,0,0,0,0,0,0,0,0,0,0,0,0,0,0,0,0,0,0,0,0,0,0,0,0,0,0,0,0,0,0,0,0,0,0,0,0,0,0,0,0,0,0,0,0
250233,98,117167,17051,1171,1,0,15889,664,514,2851,17051,540,50,659,2482,513,855,215,512,2873,230,398,631,422,2730,233,983,715,525,2861,232,409,645,416,2715,232,421,659,513,2830,230,400,636,432,2848,229,5231,795,512,2864,237,410,639,412,856,161,770,633,514,2852,231,400,629,431,2722,229,775,677,511,2857,231,409,640,412,2709,232,610,654,508,2842,232,400,629,431,2719,231,403,634,517,2862,235,410,637,417,2780,237,5225,802,515,2855,232,399,640,423,2704,232,417,0,0,0,0,0,0,0,0,0,0,0,0,0,0,0,0,0,0,0,0,0,0,0,0,0,0,0,0,0,0,0,0,0,0,0,0,0,0,0,0,0,0,0,0,0,0,0,0,0,0,0,0,0,0,0,0,0,0,0,0,0,0,0,0,0,0,0,0,0,0,0,0,0,0,0,0,0,0,0,0,0,0,0,0,0,0,0,0,0,0,0,0,0,0,0,0,0,0,0,0,0,0,0,0,0,0,0,0,0,0,0,0,0,0,0,0,0,0,0,0,0,0,0,0,0,0,0,0,0,0,0,0,0,0,0,0,0,0,0,0,0,0,0,0,0,0,0,0,0,0,0,0,0,0,0,0,0,0,0,0,0,0,0,0,0,0,0,0,0,0,0,0,0,0,0,0,0,0,0,0,0,0,0,0,0,0,0,0,0,0,0,0,0,0,0,0,0,0,0,0
251232,99,115691,15300,1156,1,0,15837,665,519,2853,15300,536,130,653,2489,520,847,202,517,2881,230,399,647,425,2722,232,984,715,523,2877,225,401,640,420,2708,238,430,653,515,1000,177,383,650,424,2841,231,5228,794,514,2867,231,401,633,419,2692,239,569,656,519,2834,234,399,636,425,2716,227,777,676,519,2862,228,401,632,419,2727,236,612,650,512,2840,231,400,634,425,2714,232,403,636,520,2851,234,401,631,422,2782,244,5226,801,515,2855,231,400,641,425,2709,232,770,0,0,0,0,0,0,0,0,0,0,0,0,0,0,0,0,0,0,0,0,0,0,0,0,0,0,0,0,0,0,0,0,0,0,0,0,0,0,0,0,0,0,0,0,0,0,0,0,0,0,0,0,0,0,0,0,0,0,0,0,0,0,0,0,0,0,0,0,0,0,0,0,0,0,0,0,0,0,0,0,0,0,0,0,0,0,0,0,0,0,0,0,0,0,0,0,0,0,0,0,0,0,0,0,0,0,0,0,0,0,0,0,0,0,0,0,0,0,0,0,0,0,0,0,0,0,0,0,0,0,0,0,0,0,0,0,0,0,0,0,0,0,0,0,0,0,0,0,0,0,0,0,0,0,0,0,0,0,0,0,0,0,0,0,0,0,0,0,0,0,0,0,0,0,0,0,0,0,0,0,0,0,0,0,0,0,0,0,0,0,0,0,0,0,0,0,0,0,0,0
252233,100,117936,16939,1179,1,0,14072,678,514,2853,16939,532,126,690,2565,533,993,214,517,2892,227,398,630,422,855,178,992,697,526,2873,232,401,640,422,2714,234,419,642,520,2841,229,399,636,423,2818,235,5608,794,514,2852,233,402,642,424,2710,231,420,661,512,2824,233,400,630,432,2719,233,776,671,514,2860,232,408,635,412,2715,234,602,660,510,2832,230,400,629,431,2728,233,403,635,512,2853,238,410,637,416,2783,238,5613,803,511,2846,233,400,635,431,2717,232,555,0,0,0,0,0,0,0,0,0,0,0,0,0,0,0,0,0,0,0,0,0,0,0,0,0,0,0,0,0,0,0,0,0,0,0,0,0,0,0,0,0,0,0,0,0,0,0,0,0,0,0,0,0,0,0,0,0,0,0,0,0,0,0,0,0,0,0,0,0,0,0,0,0,0,0,0,0,0,0,0,0,0,0,0,0,0,0,0,0,0,0,0,0,0,0,0,0,0,0,0,0,0,0,0,0,0,0,0,0,0,0,0,0,0,0,0,0,0,0,0,0,0,0,0,0,0,0,0,0,0,0,0,0,0,0,0,0,0,0,0,0,0,0,0,0,0,0,0,0,0,0,0,0,0,0,0,0,0,0,0,0,0,0,0,0,0,0,0,0,0,0,0,0,0,0,0,0,0,0,0,0,0,0,0,0,0,0,0,0,0,0,0,0,0,0,0,0,0,0,0
253233,101,116086,16911,1160,1,0,15749,669,517,2862,16911,533,14,559,563,394,841,217,521,2882,233,399,628,432,2707,229,985,713,526,2881,232,410,641,412,2723,233,423,657,511,2837,230,400,631,433,2842,227,5597,797,517,2868,230,401,637,420,2704,238,794,672,504,2852,225,399,642,421,2712,231,781,671,550,2868,228,400,630,420,2711,239,612,650,511,2835,232,400,642,423,2714,231,403,637,516,2869,230,402,631,422,2782,235,5632,801,515,1003,172,381,647,428,2956,244,513,0,0,0,0,0,0,0,0,0,0,0,0,0,0,0,0,0,0,0,0,0,0,0,0,0,0,0,0,0,0,0,0,0,0,0,0,0,0,0,0,0,0,0,0,0,0,0,0,0,0,0,0,0,0,0,0,0,0,0,0,0,0,0,0,0,0,0,0,0,0,0,0,0,0,0,0,0,0,0,0,0,0,0,0,0,0,0,0,0,0,0,0,0,0,0,0,0,0,0,0,0,0,0,0,0,0,0,0,0,0,0,0,0,0,0,0,0,0,0,0,0,0,0,0,0,0,0,0,0,0,0,0,0,0,0,0,0,0,0,0,0,0,0,0,0,0,0,0,0,0,0,0,0,0,0,0,0,0,0,0,0,0,0,0,0,0,0,0,0,0,0,0,0,0,0,0,0,0,0,0,0,0,0,0,0,0,0,0,0,0,0,0,0,0,0,0,0,0,0,0
254233,102,116601,15248,1166,1,0,15730,745,518,2870,15248,541,15,558,2463,518,851,202,513,2871,230,399,640,423,2727,232,985,717,524,2873,223,399,639,421,2713,232,423,657,514,2832,230,400,643,423,2825,228,5600,796,515,2867,231,401,636,420,2707,238,569,658,517,2841,234,398,637,432,2714,229,780,674,512,2882,226,401,625,419,2719,232,610,657,510,2850,232,400,643,425,2715,233,403,633,513,1017,185,382,629,417,2809,238,5595,808,513,2851,233,400,654,520,2885,266,800,0,0,0,0,0,0,0,0,0,0,0,0,0,0,0,0,0,0,0,0,0,0,0,0,0,0,0,0,0,0,0,0,0,0,0,0,0,0,0,0,0,0,0,0,0,0,0,0,0,0,0,0,0,0,0,0,0,0,0,0,0,0,0,0,0,0,0,0,0,0,0,0,0,0,0,0,0,0,0,0,0,0,0,0,0,0,0,0,0,0,0,0,0,0,0,0,0,0,0,0,0,0,0,0,0,0,0,0,0,0,0,0,0,0,0,0,0,0,0,0,0,0,0,0,0,0,0,0,0,0,0,0,0,0,0,0,0,0,0,0,0,0,0,0,0,0,0,0,0,0,0,0,0,0,0,0,0,0,0,0,0,0,0,0,0,0,0,0,0,0,0,0,0,0,0,0,0,0,0,0,0,0,0,0,0,0,0,0,0,0,0,0,0,0,0,0,0,0,0,0
255233,103,118046,16952,1180,1,0,14067,712,520,2876,16952,528,14,559,2492,514,862,197,516,2880,230,399,637,426,2727,233,984,723,522,2859,224,400,637,422,2724,234,420,644,512,2840,236,408,641,417,2818,227,5686,795,519,2850,233,400,631,421,2714,230,420,647,511,2842,238,408,637,425,2713,232,789,682,522,2865,229,399,632,431,870,166,593,606,519,2867,237,408,635,413,2710,229,407,660,516,2852,234,401,632,431,2787,237,5673,805,513,2871,231,399,634,514,2885,261,583,0,0,0,0,0,0,0,0,0,0,0,0,0,0,0,0,0,0,0,0,0,0,0,0,0,0,0,0,0,0,0,0,0,0,0,0,0,0,0,0,0,0,0,0,0,0,0,0,0,0,0,0,0,0,0,0,0,0,0,0,0,0,0,0,0,0,0,0,0,0,0,0,0,0,0,0,0,0,0,0,0,0,0,0,0,0,0,0,0,0,0,0,0,0,0,0,0,0,0,0,0,0,0,0,0,0,0,0,0,0,0,0,0,0,0,0,0,0,0,0,0,0,0,0,0,0,0,0,0,0,0,0,0,0,0,0,0,0,0,0,0,0,0,0,0,0,0,0,0,0,0,0,0,0,0,0,0,0,0,0,0,0,0,0,0,0,0,0,0,0,0,0,0,0,0,0,0,0,0,0,0,0,0,0,0,0,0,0,0,0,0,0,0,0,0,0,0,0,0,0
256233,104,118283,17021,1182,1,0,15769,703,513,2858,17021,529,18,570,2468,514,855,197,519,2871,230,399,629,422,2729,237,992,713,521,2859,225,400,643,425,2721,233,422,648,509,2827,229,400,637,423,2833,231,5685,791,513,2857,236,409,644,415,2708,229,786,670,506,2853,227,398,634,431,867,162,780,675,511,2878,227,403,631,421,2718,238,616,651,512,2835,234,399,639,423,2713,232,403,636,518,2862,232,401,633,422,2782,241,5686,803,514,2853,232,400,640,516,2887,264,428,0,0,0,0,0,0,0,0,0,0,0,0,0,0,0,0,0,0,0,0,0,0,0,0,0,0,0,0,0,0,0,0,0,0,0,0,0,0,0,0,0,0,0,0,0,0,0,0,0,0,0,0,0,0,0,0,0,0,0,0,0,0,0,0,0,0,0,0,0,0,0,0,0,0,0,0,0,0,0,0,0,0,0,0,0,0,0,0,0,0,0,0,0,0,0,0,0,0,0,0,0,0,0,0,0,0,0,0,0,0,0,0,0,0,0,0,0,0,0,0,0,0,0,0,0,0,0,0,0,0,0,0,0,0,0,0,0,0,0,0,0,0,0,0,0,0,0,0,0,0,0,0,0,0,0,0,0,0,0,0,0,0,0,0,0,0,0,0,0,0,0,0,0,0,0,0,0,0,0,0,0,0,0,0,0,0,0,0,0,0,0,0,0,0,0,0,0,0,0,0
257232,105,118370,16917,1183,1,0,15838,699,515,2858,16917,534,14,557,2475,513,856,196,515,2877,237,406,638,414,2727,233,989,720,522,2852,225,399,637,431,2725,233,421,644,510,2857,228,400,638,424,2820,228,5695,797,514,1001,181,383,616,435,2719,235,557,650,514,2837,233,407,637,416,2718,229,778,686,519,2856,228,399,627,430,2718,231,603,640,512,2863,234,408,636,413,2713,234,407,648,516,2850,233,400,632,432,2789,239,5676,806,513,2852,238,408,643,521,2887,264,830,0,0,0,0,0,0,0,0,0,0,0,0,0,0,0,0,0,0,0,0,0,0,0,0,0,0,0,0,0,0,0,0,0,0,0,0,0,0,0,0,0,0,0,0,0,0,0,0,0,0,0,0,0,0,0,0,0,0,0,0,0,0,0,0,0,0,0,0,0,0,0,0,0,0,0,0,0,0,0,0,0,0,0,0,0,0,0,0,0,0,0,0,0,0,0,0,0,0,0,0,0,0,0,0,0,0,0,0,0,0,0,0,0,0,0,0,0,0,0,0,0,0,0,0,0,0,0,0,0,0,0,0,0,0,0,0,0,0,0,0,0,0,0,0,0,0,0,0,0,0,0,0,0,0,0,0,0,0,0,0,0,0,0,0,0,0,0,0,0,0,0,0,0,0,0,0,0,0,0,0,0,0,0,0,0,0,0,0,0,0,0,0,0,0,0,0,0,0,0,0
258233,106,116447,15271,1164,1,0,15735,705,517,2862,15271,540,14,566,2469,514,858,197,514,2887,231,398,628,422,2732,237,997,714,523,2859,224,401,647,423,2714,233,421,644,515,996,178,387,631,413,2851,230,5687,792,513,2840,239,409,642,414,2710,231,420,665,511,2832,231,400,632,432,2725,232,775,674,511,2858,231,408,635,412,2712,233,604,662,511,2834,230,400,629,441,2727,233,403,635,512,2846,239,408,639,417,2779,238,5695,810,514,2855,233,400,809,493,2871,256,555,0,0,0,0,0,0,0,0,0,0,0,0,0,0,0,0,0,0,0,0,0,0,0,0,0,0,0,0,0,0,0,0,0,0,0,0,0,0,0,0,0,0,0,0,0,0,0,0,0,0,0,0,0,0,0,0,0,0,0,0,0,0,0,0,0,0,0,0,0,0,0,0,0,0,0,0,0,0,0,0,0,0,0,0,0,0,0,0,0,0,0,0,0,0,0,0,0,0,0,0,0,0,0,0,0,0,0,0,0,0,0,0,0,0,0,0,0,0,0,0,0,0,0,0,0,0,0,0,0,0,0,0,0,0,0,0,0,0,0,0,0,0,0,0,0,0,0,0,0,0,0,0,0,0,0,0,0,0,0,0,0,0,0,0,0,0,0,0,0,0,0,0,0,0,0,0,0,0,0,0,0,0,0,0,0,0,0,0,0,0,0,0,0,0,0,0,0,0,0,0
259233,107,118188,16968,1181,1,0,14081,671,524,2835,16968,529,14,559,2465,514,859,210,510,2871,230,398,627,432,868,163,973,682,520,2903,230,402,631,422,2709,236,431,650,512,2841,231,400,640,425,2826,232,5684,793,541,2858,232,401,635,420,2718,233,774,665,515,2851,228,399,642,425,2709,230,778,696,525,2856,229,400,628,421,2715,234,602,642,511,2843,231,400,637,427,2710,231,403,646,514,2845,234,401,632,431,2788,238,5667,805,514,2868,231,399,636,516,2881,268,459,0,0,0,0,0,0,0,0,0,0,0,0,0,0,0,0,0,0,0,0,0,0,0,0,0,0,0,0,0,0,0,0,0,0,0,0,0,0,0,0,0,0,0,0,0,0,0,0,0,0,0,0,0,0,0,0,0,0,0,0,0,0,0,0,0,0,0,0,0,0,0,0,0,0,0,0,0,0,0,0,0,0,0,0,0,0,0,0,0,0,0,0,0,0,0,0,0,0,0,0,0,0,0,0,0,0,0,0,0,0,0,0,0,0,0,0,0,0,0,0,0,0,0,0,0,0,0,0,0,0,0,0,0,0,0,0,0,0,0,0,0,0,0,0,0,0,0,0,0,0,0,0,0,0,0,0,0,0,0,0,0,0,0,0,0,0,0,0,0,0,0,0,0,0,0,0,0,0,0,0,0,0,0,0,0,0,0,0,0,0,0,0,0,0,0,0,0,0,0,0
260232,108,116265,16935,1162,1,0,15784,699,518,1012,16935,531,14,558,2461,514,854,198,511,2860,229,398,629,422,2736,234,984,716,523,2862,225,400,645,425,2719,233,421,644,514,2832,230,399,635,423,2817,233,5687,793,514,2852,234,401,642,425,2707,229,558,660,517,2829,233,399,629,441,2726,229,777,673,512,2876,231,408,638,412,2719,232,609,661,514,2844,230,400,631,428,2716,231,403,635,513,2858,232,402,634,422,2782,242,5681,802,512,1001,177,388,846,39,2781,708,567,0,0,0,0,0,0,0,0,0,0,0,0,0,0,0,0,0,0,0,0,0,0,0,0,0,0,0,0,0,0,0,0,0,0,0,0,0,0,0,0,0,0,0,0,0,0,0,0,0,0,0,0,0,0,0,0,0,0,0,0,0,0,0,0,0,0,0,0,0,0,0,0,0,0,0,0,0,0,0,0,0,0,0,0,0,0,0,0,0,0,0,0,0,0,0,0,0,0,0,0,0,0,0,0,0,0,0,0,0,0,0,0,0,0,0,0,0,0,0,0,0,0,0,0,0,0,0,0,0,0,0,0,0,0,0,0,0,0,0,0,0,0,0,0,0,0,0,0,0,0,0,0,0,0,0,0,0,0,0,0,0,0,0,0,0,0,0,0,0,0,0,0,0,0,0,0,0,0,0,0,0,0,0,0,0,0,0,0,0,0,0,0,0,0,0,0,0,0,0,0
261233,109,116656,15582,1166,1,0,15795,411,676,2495,15582,707,163,385,2752,232,778,675,517,2847,230,399,632,425,2732,233,984,713,522,2859,226,400,636,423,2716,233,420,643,513,2837,230,400,639,426,2838,229,5687,793,516,2855,232,400,632,430,2721,231,420,654,511,2845,238,408,634,416,2716,232,777,687,522,2855,227,399,627,430,2716,232,604,642,511,2866,229,400,632,420,2712,233,405,646,516,1005,178,381,634,440,2822,236,5668,803,511,2869,231,399,636,514,2882,262,568,0,0,0,0,0,0,0,0,0,0,0,0,0,0,0,0,0,0,0,0,0,0,0,0,0,0,0,0,0,0,0,0,0,0,0,0,0,0,0,0,0,0,0,0,0,0,0,0,0,0,0,0,0,0,0,0,0,0,0,0,0,0,0,0,0,0,0,0,0,0,0,0,0,0,0,0,0,0,0,0,0,0,0,0,0,0,0,0,0,0,0,0,0,0,0,0,0,0,0,0,0,0,0,0,0,0,0,0,0,0,0,0,0,0,0,0,0,0,0,0,0,0,0,0,0,0,0,0,0,0,0,0,0,0,0,0,0,0,0,0,0,0,0,0,0,0,0,0,0,0,0,0,0,0,0,0,0,0,0,0,0,0,0,0,0,0,0,0,0,0,0,0,0,0,0,0,0,0,0,0,0,0,0,0,0,0,0,0,0,0,0,0,0,0,0,0,0,0,0,0
262233,110,803160,691944,8031,2,0,14121,699,516,2860,691944,656,18,581,12495,518,409,685,423,2789,252,407,693,418,2746,239,1009,736,442,2914,251,407,688,397,2736,259,475,796,481,2864,255,407,700,407,2738,231,5685,799,439,2798,254,407,693,395,2735,240,783,670,425,913,251,416,683,408,2720,228,781,675,442,2806,254,407,694,395,2730,245,632,688,429,2800,251,416,709,403,2722,232,404,638,437,2784,253,406,692,390,2758,233,5669,796,424,2794,253,417,706,396,2726,235,555,0,0,0,0,0,0,0,0,0,0,0,0,0,0,0,0,0,0,0,0,0,0,0,0,0,0,0,0,0,0,0,0,0,0,0,0,0,0,0,0,0,0,0,0,0,0,0,0,0,0,0,0,0,0,0,0,0,0,0,0,0,0,0,0,0,0,0,0,0,0,0,0,0,0,0,0,0,0,0,0,0,0,0,0,0,0,0,0,0,0,0,0,0,0,0,0,0,0,0,0,0,0,0,0,0,0,0,0,0,0,0,0,0,0,0,0,0,0,0,0,0,0,0,0,0,0,0,0,0,0,0,0,0,0,0,0,0,0,0,0,0,0,0,0,0,0,0,0,0,0,0,0,0,0,0,0,0,0,0,0,0,0,0,0,0,0,0,0,0,0,0,0,0,0,0,0,0,0,0,0,0,0,0,0,0,0,0,0,0,0,0,0,0,0,0,0,0,0,0,0
263913,111,390490,282276,3904,1,0,690756,673,440,2781,282276,657,95,687,9299,512,867,193,399,2801,234,400,637,512,2822,231,984,711,440,2809,235,402,640,518,2809,232,420,641,430,2791,235,402,637,512,2809,230,5598,792,428,2896,230,402,646,521,951,163,755,643,427,2778,231,400,638,517,2834,229,775,660,421,2796,233,402,642,518,2788,231,603,646,430,2791,234,401,640,515,2818,229,403,631,421,2791,235,402,650,520,2807,232,5596,794,436,2869,234,399,690,518,2813,232,562,0,0,0,0,0,0,0,0,0,0,0,0,0,0,0,0,0,0,0,0,0,0,0,0,0,0,0,0,0,0,0,0,0,0,0,0,0,0,0,0,0,0,0,0,0,0,0,0,0,0,0,0,0,0,0,0,0,0,0,0,0,0,0,0,0,0,0,0,0,0,0,0,0,0,0,0,0,0,0,0,0,0,0,0,0,0,0,0,0,0,0,0,0,0,0,0,0,0,0,0,0,0,0,0,0,0,0,0,0,0,0,0,0,0,0,0,0,0,0,0,0,0,0,0,0,0,0,0,0,0,0,0,0,0,0,0,0,0,0,0,0,0,0,0,0,0,0,0,0,0,0,0,0,0,0,0,0,0,0,0,0,0,0,0,0,0,0,0,0,0,0,0,0,0,0,0,0,0,0,0,0,0,0,0,0,0,0,0,0,0,0,0,0,0,0,0,0,0,0,0
265183,112,116543,15285,1165,1,0,281069,665,512,2938,15285,529,14,644,2478,508,856,207,405,2800,236,401,634,519,2826,228,983,710,437,2796,239,409,647,513,2803,233,420,653,422,2785,234,401,636,518,946,167,5577,806,425,2914,232,399,640,517,2804,236,789,666,418,2788,233,401,644,514,2794,231,778,670,421,2798,234,400,635,522,2806,234,611,662,414,2790,234,400,653,514,2787,229,402,633,421,2794,236,399,638,518,2827,231,5597,796,425,2849,234,425,691,513,2812,228,417,0,0,0,0,0,0,0,0,0,0,0,0,0,0,0,0,0,0,0,0,0,0,0,0,0,0,0,0,0,0,0,0,0,0,0,0,0,0,0,0,0,0,0,0,0,0,0,0,0,0,0,0,0,0,0,0,0,0,0,0,0,0,0,0,0,0,0,0,0,0,0,0,0,0,0,0,0,0,0,0,0,0,0,0,0,0,0,0,0,0,0,0,0,0,0,0,0,0,0,0,0,0,0,0,0,0,0,0,0,0,0,0,0,0,0,0,0,0,0,0,0,0,0,0,0,0,0,0,0,0,0,0,0,0,0,0,0,0,0,0,0,0,0,0,0,0,0,0,0,0,0,0,0,0,0,0,0,0,0,0,0,0,0,0,0,0,0,0,0,0,0,0,0,0,0,0,0,0,0,0,0,0,0,0,0,0,0,0,0,0,0,0,0,0,0,0,0,0,0,0
266182,113,118509,16991,1185,1,0,14052,662,513,2946,16991,528,14,649,2490,515,856,200,393,2803,235,403,641,513,2804,229,988,702,451,926,172,380,631,524,2825,222,418,656,418,2774,234,403,644,517,2790,230,5685,790,441,2904,230,400,638,517,2823,228,561,647,425,2790,234,402,648,516,2799,234,772,665,437,2797,234,400,632,519,2826,234,611,662,411,2783,234,404,648,518,2794,230,402,631,431,2790,235,400,637,515,2834,231,5673,789,424,2848,234,402,694,518,2813,228,767,0,0,0,0,0,0,0,0,0,0,0,0,0,0,0,0,0,0,0,0,0,0,0,0,0,0,0,0,0,0,0,0,0,0,0,0,0,0,0,0,0,0,0,0,0,0,0,0,0,0,0,0,0,0,0,0,0,0,0,0,0,0,0,0,0,0,0,0,0,0,0,0,0,0,0,0,0,0,0,0,0,0,0,0,0,0,0,0,0,0,0,0,0,0,0,0,0,0,0,0,0,0,0,0,0,0,0,0,0,0,0,0,0,0,0,0,0,0,0,0,0,0,0,0,0,0,0,0,0,0,0,0,0,0,0,0,0,0,0,0,0,0,0,0,0,0,0,0,0,0,0,0,0,0,0,0,0,0,0,0,0,0,0,0,0,0,0,0,0,0,0,0,0,0,0,0,0,0,0,0,0,0,0,0,0,0,0,0,0,0,0,0,0,0,0,0,0,0,0,0
267183,114,116075,16914,1160,1,0,15763,670,514,2941,16914,528,15,668,583,388,825,193,395,2822,239,409,643,515,2793,234,988,708,442,2801,236,400,645,517,2801,232,419,640,429,2803,235,401,634,513,2796,236,5690,789,427,2895,230,399,652,516,2788,229,420,647,426,2791,234,401,638,517,2802,238,779,676,427,2782,235,399,649,517,2802,230,605,649,431,2789,233,402,637,516,2809,234,411,636,415,2787,235,400,648,514,2801,231,5673,788,436,2875,234,399,690,520,952,184,551,0,0,0,0,0,0,0,0,0,0,0,0,0,0,0,0,0,0,0,0,0,0,0,0,0,0,0,0,0,0,0,0,0,0,0,0,0,0,0,0,0,0,0,0,0,0,0,0,0,0,0,0,0,0,0,0,0,0,0,0,0,0,0,0,0,0,0,0,0,0,0,0,0,0,0,0,0,0,0,0,0,0,0,0,0,0,0,0,0,0,0,0,0,0,0,0,0,0,0,0,0,0,0,0,0,0,0,0,0,0,0,0,0,0,0,0,0,0,0,0,0,0,0,0,0,0,0,0,0,0,0,0,0,0,0,0,0,0,0,0,0,0,0,0,0,0,0,0,0,0,0,0,0,0,0,0,0,0,0,0,0,0,0,0,0,0,0,0,0,0,0,0,0,0,0,0,0,0,0,0,0,0,0,0,0,0,0,0,0,0,0,0,0,0,0,0,0,0,0,0
268183,115,116836,15782,1168,1,0,15708,834,38,2851,15782,254,15,503,2838,227,787,692,433,2778,235,401,634,518,2826,229,984,713,436,2800,239,410,647,516,2810,232,420,650,422,2788,234,402,633,521,2794,230,5685,788,427,2904,235,409,645,523,2796,228,787,662,426,2787,234,401,648,515,2800,232,774,669,421,2802,236,399,631,518,2804,232,608,654,426,2790,233,402,633,521,2797,229,403,631,422,919,179,379,612,529,2807,234,5672,794,426,2850,234,402,696,518,2816,229,417,0,0,0,0,0,0,0,0,0,0,0,0,0,0,0,0,0,0,0,0,0,0,0,0,0,0,0,0,0,0,0,0,0,0,0,0,0,0,0,0,0,0,0,0,0,0,0,0,0,0,0,0,0,0,0,0,0,0,0,0,0,0,0,0,0,0,0,0,0,0,0,0,0,0,0,0,0,0,0,0,0,0,0,0,0,0,0,0,0,0,0,0,0,0,0,0,0,0,0,0,0,0,0,0,0,0,0,0,0,0,0,0,0,0,0,0,0,0,0,0,0,0,0,0,0,0,0,0,0,0,0,0,0,0,0,0,0,0,0,0,0,0,0,0,0,0,0,0,0,0,0,0,0,0,0,0,0,0,0,0,0,0,0,0,0,0,0,0,0,0,0,0,0,0,0,0,0,0,0,0,0,0,0,0,0,0,0,0,0,0,0,0,0,0,0,0,0,0,0,0
269182,116,118441,16943,1184,1,0,14121,659,510,2942,16943,529,14,648,2500,509,858,194,394,2801,235,404,643,514,2800,230,988,720,439,2796,233,399,636,537,2822,231,418,643,420,2794,235,401,636,514,2793,231,5689,788,428,2893,231,399,652,519,2788,228,560,645,427,2791,234,399,640,514,2804,239,777,672,424,2788,233,399,646,516,2800,231,604,647,417,915,179,381,618,524,2802,239,410,637,426,2782,233,399,653,515,2812,232,5670,788,424,2903,233,401,690,519,2815,229,777,0,0,0,0,0,0,0,0,0,0,0,0,0,0,0,0,0,0,0,0,0,0,0,0,0,0,0,0,0,0,0,0,0,0,0,0,0,0,0,0,0,0,0,0,0,0,0,0,0,0,0,0,0,0,0,0,0,0,0,0,0,0,0,0,0,0,0,0,0,0,0,0,0,0,0,0,0,0,0,0,0,0,0,0,0,0,0,0,0,0,0,0,0,0,0,0,0,0,0,0,0,0,0,0,0,0,0,0,0,0,0,0,0,0,0,0,0,0,0,0,0,0,0,0,0,0,0,0,0,0,0,0,0,0,0,0,0,0,0,0,0,0,0,0,0,0,0,0,0,0,0,0,0,0,0,0,0,0,0,0,0,0,0,0,0,0,0,0,0,0,0,0,0,0,0,0,0,0,0,0,0,0,0,0,0,0,0,0,0,0,0,0,0,0,0,0,0,0,0,0
270183,117,118152,16984,1181,1,0,15717,665,504,2939,16984,529,18,644,2479,510,854,196,393,2814,235,401,634,513,2798,235,993,703,442,2800,232,400,649,516,2804,231,419,642,429,2786,235,402,640,514,2819,228,5680,789,428,2895,230,402,648,521,2794,228,420,649,431,2789,234,401,632,516,959,169,766,702,414,2780,235,402,643,517,2806,231,603,653,433,2793,234,401,633,518,2818,228,403,630,421,2793,235,402,646,517,2801,231,5669,786,437,2866,234,399,690,521,2834,227,556,0,0,0,0,0,0,0,0,0,0,0,0,0,0,0,0,0,0,0,0,0,0,0,0,0,0,0,0,0,0,0,0,0,0,0,0,0,0,0,0,0,0,0,0,0,0,0,0,0,0,0,0,0,0,0,0,0,0,0,0,0,0,0,0,0,0,0,0,0,0,0,0,0,0,0,0,0,0,0,0,0,0,0,0,0,0,0,0,0,0,0,0,0,0,0,0,0,0,0,0,0,0,0,0,0,0,0,0,0,0,0,0,0,0,0,0,0,0,0,0,0,0,0,0,0,0,0,0,0,0,0,0,0,0,0,0,0,0,0,0,0,0,0,0,0,0,0,0,0,0,0,0,0,0,0,0,0,0,0,0,0,0,0,0,0,0,0,0,0,0,0,0,0,0,0,0,0,0,0,0,0,0,0,0,0,0,0,0,0,0,0,0,0,0,0,0,0,0,0,0
271183,118,116424,15245,1164,1,0,15753,663,511,2937,15245,528,14,644,2475,509,858,210,401,2804,235,401,634,518,2799,231,986,709,443,2809,238,408,646,517,2802,232,420,650,422,2785,234,402,639,515,2794,230,5597,792,428,2910,229,399,640,519,944,178,778,628,418,2787,232,401,646,518,2795,232,771,665,437,2811,234,399,634,515,2806,238,611,656,413,2789,233,402,649,515,2795,229,405,628,422,2795,235,400,636,517,2812,237,5602,790,425,2851,234,399,695,522,2803,228,417,0,0,0,0,0,0,0,0,0,0,0,0,0,0,0,0,0,0,0,0,0,0,0,0,0,0,0,0,0,0,0,0,0,0,0,0,0,0,0,0,0,0,0,0,0,0,0,0,0,0,0,0,0,0,0,0,0,0,0,0,0,0,0,0,0,0,0,0,0,0,0,0,0,0,0,0,0,0,0,0,0,0,0,0,0,0,0,0,0,0,0,0,0,0,0,0,0,0,0,0,0,0,0,0,0,0,0,0,0,0,0,0,0,0,0,0,0,0,0,0,0,0,0,0,0,0,0,0,0,0,0,0,0,0,0,0,0,0,0,0,0,0,0,0,0,0,0,0,0,0,0,0,0,0,0,0,0,0,0,0,0,0,0,0,0,0,0,0,0,0,0,0,0,0,0,0,0,0,0,0,0,0,0,0,0,0,0,0,0,0,0,0,0,0,0,0,0,0,0,0
272182,119,118366,17021,1183,1,0,14011,659,514,2938,17021,529,15,650,2501,516,853,198,392,2804,235,404,643,516,2796,230,988,707,451,2800,232,399,638,515,2831,229,419,644,419,910,177,390,613,524,2799,228,5617,793,427,2897,231,399,639,527,2807,227,561,646,426,2792,240,409,644,517,2797,234,771,681,428,2793,232,399,635,515,2830,228,603,649,416,2784,238,411,642,517,2801,230,402,637,422,2787,235,399,631,521,2814,232,5586,790,424,2879,234,399,687,518,2802,229,778,0,0,0,0,0,0,0,0,0,0,0,0,0,0,0,0,0,0,0,0,0,0,0,0,0,0,0,0,0,0,0,0,0,0,0,0,0,0,0,0,0,0,0,0,0,0,0,0,0,0,0,0,0,0,0,0,0,0,0,0,0,0,0,0,0,0,0,0,0,0,0,0,0,0,0,0,0,0,0,0,0,0,0,0,0,0,0,0,0,0,0,0,0,0,0,0,0,0,0,0,0,0,0,0,0,0,0,0,0,0,0,0,0,0,0,0,0,0,0,0,0,0,0,0,0,0,0,0,0,0,0,0,0,0,0,0,0,0,0,0,0,0,0,0,0,0,0,0,0,0,0,0,0,0,0,0,0,0,0,0,0,0,0,0,0,0,0,0,0,0,0,0,0,0,0,0,0,0,0,0,0,0,0,0,0,0,0,0,0,0,0,0,0,0,0,0,0,0,0,0
273183,120,118038,16967,1180,1,0,15795,786,508,2954,16967,530,14,652,2499,508,860,195,394,2795,240,411,642,515,2798,229,986,716,438,914,174,378,628,525,2819,223,418,655,418,2776,240,409,646,514,2799,231,5603,790,427,2899,230,399,650,517,2791,230,420,645,435,2798,235,401,636,512,2805,237,777,673,424,2785,234,402,644,519,2802,230,603,661,434,2779,233,401,633,519,2822,228,403,631,421,2786,241,409,642,516,2793,232,5608,788,425,2851,234,399,689,518,2801,229,555,0,0,0,0,0,0,0,0,0,0,0,0,0,0,0,0,0,0,0,0,0,0,0,0,0,0,0,0,0,0,0,0,0,0,0,0,0,0,0,0,0,0,0,0,0,0,0,0,0,0,0,0,0,0,0,0,0,0,0,0,0,0,0,0,0,0,0,0,0,0,0,0,0,0,0,0,0,0,0,0,0,0,0,0,0,0,0,0,0,0,0,0,0,0,0,0,0,0,0,0,0,0,0,0,0,0,0,0,0,0,0,0,0,0,0,0,0,0,0,0,0,0,0,0,0,0,0,0,0,0,0,0,0,0,0,0,0,0,0,0,0,0,0,0,0,0,0,0,0,0,0,0,0,0,0,0,0,0,0,0,0,0,0,0,0,0,0,0,0,0,0,0,0,0,0,0,0,0,0,0,0,0,0,0,0,0,0,0,0,0,0,0,0,0,0,0,0,0,0,0
274183,121,114591,15308,1145,1,0,15750,660,510,2948,15308,530,14,644,577,401,836,196,394,2824,230,401,643,516,2792,231,986,708,447,2810,236,399,633,513,2850,230,419,639,417,2785,235,404,643,516,2799,229,5603,795,427,2898,231,399,640,519,2827,226,772,663,426,2798,238,410,644,515,2805,232,777,681,426,2789,237,399,644,517,2799,231,602,646,420,2798,232,401,637,518,2806,231,404,636,426,2788,237,400,650,517,2802,232,5598,790,436,2877,234,399,689,520,954,181,409,0,0,0,0,0,0,0,0,0,0,0,0,0,0,0,0,0,0,0,0,0,0,0,0,0,0,0,0,0,0,0,0,0,0,0,0,0,0,0,0,0,0,0,0,0,0,0,0,0,0,0,0,0,0,0,0,0,0,0,0,0,0,0,0,0,0,0,0,0,0,0,0,0,0,0,0,0,0,0,0,0,0,0,0,0,0,0,0,0,0,0,0,0,0,0,0,0,0,0,0,0,0,0,0,0,0,0,0,0,0,0,0,0,0,0,0,0,0,0,0,0,0,0,0,0,0,0,0,0,0,0,0,0,0,0,0,0,0,0,0,0,0,0,0,0,0,0,0,0,0,0,0,0,0,0,0,0,0,0,0,0,0,0,0,0,0,0,0,0,0,0,0,0,0,0,0,0,0,0,0,0,0,0,0,0,0,0,0,0,0,0,0,0,0,0,0,0,0,0,0
275182,122,118357,17001,1183,1,0,14077,640,513,2999,17001,529,15,650,2479,510,854,196,393,2809,235,401,636,517,2795,236,998,705,442,2798,232,399,660,516,2802,231,418,644,420,2786,235,401,641,517,2803,230,5605,793,427,2897,230,399,650,518,2789,228,560,645,427,2788,235,399,640,515,2803,234,772,679,427,2793,232,399,636,518,2805,230,602,649,417,2795,233,400,638,517,2806,237,411,638,414,916,173,394,626,526,2818,229,5589,797,437,2866,234,399,691,519,2814,232,781,0,0,0,0,0,0,0,0,0,0,0,0,0,0,0,0,0,0,0,0,0,0,0,0,0,0,0,0,0,0,0,0,0,0,0,0,0,0,0,0,0,0,0,0,0,0,0,0,0,0,0,0,0,0,0,0,0,0,0,0,0,0,0,0,0,0,0,0,0,0,0,0,0,0,0,0,0,0,0,0,0,0,0,0,0,0,0,0,0,0,0,0,0,0,0,0,0,0,0,0,0,0,0,0,0,0,0,0,0,0,0,0,0,0,0,0,0,0,0,0,0,0,0,0,0,0,0,0,0,0,0,0,0,0,0,0,0,0,0,0,0,0,0,0,0,0,0,0,0,0,0,0,0,0,0,0,0,0,0,0,0,0,0,0,0,0,0,0,0,0,0,0,0,0,0,0,0,0,0,0,0,0,0,0,0,0,0,0,0,0,0,0,0,0,0,0,0,0,0,0
276183,123,118035,16956,1180,1,0,15780,672,506,2941,16956,525,14,647,2478,510,854,196,399,2805,235,401,634,512,2810,233,994,705,439,2796,234,401,648,515,2808,232,418,650,420,2780,235,401,638,515,2805,230,5689,788,428,2895,235,409,645,523,2793,229,420,648,426,2792,234,401,632,519,2811,232,771,668,423,2782,239,409,641,519,2799,229,603,663,424,902,172,384,622,520,2831,228,402,632,421,2786,238,409,645,517,2808,232,5676,790,425,2850,234,399,696,518,2804,228,555,0,0,0,0,0,0,0,0,0,0,0,0,0,0,0,0,0,0,0,0,0,0,0,0,0,0,0,0,0,0,0,0,0,0,0,0,0,0,0,0,0,0,0,0,0,0,0,0,0,0,0,0,0,0,0,0,0,0,0,0,0,0,0,0,0,0,0,0,0,0,0,0,0,0,0,0,0,0,0,0,0,0,0,0,0,0,0,0,0,0,0,0,0,0,0,0,0,0,0,0,0,0,0,0,0,0,0,0,0,0,0,0,0,0,0,0,0,0,0,0,0,0,0,0,0,0,0,0,0,0,0,0,0,0,0,0,0,0,0,0,0,0,0,0,0,0,0,0,0,0,0,0,0,0,0,0,0,0,0,0,0,0,0,0,0,0,0,0,0,0,0,0,0,0,0,0,0,0,0,0,0,0,0,0,0,0,0,0,0,0,0,0,0,0,0,0,0,0,0,0
277183,124,118604,16947,1186,1,0,15723,661,509,2963,16947,529,15,661,2475,514,867,205,394,2800,233,401,646,515,2797,230,988,711,451,2807,234,399,636,516,2826,236,428,649,411,2780,236,404,650,518,2799,229,5752,818,437,2904,231,399,640,520,2826,226,772,663,427,2789,233,404,642,516,940,165,763,721,415,2779,236,399,631,519,2827,230,604,644,416,2791,233,404,646,515,2799,230,403,629,431,2794,236,399,633,519,2834,230,5741,790,423,2850,239,409,693,517,2813,228,417,0,0,0,0,0,0,0,0,0,0,0,0,0,0,0,0,0,0,0,0,0,0,0,0,0,0,0,0,0,0,0,0,0,0,0,0,0,0,0,0,0,0,0,0,0,0,0,0,0,0,0,0,0,0,0,0,0,0,0,0,0,0,0,0,0,0,0,0,0,0,0,0,0,0,0,0,0,0,0,0,0,0,0,0,0,0,0,0,0,0,0,0,0,0,0,0,0,0,0,0,0,0,0,0,0,0,0,0,0,0,0,0,0,0,0,0,0,0,0,0,0,0,0,0,0,0,0,0,0,0,0,0,0,0,0,0,0,0,0,0,0,0,0,0,0,0,0,0,0,0,0,0,0,0,0,0,0,0,0,0,0,0,0,0,0,0,0,0,0,0,0,0,0,0,0,0,0,0,0,0,0,0,0,0,0,0,0,0,0,0,0,0,0,0,0,0,0,0,0,0
278182,125,116912,15282,1169,1,0,15735,662,515,2941,15282,537,30,654,2503,508,849,194,394,2797,239,411,641,514,2801,232,986,724,439,2797,231,399,635,517,2830,229,419,642,417,2789,239,411,643,517,2795,232,5758,790,426,2905,231,399,639,518,948,163,540,628,412,2773,237,410,639,518,2788,231,775,678,428,2803,233,399,635,516,2803,232,604,645,419,2807,237,403,639,517,2794,232,404,635,425,2787,235,399,631,522,2802,232,5740,790,423,2860,239,409,692,519,2816,227,778,0,0,0,0,0,0,0,0,0,0,0,0,0,0,0,0,0,0,0,0,0,0,0,0,0,0,0,0,0,0,0,0,0,0,0,0,0,0,0,0,0,0,0,0,0,0,0,0,0,0,0,0,0,0,0,0,0,0,0,0,0,0,0,0,0,0,0,0,0,0,0,0,0,0,0,0,0,0,0,0,0,0,0,0,0,0,0,0,0,0,0,0,0,0,0,0,0,0,0,0,0,0,0,0,0,0,0,0,0,0,0,0,0,0,0,0,0,0,0,0,0,0,0,0,0,0,0,0,0,0,0,0,0,0,0,0,0,0,0,0,0,0,0,0,0,0,0,0,0,0,0,0,0,0,0,0,0,0,0,0,0,0,0,0,0,0,0,0,0,0,0,0,0,0,0,0,0,0,0,0,0,0,0,0,0,0,0,0,0,0,0,0,0,0,0,0,0,0,0,0
279183,126,118295,17028,1182,1,0,14011,668,504,2939,17028,528,49,668,2482,508,849,194,397,2800,234,399,636,513,2809,238,994,708,440,2798,234,401,643,519,2808,232,418,641,429,920,176,381,611,525,2800,234,5758,794,427,2897,231,402,650,522,2799,228,420,644,435,2782,235,401,637,515,2824,229,778,666,422,2782,240,409,641,518,2800,231,602,663,423,2781,233,401,633,516,2822,228,403,630,422,2788,241,409,641,516,2790,232,5753,790,423,2852,235,399,690,520,2804,228,555,0,0,0,0,0,0,0,0,0,0,0,0,0,0,0,0,0,0,0,0,0,0,0,0,0,0,0,0,0,0,0,0,0,0,0,0,0,0,0,0,0,0,0,0,0,0,0,0,0,0,0,0,0,0,0,0,0,0,0,0,0,0,0,0,0,0,0,0,0,0,0,0,0,0,0,0,0,0,0,0,0,0,0,0,0,0,0,0,0,0,0,0,0,0,0,0,0,0,0,0,0,0,0,0,0,0,0,0,0,0,0,0,0,0,0,0,0,0,0,0,0,0,0,0,0,0,0,0,0,0,0,0,0,0,0,0,0,0,0,0,0,0,0,0,0,0,0,0,0,0,0,0,0,0,0,0,0,0,0,0,0,0,0,0,0,0,0,0,0,0,0,0,0,0,0,0,0,0,0,0,0,0,0,0,0,0,0,0,0,0,0,0,0,0,0,0,0,0,0,0
280183,127,118302,16950,1183,1,0,15769,769,510,2924,16950,530,15,649,2477,510,874,205,389,2791,235,401,630,526,952,176,970,702,431,2787,238,408,634,521,2800,231,418,645,420,2783,232,401,631,517,2804,233,5668,790,425,2908,228,398,638,516,2796,228,781,668,427,2785,234,402,632,519,2802,232,776,666,421,2792,243,409,642,520,2804,232,610,658,427,2786,233,402,633,520,2798,229,403,630,422,2787,242,409,640,517,2801,232,5663,789,423,2852,235,399,691,520,2805,228,417,0,0,0,0,0,0,0,0,0,0,0,0,0,0,0,0,0,0,0,0,0,0,0,0,0,0,0,0,0,0,0,0,0,0,0,0,0,0,0,0,0,0,0,0,0,0,0,0,0,0,0,0,0,0,0,0,0,0,0,0,0,0,0,0,0,0,0,0,0,0,0,0,0,0,0,0,0,0,0,0,0,0,0,0,0,0,0,0,0,0,0,0,0,0,0,0,0,0,0,0,0,0,0,0,0,0,0,0,0,0,0,0,0,0,0,0,0,0,0,0,0,0,0,0,0,0,0,0,0,0,0,0,0,0,0,0,0,0,0,0,0,0,0,0,0,0,0,0,0,0,0,0,0,0,0,0,0,0,0,0,0,0,0,0,0,0,0,0,0,0,0,0,0,0,0,0,0,0,0,0,0,0,0,0,0,0,0,0,0,0,0,0,0,0,0,0,0,0,0,0
281182,128,114828,15293,1148,1,0,15716,660,509,2944,15293,530,15,646,577,401,836,196,394,2823,230,401,634,517,2797,231,986,707,444,2802,243,409,643,519,2805,232,420,644,422,2791,236,401,640,517,2783,230,5672,791,426,2907,230,399,639,515,2816,229,560,644,426,2787,234,422,651,519,2794,234,776,666,437,2804,233,399,635,517,2812,233,611,656,414,2781,232,404,648,518,2797,230,403,638,431,2785,237,399,636,518,2835,230,5659,790,423,988,198,398,709,522,2817,228,778,0,0,0,0,0,0,0,0,0,0,0,0,0,0,0,0,0,0,0,0,0,0,0,0,0,0,0,0,0,0,0,0,0,0,0,0,0,0,0,0,0,0,0,0,0,0,0,0,0,0,0,0,0,0,0,0,0,0,0,0,0,0,0,0,0,0,0,0,0,0,0,0,0,0,0,0,0,0,0,0,0,0,0,0,0,0,0,0,0,0,0,0,0,0,0,0,0,0,0,0,0,0,0,0,0,0,0,0,0,0,0,0,0,0,0,0,0,0,0,0,0,0,0,0,0,0,0,0,0,0,0,0,0,0,0,0,0,0,0,0,0,0,0,0,0,0,0,0,0,0,0,0,0,0,0,0,0,0,0,0,0,0,0,0,0,0,0,0,0,0,0,0,0,0,0,0,0,0,0,0,0,0,0,0,0,0,0,0,0,0,0,0,0,0,0,0,0,0,0,0
282183,129,118255,16909,1182,1,0,14063,664,508,2945,16909,529,50,665,2490,509,851,194,394,2808,234,399,635,516,2800,234,992,708,446,2796,233,400,632,520,2803,232,419,640,418,2789,234,402,638,518,2799,237,5752,792,426,2902,231,399,651,520,2794,228,420,647,435,2798,234,401,638,511,2845,229,776,667,424,2779,234,402,644,522,2804,229,602,661,433,2784,234,401,633,516,2825,228,403,631,421,912,189,398,617,526,2809,229,5736,799,423,2857,235,399,691,516,2841,226,556,0,0,0,0,0,0,0,0,0,0,0,0,0,0,0,0,0,0,0,0,0,0,0,0,0,0,0,0,0,0,0,0,0,0,0,0,0,0,0,0,0,0,0,0,0,0,0,0,0,0,0,0,0,0,0,0,0,0,0,0,0,0,0,0,0,0,0,0,0,0,0,0,0,0,0,0,0,0,0,0,0,0,0,0,0,0,0,0,0,0,0,0,0,0,0,0,0,0,0,0,0,0,0,0,0,0,0,0,0,0,0,0,0,0,0,0,0,0,0,0,0,0,0,0,0,0,0,0,0,0,0,0,0,0,0,0,0,0,0,0,0,0,0,0,0,0,0,0,0,0,0,0,0,0,0,0,0,0,0,0,0,0,0,0,0,0,0,0,0,0,0,0,0,0,0,0,0,0,0,0,0,0,0,0,0,0,0,0,0,0,0,0,0,0,0,0,0,0,0,0
283183,130,118498,16935,1184,1,0,15690,662,511,2935,16935,533,49,655,2487,509,853,204,404,2795,234,399,635,514,2823,231,983,712,440,2799,241,409,642,522,2808,232,420,646,422,2784,234,402,652,514,2796,231,5757,791,427,2909,229,399,640,521,2797,237,783,664,421,2795,232,402,644,514,2791,233,777,669,438,2804,233,400,634,521,949,179,603,634,421,2764,230,400,647,514,2798,232,403,630,431,2794,232,400,634,517,2829,230,5741,786,426,2853,234,402,690,516,2814,229,417,0,0,0,0,0,0,0,0,0,0,0,0,0,0,0,0,0,0,0,0,0,0,0,0,0,0,0,0,0,0,0,0,0,0,0,0,0,0,0,0,0,0,0,0,0,0,0,0,0,0,0,0,0,0,0,0,0,0,0,0,0,0,0,0,0,0,0,0,0,0,0,0,0,0,0,0,0,0,0,0,0,0,0,0,0,0,0,0,0,0,0,0,0,0,0,0,0,0,0,0,0,0,0,0,0,0,0,0,0,0,0,0,0,0,0,0,0,0,0,0,0,0,0,0,0,0,0,0,0,0,0,0,0,0,0,0,0,0,0,0,0,0,0,0,0,0,0,0,0,0,0,0,0,0,0,0,0,0,0,0,0,0,0,0,0,0,0,0,0,0,0,0,0,0,0,0,0,0,0,0,0,0,0,0,0,0,0,0,0,0,0,0,0,0,0,0,0,0,0,0
284182,131,117169,15380,1171,1,0,15678,663,515,2940,15380,530,44,675,2488,508,853,195,394,2808,239,408,647,514,2807,234,993,713,446,2798,235,399,646,518,2804,231,419,642,418,2782,234,401,638,517,2797,231,5752,788,428,2902,230,399,651,519,2790,230,560,643,435,2801,234,399,639,512,958,179,773,704,412,2780,236,402,646,519,2807,230,603,653,433,2792,234,401,633,518,2818,228,403,630,422,2797,235,402,645,516,2801,231,5741,798,435,2866,234,399,689,521,2836,226,767,0,0,0,0,0,0,0,0,0,0,0,0,0,0,0,0,0,0,0,0,0,0,0,0,0,0,0,0,0,0,0,0,0,0,0,0,0,0,0,0,0,0,0,0,0,0,0,0,0,0,0,0,0,0,0,0,0,0,0,0,0,0,0,0,0,0,0,0,0,0,0,0,0,0,0,0,0,0,0,0,0,0,0,0,0,0,0,0,0,0,0,0,0,0,0,0,0,0,0,0,0,0,0,0,0,0,0,0,0,0,0,0,0,0,0,0,0,0,0,0,0,0,0,0,0,0,0,0,0,0,0,0,0,0,0,0,0,0,0,0,0,0,0,0,0,0,0,0,0,0,0,0,0,0,0,0,0,0,0,0,0,0,0,0,0,0,0,0,0,0,0,0,0,0,0,0,0,0,0,0,0,0,0,0,0,0,0,0,0,0,0,0,0,0,0,0,0,0,0,0
285183,132,118367,17081,1183,1,0,14124,669,508,2944,17081,534,45,656,2485,509,853,194,399,2799,234,399,635,514,2824,239,994,709,442,2801,234,401,639,520,2804,231,419,649,429,2782,234,402,637,517,2824,229,5751,790,427,1026,180,397,631,524,2812,225,419,647,426,2777,234,402,630,515,2800,228,776,669,422,2776,240,409,641,520,2799,230,631,663,428,2782,233,401,634,520,2793,229,403,628,422,2789,236,399,637,516,2810,232,5752,788,425,2853,234,399,689,518,2799,228,555,0,0,0,0,0,0,0,0,0,0,0,0,0,0,0,0,0,0,0,0,0,0,0,0,0,0,0,0,0,0,0,0,0,0,0,0,0,0,0,0,0,0,0,0,0,0,0,0,0,0,0,0,0,0,0,0,0,0,0,0,0,0,0,0,0,0,0,0,0,0,0,0,0,0,0,0,0,0,0,0,0,0,0,0,0,0,0,0,0,0,0,0,0,0,0,0,0,0,0,0,0,0,0,0,0,0,0,0,0,0,0,0,0,0,0,0,0,0,0,0,0,0,0,0,0,0,0,0,0,0,0,0,0,0,0,0,0,0,0,0,0,0,0,0,0,0,0,0,0,0,0,0,0,0,0,0,0,0,0,0,0,0,0,0,0,0,0,0,0,0,0,0,0,0,0,0,0,0,0,0,0,0,0,0,0,0,0,0,0,0,0,0,0,0,0,0,0,0,0,0
286183,133,118626,16975,1186,1,0,15865,659,509,2949,16975,530,66,667,2468,508,857,204,396,2796,234,400,632,518,2801,234,987,707,444,2806,235,400,634,519,2810,232,420,646,422,914,177,380,628,522,2790,231,5829,793,427,2909,229,399,639,517,2799,228,782,664,426,2788,233,401,635,518,2789,232,775,668,421,2798,235,399,634,520,2808,235,611,657,413,2792,233,402,650,513,2795,229,403,630,444,2800,236,400,636,514,2807,239,5824,786,426,2851,234,399,695,522,2803,228,417,0,0,0,0,0,0,0,0,0,0,0,0,0,0,0,0,0,0,0,0,0,0,0,0,0,0,0,0,0,0,0,0,0,0,0,0,0,0,0,0,0,0,0,0,0,0,0,0,0,0,0,0,0,0,0,0,0,0,0,0,0,0,0,0,0,0,0,0,0,0,0,0,0,0,0,0,0,0,0,0,0,0,0,0,0,0,0,0,0,0,0,0,0,0,0,0,0,0,0,0,0,0,0,0,0,0,0,0,0,0,0,0,0,0,0,0,0,0,0,0,0,0,0,0,0,0,0,0,0,0,0,0,0,0,0,0,0,0,0,0,0,0,0,0,0,0,0,0,0,0,0,0,0,0,0,0,0,0,0,0,0,0,0,0,0,0,0,0,0,0,0,0,0,0,0,0,0,0,0,0,0,0,0,0,0,0,0,0,0,0,0,0,0,0,0,0,0,0,0,0
287182,134,117119,15329,1171,1,0,15749,658,507,2944,15329,530,45,659,2488,513,851,197,391,2800,234,405,648,513,947,169,962,700,440,2800,231,399,630,516,2826,229,419,640,417,2785,232,404,645,516,2789,232,5823,789,439,2910,230,399,639,517,2830,226,561,644,426,2784,240,409,644,515,2794,235,771,680,436,2791,232,399,635,518,2832,228,603,649,416,2783,233,403,646,515,2801,230,403,630,431,2788,235,399,636,514,2829,230,5814,788,425,2852,234,402,689,517,2813,228,767,0,0,0,0,0,0,0,0,0,0,0,0,0,0,0,0,0,0,0,0,0,0,0,0,0,0,0,0,0,0,0,0,0,0,0,0,0,0,0,0,0,0,0,0,0,0,0,0,0,0,0,0,0,0,0,0,0,0,0,0,0,0,0,0,0,0,0,0,0,0,0,0,0,0,0,0,0,0,0,0,0,0,0,0,0,0,0,0,0,0,0,0,0,0,0,0,0,0,0,0,0,0,0,0,0,0,0,0,0,0,0,0,0,0,0,0,0,0,0,0,0,0,0,0,0,0,0,0,0,0,0,0,0,0,0,0,0,0,0,0,0,0,0,0,0,0,0,0,0,0,0,0,0,0,0,0,0,0,0,0,0,0,0,0,0,0,0,0,0,0,0,0,0,0,0,0,0,0,0,0,0,0,0,0,0,0,0,0,0,0,0,0,0,0,0,0,0,0,0,0
288183,135,116518,17020,1165,1,0,14112,667,506,2939,17020,530,66,664,575,396,815,202,392,2823,241,411,646,520,2797,232,1012,709,441,2806,233,399,630,518,2808,231,419,639,420,2796,234,400,634,512,2806,239,5830,787,427,2901,230,399,649,519,2793,228,420,648,435,2795,234,401,638,512,2816,235,779,670,424,2786,234,402,644,520,2803,229,602,661,424,2781,234,401,633,520,2807,230,403,629,422,2785,240,409,642,517,2802,232,5826,792,427,990,189,383,695,523,2818,228,557,0,0,0,0,0,0,0,0,0,0,0,0,0,0,0,0,0,0,0,0,0,0,0,0,0,0,0,0,0,0,0,0,0,0,0,0,0,0,0,0,0,0,0,0,0,0,0,0,0,0,0,0,0,0,0,0,0,0,0,0,0,0,0,0,0,0,0,0,0,0,0,0,0,0,0,0,0,0,0,0,0,0,0,0,0,0,0,0,0,0,0,0,0,0,0,0,0,0,0,0,0,0,0,0,0,0,0,0,0,0,0,0,0,0,0,0,0,0,0,0,0,0,0,0,0,0,0,0,0,0,0,0,0,0,0,0,0,0,0,0,0,0,0,0,0,0,0,0,0,0,0,0,0,0,0,0,0,0,0,0,0,0,0,0,0,0,0,0,0,0,0,0,0,0,0,0,0,0,0,0,0,0,0,0,0,0,0,0,0,0,0,0,0,0,0,0,0,0,0,0
289183,136,118627,17056,1186,1,0,15817,654,519,2948,17056,529,45,657,2489,509,855,209,396,2801,234,399,636,515,2797,234,986,714,441,2798,238,408,643,522,2805,232,419,648,422,2782,234,401,638,518,2800,231,5753,790,427,2893,234,409,645,523,2793,229,804,666,424,2788,233,401,636,518,2809,232,779,668,424,2804,235,399,634,521,2806,236,614,655,413,2793,234,402,650,514,2794,230,403,631,434,925,172,381,612,527,2832,226,5738,794,425,2851,234,402,690,517,2813,229,417,0,0,0,0,0,0,0,0,0,0,0,0,0,0,0,0,0,0,0,0,0,0,0,0,0,0,0,0,0,0,0,0,0,0,0,0,0,0,0,0,0,0,0,0,0,0,0,0,0,0,0,0,0,0,0,0,0,0,0,0,0,0,0,0,0,0,0,0,0,0,0,0,0,0,0,0,0,0,0,0,0,0,0,0,0,0,0,0,0,0,0,0,0,0,0,0,0,0,0,0,0,0,0,0,0,0,0,0,0,0,0,0,0,0,0,0,0,0,0,0,0,0,0,0,0,0,0,0,0,0,0,0,0,0,0,0,0,0,0,0,0,0,0,0,0,0,0,0,0,0,0,0,0,0,0,0,0,0,0,0,0,0,0,0,0,0,0,0,0,0,0,0,0,0,0,0,0,0,0,0,0,0,0,0,0,0,0,0,0,0,0,0,0,0,0,0,0,0,0,0
290182,137,117084,15372,1170,1,0,15829,658,510,2944,15372,528,44,654,2498,508,854,193,394,2794,234,403,650,515,2798,234,988,724,438,2793,234,399,634,518,2832,229,419,644,419,2784,239,411,646,517,2791,232,5763,792,428,2902,230,399,639,522,2815,229,560,645,427,2787,239,409,645,518,2791,234,772,675,428,2789,233,399,636,521,961,173,593,632,421,2784,236,402,641,517,2793,232,404,634,425,2794,233,400,647,517,2802,231,5735,786,437,2873,234,399,689,518,2845,226,767,0,0,0,0,0,0,0,0,0,0,0,0,0,0,0,0,0,0,0,0,0,0,0,0,0,0,0,0,0,0,0,0,0,0,0,0,0,0,0,0,0,0,0,0,0,0,0,0,0,0,0,0,0,0,0,0,0,0,0,0,0,0,0,0,0,0,0,0,0,0,0,0,0,0,0,0,0,0,0,0,0,0,0,0,0,0,0,0,0,0,0,0,0,0,0,0,0,0,0,0,0,0,0,0,0,0,0,0,0,0,0,0,0,0,0,0,0,0,0,0,0,0,0,0,0,0,0,0,0,0,0,0,0,0,0,0,0,0,0,0,0,0,0,0,0,0,0,0,0,0,0,0,0,0,0,0,0,0,0,0,0,0,0,0,0,0,0,0,0,0,0,0,0,0,0,0,0,0,0,0,0,0,0,0,0,0,0,0,0,0,0,0,0,0,0,0,0,0,0,0
291183,138,118455,17098,1184,1,0,14160,668,508,2946,17098,531,46,657,2485,509,870,201,389,2790,234,399,637,509,2817,231,983,718,440,2811,237,400,629,519,2805,232,419,649,420,2780,234,402,638,519,2795,232,5751,788,428,2912,230,400,640,520,2796,229,420,651,423,2783,234,401,634,519,945,164,760,702,418,2787,239,408,641,517,2804,231,631,654,428,2794,234,401,633,520,2823,228,402,630,421,2804,236,399,638,518,2813,240,5749,787,424,2849,234,399,696,522,2803,228,555,0,0,0,0,0,0,0,0,0,0,0,0,0,0,0,0,0,0,0,0,0,0,0,0,0,0,0,0,0,0,0,0,0,0,0,0,0,0,0,0,0,0,0,0,0,0,0,0,0,0,0,0,0,0,0,0,0,0,0,0,0,0,0,0,0,0,0,0,0,0,0,0,0,0,0,0,0,0,0,0,0,0,0,0,0,0,0,0,0,0,0,0,0,0,0,0,0,0,0,0,0,0,0,0,0,0,0,0,0,0,0,0,0,0,0,0,0,0,0,0,0,0,0,0,0,0,0,0,0,0,0,0,0,0,0,0,0,0,0,0,0,0,0,0,0,0,0,0,0,0,0,0,0,0,0,0,0,0,0,0,0,0,0,0,0,0,0,0,0,0,0,0,0,0,0,0,0,0,0,0,0,0,0,0,0,0,0,0,0,0,0,0,0,0,0,0,0,0,0,0
292183,139,118729,17046,1187,1,0,15876,657,519,2942,17046,527,63,666,2470,513,851,200,392,2797,234,400,652,515,2795,234,988,706,447,2805,235,400,634,519,2811,232,420,646,422,2783,234,401,650,515,2790,231,5831,790,438,1051,170,381,625,519,2807,231,784,666,421,2787,229,404,645,516,2786,231,774,668,421,2790,234,400,635,521,2810,237,612,657,413,2786,232,401,650,514,2796,231,403,627,431,2797,235,399,637,514,2831,229,5828,786,426,2849,238,409,692,516,2800,229,417,0,0,0,0,0,0,0,0,0,0,0,0,0,0,0,0,0,0,0,0,0,0,0,0,0,0,0,0,0,0,0,0,0,0,0,0,0,0,0,0,0,0,0,0,0,0,0,0,0,0,0,0,0,0,0,0,0,0,0,0,0,0,0,0,0,0,0,0,0,0,0,0,0,0,0,0,0,0,0,0,0,0,0,0,0,0,0,0,0,0,0,0,0,0,0,0,0,0,0,0,0,0,0,0,0,0,0,0,0,0,0,0,0,0,0,0,0,0,0,0,0,0,0,0,0,0,0,0,0,0,0,0,0,0,0,0,0,0,0,0,0,0,0,0,0,0,0,0,0,0,0,0,0,0,0,0,0,0,0,0,0,0,0,0,0,0,0,0,0,0,0,0,0,0,0,0,0,0,0,0,0,0,0,0,0,0,0,0,0,0,0,0,0,0,0,0,0,0,0,0
293182,140,117024,15285,1170,1,0,15833,658,510,2941,15285,534,46,671,2482,507,852,194,393,2794,239,409,647,513,2803,235,986,717,438,2795,235,399,631,519,959,166,400,618,415,2756,240,410,645,514,2792,234,5839,788,427,2895,231,399,648,518,2795,228,560,644,427,2796,235,399,641,516,2802,234,772,679,428,2793,232,399,646,518,2799,230,602,648,417,2794,234,401,638,514,2800,236,411,638,414,2789,235,399,643,516,2804,231,5823,789,424,2865,233,399,690,520,2803,234,780,0,0,0,0,0,0,0,0,0,0,0,0,0,0,0,0,0,0,0,0,0,0,0,0,0,0,0,0,0,0,0,0,0,0,0,0,0,0,0,0,0,0,0,0,0,0,0,0,0,0,0,0,0,0,0,0,0,0,0,0,0,0,0,0,0,0,0,0,0,0,0,0,0,0,0,0,0,0,0,0,0,0,0,0,0,0,0,0,0,0,0,0,0,0,0,0,0,0,0,0,0,0,0,0,0,0,0,0,0,0,0,0,0,0,0,0,0,0,0,0,0,0,0,0,0,0,0,0,0,0,0,0,0,0,0,0,0,0,0,0,0,0,0,0,0,0,0,0,0,0,0,0,0,0,0,0,0,0,0,0,0,0,0,0,0,0,0,0,0,0,0,0,0,0,0,0,0,0,0,0,0,0,0,0,0,0,0,0,0,0,0,0,0,0,0,0,0,0,0,0
294183,141,118664,17129,1186,1,0,14068,685,529,2985,17129,528,66,664,2485,507,854,194,394,2815,234,399,637,510,943,183,986,705,424,2806,229,402,642,515,2804,231,419,639,429,2786,233,401,636,513,2809,236,5835,787,429,2897,230,402,648,522,2796,229,420,648,431,2785,235,401,634,516,2833,229,777,667,422,2782,234,402,641,518,2800,230,603,662,433,2781,234,401,633,517,2817,228,402,631,422,2787,235,402,643,517,2797,232,5826,789,426,2854,233,399,689,519,2802,229,555,0,0,0,0,0,0,0,0,0,0,0,0,0,0,0,0,0,0,0,0,0,0,0,0,0,0,0,0,0,0,0,0,0,0,0,0,0,0,0,0,0,0,0,0,0,0,0,0,0,0,0,0,0,0,0,0,0,0,0,0,0,0,0,0,0,0,0,0,0,0,0,0,0,0,0,0,0,0,0,0,0,0,0,0,0,0,0,0,0,0,0,0,0,0,0,0,0,0,0,0,0,0,0,0,0,0,0,0,0,0,0,0,0,0,0,0,0,0,0,0,0,0,0,0,0,0,0,0,0,0,0,0,0,0,0,0,0,0,0,0,0,0,0,0,0,0,0,0,0,0,0,0,0,0,0,0,0,0,0,0,0,0,0,0,0,0,0,0,0,0,0,0,0,0,0,0,0,0,0,0,0,0,0,0,0,0,0,0,0,0,0,0,0,0,0,0,0,0,0,0
295183,142,116852,17022,1168,1,0,15927,659,427,1109,17022,529,42,712,2465,514,837,199,392,2799,234,399,655,515,2797,234,987,709,443,2807,234,399,633,518,2812,238,427,647,411,2788,234,402,644,513,2795,231,5832,790,438,2903,231,399,640,519,2826,234,784,663,422,2788,233,404,639,514,2799,232,775,683,428,2787,234,400,633,519,2812,228,603,649,416,2784,239,411,642,515,2797,231,404,635,425,2780,235,399,640,518,2803,231,5825,787,424,1002,184,384,692,516,2820,235,425,0,0,0,0,0,0,0,0,0,0,0,0,0,0,0,0,0,0,0,0,0,0,0,0,0,0,0,0,0,0,0,0,0,0,0,0,0,0,0,0,0,0,0,0,0,0,0,0,0,0,0,0,0,0,0,0,0,0,0,0,0,0,0,0,0,0,0,0,0,0,0,0,0,0,0,0,0,0,0,0,0,0,0,0,0,0,0,0,0,0,0,0,0,0,0,0,0,0,0,0,0,0,0,0,0,0,0,0,0,0,0,0,0,0,0,0,0,0,0,0,0,0,0,0,0,0,0,0,0,0,0,0,0,0,0,0,0,0,0,0,0,0,0,0,0,0,0,0,0,0,0,0,0,0,0,0,0,0,0,0,0,0,0,0,0,0,0,0,0,0,0,0,0,0,0,0,0,0,0,0,0,0,0,0,0,0,0,0,0,0,0,0,0,0,0,0,0,0,0,0
296182,143,118830,17057,1188,1,0,15831,659,510,2943,17057,532,69,667,2474,506,854,193,394,2810,234,399,636,515,2807,234,992,708,446,2798,235,399,645,518,2801,231,419,640,418,2788,234,401,638,518,2792,239,5837,788,427,2902,231,399,649,519,2794,228,560,645,435,2791,235,399,636,514,2804,241,779,672,424,2784,232,400,649,517,2796,229,605,648,431,2789,233,402,637,514,960,169,388,598,421,2756,236,410,647,518,2807,231,5841,797,424,2850,234,399,691,519,2810,229,767,0,0,0,0,0,0,0,0,0,0,0,0,0,0,0,0,0,0,0,0,0,0,0,0,0,0,0,0,0,0,0,0,0,0,0,0,0,0,0,0,0,0,0,0,0,0,0,0,0,0,0,0,0,0,0,0,0,0,0,0,0,0,0,0,0,0,0,0,0,0,0,0,0,0,0,0,0,0,0,0,0,0,0,0,0,0,0,0,0,0,0,0,0,0,0,0,0,0,0,0,0,0,0,0,0,0,0,0,0,0,0,0,0,0,0,0,0,0,0,0,0,0,0,0,0,0,0,0,0,0,0,0,0,0,0,0,0,0,0,0,0,0,0,0,0,0,0,0,0,0,0,0,0,0,0,0,0,0,0,0,0,0,0,0,0,0,0,0,0,0,0,0,0,0,0,0,0,0,0,0,0,0,0,0,0,0,0,0,0,0,0,0,0,0,0,0,0,0,0,0
297183,144,116829,15340,1168,1,0,15844,668,511,2942,15340,529,45,659,2484,508,856,203,395,2795,234,400,637,515,2795,234,987,707,444,2801,233,400,634,519,2808,239,427,648,422,2786,234,401,645,514,2790,231,5831,791,438,2915,231,399,639,519,2798,236,426,652,420,2786,234,402,644,514,2790,231,775,669,438,2799,234,400,634,522,949,179,601,636,420,2766,231,422,653,514,2801,232,402,629,431,2797,233,399,638,514,2829,235,5828,787,426,2852,234,402,689,513,2817,228,555,0,0,0,0,0,0,0,0,0,0,0,0,0,0,0,0,0,0,0,0,0,0,0,0,0,0,0,0,0,0,0,0,0,0,0,0,0,0,0,0,0,0,0,0,0,0,0,0,0,0,0,0,0,0,0,0,0,0,0,0,0,0,0,0,0,0,0,0,0,0,0,0,0,0,0,0,0,0,0,0,0,0,0,0,0,0,0,0,0,0,0,0,0,0,0,0,0,0,0,0,0,0,0,0,0,0,0,0,0,0,0,0,0,0,0,0,0,0,0,0,0,0,0,0,0,0,0,0,0,0,0,0,0,0,0,0,0,0,0,0,0,0,0,0,0,0,0,0,0,0,0,0,0,0,0,0,0,0,0,0,0,0,0,0,0,0,0,0,0,0,0,0,0,0,0,0,0,0,0,0,0,0,0,0,0,0,0,0,0,0,0,0,0,0,0,0,0,0,0,0
298183,145,118509,17044,1185,1,0,14118,661,509,2938,17044,525,45,655,2495,513,850,197,391,2800,234,399,646,515,2796,234,987,711,450,2804,234,399,633,518,2831,231,419,643,417,2788,235,403,641,515,2788,231,5749,797,428,2900,230,399,639,520,2822,226,772,663,426,910,184,397,626,520,2807,231,770,681,429,2793,233,399,631,520,2800,232,603,645,419,2793,233,401,639,515,2799,230,404,634,425,2789,236,400,633,521,2802,232,5740,787,424,2842,238,409,692,517,2802,229,417,0,0,0,0,0,0,0,0,0,0,0,0,0,0,0,0,0,0,0,0,0,0,0,0,0,0,0,0,0,0,0,0,0,0,0,0,0,0,0,0,0,0,0,0,0,0,0,0,0,0,0,0,0,0,0,0,0,0,0,0,0,0,0,0,0,0,0,0,0,0,0,0,0,0,0,0,0,0,0,0,0,0,0,0,0,0,0,0,0,0,0,0,0,0,0,0,0,0,0,0,0,0,0,0,0,0,0,0,0,0,0,0,0,0,0,0,0,0,0,0,0,0,0,0,0,0,0,0,0,0,0,0,0,0,0,0,0,0,0,0,0,0,0,0,0,0,0,0,0,0,0,0,0,0,0,0,0,0,0,0,0,0,0,0,0,0,0,0,0,0,0,0,0,0,0,0,0,0,0,0,0,0,0,0,0,0,0,0,0,0,0,0,0,0,0,0,0,0,0,0
299182,146,118577,16958,1185,1,0,15837,777,518,2906,16958,530,18,644,2479,510,854,196,393,2812,235,401,634,515,2796,229,992,708,446,2798,232,400,649,517,2801,232,419,642,429,2791,234,402,641,512,2834,228,5753,788,428,1026,170,390,631,522,2811,224,559,644,435,2780,232,401,634,514,2791,238,779,670,424,2780,232,400,649,518,2799,229,604,647,431,2788,234,402,634,516,2821,228,402,630,422,2788,235,402,644,516,2795,231,5740,789,425,2848,233,399,690,521,2803,229,767,0,0,0,0,0,0,0,0,0,0,0,0,0,0,0,0,0,0,0,0,0,0,0,0,0,0,0,0,0,0,0,0,0,0,0,0,0,0,0,0,0,0,0,0,0,0,0,0,0,0,0,0,0,0,0,0,0,0,0,0,0,0,0,0,0,0,0,0,0,0,0,0,0,0,0,0,0,0,0,0,0,0,0,0,0,0,0,0,0,0,0,0,0,0,0,0,0,0,0,0,0,0,0,0,0,0,0,0,0,0,0,0,0,0,0,0,0,0,0,0,0,0,0,0,0,0,0,0,0,0,0,0,0,0,0,0,0,0,0,0,0,0,0,0,0,0,0,0,0,0,0,0,0,0,0,0,0,0,0,0,0,0,0,0,0,0,0,0,0,0,0,0,0,0,0,0,0,0,0,0,0,0,0,0,0,0,0,0,0,0,0,0,0,0,0,0,0,0,0,0
300183,147,116683,15421,1166,1,0,15729,668,509,2942,15421,527,42,656,2488,509,855,202,395,2797,234,400,646,514,2795,234,989,711,448,2803,233,400,633,520,945,166,416,625,416,2760,235,399,653,517,2801,232,5743,787,438,2907,230,399,639,520,2811,232,427,652,420,2785,235,404,646,515,2796,231,773,683,428,2796,237,399,632,522,2802,231,603,647,417,2794,238,410,645,517,2796,229,404,637,425,2789,235,399,631,523,2799,231,5737,789,425,2867,233,399,690,519,2802,235,562,0,0,0,0,0,0,0,0,0,0,0,0,0,0,0,0,0,0,0,0,0,0,0,0,0,0,0,0,0,0,0,0,0,0,0,0,0,0,0,0,0,0,0,0,0,0,0,0,0,0,0,0,0,0,0,0,0,0,0,0,0,0,0,0,0,0,0,0,0,0,0,0,0,0,0,0,0,0,0,0,0,0,0,0,0,0,0,0,0,0,0,0,0,0,0,0,0,0,0,0,0,0,0,0,0,0,0,0,0,0,0,0,0,0,0,0,0,0,0,0,0,0,0,0,0,0,0,0,0,0,0,0,0,0,0,0,0,0,0,0,0,0,0,0,0,0,0,0,0,0,0,0,0,0,0,0,0,0,0,0,0,0,0,0,0,0,0,0,0,0,0,0,0,0,0,0,0,0,0,0,0,0,0,0,0,0,0,0,0,0,0,0,0,0,0,0,0,0,0,0
301183,148,123414,22296,1234,1,0,14194,841,41,2821,22296,254,60,468,2828,230,783,687,425,2789,234,401,746,454,2759,232,982,715,438,2800,239,411,754,430,2738,235,420,662,423,912,178,379,794,427,2739,231,5751,792,476,2859,232,402,751,439,2759,232,776,669,422,2784,231,400,751,437,2742,232,772,677,443,2803,231,402,747,432,2745,239,611,655,411,2775,230,401,742,435,2741,235,403,634,430,2791,233,400,745,430,2783,232,5740,791,449,2850,232,422,776,437,2727,233,556,0,0,0,0,0,0,0,0,0,0,0,0,0,0,0,0,0,0,0,0,0,0,0,0,0,0,0,0,0,0,0,0,0,0,0,0,0,0,0,0,0,0,0,0,0,0,0,0,0,0,0,0,0,0,0,0,0,0,0,0,0,0,0,0,0,0,0,0,0,0,0,0,0,0,0,0,0,0,0,0,0,0,0,0,0,0,0,0,0,0,0,0,0,0,0,0,0,0,0,0,0,0,0,0,0,0,0,0,0,0,0,0,0,0,0,0,0,0,0,0,0,0,0,0,0,0,0,0,0,0,0,0,0,0,0,0,0,0,0,0,0,0,0,0,0,0,0,0,0,0,0,0,0,0,0,0,0,0,0,0,0,0,0,0,0,0,0,0,0,0,0,0,0,0,0,0,0,0,0,0,0,0,0,0,0,0,0,0,0,0,0,0,0,0,0,0,0,0,0,0
302193,149,118382,16908,1183,1,0,20612,766,494,2921,16908,530,47,630,2485,517,852,202,392,2804,232,403,743,436,860,155,973,696,440,2802,234,402,741,432,2774,232,418,645,417,2781,239,410,750,426,2742,233,5829,799,476,2850,236,410,756,464,2761,231,772,672,423,2779,237,409,748,434,2742,232,783,667,424,2795,235,401,740,451,2745,234,600,645,416,2795,230,401,740,436,2743,232,404,649,424,2774,235,403,747,433,2743,233,5821,791,478,2860,233,410,768,440,2735,238,426,0,0,0,0,0,0,0,0,0,0,0,0,0,0,0,0,0,0,0,0,0,0,0,0,0,0,0,0,0,0,0,0,0,0,0,0,0,0,0,0,0,0,0,0,0,0,0,0,0,0,0,0,0,0,0,0,0,0,0,0,0,0,0,0,0,0,0,0,0,0,0,0,0,0,0,0,0,0,0,0,0,0,0,0,0,0,0,0,0,0,0,0,0,0,0,0,0,0,0,0,0,0,0,0,0,0,0,0,0,0,0,0,0,0,0,0,0,0,0,0,0,0,0,0,0,0,0,0,0,0,0,0,0,0,0,0,0,0,0,0,0,0,0,0,0,0,0,0,0,0,0,0,0,0,0,0,0,0,0,0,0,0,0,0,0,0,0,0,0,0,0,0,0,0,0,0,0,0,0,0,0,0,0,0,0,0,0,0,0,0,0,0,0,0,0,0,0,0,0,0
303192,150,114852,15224,1148,1,0,15690,769,497,2919,15224,528,46,622,576,407,823,194,403,2840,228,401,757,435,2745,240,992,709,440,2806,237,402,747,434,2751,233,418,643,428,2790,232,401,740,431,2768,233,5828,794,457,2855,230,403,754,439,2736,232,558,649,428,2774,232,399,741,448,2743,234,775,674,426,2796,238,410,746,437,2740,234,608,654,426,2780,231,399,749,433,2737,233,403,635,429,2798,234,400,743,431,2746,240,5825,791,448,965,181,422,796,435,2727,231,823,0,0,0,0,0,0,0,0,0,0,0,0,0,0,0,0,0,0,0,0,0,0,0,0,0,0,0,0,0,0,0,0,0,0,0,0,0,0,0,0,0,0,0,0,0,0,0,0,0,0,0,0,0,0,0,0,0,0,0,0,0,0,0,0,0,0,0,0,0,0,0,0,0,0,0,0,0,0,0,0,0,0,0,0,0,0,0,0,0,0,0,0,0,0,0,0,0,0,0,0,0,0,0,0,0,0,0,0,0,0,0,0,0,0,0,0,0,0,0,0,0,0,0,0,0,0,0,0,0,0,0,0,0,0,0,0,0,0,0,0,0,0,0,0,0,0,0,0,0,0,0,0,0,0,0,0,0,0,0,0,0,0,0,0,0,0,0,0,0,0,0,0,0,0,0,0,0,0,0,0,0,0,0,0,0,0,0,0,0,0,0,0,0,0,0,0,0,0,0,0
304193,151,118327,16953,1183,1,0,14005,770,500,2975,16953,529,45,630,2491,516,850,201,393,2800,232,402,744,436,2738,233,986,722,436,2799,234,402,750,458,2765,233,419,645,417,2780,236,408,751,426,2734,236,5861,797,457,2856,230,401,751,463,2744,232,421,642,424,2809,234,399,743,430,2738,240,782,678,426,2792,231,402,754,440,2742,235,601,648,420,2793,230,400,747,430,2736,240,412,660,410,915,177,383,797,440,2742,232,5824,790,449,2846,231,410,770,439,2734,232,560,0,0,0,0,0,0,0,0,0,0,0,0,0,0,0,0,0,0,0,0,0,0,0,0,0,0,0,0,0,0,0,0,0,0,0,0,0,0,0,0,0,0,0,0,0,0,0,0,0,0,0,0,0,0,0,0,0,0,0,0,0,0,0,0,0,0,0,0,0,0,0,0,0,0,0,0,0,0,0,0,0,0,0,0,0,0,0,0,0,0,0,0,0,0,0,0,0,0,0,0,0,0,0,0,0,0,0,0,0,0,0,0,0,0,0,0,0,0,0,0,0,0,0,0,0,0,0,0,0,0,0,0,0,0,0,0,0,0,0,0,0,0,0,0,0,0,0,0,0,0,0,0,0,0,0,0,0,0,0,0,0,0,0,0,0,0,0,0,0,0,0,0,0,0,0,0,0,0,0,0,0,0,0,0,0,0,0,0,0,0,0,0,0,0,0,0,0,0,0,0
305193,152,118464,16932,1184,1,0,15753,771,497,2924,16932,536,46,633,2494,510,858,195,394,2821,232,401,746,435,2741,239,997,713,439,2799,234,403,758,452,2743,234,419,643,428,2792,232,399,746,426,2740,239,5836,793,456,2854,230,401,762,442,2740,232,771,671,435,2797,231,399,740,431,2739,239,785,677,427,2793,232,402,756,438,863,159,587,631,436,2790,225,401,755,427,2748,238,411,647,411,2777,235,401,748,437,2745,233,5825,792,478,2860,233,410,769,440,2752,232,418,0,0,0,0,0,0,0,0,0,0,0,0,0,0,0,0,0,0,0,0,0,0,0,0,0,0,0,0,0,0,0,0,0,0,0,0,0,0,0,0,0,0,0,0,0,0,0,0,0,0,0,0,0,0,0,0,0,0,0,0,0,0,0,0,0,0,0,0,0,0,0,0,0,0,0,0,0,0,0,0,0,0,0,0,0,0,0,0,0,0,0,0,0,0,0,0,0,0,0,0,0,0,0,0,0,0,0,0,0,0,0,0,0,0,0,0,0,0,0,0,0,0,0,0,0,0,0,0,0,0,0,0,0,0,0,0,0,0,0,0,0,0,0,0,0,0,0,0,0,0,0,0,0,0,0,0,0,0,0,0,0,0,0,0,0,0,0,0,0,0,0,0,0,0,0,0,0,0,0,0,0,0,0,0,0,0,0,0,0,0,0,0,0,0,0,0,0,0,0,0
306192,153,116789,15270,1167,1,0,15718,765,497,2918,15270,531,46,623,2480,511,855,197,399,2815,232,402,748,435,2763,231,982,715,438,2801,234,403,754,435,2744,234,419,650,427,2781,232,399,743,427,2767,235,5828,793,457,2855,230,403,754,439,2735,233,559,652,434,2776,232,399,741,428,884,155,769,668,415,2800,238,410,752,430,2734,234,607,651,428,2782,231,401,739,452,2749,231,403,634,418,2798,236,401,739,431,2747,239,5825,790,450,2847,231,410,776,439,2728,232,769,0,0,0,0,0,0,0,0,0,0,0,0,0,0,0,0,0,0,0,0,0,0,0,0,0,0,0,0,0,0,0,0,0,0,0,0,0,0,0,0,0,0,0,0,0,0,0,0,0,0,0,0,0,0,0,0,0,0,0,0,0,0,0,0,0,0,0,0,0,0,0,0,0,0,0,0,0,0,0,0,0,0,0,0,0,0,0,0,0,0,0,0,0,0,0,0,0,0,0,0,0,0,0,0,0,0,0,0,0,0,0,0,0,0,0,0,0,0,0,0,0,0,0,0,0,0,0,0,0,0,0,0,0,0,0,0,0,0,0,0,0,0,0,0,0,0,0,0,0,0,0,0,0,0,0,0,0,0,0,0,0,0,0,0,0,0,0,0,0,0,0,0,0,0,0,0,0,0,0,0,0,0,0,0,0,0,0,0,0,0,0,0,0,0,0,0,0,0,0,0
307193,154,118057,16941,1180,1,0,14054,768,507,2918,16941,533,45,628,2479,518,870,199,396,2804,232,420,748,435,2736,233,987,710,449,2807,233,403,749,434,2765,232,420,645,417,2784,232,401,748,432,2737,235,5750,794,475,986,174,382,800,426,2747,231,418,641,424,2759,239,409,746,430,2732,233,771,693,434,2780,231,400,744,458,2762,234,602,642,416,2792,236,408,746,430,2738,234,404,644,424,2777,233,401,741,448,2745,232,5740,792,449,2862,231,410,770,439,2734,238,566,0,0,0,0,0,0,0,0,0,0,0,0,0,0,0,0,0,0,0,0,0,0,0,0,0,0,0,0,0,0,0,0,0,0,0,0,0,0,0,0,0,0,0,0,0,0,0,0,0,0,0,0,0,0,0,0,0,0,0,0,0,0,0,0,0,0,0,0,0,0,0,0,0,0,0,0,0,0,0,0,0,0,0,0,0,0,0,0,0,0,0,0,0,0,0,0,0,0,0,0,0,0,0,0,0,0,0,0,0,0,0,0,0,0,0,0,0,0,0,0,0,0,0,0,0,0,0,0,0,0,0,0,0,0,0,0,0,0,0,0,0,0,0,0,0,0,0,0,0,0,0,0,0,0,0,0,0,0,0,0,0,0,0,0,0,0,0,0,0,0,0,0,0,0,0,0,0,0,0,0,0,0,0,0,0,0,0,0,0,0,0,0,0,0,0,0,0,0,0,0
308193,155,118434,16996,1184,1,0,15724,769,496,2966,16996,530,45,628,2482,511,856,197,399,2811,232,402,748,436,2739,237,991,716,437,2802,234,422,754,436,2748,234,419,644,428,924,178,379,799,428,2745,232,5752,795,456,2850,230,403,755,439,2735,233,771,678,429,2786,231,399,741,431,2766,233,779,674,426,2788,237,410,751,431,2738,234,609,656,426,2781,231,400,741,453,2747,233,403,636,420,2787,238,409,753,429,2740,234,5754,796,450,2847,231,410,769,440,2750,231,419,0,0,0,0,0,0,0,0,0,0,0,0,0,0,0,0,0,0,0,0,0,0,0,0,0,0,0,0,0,0,0,0,0,0,0,0,0,0,0,0,0,0,0,0,0,0,0,0,0,0,0,0,0,0,0,0,0,0,0,0,0,0,0,0,0,0,0,0,0,0,0,0,0,0,0,0,0,0,0,0,0,0,0,0,0,0,0,0,0,0,0,0,0,0,0,0,0,0,0,0,0,0,0,0,0,0,0,0,0,0,0,0,0,0,0,0,0,0,0,0,0,0,0,0,0,0,0,0,0,0,0,0,0,0,0,0,0,0,0,0,0,0,0,0,0,0,0,0,0,0,0,0,0,0,0,0,0,0,0,0,0,0,0,0,0,0,0,0,0,0,0,0,0,0,0,0,0,0,0,0,0,0,0,0,0,0,0,0,0,0,0,0,0,0,0,0,0,0,0,0
309192,156,116609,15260,1166,1,0,15789,763,498,2912,15260,530,46,624,2478,511,858,207,396,2798,232,401,747,453,867,156,968,700,431,2808,234,402,743,431,2749,233,419,659,422,2769,233,403,751,448,2744,231,5747,794,457,2866,230,401,752,438,2740,237,565,654,419,2778,233,400,750,435,2740,234,770,679,443,2799,230,402,745,437,2763,240,612,657,410,2776,230,400,747,429,2737,234,403,655,427,2781,233,401,745,430,2763,232,5735,792,449,2842,231,422,775,437,2729,233,769,0,0,0,0,0,0,0,0,0,0,0,0,0,0,0,0,0,0,0,0,0,0,0,0,0,0,0,0,0,0,0,0,0,0,0,0,0,0,0,0,0,0,0,0,0,0,0,0,0,0,0,0,0,0,0,0,0,0,0,0,0,0,0,0,0,0,0,0,0,0,0,0,0,0,0,0,0,0,0,0,0,0,0,0,0,0,0,0,0,0,0,0,0,0,0,0,0,0,0,0,0,0,0,0,0,0,0,0,0,0,0,0,0,0,0,0,0,0,0,0,0,0,0,0,0,0,0,0,0,0,0,0,0,0,0,0,0,0,0,0,0,0,0,0,0,0,0,0,0,0,0,0,0,0,0,0,0,0,0,0,0,0,0,0,0,0,0,0,0,0,0,0,0,0,0,0,0,0,0,0,0,0,0,0,0,0,0,0,0,0,0,0,0,0,0,0,0,0,0,0
310193,157,116146,16928,1161,1,0,14039,781,507,2964,16928,536,45,629,596,399,823,198,394,2837,233,410,753,436,2743,234,987,722,443,2803,235,401,738,429,2777,235,417,643,417,2788,233,403,747,431,2744,233,5759,798,457,2852,231,402,751,438,2765,233,421,642,424,2788,241,408,750,427,2737,235,771,695,428,2792,233,402,748,457,2758,233,602,644,416,2798,231,399,747,429,2730,234,404,652,424,2774,233,401,752,448,2745,232,5732,792,449,981,182,412,796,434,2725,237,563,0,0,0,0,0,0,0,0,0,0,0,0,0,0,0,0,0,0,0,0,0,0,0,0,0,0,0,0,0,0,0,0,0,0,0,0,0,0,0,0,0,0,0,0,0,0,0,0,0,0,0,0,0,0,0,0,0,0,0,0,0,0,0,0,0,0,0,0,0,0,0,0,0,0,0,0,0,0,0,0,0,0,0,0,0,0,0,0,0,0,0,0,0,0,0,0,0,0,0,0,0,0,0,0,0,0,0,0,0,0,0,0,0,0,0,0,0,0,0,0,0,0,0,0,0,0,0,0,0,0,0,0,0,0,0,0,0,0,0,0,0,0,0,0,0,0,0,0,0,0,0,0,0,0,0,0,0,0,0,0,0,0,0,0,0,0,0,0,0,0,0,0,0,0,0,0,0,0,0,0,0,0,0,0,0,0,0,0,0,0,0,0,0,0,0,0,0,0,0,0
311193,158,118685,16999,1186,1,0,15718,767,497,2902,16999,528,46,625,2479,511,854,216,407,2803,232,402,745,436,2777,232,981,717,437,2805,234,403,756,435,2742,234,419,660,431,2776,232,399,743,428,2764,235,5752,794,457,2852,235,410,754,437,2733,233,771,677,428,2784,230,399,740,459,2764,232,775,673,426,2794,238,411,749,434,2738,234,608,654,426,2781,231,399,763,443,3020,231,403,636,420,929,187,395,801,426,2740,239,5738,788,451,2839,231,410,776,439,2729,232,418,0,0,0,0,0,0,0,0,0,0,0,0,0,0,0,0,0,0,0,0,0,0,0,0,0,0,0,0,0,0,0,0,0,0,0,0,0,0,0,0,0,0,0,0,0,0,0,0,0,0,0,0,0,0,0,0,0,0,0,0,0,0,0,0,0,0,0,0,0,0,0,0,0,0,0,0,0,0,0,0,0,0,0,0,0,0,0,0,0,0,0,0,0,0,0,0,0,0,0,0,0,0,0,0,0,0,0,0,0,0,0,0,0,0,0,0,0,0,0,0,0,0,0,0,0,0,0,0,0,0,0,0,0,0,0,0,0,0,0,0,0,0,0,0,0,0,0,0,0,0,0,0,0,0,0,0,0,0,0,0,0,0,0,0,0,0,0,0,0,0,0,0,0,0,0,0,0,0,0,0,0,0,0,0,0,0,0,0,0,0,0,0,0,0,0,0,0,0,0,0
312192,159,117130,15274,1171,1,0,15785,763,495,2920,15274,534,46,625,2502,510,858,195,395,2807,239,410,749,431,2735,232,987,722,443,2800,233,402,748,455,2756,234,419,642,417,2790,237,408,751,429,2735,235,5846,799,457,2857,230,401,753,458,2749,231,559,644,424,2792,239,408,751,428,2736,235,782,685,430,2793,231,402,745,458,871,161,587,631,416,2796,226,401,754,429,2751,238,411,648,411,2778,236,402,750,433,2746,234,5822,802,461,2847,232,466,777,436,2770,233,888,0,0,0,0,0,0,0,0,0,0,0,0,0,0,0,0,0,0,0,0,0,0,0,0,0,0,0,0,0,0,0,0,0,0,0,0,0,0,0,0,0,0,0,0,0,0,0,0,0,0,0,0,0,0,0,0,0,0,0,0,0,0,0,0,0,0,0,0,0,0,0,0,0,0,0,0,0,0,0,0,0,0,0,0,0,0,0,0,0,0,0,0,0,0,0,0,0,0,0,0,0,0,0,0,0,0,0,0,0,0,0,0,0,0,0,0,0,0,0,0,0,0,0,0,0,0,0,0,0,0,0,0,0,0,0,0,0,0,0,0,0,0,0,0,0,0,0,0,0,0,0,0,0,0,0,0,0,0,0,0,0,0,0,0,0,0,0,0,0,0,0,0,0,0,0,0,0,0,0,0,0,0,0,0,0,0,0,0,0,0,0,0,0,0,0,0,0,0,0,0
313194,160,118456,17350,1184,1,0,14060,41,635,2601,17350,710,244,401,2790,231,770,675,439,2800,233,402,744,434,2771,232,982,712,437,2797,234,403,751,432,2741,235,419,642,429,2788,232,399,737,436,2774,235,5828,792,457,2857,230,403,754,439,2737,233,421,647,428,916,174,380,787,429,2757,233,771,675,422,2807,232,402,747,436,2740,234,632,656,426,2776,230,400,745,451,2752,235,403,632,418,2792,238,409,752,430,2739,234,5827,789,451,2836,231,410,770,457,2741,231,677,0,0,0,0,0,0,0,0,0,0,0,0,0,0,0,0,0,0,0,0,0,0,0,0,0,0,0,0,0,0,0,0,0,0,0,0,0,0,0,0,0,0,0,0,0,0,0,0,0,0,0,0,0,0,0,0,0,0,0,0,0,0,0,0,0,0,0,0,0,0,0,0,0,0,0,0,0,0,0,0,0,0,0,0,0,0,0,0,0,0,0,0,0,0,0,0,0,0,0,0,0,0,0,0,0,0,0,0,0,0,0,0,0,0,0,0,0,0,0,0,0,0,0,0,0,0,0,0,0,0,0,0,0,0,0,0,0,0,0,0,0,0,0,0,0,0,0,0,0,0,0,0,0,0,0,0,0,0,0,0,0,0,0,0,0,0,0,0,0,0,0,0,0,0,0,0,0,0,0,0,0,0,0,0,0,0,0,0,0,0,0,0,0,0,0,0,0,0,0,0
314193,161,118502,17281,1185,1,0,15866,48,639,2567,17281,713,244,402,2790,236,774,684,424,2800,234,401,754,438,2745,231,978,709,436,2802,232,402,743,430,2745,240,428,652,410,2778,232,400,750,440,2741,234,5833,793,480,1006,178,381,799,425,2731,237,784,667,425,2791,231,400,742,437,2739,233,772,677,443,2798,230,401,745,433,2773,235,601,642,416,2785,235,408,744,432,2738,234,403,661,421,2782,233,401,741,459,2764,232,5829,791,449,2846,236,423,772,437,2730,233,418,0,0,0,0,0,0,0,0,0,0,0,0,0,0,0,0,0,0,0,0,0,0,0,0,0,0,0,0,0,0,0,0,0,0,0,0,0,0,0,0,0,0,0,0,0,0,0,0,0,0,0,0,0,0,0,0,0,0,0,0,0,0,0,0,0,0,0,0,0,0,0,0,0,0,0,0,0,0,0,0,0,0,0,0,0,0,0,0,0,0,0,0,0,0,0,0,0,0,0,0,0,0,0,0,0,0,0,0,0,0,0,0,0,0,0,0,0,0,0,0,0,0,0,0,0,0,0,0,0,0,0,0,0,0,0,0,0,0,0,0,0,0,0,0,0,0,0,0,0,0,0,0,0,0,0,0,0,0,0,0,0,0,0,0,0,0,0,0,0,0,0,0,0,0,0,0,0,0,0,0,0,0,0,0,0,0,0,0,0,0,0,0,0,0,0,0,0,0,0,0
315192,162,118548,16973,1185,1,0,15796,766,496,2908,16973,536,60,642,2485,513,842,195,393,2821,232,401,745,434,2747,233,989,710,444,2803,234,401,749,454,874,159,395,633,410,2788,230,401,744,429,2750,239,5835,792,457,2855,230,401,761,442,2739,231,558,642,424,2793,233,399,743,426,2741,240,781,679,427,2795,231,402,755,441,2741,234,601,648,432,2791,230,399,746,430,2739,241,412,646,411,2778,232,401,751,433,2743,234,5830,792,466,2854,233,410,769,440,2751,237,782,0,0,0,0,0,0,0,0,0,0,0,0,0,0,0,0,0,0,0,0,0,0,0,0,0,0,0,0,0,0,0,0,0,0,0,0,0,0,0,0,0,0,0,0,0,0,0,0,0,0,0,0,0,0,0,0,0,0,0,0,0,0,0,0,0,0,0,0,0,0,0,0,0,0,0,0,0,0,0,0,0,0,0,0,0,0,0,0,0,0,0,0,0,0,0,0,0,0,0,0,0,0,0,0,0,0,0,0,0,0,0,0,0,0,0,0,0,0,0,0,0,0,0,0,0,0,0,0,0,0,0,0,0,0,0,0,0,0,0,0,0,0,0,0,0,0,0,0,0,0,0,0,0,0,0,0,0,0,0,0,0,0,0,0,0,0,0,0,0,0,0,0,0,0,0,0,0,0,0,0,0,0,0,0,0,0,0,0,0,0,0,0,0,0,0,0,0,0,0,0
316193,163,116570,15347,1165,1,0,15764,774,505,2920,15347,525,46,626,2477,511,854,209,405,2803,232,401,744,455,871,161,972,700,432,2807,241,410,746,430,2745,232,418,657,421,2771,232,401,740,453,2751,233,5836,794,457,2866,231,402,753,438,2738,239,427,657,422,2770,233,400,744,438,2743,234,771,680,444,2802,230,402,749,432,2752,239,611,655,411,2771,231,401,741,435,2742,235,403,634,430,2793,234,401,745,430,2762,232,5823,791,449,2847,231,422,775,437,2728,233,556,0,0,0,0,0,0,0,0,0,0,0,0,0,0,0,0,0,0,0,0,0,0,0,0,0,0,0,0,0,0,0,0,0,0,0,0,0,0,0,0,0,0,0,0,0,0,0,0,0,0,0,0,0,0,0,0,0,0,0,0,0,0,0,0,0,0,0,0,0,0,0,0,0,0,0,0,0,0,0,0,0,0,0,0,0,0,0,0,0,0,0,0,0,0,0,0,0,0,0,0,0,0,0,0,0,0,0,0,0,0,0,0,0,0,0,0,0,0,0,0,0,0,0,0,0,0,0,0,0,0,0,0,0,0,0,0,0,0,0,0,0,0,0,0,0,0,0,0,0,0,0,0,0,0,0,0,0,0,0,0,0,0,0,0,0,0,0,0,0,0,0,0,0,0,0,0,0,0,0,0,0,0,0,0,0,0,0,0,0,0,0,0,0,0,0,0,0,0,0,0
317193,164,116474,16989,1164,1,0,14128,774,500,1044,16989,528,60,658,2473,509,840,191,394,2796,238,408,756,433,2736,235,990,715,440,2803,237,401,769,445,2748,232,418,648,417,2788,231,401,741,430,2739,240,5751,793,458,2856,230,401,761,442,2742,231,771,671,435,2796,231,399,740,431,2740,238,784,671,426,2795,233,403,756,438,2741,234,602,648,432,2794,230,399,742,434,2739,241,411,646,411,2779,233,402,751,433,2746,233,5743,791,449,982,182,412,796,434,2725,237,424,0,0,0,0,0,0,0,0,0,0,0,0,0,0,0,0,0,0,0,0,0,0,0,0,0,0,0,0,0,0,0,0,0,0,0,0,0,0,0,0,0,0,0,0,0,0,0,0,0,0,0,0,0,0,0,0,0,0,0,0,0,0,0,0,0,0,0,0,0,0,0,0,0,0,0,0,0,0,0,0,0,0,0,0,0,0,0,0,0,0,0,0,0,0,0,0,0,0,0,0,0,0,0,0,0,0,0,0,0,0,0,0,0,0,0,0,0,0,0,0,0,0,0,0,0,0,0,0,0,0,0,0,0,0,0,0,0,0,0,0,0,0,0,0,0,0,0,0,0,0,0,0,0,0,0,0,0,0,0,0,0,0,0,0,0,0,0,0,0,0,0,0,0,0,0,0,0,0,0,0,0,0,0,0,0,0,0,0,0,0,0,0,0,0,0,0,0,0,0,0
318192,165,118385,16995,1183,1,0,15797,769,493,2952,16995,528,46,630,2479,511,854,196,405,2815,232,401,748,435,2739,238,990,713,439,2797,234,403,758,439,2743,235,419,644,428,2784,230,400,747,430,2736,239,5756,793,457,2858,230,401,762,442,2740,231,558,642,443,2791,233,399,741,428,2755,239,782,677,427,2791,230,403,745,437,2744,235,602,645,435,2788,231,399,742,430,887,156,379,614,407,2758,238,409,753,427,2737,234,5758,799,450,2846,232,410,768,457,2748,233,769,0,0,0,0,0,0,0,0,0,0,0,0,0,0,0,0,0,0,0,0,0,0,0,0,0,0,0,0,0,0,0,0,0,0,0,0,0,0,0,0,0,0,0,0,0,0,0,0,0,0,0,0,0,0,0,0,0,0,0,0,0,0,0,0,0,0,0,0,0,0,0,0,0,0,0,0,0,0,0,0,0,0,0,0,0,0,0,0,0,0,0,0,0,0,0,0,0,0,0,0,0,0,0,0,0,0,0,0,0,0,0,0,0,0,0,0,0,0,0,0,0,0,0,0,0,0,0,0,0,0,0,0,0,0,0,0,0,0,0,0,0,0,0,0,0,0,0,0,0,0,0,0,0,0,0,0,0,0,0,0,0,0,0,0,0,0,0,0,0,0,0,0,0,0,0,0,0,0,0,0,0,0,0,0,0,0,0,0,0,0,0,0,0,0,0,0,0,0,0,0
319193,166,116414,15278,1164,1,0,15794,768,508,2959,15278,544,45,630,2481,511,857,207,396,2798,232,401,746,453,2741,232,982,714,440,2808,233,402,747,434,2742,240,428,655,410,2774,232,401,751,431,2738,235,5751,794,476,2855,231,402,753,438,2742,236,427,654,420,2779,234,399,751,434,2739,234,770,679,443,2799,230,402,745,437,887,159,587,631,413,2782,232,410,757,429,2747,231,402,666,421,2782,234,401,745,451,2762,233,5736,791,449,2846,236,423,772,437,2732,233,559,0,0,0,0,0,0,0,0,0,0,0,0,0,0,0,0,0,0,0,0,0,0,0,0,0,0,0,0,0,0,0,0,0,0,0,0,0,0,0,0,0,0,0,0,0,0,0,0,0,0,0,0,0,0,0,0,0,0,0,0,0,0,0,0,0,0,0,0,0,0,0,0,0,0,0,0,0,0,0,0,0,0,0,0,0,0,0,0,0,0,0,0,0,0,0,0,0,0,0,0,0,0,0,0,0,0,0,0,0,0,0,0,0,0,0,0,0,0,0,0,0,0,0,0,0,0,0,0,0,0,0,0,0,0,0,0,0,0,0,0,0,0,0,0,0,0,0,0,0,0,0,0,0,0,0,0,0,0,0,0,0,0,0,0,0,0,0,0,0,0,0,0,0,0,0,0,0,0,0,0,0,0,0,0,0,0,0,0,0,0,0,0,0,0,0,0,0,0,0,0
320193,167,118041,16803,1180,1,0,14074,771,498,2956,16803,535,46,630,2493,511,856,196,395,2807,237,410,751,430,2741,233,989,713,443,2802,234,402,772,442,2742,232,419,644,417,2793,231,399,743,426,2737,235,5678,793,458,2856,230,401,753,458,2746,231,771,670,422,922,180,393,791,424,2723,235,774,679,427,2800,232,403,758,436,2737,232,602,649,418,2797,230,399,741,433,2738,234,404,647,424,2775,232,402,751,446,2745,232,5670,791,466,2843,232,410,768,440,2732,238,425,0,0,0,0,0,0,0,0,0,0,0,0,0,0,0,0,0,0,0,0,0,0,0,0,0,0,0,0,0,0,0,0,0,0,0,0,0,0,0,0,0,0,0,0,0,0,0,0,0,0,0,0,0,0,0,0,0,0,0,0,0,0,0,0,0,0,0,0,0,0,0,0,0,0,0,0,0,0,0,0,0,0,0,0,0,0,0,0,0,0,0,0,0,0,0,0,0,0,0,0,0,0,0,0,0,0,0,0,0,0,0,0,0,0,0,0,0,0,0,0,0,0,0,0,0,0,0,0,0,0,0,0,0,0,0,0,0,0,0,0,0,0,0,0,0,0,0,0,0,0,0,0,0,0,0,0,0,0,0,0,0,0,0,0,0,0,0,0,0,0,0,0,0,0,0,0,0,0,0,0,0,0,0,0,0,0,0,0,0,0,0,0,0,0,0,0,0,0,0,0
321192,168,118316,16925,1183,1,0,15618,720,503,2990,16925,541,43,626,2483,511,854,196,393,2812,232,401,743,435,2741,231,989,712,443,2800,234,403,758,439,2744,235,419,643,428,2784,231,400,745,430,2764,234,5741,794,457,982,177,389,798,426,2725,231,555,645,434,2771,234,401,737,431,2743,237,781,676,428,2792,233,402,744,436,2747,235,600,657,423,2781,230,402,740,452,2758,231,402,634,418,2809,236,400,742,427,2744,232,5736,791,450,2841,231,410,773,439,2729,233,768,0,0,0,0,0,0,0,0,0,0,0,0,0,0,0,0,0,0,0,0,0,0,0,0,0,0,0,0,0,0,0,0,0,0,0,0,0,0,0,0,0,0,0,0,0,0,0,0,0,0,0,0,0,0,0,0,0,0,0,0,0,0,0,0,0,0,0,0,0,0,0,0,0,0,0,0,0,0,0,0,0,0,0,0,0,0,0,0,0,0,0,0,0,0,0,0,0,0,0,0,0,0,0,0,0,0,0,0,0,0,0,0,0,0,0,0,0,0,0,0,0,0,0,0,0,0,0,0,0,0,0,0,0,0,0,0,0,0,0,0,0,0,0,0,0,0,0,0,0,0,0,0,0,0,0,0,0,0,0,0,0,0,0,0,0,0,0,0,0,0,0,0,0,0,0,0,0,0,0,0,0,0,0,0,0,0,0,0,0,0,0,0,0,0,0,0,0,0,0,0
322193,169,116249,15249,1162,1,0,15720,680,513,2983,15249,533,45,624,2482,517,852,201,393,2803,232,403,744,436,2740,233,986,711,449,2810,235,401,749,432,869,181,406,634,414,2767,230,401,755,433,2750,233,5742,793,476,2852,231,401,752,438,2761,231,421,642,424,2784,239,408,749,428,2736,235,774,677,427,2800,231,401,747,457,2745,234,602,643,416,2787,237,408,746,429,2737,234,404,648,424,2779,233,401,745,449,2743,233,5737,792,449,2852,231,410,770,439,2735,231,560,0,0,0,0,0,0,0,0,0,0,0,0,0,0,0,0,0,0,0,0,0,0,0,0,0,0,0,0,0,0,0,0,0,0,0,0,0,0,0,0,0,0,0,0,0,0,0,0,0,0,0,0,0,0,0,0,0,0,0,0,0,0,0,0,0,0,0,0,0,0,0,0,0,0,0,0,0,0,0,0,0,0,0,0,0,0,0,0,0,0,0,0,0,0,0,0,0,0,0,0,0,0,0,0,0,0,0,0,0,0,0,0,0,0,0,0,0,0,0,0,0,0,0,0,0,0,0,0,0,0,0,0,0,0,0,0,0,0,0,0,0,0,0,0,0,0,0,0,0,0,0,0,0,0,0,0,0,0,0,0,0,0,0,0,0,0,0,0,0,0,0,0,0,0,0,0,0,0,0,0,0,0,0,0,0,0,0,0,0,0,0,0,0,0,0,0,0,0,0,0
323193,170,118298,17460,1182,1,0,14044,769,512,2416,17460,250,55,462,2832,229,782,679,437,2797,234,401,746,428,875,177,983,704,427,2802,234,401,756,433,2744,231,417,642,428,2786,232,401,737,436,2774,235,5734,793,457,2855,230,403,754,439,2737,233,771,678,433,2783,231,399,741,451,2748,232,778,674,426,2789,237,411,751,431,2738,235,609,656,427,2782,231,400,760,445,2743,232,402,635,418,2791,233,401,742,429,2747,240,5736,790,450,2850,231,410,775,439,2728,232,418,0,0,0,0,0,0,0,0,0,0,0,0,0,0,0,0,0,0,0,0,0,0,0,0,0,0,0,0,0,0,0,0,0,0,0,0,0,0,0,0,0,0,0,0,0,0,0,0,0,0,0,0,0,0,0,0,0,0,0,0,0,0,0,0,0,0,0,0,0,0,0,0,0,0,0,0,0,0,0,0,0,0,0,0,0,0,0,0,0,0,0,0,0,0,0,0,0,0,0,0,0,0,0,0,0,0,0,0,0,0,0,0,0,0,0,0,0,0,0,0,0,0,0,0,0,0,0,0,0,0,0,0,0,0,0,0,0,0,0,0,0,0,0,0,0,0,0,0,0,0,0,0,0,0,0,0,0,0,0,0,0,0,0,0,0,0,0,0,0,0,0,0,0,0,0,0,0,0,0,0,0,0,0,0,0,0,0,0,0,0,0,0,0,0,0,0,0,0,0,0
324192,171,116497,16956,1164,1,0,15789,769,519,1025,16956,528,59,657,2466,517,854,195,394,2800,233,399,757,437,2736,234,980,713,436,2804,233,402,745,434,2747,241,426,658,410,2773,231,402,748,436,2739,232,5736,797,478,2862,231,401,752,439,2740,236,565,650,420,2782,233,401,748,432,2740,235,769,694,434,2793,231,401,746,459,2748,234,601,644,416,2785,236,408,748,429,2736,234,404,663,423,2780,233,401,744,449,867,157,5699,803,445,2860,239,421,768,438,2734,232,788,0,0,0,0,0,0,0,0,0,0,0,0,0,0,0,0,0,0,0,0,0,0,0,0,0,0,0,0,0,0,0,0,0,0,0,0,0,0,0,0,0,0,0,0,0,0,0,0,0,0,0,0,0,0,0,0,0,0,0,0,0,0,0,0,0,0,0,0,0,0,0,0,0,0,0,0,0,0,0,0,0,0,0,0,0,0,0,0,0,0,0,0,0,0,0,0,0,0,0,0,0,0,0,0,0,0,0,0,0,0,0,0,0,0,0,0,0,0,0,0,0,0,0,0,0,0,0,0,0,0,0,0,0,0,0,0,0,0,0,0,0,0,0,0,0,0,0,0,0,0,0,0,0,0,0,0,0,0,0,0,0,0,0,0,0,0,0,0,0,0,0,0,0,0,0,0,0,0,0,0,0,0,0,0,0,0,0,0,0,0,0,0,0,0,0,0,0,0,0,0
325193,172,116355,15196,1163,1,0,15753,773,511,2899,15196,531,45,631,2498,511,856,196,395,2814,237,409,749,434,2734,232,992,712,443,2804,234,402,751,451,2745,233,420,644,417,2789,232,400,741,430,2736,235,5813,793,458,2859,230,401,762,441,2741,231,420,639,434,2791,233,399,741,426,2744,239,782,674,428,2796,230,401,755,440,2744,235,601,648,432,2787,230,400,743,431,887,173,390,613,419,2757,238,410,750,426,2744,234,5815,795,452,2847,231,410,768,440,2752,233,557,0,0,0,0,0,0,0,0,0,0,0,0,0,0,0,0,0,0,0,0,0,0,0,0,0,0,0,0,0,0,0,0,0,0,0,0,0,0,0,0,0,0,0,0,0,0,0,0,0,0,0,0,0,0,0,0,0,0,0,0,0,0,0,0,0,0,0,0,0,0,0,0,0,0,0,0,0,0,0,0,0,0,0,0,0,0,0,0,0,0,0,0,0,0,0,0,0,0,0,0,0,0,0,0,0,0,0,0,0,0,0,0,0,0,0,0,0,0,0,0,0,0,0,0,0,0,0,0,0,0,0,0,0,0,0,0,0,0,0,0,0,0,0,0,0,0,0,0,0,0,0,0,0,0,0,0,0,0,0,0,0,0,0,0,0,0,0,0,0,0,0,0,0,0,0,0,0,0,0,0,0,0,0,0,0,0,0,0,0,0,0,0,0,0,0,0,0,0,0,0
326193,173,118305,17005,1183,1,0,13986,773,513,2884,17005,528,46,630,2480,511,855,213,397,2803,232,401,746,452,2743,232,983,714,440,2802,239,411,756,432,2740,235,419,657,421,2776,232,399,743,450,2740,235,5733,797,457,2855,236,410,753,437,2736,232,788,675,423,2778,230,399,740,454,2744,233,775,672,426,912,197,397,795,426,2734,230,607,660,425,2779,231,401,731,454,2748,231,403,634,420,2796,236,400,736,430,2744,238,5734,793,450,2850,231,410,776,439,2726,232,418,0,0,0,0,0,0,0,0,0,0,0,0,0,0,0,0,0,0,0,0,0,0,0,0,0,0,0,0,0,0,0,0,0,0,0,0,0,0,0,0,0,0,0,0,0,0,0,0,0,0,0,0,0,0,0,0,0,0,0,0,0,0,0,0,0,0,0,0,0,0,0,0,0,0,0,0,0,0,0,0,0,0,0,0,0,0,0,0,0,0,0,0,0,0,0,0,0,0,0,0,0,0,0,0,0,0,0,0,0,0,0,0,0,0,0,0,0,0,0,0,0,0,0,0,0,0,0,0,0,0,0,0,0,0,0,0,0,0,0,0,0,0,0,0,0,0,0,0,0,0,0,0,0,0,0,0,0,0,0,0,0,0,0,0,0,0,0,0,0,0,0,0,0,0,0,0,0,0,0,0,0,0,0,0,0,0,0,0,0,0,0,0,0,0,0,0,0,0,0,0
327192,174,118498,16988,1184,1,0,15786,767,506,2934,16988,530,44,628,2482,517,852,201,393,2806,232,401,750,439,2739,232,979,710,446,2810,232,403,748,434,2763,233,420,646,417,2793,239,408,753,427,2737,235,5728,800,459,2859,230,401,753,438,2760,233,559,645,425,915,178,385,791,428,2735,233,769,695,427,2798,232,402,746,463,2769,232,603,641,416,2782,236,408,749,429,2736,234,404,643,424,2781,232,400,764,440,2745,232,5723,795,466,2848,233,410,769,440,2734,237,782,0,0,0,0,0,0,0,0,0,0,0,0,0,0,0,0,0,0,0,0,0,0,0,0,0,0,0,0,0,0,0,0,0,0,0,0,0,0,0,0,0,0,0,0,0,0,0,0,0,0,0,0,0,0,0,0,0,0,0,0,0,0,0,0,0,0,0,0,0,0,0,0,0,0,0,0,0,0,0,0,0,0,0,0,0,0,0,0,0,0,0,0,0,0,0,0,0,0,0,0,0,0,0,0,0,0,0,0,0,0,0,0,0,0,0,0,0,0,0,0,0,0,0,0,0,0,0,0,0,0,0,0,0,0,0,0,0,0,0,0,0,0,0,0,0,0,0,0,0,0,0,0,0,0,0,0,0,0,0,0,0,0,0,0,0,0,0,0,0,0,0,0,0,0,0,0,0,0,0,0,0,0,0,0,0,0,0,0,0,0,0,0,0,0,0,0,0,0,0,0
328193,175,116314,15269,1163,1,0,15781,784,518,2888,15269,530,46,625,2481,511,856,197,399,2811,232,402,748,435,2739,237,990,715,437,2800,234,402,754,437,2748,234,419,657,430,2773,230,399,747,429,887,155,5713,807,453,2863,237,410,754,437,2736,233,421,652,428,2781,232,399,743,447,2751,235,772,673,426,2789,235,411,755,430,2734,235,602,660,423,2774,230,400,742,434,2765,234,403,636,418,2787,240,410,756,428,2737,234,5737,793,449,2846,231,410,768,457,2743,233,557,0,0,0,0,0,0,0,0,0,0,0,0,0,0,0,0,0,0,0,0,0,0,0,0,0,0,0,0,0,0,0,0,0,0,0,0,0,0,0,0,0,0,0,0,0,0,0,0,0,0,0,0,0,0,0,0,0,0,0,0,0,0,0,0,0,0,0,0,0,0,0,0,0,0,0,0,0,0,0,0,0,0,0,0,0,0,0,0,0,0,0,0,0,0,0,0,0,0,0,0,0,0,0,0,0,0,0,0,0,0,0,0,0,0,0,0,0,0,0,0,0,0,0,0,0,0,0,0,0,0,0,0,0,0,0,0,0,0,0,0,0,0,0,0,0,0,0,0,0,0,0,0,0,0,0,0,0,0,0,0,0,0,0,0,0,0,0,0,0,0,0,0,0,0,0,0,0,0,0,0,0,0,0,0,0,0,0,0,0,0,0,0,0,0,0,0,0,0,0,0
329193,176,118185,17006,1181,1,0,14051,763,499,2913,17006,530,46,628,2478,511,857,207,396,2798,232,401,751,439,2739,232,979,713,436,2806,232,403,754,434,868,162,409,634,417,2765,230,401,756,431,2750,233,5736,797,476,2865,231,401,752,438,2737,237,785,674,418,2785,231,400,749,438,2738,233,777,675,426,2797,231,402,747,433,2740,239,611,655,411,2776,231,401,743,433,2740,235,403,646,429,2792,234,401,745,430,2747,238,5725,793,450,2847,231,422,775,437,2726,233,418,0,0,0,0,0,0,0,0,0,0,0,0,0,0,0,0,0,0,0,0,0,0,0,0,0,0,0,0,0,0,0,0,0,0,0,0,0,0,0,0,0,0,0,0,0,0,0,0,0,0,0,0,0,0,0,0,0,0,0,0,0,0,0,0,0,0,0,0,0,0,0,0,0,0,0,0,0,0,0,0,0,0,0,0,0,0,0,0,0,0,0,0,0,0,0,0,0,0,0,0,0,0,0,0,0,0,0,0,0,0,0,0,0,0,0,0,0,0,0,0,0,0,0,0,0,0,0,0,0,0,0,0,0,0,0,0,0,0,0,0,0,0,0,0,0,0,0,0,0,0,0,0,0,0,0,0,0,0,0,0,0,0,0,0,0,0,0,0,0,0,0,0,0,0,0,0,0,0,0,0,0,0,0,0,0,0,0,0,0,0,0,0,0,0,0,0,0,0,0,0
330192,177,118467,16993,1184,1,0,15782,764,498,2958,16993,531,44,634,2502,512,858,195,396,953,188,391,805,429,2736,232,989,711,441,2795,235,401,747,452,2745,233,418,646,417,2781,237,410,751,430,2734,234,5734,799,457,2855,231,402,762,441,2739,231,558,642,424,2793,233,399,742,426,2739,234,775,680,430,2795,231,402,755,441,2742,234,602,648,420,2794,230,399,747,429,2737,234,405,648,424,2772,232,402,767,439,2732,232,5724,795,449,2857,231,410,770,439,2733,232,782,0,0,0,0,0,0,0,0,0,0,0,0,0,0,0,0,0,0,0,0,0,0,0,0,0,0,0,0,0,0,0,0,0,0,0,0,0,0,0,0,0,0,0,0,0,0,0,0,0,0,0,0,0,0,0,0,0,0,0,0,0,0,0,0,0,0,0,0,0,0,0,0,0,0,0,0,0,0,0,0,0,0,0,0,0,0,0,0,0,0,0,0,0,0,0,0,0,0,0,0,0,0,0,0,0,0,0,0,0,0,0,0,0,0,0,0,0,0,0,0,0,0,0,0,0,0,0,0,0,0,0,0,0,0,0,0,0,0,0,0,0,0,0,0,0,0,0,0,0,0,0,0,0,0,0,0,0,0,0,0,0,0,0,0,0,0,0,0,0,0,0,0,0,0,0,0,0,0,0,0,0,0,0,0,0,0,0,0,0,0,0,0,0,0,0,0,0,0,0,0
331193,178,114407,15172,1144,1,0,15789,780,514,1028,15172,528,60,661,2461,510,841,194,399,2798,232,399,748,435,2761,241,985,710,439,2798,242,410,754,431,2751,235,417,660,421,2774,232,401,742,448,2750,231,5730,797,457,2864,235,410,753,437,2734,232,442,658,423,2777,232,399,745,448,2753,234,770,676,426,2812,231,402,745,437,2744,234,609,655,424,2777,230,400,743,451,2743,235,402,635,418,2803,234,401,749,430,872,166,5718,799,449,2851,233,409,777,443,2733,231,557,0,0,0,0,0,0,0,0,0,0,0,0,0,0,0,0,0,0,0,0,0,0,0,0,0,0,0,0,0,0,0,0,0,0,0,0,0,0,0,0,0,0,0,0,0,0,0,0,0,0,0,0,0,0,0,0,0,0,0,0,0,0,0,0,0,0,0,0,0,0,0,0,0,0,0,0,0,0,0,0,0,0,0,0,0,0,0,0,0,0,0,0,0,0,0,0,0,0,0,0,0,0,0,0,0,0,0,0,0,0,0,0,0,0,0,0,0,0,0,0,0,0,0,0,0,0,0,0,0,0,0,0,0,0,0,0,0,0,0,0,0,0,0,0,0,0,0,0,0,0,0,0,0,0,0,0,0,0,0,0,0,0,0,0,0,0,0,0,0,0,0,0,0,0,0,0,0,0,0,0,0,0,0,0,0,0,0,0,0,0,0,0,0,0,0,0,0,0,0,0
332193,179,118281,17120,1182,1,0,13973,769,511,2900,17120,532,44,626,2483,510,857,206,395,2800,233,401,743,452,2742,232,984,716,438,2803,240,411,755,432,2738,234,419,657,421,2774,231,399,745,430,2765,236,5732,797,457,2875,235,410,753,437,2736,232,782,675,423,2780,231,399,750,436,2740,233,775,679,426,2798,231,402,746,433,2741,232,609,656,424,2770,231,401,747,438,861,157,380,612,418,2783,230,401,748,428,2741,234,5730,793,449,2847,231,410,775,439,2728,232,418,0,0,0,0,0,0,0,0,0,0,0,0,0,0,0,0,0,0,0,0,0,0,0,0,0,0,0,0,0,0,0,0,0,0,0,0,0,0,0,0,0,0,0,0,0,0,0,0,0,0,0,0,0,0,0,0,0,0,0,0,0,0,0,0,0,0,0,0,0,0,0,0,0,0,0,0,0,0,0,0,0,0,0,0,0,0,0,0,0,0,0,0,0,0,0,0,0,0,0,0,0,0,0,0,0,0,0,0,0,0,0,0,0,0,0,0,0,0,0,0,0,0,0,0,0,0,0,0,0,0,0,0,0,0,0,0,0,0,0,0,0,0,0,0,0,0,0,0,0,0,0,0,0,0,0,0,0,0,0,0,0,0,0,0,0,0,0,0,0,0,0,0,0,0,0,0,0,0,0,0,0,0,0,0,0,0,0,0,0,0,0,0,0,0,0,0,0,0,0,0
333192,180,118406,17402,1184,1,0,15907,773,518,2407,17402,250,58,460,2839,234,787,679,427,2781,235,402,749,437,2743,232,986,721,444,2795,234,401,744,432,2757,234,419,647,417,2787,238,408,752,433,2733,235,5748,798,457,2858,230,401,751,458,2745,233,559,642,424,2792,239,408,749,428,2736,236,775,679,427,915,182,378,796,439,2744,228,601,652,419,2811,232,401,734,426,2739,231,405,647,424,2769,235,402,739,448,2743,231,5725,795,449,2855,231,409,769,439,2735,238,787,0,0,0,0,0,0,0,0,0,0,0,0,0,0,0,0,0,0,0,0,0,0,0,0,0,0,0,0,0,0,0,0,0,0,0,0,0,0,0,0,0,0,0,0,0,0,0,0,0,0,0,0,0,0,0,0,0,0,0,0,0,0,0,0,0,0,0,0,0,0,0,0,0,0,0,0,0,0,0,0,0,0,0,0,0,0,0,0,0,0,0,0,0,0,0,0,0,0,0,0,0,0,0,0,0,0,0,0,0,0,0,0,0,0,0,0,0,0,0,0,0,0,0,0,0,0,0,0,0,0,0,0,0,0,0,0,0,0,0,0,0,0,0,0,0,0,0,0,0,0,0,0,0,0,0,0,0,0,0,0,0,0,0,0,0,0,0,0,0,0,0,0,0,0,0,0,0,0,0,0,0,0,0,0,0,0,0,0,0,0,0,0,0,0,0,0,0,0,0,0
334193,181,116373,15310,1163,1,0,15732,778,514,2896,15310,530,44,624,2483,511,854,197,394,2811,232,401,743,435,2742,238,995,713,439,2799,234,403,756,439,2745,235,419,643,430,2784,231,400,745,430,2764,234,5731,798,457,2858,230,403,755,439,2736,232,420,652,433,915,171,380,786,428,2761,233,771,674,422,2796,232,403,746,438,2744,234,602,657,423,2778,230,399,743,450,2749,235,403,643,416,2796,234,401,753,428,2735,234,5730,797,449,2839,232,410,774,451,2739,233,557,0,0,0,0,0,0,0,0,0,0,0,0,0,0,0,0,0,0,0,0,0,0,0,0,0,0,0,0,0,0,0,0,0,0,0,0,0,0,0,0,0,0,0,0,0,0,0,0,0,0,0,0,0,0,0,0,0,0,0,0,0,0,0,0,0,0,0,0,0,0,0,0,0,0,0,0,0,0,0,0,0,0,0,0,0,0,0,0,0,0,0,0,0,0,0,0,0,0,0,0,0,0,0,0,0,0,0,0,0,0,0,0,0,0,0,0,0,0,0,0,0,0,0,0,0,0,0,0,0,0,0,0,0,0,0,0,0,0,0,0,0,0,0,0,0,0,0,0,0,0,0,0,0,0,0,0,0,0,0,0,0,0,0,0,0,0,0,0,0,0,0,0,0,0,0,0,0,0,0,0,0,0,0,0,0,0,0,0,0,0,0,0,0,0,0,0,0,0,0,0
335193,182,118266,16942,1182,1,0,14100,764,503,2923,16942,529,46,630,2507,518,854,193,393,2797,232,402,746,431,2741,233,986,714,446,2805,235,401,750,432,2758,232,419,645,417,2788,232,401,746,435,863,156,5707,810,459,2860,232,401,748,464,2763,233,773,668,422,2805,234,400,747,430,2733,234,794,686,430,2795,234,402,746,451,2758,232,603,644,416,2788,237,408,746,433,2735,234,404,649,425,2780,232,400,746,451,2749,233,5725,794,449,2841,236,424,772,437,2728,233,418,0,0,0,0,0,0,0,0,0,0,0,0,0,0,0,0,0,0,0,0,0,0,0,0,0,0,0,0,0,0,0,0,0,0,0,0,0,0,0,0,0,0,0,0,0,0,0,0,0,0,0,0,0,0,0,0,0,0,0,0,0,0,0,0,0,0,0,0,0,0,0,0,0,0,0,0,0,0,0,0,0,0,0,0,0,0,0,0,0,0,0,0,0,0,0,0,0,0,0,0,0,0,0,0,0,0,0,0,0,0,0,0,0,0,0,0,0,0,0,0,0,0,0,0,0,0,0,0,0,0,0,0,0,0,0,0,0,0,0,0,0,0,0,0,0,0,0,0,0,0,0,0,0,0,0,0,0,0,0,0,0,0,0,0,0,0,0,0,0,0,0,0,0,0,0,0,0,0,0,0,0,0,0,0,0,0,0,0,0,0,0,0,0,0,0,0,0,0,0,0
336192,183,118624,17058,1186,1,0,15724,665,513,2956,17058,531,59,638,2489,512,847,195,393,2792,238,410,750,429,2746,233,986,721,436,3082,232,401,754,457,866,160,394,632,410,2775,235,409,751,429,2747,233,5741,797,456,2856,230,401,761,442,2742,231,558,642,424,2793,232,399,743,426,2755,239,782,677,427,2792,230,403,747,437,2746,235,602,655,424,2776,233,399,743,429,2762,232,402,636,420,2784,233,402,749,433,2738,234,5725,795,465,2839,233,410,769,440,2736,236,782,0,0,0,0,0,0,0,0,0,0,0,0,0,0,0,0,0,0,0,0,0,0,0,0,0,0,0,0,0,0,0,0,0,0,0,0,0,0,0,0,0,0,0,0,0,0,0,0,0,0,0,0,0,0,0,0,0,0,0,0,0,0,0,0,0,0,0,0,0,0,0,0,0,0,0,0,0,0,0,0,0,0,0,0,0,0,0,0,0,0,0,0,0,0,0,0,0,0,0,0,0,0,0,0,0,0,0,0,0,0,0,0,0,0,0,0,0,0,0,0,0,0,0,0,0,0,0,0,0,0,0,0,0,0,0,0,0,0,0,0,0,0,0,0,0,0,0,0,0,0,0,0,0,0,0,0,0,0,0,0,0,0,0,0,0,0,0,0,0,0,0,0,0,0,0,0,0,0,0,0,0,0,0,0,0,0,0,0,0,0,0,0,0,0,0,0,0,0,0,0
337193,184,116079,16972,1160,1,0,15787,771,502,2916,16972,530,45,628,2483,511,855,197,399,948,181,382,803,431,2767,233,983,721,433,2791,234,403,752,435,2746,234,417,657,421,2766,230,402,743,433,2765,232,5729,799,457,2863,230,401,748,438,2738,232,420,656,423,2780,232,400,747,433,2740,235,773,675,426,2799,230,402,745,437,2742,241,611,657,424,2771,231,401,753,447,2741,234,403,633,420,2788,233,400,746,430,2745,233,5728,794,450,2848,232,410,769,457,865,164,538,0,0,0,0,0,0,0,0,0,0,0,0,0,0,0,0,0,0,0,0,0,0,0,0,0,0,0,0,0,0,0,0,0,0,0,0,0,0,0,0,0,0,0,0,0,0,0,0,0,0,0,0,0,0,0,0,0,0,0,0,0,0,0,0,0,0,0,0,0,0,0,0,0,0,0,0,0,0,0,0,0,0,0,0,0,0,0,0,0,0,0,0,0,0,0,0,0,0,0,0,0,0,0,0,0,0,0,0,0,0,0,0,0,0,0,0,0,0,0,0,0,0,0,0,0,0,0,0,0,0,0,0,0,0,0,0,0,0,0,0,0,0,0,0,0,0,0,0,0,0,0,0,0,0,0,0,0,0,0,0,0,0,0,0,0,0,0,0,0,0,0,0,0,0,0,0,0,0,0,0,0,0,0,0,0,0,0,0,0,0,0,0,0,0,0,0,0,0,0,0
338193,185,116575,15288,1165,1,0,15762,781,496,2919,15288,540,46,628,2480,511,857,207,396,2799,233,401,751,436,2736,232,979,710,446,2816,232,403,752,434,2743,238,428,655,410,2775,232,400,753,435,2739,235,5733,797,476,2858,232,402,752,438,2762,232,772,670,422,2783,231,401,746,435,2742,234,773,688,433,2794,232,402,744,454,2747,234,602,643,416,2796,230,399,738,430,2742,234,404,648,424,2777,233,402,764,439,859,156,5699,801,463,2848,234,408,768,442,2742,237,426,0,0,0,0,0,0,0,0,0,0,0,0,0,0,0,0,0,0,0,0,0,0,0,0,0,0,0,0,0,0,0,0,0,0,0,0,0,0,0,0,0,0,0,0,0,0,0,0,0,0,0,0,0,0,0,0,0,0,0,0,0,0,0,0,0,0,0,0,0,0,0,0,0,0,0,0,0,0,0,0,0,0,0,0,0,0,0,0,0,0,0,0,0,0,0,0,0,0,0,0,0,0,0,0,0,0,0,0,0,0,0,0,0,0,0,0,0,0,0,0,0,0,0,0,0,0,0,0,0,0,0,0,0,0,0,0,0,0,0,0,0,0,0,0,0,0,0,0,0,0,0,0,0,0,0,0,0,0,0,0,0,0,0,0,0,0,0,0,0,0,0,0,0,0,0,0,0,0,0,0,0,0,0,0,0,0,0,0,0,0,0,0,0,0,0,0,0,0,0,0
339192,186,123252,21883,1232,1,0,14071,768,499,2909,21883,529,17,559,2463,512,853,208,410,2796,233,450,697,443,2754,231,983,716,435,2840,235,448,702,426,2746,233,421,657,427,2788,231,451,700,442,2741,234,5742,812,425,2820,234,451,699,422,2737,231,561,658,427,2784,233,450,717,442,2736,235,778,673,424,2821,233,449,691,429,2746,238,611,655,427,2787,231,450,716,434,2739,234,411,637,429,2789,235,448,696,423,2759,232,5731,808,423,921,211,523,688,420,2716,232,868,0,0,0,0,0,0,0,0,0,0,0,0,0,0,0,0,0,0,0,0,0,0,0,0,0,0,0,0,0,0,0,0,0,0,0,0,0,0,0,0,0,0,0,0,0,0,0,0,0,0,0,0,0,0,0,0,0,0,0,0,0,0,0,0,0,0,0,0,0,0,0,0,0,0,0,0,0,0,0,0,0,0,0,0,0,0,0,0,0,0,0,0,0,0,0,0,0,0,0,0,0,0,0,0,0,0,0,0,0,0,0,0,0,0,0,0,0,0,0,0,0,0,0,0,0,0,0,0,0,0,0,0,0,0,0,0,0,0,0,0,0,0,0,0,0,0,0,0,0,0,0,0,0,0,0,0,0,0,0,0,0,0,0,0,0,0,0,0,0,0,0,0,0,0,0,0,0,0,0,0,0,0,0,0,0,0,0,0,0,0,0,0,0,0,0,0,0,0,0,0
340203,187,117778,16905,1177,1,0,20661,755,490,2965,16905,527,17,573,2475,510,854,194,397,2796,240,460,697,427,2746,232,989,720,438,2803,236,448,702,421,2768,231,420,645,421,2788,232,452,702,422,2736,235,5744,822,432,2812,234,451,697,424,2768,231,419,648,426,2788,239,458,704,423,2734,235,775,687,428,2794,233,448,696,442,2746,232,604,643,422,2812,236,458,697,428,858,155,396,619,422,2775,231,457,696,439,2743,233,5729,807,423,2803,244,482,704,417,2730,234,642,0,0,0,0,0,0,0,0,0,0,0,0,0,0,0,0,0,0,0,0,0,0,0,0,0,0,0,0,0,0,0,0,0,0,0,0,0,0,0,0,0,0,0,0,0,0,0,0,0,0,0,0,0,0,0,0,0,0,0,0,0,0,0,0,0,0,0,0,0,0,0,0,0,0,0,0,0,0,0,0,0,0,0,0,0,0,0,0,0,0,0,0,0,0,0,0,0,0,0,0,0,0,0,0,0,0,0,0,0,0,0,0,0,0,0,0,0,0,0,0,0,0,0,0,0,0,0,0,0,0,0,0,0,0,0,0,0,0,0,0,0,0,0,0,0,0,0,0,0,0,0,0,0,0,0,0,0,0,0,0,0,0,0,0,0,0,0,0,0,0,0,0,0,0,0,0,0,0,0,0,0,0,0,0,0,0,0,0,0,0,0,0,0,0,0,0,0,0,0,0
341203,188,116508,15304,1165,1,0,15717,741,485,2985,15304,535,17,574,2472,510,854,194,397,2794,240,460,697,427,2743,232,989,720,438,2802,236,449,701,446,2770,231,420,645,421,2785,236,461,701,422,2733,235,5752,812,425,2804,235,450,700,440,2742,231,774,672,425,2810,231,448,697,427,2747,233,779,668,427,2801,236,448,719,431,868,153,590,633,439,2783,228,453,702,425,2780,230,405,635,420,2786,234,452,699,428,2737,232,5734,814,436,2803,240,472,696,421,2762,232,520,0,0,0,0,0,0,0,0,0,0,0,0,0,0,0,0,0,0,0,0,0,0,0,0,0,0,0,0,0,0,0,0,0,0,0,0,0,0,0,0,0,0,0,0,0,0,0,0,0,0,0,0,0,0,0,0,0,0,0,0,0,0,0,0,0,0,0,0,0,0,0,0,0,0,0,0,0,0,0,0,0,0,0,0,0,0,0,0,0,0,0,0,0,0,0,0,0,0,0,0,0,0,0,0,0,0,0,0,0,0,0,0,0,0,0,0,0,0,0,0,0,0,0,0,0,0,0,0,0,0,0,0,0,0,0,0,0,0,0,0,0,0,0,0,0,0,0,0,0,0,0,0,0,0,0,0,0,0,0,0,0,0,0,0,0,0,0,0,0,0,0,0,0,0,0,0,0,0,0,0,0,0,0,0,0,0,0,0,0,0,0,0,0,0,0,0,0,0,0,0
342203,189,118405,17013,1184,1,0,14114,759,528,2970,17013,526,17,568,2465,511,853,195,404,2803,235,453,691,427,2787,231,983,717,435,2803,236,452,704,424,2740,232,420,645,433,2792,231,449,700,420,2766,235,5736,812,425,2802,234,451,706,424,2732,233,558,656,431,923,173,511,677,442,2742,230,776,672,425,2799,239,460,698,428,2738,233,608,655,427,2789,231,446,701,438,2756,233,405,631,420,2797,240,458,696,424,2729,233,5743,809,424,2801,240,477,695,441,2746,232,861,0,0,0,0,0,0,0,0,0,0,0,0,0,0,0,0,0,0,0,0,0,0,0,0,0,0,0,0,0,0,0,0,0,0,0,0,0,0,0,0,0,0,0,0,0,0,0,0,0,0,0,0,0,0,0,0,0,0,0,0,0,0,0,0,0,0,0,0,0,0,0,0,0,0,0,0,0,0,0,0,0,0,0,0,0,0,0,0,0,0,0,0,0,0,0,0,0,0,0,0,0,0,0,0,0,0,0,0,0,0,0,0,0,0,0,0,0,0,0,0,0,0,0,0,0,0,0,0,0,0,0,0,0,0,0,0,0,0,0,0,0,0,0,0,0,0,0,0,0,0,0,0,0,0,0,0,0,0,0,0,0,0,0,0,0,0,0,0,0,0,0,0,0,0,0,0,0,0,0,0,0,0,0,0,0,0,0,0,0,0,0,0,0,0,0,0,0,0,0,0
343203,190,117976,16982,1179,1,0,15822,737,503,2966,16982,522,17,566,2465,511,856,210,403,2797,235,450,694,445,2752,231,984,717,435,2812,235,447,702,425,2746,237,428,656,415,2785,232,452,717,435,860,155,5712,818,433,2847,236,450,694,429,2745,237,426,660,424,2777,232,478,712,428,2735,235,775,673,440,2803,233,446,700,425,2782,229,604,649,422,2794,233,453,695,429,2737,235,404,629,433,2793,234,448,697,420,2763,231,5734,808,423,2804,241,485,707,418,2730,234,658,0,0,0,0,0,0,0,0,0,0,0,0,0,0,0,0,0,0,0,0,0,0,0,0,0,0,0,0,0,0,0,0,0,0,0,0,0,0,0,0,0,0,0,0,0,0,0,0,0,0,0,0,0,0,0,0,0,0,0,0,0,0,0,0,0,0,0,0,0,0,0,0,0,0,0,0,0,0,0,0,0,0,0,0,0,0,0,0,0,0,0,0,0,0,0,0,0,0,0,0,0,0,0,0,0,0,0,0,0,0,0,0,0,0,0,0,0,0,0,0,0,0,0,0,0,0,0,0,0,0,0,0,0,0,0,0,0,0,0,0,0,0,0,0,0,0,0,0,0,0,0,0,0,0,0,0,0,0,0,0,0,0,0,0,0,0,0,0,0,0,0,0,0,0,0,0,0,0,0,0,0,0,0,0,0,0,0,0,0,0,0,0,0,0,0,0,0,0,0,0
344203,191,116520,15295,1165,1,0,15800,756,498,2979,15295,536,17,576,2468,510,854,194,397,2810,240,460,699,429,2742,232,996,709,441,2804,237,449,722,441,865,154,400,630,414,2787,233,451,698,422,2746,233,5744,812,425,2799,234,449,719,443,2743,231,774,673,425,2805,231,448,697,427,2746,239,784,671,425,2803,236,448,719,431,2740,231,602,652,437,2793,230,447,697,429,2767,233,411,640,419,2789,241,457,701,423,2734,232,5736,808,423,2804,240,477,699,436,2742,232,513,0,0,0,0,0,0,0,0,0,0,0,0,0,0,0,0,0,0,0,0,0,0,0,0,0,0,0,0,0,0,0,0,0,0,0,0,0,0,0,0,0,0,0,0,0,0,0,0,0,0,0,0,0,0,0,0,0,0,0,0,0,0,0,0,0,0,0,0,0,0,0,0,0,0,0,0,0,0,0,0,0,0,0,0,0,0,0,0,0,0,0,0,0,0,0,0,0,0,0,0,0,0,0,0,0,0,0,0,0,0,0,0,0,0,0,0,0,0,0,0,0,0,0,0,0,0,0,0,0,0,0,0,0,0,0,0,0,0,0,0,0,0,0,0,0,0,0,0,0,0,0,0,0,0,0,0,0,0,0,0,0,0,0,0,0,0,0,0,0,0,0,0,0,0,0,0,0,0,0,0,0,0,0,0,0,0,0,0,0,0,0,0,0,0,0,0,0,0,0,0
345203,192,118419,17304,1184,1,0,14102,39,663,2600,17304,707,163,388,2745,238,785,673,429,918,182,514,698,437,2728,226,981,715,433,2809,237,446,695,423,2754,236,427,659,416,2785,234,451,711,436,2742,234,5743,811,434,2832,234,451,699,425,2742,237,565,656,424,2779,232,477,708,428,2735,235,776,672,440,2819,233,449,691,429,2747,237,617,656,416,2787,232,450,718,434,2740,234,405,630,444,2794,234,448,696,423,2742,237,5736,809,423,2800,242,485,713,424,2736,234,879,0,0,0,0,0,0,0,0,0,0,0,0,0,0,0,0,0,0,0,0,0,0,0,0,0,0,0,0,0,0,0,0,0,0,0,0,0,0,0,0,0,0,0,0,0,0,0,0,0,0,0,0,0,0,0,0,0,0,0,0,0,0,0,0,0,0,0,0,0,0,0,0,0,0,0,0,0,0,0,0,0,0,0,0,0,0,0,0,0,0,0,0,0,0,0,0,0,0,0,0,0,0,0,0,0,0,0,0,0,0,0,0,0,0,0,0,0,0,0,0,0,0,0,0,0,0,0,0,0,0,0,0,0,0,0,0,0,0,0,0,0,0,0,0,0,0,0,0,0,0,0,0,0,0,0,0,0,0,0,0,0,0,0,0,0,0,0,0,0,0,0,0,0,0,0,0,0,0,0,0,0,0,0,0,0,0,0,0,0,0,0,0,0,0,0,0,0,0,0,0
346203,193,116168,17503,1161,1,0,15833,761,504,549,17503,245,14,391,2829,234,781,671,426,2792,241,458,704,428,2745,232,990,717,434,2796,237,448,703,447,2764,231,420,646,421,2785,236,459,704,421,2737,235,5757,814,425,2800,235,450,719,443,2740,232,420,647,426,2800,232,449,697,423,2743,242,786,671,428,2808,234,448,719,431,2746,231,602,651,442,2796,232,447,697,423,2769,234,405,632,420,2789,235,451,697,423,861,153,5709,820,421,2816,240,474,700,441,2749,232,672,0,0,0,0,0,0,0,0,0,0,0,0,0,0,0,0,0,0,0,0,0,0,0,0,0,0,0,0,0,0,0,0,0,0,0,0,0,0,0,0,0,0,0,0,0,0,0,0,0,0,0,0,0,0,0,0,0,0,0,0,0,0,0,0,0,0,0,0,0,0,0,0,0,0,0,0,0,0,0,0,0,0,0,0,0,0,0,0,0,0,0,0,0,0,0,0,0,0,0,0,0,0,0,0,0,0,0,0,0,0,0,0,0,0,0,0,0,0,0,0,0,0,0,0,0,0,0,0,0,0,0,0,0,0,0,0,0,0,0,0,0,0,0,0,0,0,0,0,0,0,0,0,0,0,0,0,0,0,0,0,0,0,0,0,0,0,0,0,0,0,0,0,0,0,0,0,0,0,0,0,0,0,0,0,0,0,0,0,0,0,0,0,0,0,0,0,0,0,0,0
347203,194,116511,15276,1165,1,0,15963,750,480,2985,15276,540,17,566,2464,511,859,209,403,2792,235,451,697,445,2757,231,984,718,435,2805,240,457,703,426,2740,233,421,659,428,2788,231,449,720,433,2740,234,5750,812,434,2816,234,451,699,422,2739,237,788,677,423,2791,230,478,709,432,2737,233,775,696,433,2797,235,448,697,422,2767,233,602,645,422,2792,236,456,702,424,860,152,383,625,423,2779,231,455,701,439,2739,230,5732,808,423,2822,241,475,697,420,2735,234,521,0,0,0,0,0,0,0,0,0,0,0,0,0,0,0,0,0,0,0,0,0,0,0,0,0,0,0,0,0,0,0,0,0,0,0,0,0,0,0,0,0,0,0,0,0,0,0,0,0,0,0,0,0,0,0,0,0,0,0,0,0,0,0,0,0,0,0,0,0,0,0,0,0,0,0,0,0,0,0,0,0,0,0,0,0,0,0,0,0,0,0,0,0,0,0,0,0,0,0,0,0,0,0,0,0,0,0,0,0,0,0,0,0,0,0,0,0,0,0,0,0,0,0,0,0,0,0,0,0,0,0,0,0,0,0,0,0,0,0,0,0,0,0,0,0,0,0,0,0,0,0,0,0,0,0,0,0,0,0,0,0,0,0,0,0,0,0,0,0,0,0,0,0,0,0,0,0,0,0,0,0,0,0,0,0,0,0,0,0,0,0,0,0,0,0,0,0,0,0,0
348203,195,118362,17547,1183,1,0,14087,752,48,2818,17547,248,14,396,2829,235,781,671,426,2821,235,449,697,430,2752,231,991,708,441,2797,237,448,718,440,2747,233,419,644,421,2792,232,449,699,422,2743,234,5751,814,425,2800,235,450,720,435,2742,231,558,649,426,2790,232,448,700,420,2737,241,785,669,428,923,185,508,692,433,2728,228,600,647,435,2799,232,448,693,420,2761,234,405,631,420,2782,235,451,697,424,2729,231,5735,817,432,2816,241,479,699,419,2752,240,880,0,0,0,0,0,0,0,0,0,0,0,0,0,0,0,0,0,0,0,0,0,0,0,0,0,0,0,0,0,0,0,0,0,0,0,0,0,0,0,0,0,0,0,0,0,0,0,0,0,0,0,0,0,0,0,0,0,0,0,0,0,0,0,0,0,0,0,0,0,0,0,0,0,0,0,0,0,0,0,0,0,0,0,0,0,0,0,0,0,0,0,0,0,0,0,0,0,0,0,0,0,0,0,0,0,0,0,0,0,0,0,0,0,0,0,0,0,0,0,0,0,0,0,0,0,0,0,0,0,0,0,0,0,0,0,0,0,0,0,0,0,0,0,0,0,0,0,0,0,0,0,0,0,0,0,0,0,0,0,0,0,0,0,0,0,0,0,0,0,0,0,0,0,0,0,0,0,0,0,0,0,0,0,0,0,0,0,0,0,0,0,0,0,0,0,0,0,0,0,0
349203,196,118031,17031,1180,1,0,15928,743,506,2961,17031,522,17,568,2464,511,854,208,409,2795,236,447,692,429,2777,231,983,716,435,2805,236,452,702,425,2740,232,420,644,433,2792,231,449,699,420,2771,235,5752,811,424,2801,234,452,706,424,2732,233,420,656,431,922,173,513,672,445,2739,230,772,675,424,2830,234,452,691,424,2743,231,609,655,427,2785,230,447,699,442,2746,233,411,636,418,2786,239,458,699,424,2731,233,5744,809,423,2803,242,472,720,427,2741,232,643,0,0,0,0,0,0,0,0,0,0,0,0,0,0,0,0,0,0,0,0,0,0,0,0,0,0,0,0,0,0,0,0,0,0,0,0,0,0,0,0,0,0,0,0,0,0,0,0,0,0,0,0,0,0,0,0,0,0,0,0,0,0,0,0,0,0,0,0,0,0,0,0,0,0,0,0,0,0,0,0,0,0,0,0,0,0,0,0,0,0,0,0,0,0,0,0,0,0,0,0,0,0,0,0,0,0,0,0,0,0,0,0,0,0,0,0,0,0,0,0,0,0,0,0,0,0,0,0,0,0,0,0,0,0,0,0,0,0,0,0,0,0,0,0,0,0,0,0,0,0,0,0,0,0,0,0,0,0,0,0,0,0,0,0,0,0,0,0,0,0,0,0,0,0,0,0,0,0,0,0,0,0,0,0,0,0,0,0,0,0,0,0,0,0,0,0,0,0,0,0
350203,197,116526,15374,1165,1,0,15845,737,481,2960,15374,527,17,567,2471,511,854,194,397,2797,240,457,696,425,2748,232,990,713,441,2806,237,448,704,440,2745,231,419,645,420,2793,232,450,697,425,865,155,5727,821,422,2809,236,448,715,446,2745,231,774,673,425,2804,231,449,700,426,2739,239,785,669,422,2802,236,452,709,427,2739,232,602,652,438,2806,231,448,700,423,2747,239,413,645,415,2783,234,449,700,422,2733,232,5736,808,435,2816,241,474,694,426,2762,232,516,0,0,0,0,0,0,0,0,0,0,0,0,0,0,0,0,0,0,0,0,0,0,0,0,0,0,0,0,0,0,0,0,0,0,0,0,0,0,0,0,0,0,0,0,0,0,0,0,0,0,0,0,0,0,0,0,0,0,0,0,0,0,0,0,0,0,0,0,0,0,0,0,0,0,0,0,0,0,0,0,0,0,0,0,0,0,0,0,0,0,0,0,0,0,0,0,0,0,0,0,0,0,0,0,0,0,0,0,0,0,0,0,0,0,0,0,0,0,0,0,0,0,0,0,0,0,0,0,0,0,0,0,0,0,0,0,0,0,0,0,0,0,0,0,0,0,0,0,0,0,0,0,0,0,0,0,0,0,0,0,0,0,0,0,0,0,0,0,0,0,0,0,0,0,0,0,0,0,0,0,0,0,0,0,0,0,0,0,0,0,0,0,0,0,0,0,0,0,0,0
351203,198,118381,17049,1183,1,0,14189,789,522,2974,17049,526,17,564,2464,511,853,219,411,2803,235,450,692,426,2774,231,983,716,435,2804,236,452,702,425,865,152,398,643,438,2785,232,451,697,425,2774,233,5750,811,425,2804,234,451,704,425,2735,233,558,657,431,2783,233,448,699,439,2741,235,774,673,424,2800,239,456,701,427,2739,231,611,657,427,2786,232,447,699,439,2742,235,405,631,420,2787,239,458,697,422,2728,232,5746,812,423,2801,241,473,695,441,2743,232,864,0,0,0,0,0,0,0,0,0,0,0,0,0,0,0,0,0,0,0,0,0,0,0,0,0,0,0,0,0,0,0,0,0,0,0,0,0,0,0,0,0,0,0,0,0,0,0,0,0,0,0,0,0,0,0,0,0,0,0,0,0,0,0,0,0,0,0,0,0,0,0,0,0,0,0,0,0,0,0,0,0,0,0,0,0,0,0,0,0,0,0,0,0,0,0,0,0,0,0,0,0,0,0,0,0,0,0,0,0,0,0,0,0,0,0,0,0,0,0,0,0,0,0,0,0,0,0,0,0,0,0,0,0,0,0,0,0,0,0,0,0,0,0,0,0,0,0,0,0,0,0,0,0,0,0,0,0,0,0,0,0,0,0,0,0,0,0,0,0,0,0,0,0,0,0,0,0,0,0,0,0,0,0,0,0,0,0,0,0,0,0,0,0,0,0,0,0,0,0,0
352203,199,118060,17006,1180,1,0,15848,741,505,2971,17006,522,17,567,2464,511,856,206,398,926,175,519,700,440,2720,231,984,716,436,2801,236,447,695,429,2757,233,419,654,427,2792,234,448,698,439,2746,231,5750,812,425,2831,235,451,697,422,2737,231,419,662,427,2781,232,450,719,435,2734,235,777,674,440,2817,233,448,694,429,2745,235,613,656,416,2782,232,459,716,429,2731,235,404,630,432,2788,234,448,694,422,2762,232,5741,808,423,2806,242,485,702,422,2732,234,676,0,0,0,0,0,0,0,0,0,0,0,0,0,0,0,0,0,0,0,0,0,0,0,0,0,0,0,0,0,0,0,0,0,0,0,0,0,0,0,0,0,0,0,0,0,0,0,0,0,0,0,0,0,0,0,0,0,0,0,0,0,0,0,0,0,0,0,0,0,0,0,0,0,0,0,0,0,0,0,0,0,0,0,0,0,0,0,0,0,0,0,0,0,0,0,0,0,0,0,0,0,0,0,0,0,0,0,0,0,0,0,0,0,0,0,0,0,0,0,0,0,0,0,0,0,0,0,0,0,0,0,0,0,0,0,0,0,0,0,0,0,0,0,0,0,0,0,0,0,0,0,0,0,0,0,0,0,0,0,0,0,0,0,0,0,0,0,0,0,0,0,0,0,0,0,0,0,0,0,0,0,0,0,0,0,0,0,0,0,0,0,0,0,0,0,0,0,0,0,0
353203,200,114695,15407,1146,1,0,15818,758,527,1111,15407,531,17,561,2476,512,855,194,397,2796,235,449,702,424,2747,232,988,712,447,2809,236,447,702,425,2764,231,419,646,421,2788,232,455,700,425,2732,235,5737,818,437,2801,233,450,699,421,2764,231,775,670,425,2789,230,449,703,429,2738,233,775,681,428,2788,235,448,697,451,2773,233,603,645,422,2787,235,457,700,428,2735,233,404,646,426,2785,234,448,698,423,888,157,5698,813,423,2803,245,483,699,426,2730,234,501,0,0,0,0,0,0,0,0,0,0,0,0,0,0,0,0,0,0,0,0,0,0,0,0,0,0,0,0,0,0,0,0,0,0,0,0,0,0,0,0,0,0,0,0,0,0,0,0,0,0,0,0,0,0,0,0,0,0,0,0,0,0,0,0,0,0,0,0,0,0,0,0,0,0,0,0,0,0,0,0,0,0,0,0,0,0,0,0,0,0,0,0,0,0,0,0,0,0,0,0,0,0,0,0,0,0,0,0,0,0,0,0,0,0,0,0,0,0,0,0,0,0,0,0,0,0,0,0,0,0,0,0,0,0,0,0,0,0,0,0,0,0,0,0,0,0,0,0,0,0,0,0,0,0,0,0,0,0,0,0,0,0,0,0,0,0,0,0,0,0,0,0,0,0,0,0,0,0,0,0,0,0,0,0,0,0,0,0,0,0,0,0,0,0,0,0,0,0,0,0
354203,201,118588,17027,1185,1,0,14238,741,469,2969,17027,522,17,574,2474,510,854,194,397,2823,236,450,690,429,2756,231,990,712,443,2805,237,447,718,434,2747,233,419,645,433,2800,232,451,697,422,2744,240,5742,813,425,2798,235,449,720,443,2742,231,558,647,437,2798,232,448,700,420,2768,241,785,677,428,2795,233,450,701,429,2742,232,603,656,426,3073,231,450,697,438,872,156,389,616,418,2791,230,455,692,427,2740,233,5730,808,423,2800,240,472,720,437,2743,234,857,0,0,0,0,0,0,0,0,0,0,0,0,0,0,0,0,0,0,0,0,0,0,0,0,0,0,0,0,0,0,0,0,0,0,0,0,0,0,0,0,0,0,0,0,0,0,0,0,0,0,0,0,0,0,0,0,0,0,0,0,0,0,0,0,0,0,0,0,0,0,0,0,0,0,0,0,0,0,0,0,0,0,0,0,0,0,0,0,0,0,0,0,0,0,0,0,0,0,0,0,0,0,0,0,0,0,0,0,0,0,0,0,0,0,0,0,0,0,0,0,0,0,0,0,0,0,0,0,0,0,0,0,0,0,0,0,0,0,0,0,0,0,0,0,0,0,0,0,0,0,0,0,0,0,0,0,0,0,0,0,0,0,0,0,0,0,0,0,0,0,0,0,0,0,0,0,0,0,0,0,0,0,0,0,0,0,0,0,0,0,0,0,0,0,0,0,0,0,0,0
355203,202,118166,17056,1181,1,0,15842,739,501,2975,17056,529,17,566,2464,511,855,206,398,2793,235,451,710,441,2749,231,980,713,443,2824,235,450,700,425,2748,237,428,657,416,2786,231,452,725,434,2740,234,5746,813,434,2833,235,451,699,425,2740,237,427,656,424,2778,232,477,709,428,2732,235,775,673,456,943,184,513,679,426,2727,231,609,662,418,2785,233,451,713,428,2724,234,404,646,435,2783,234,449,696,423,2752,230,5736,808,423,2806,241,485,701,422,2735,234,663,0,0,0,0,0,0,0,0,0,0,0,0,0,0,0,0,0,0,0,0,0,0,0,0,0,0,0,0,0,0,0,0,0,0,0,0,0,0,0,0,0,0,0,0,0,0,0,0,0,0,0,0,0,0,0,0,0,0,0,0,0,0,0,0,0,0,0,0,0,0,0,0,0,0,0,0,0,0,0,0,0,0,0,0,0,0,0,0,0,0,0,0,0,0,0,0,0,0,0,0,0,0,0,0,0,0,0,0,0,0,0,0,0,0,0,0,0,0,0,0,0,0,0,0,0,0,0,0,0,0,0,0,0,0,0,0,0,0,0,0,0,0,0,0,0,0,0,0,0,0,0,0,0,0,0,0,0,0,0,0,0,0,0,0,0,0,0,0,0,0,0,0,0,0,0,0,0,0,0,0,0,0,0,0,0,0,0,0,0,0,0,0,0,0,0,0,0,0,0,0
356203,203,118251,17522,1182,1,0,15871,751,486,2470,17522,249,14,396,2830,234,781,671,426,2800,239,457,700,432,2749,232,991,709,437,2804,238,450,722,435,2740,232,420,644,431,2801,231,451,695,423,2769,241,5741,811,425,2804,234,451,704,424,864,152,760,653,437,2777,231,449,702,421,2775,232,780,674,424,2795,234,453,699,430,2743,233,600,659,426,2793,234,446,696,437,2757,229,404,634,420,2787,240,460,697,422,2735,233,5743,809,423,2800,242,473,696,441,2750,232,518,0,0,0,0,0,0,0,0,0,0,0,0,0,0,0,0,0,0,0,0,0,0,0,0,0,0,0,0,0,0,0,0,0,0,0,0,0,0,0,0,0,0,0,0,0,0,0,0,0,0,0,0,0,0,0,0,0,0,0,0,0,0,0,0,0,0,0,0,0,0,0,0,0,0,0,0,0,0,0,0,0,0,0,0,0,0,0,0,0,0,0,0,0,0,0,0,0,0,0,0,0,0,0,0,0,0,0,0,0,0,0,0,0,0,0,0,0,0,0,0,0,0,0,0,0,0,0,0,0,0,0,0,0,0,0,0,0,0,0,0,0,0,0,0,0,0,0,0,0,0,0,0,0,0,0,0,0,0,0,0,0,0,0,0,0,0,0,0,0,0,0,0,0,0,0,0,0,0,0,0,0,0,0,0,0,0,0,0,0,0,0,0,0,0,0,0,0,0,0,0
357203,204,116727,15395,1167,1,0,15917,747,518,2958,15395,523,17,566,2462,511,859,210,403,2796,235,450,694,444,2753,231,984,717,435,2814,235,447,702,425,2746,231,420,656,427,2787,232,452,699,440,865,158,5717,817,421,2831,236,450,694,424,2740,237,568,656,424,2783,232,450,721,434,2738,235,774,676,440,2816,233,449,698,422,2742,235,613,656,416,2784,233,451,715,438,2740,235,405,629,431,2791,234,448,697,423,2748,238,5736,808,423,2804,241,485,705,418,2731,234,880,0,0,0,0,0,0,0,0,0,0,0,0,0,0,0,0,0,0,0,0,0,0,0,0,0,0,0,0,0,0,0,0,0,0,0,0,0,0,0,0,0,0,0,0,0,0,0,0,0,0,0,0,0,0,0,0,0,0,0,0,0,0,0,0,0,0,0,0,0,0,0,0,0,0,0,0,0,0,0,0,0,0,0,0,0,0,0,0,0,0,0,0,0,0,0,0,0,0,0,0,0,0,0,0,0,0,0,0,0,0,0,0,0,0,0,0,0,0,0,0,0,0,0,0,0,0,0,0,0,0,0,0,0,0,0,0,0,0,0,0,0,0,0,0,0,0,0,0,0,0,0,0,0,0,0,0,0,0,0,0,0,0,0,0,0,0,0,0,0,0,0,0,0,0,0,0,0,0,0,0,0,0,0,0,0,0,0,0,0,0,0,0,0,0,0,0,0,0,0,0
358203,205,117874,16877,1178,1,0,14186,757,505,2976,16877,522,17,566,2478,511,858,195,399,2795,235,450,697,429,2751,232,988,713,445,935,175,503,678,427,2733,227,418,646,421,2768,237,457,697,420,2728,231,5742,818,424,2807,235,450,699,440,2757,231,420,648,426,2784,238,458,705,420,2733,235,799,677,427,2796,234,446,701,444,2749,231,604,645,422,2807,233,451,694,426,2739,241,413,642,415,2783,234,448,721,431,2740,231,5740,808,423,2825,241,474,695,423,2737,239,678,0,0,0,0,0,0,0,0,0,0,0,0,0,0,0,0,0,0,0,0,0,0,0,0,0,0,0,0,0,0,0,0,0,0,0,0,0,0,0,0,0,0,0,0,0,0,0,0,0,0,0,0,0,0,0,0,0,0,0,0,0,0,0,0,0,0,0,0,0,0,0,0,0,0,0,0,0,0,0,0,0,0,0,0,0,0,0,0,0,0,0,0,0,0,0,0,0,0,0,0,0,0,0,0,0,0,0,0,0,0,0,0,0,0,0,0,0,0,0,0,0,0,0,0,0,0,0,0,0,0,0,0,0,0,0,0,0,0,0,0,0,0,0,0,0,0,0,0,0,0,0,0,0,0,0,0,0,0,0,0,0,0,0,0,0,0,0,0,0,0,0,0,0,0,0,0,0,0,0,0,0,0,0,0,0,0,0,0,0,0,0,0,0,0,0,0,0,0,0,0
359203,206,116285,16957,1162,1,0,15690,755,481,2979,16957,526,17,566,2460,511,853,195,403,943,179,519,685,427,2725,237,990,711,435,2794,239,449,699,429,2751,232,418,645,432,2790,234,449,697,417,2759,237,5743,812,425,2799,235,450,719,435,2740,231,774,674,437,2791,230,447,698,429,2764,233,776,675,420,2794,240,458,702,423,2736,232,602,658,426,2788,232,446,700,442,2744,231,410,643,420,2792,239,458,698,428,2732,232,5737,809,423,2801,242,472,727,424,867,153,562,0,0,0,0,0,0,0,0,0,0,0,0,0,0,0,0,0,0,0,0,0,0,0,0,0,0,0,0,0,0,0,0,0,0,0,0,0,0,0,0,0,0,0,0,0,0,0,0,0,0,0,0,0,0,0,0,0,0,0,0,0,0,0,0,0,0,0,0,0,0,0,0,0,0,0,0,0,0,0,0,0,0,0,0,0,0,0,0,0,0,0,0,0,0,0,0,0,0,0,0,0,0,0,0,0,0,0,0,0,0,0,0,0,0,0,0,0,0,0,0,0,0,0,0,0,0,0,0,0,0,0,0,0,0,0,0,0,0,0,0,0,0,0,0,0,0,0,0,0,0,0,0,0,0,0,0,0,0,0,0,0,0,0,0,0,0,0,0,0,0,0,0,0,0,0,0,0,0,0,0,0,0,0,0,0,0,0,0,0,0,0,0,0,0,0,0,0,0,0,0
360203,207,116552,15758,1165,1,0,15769,756,42,2820,15758,250,14,391,2837,237,788,675,429,2798,234,450,719,439,2754,230,981,711,430,2805,235,450,700,425,2743,231,421,657,427,2788,231,452,717,435,2736,235,5740,811,425,2830,234,451,699,422,2737,237,564,660,424,2782,232,451,721,428,2732,235,775,673,440,2806,233,449,695,425,2745,236,611,656,416,2790,230,452,701,425,2735,234,404,630,432,2791,234,448,696,417,869,172,5725,812,422,2807,242,486,716,424,2733,234,885,0,0,0,0,0,0,0,0,0,0,0,0,0,0,0,0,0,0,0,0,0,0,0,0,0,0,0,0,0,0,0,0,0,0,0,0,0,0,0,0,0,0,0,0,0,0,0,0,0,0,0,0,0,0,0,0,0,0,0,0,0,0,0,0,0,0,0,0,0,0,0,0,0,0,0,0,0,0,0,0,0,0,0,0,0,0,0,0,0,0,0,0,0,0,0,0,0,0,0,0,0,0,0,0,0,0,0,0,0,0,0,0,0,0,0,0,0,0,0,0,0,0,0,0,0,0,0,0,0,0,0,0,0,0,0,0,0,0,0,0,0,0,0,0,0,0,0,0,0,0,0,0,0,0,0,0,0,0,0,0,0,0,0,0,0,0,0,0,0,0,0,0,0,0,0,0,0,0,0,0,0,0,0,0,0,0,0,0,0,0,0,0,0,0,0,0,0,0,0,0
361203,208,117962,17540,1179,1,0,14154,748,503,2467,17540,248,14,393,2834,234,781,671,426,2794,234,450,705,429,2748,232,1002,716,433,2803,237,448,703,440,2744,231,419,644,420,2811,231,451,697,422,2741,235,5744,812,425,2800,234,450,720,435,2739,231,420,648,426,2788,233,449,699,422,2735,241,784,670,424,2806,234,452,714,431,2740,232,603,649,437,929,174,509,677,427,2738,228,407,628,420,2784,235,452,699,423,2730,233,5743,808,423,2808,242,473,693,440,2743,232,558,0,0,0,0,0,0,0,0,0,0,0,0,0,0,0,0,0,0,0,0,0,0,0,0,0,0,0,0,0,0,0,0,0,0,0,0,0,0,0,0,0,0,0,0,0,0,0,0,0,0,0,0,0,0,0,0,0,0,0,0,0,0,0,0,0,0,0,0,0,0,0,0,0,0,0,0,0,0,0,0,0,0,0,0,0,0,0,0,0,0,0,0,0,0,0,0,0,0,0,0,0,0,0,0,0,0,0,0,0,0,0,0,0,0,0,0,0,0,0,0,0,0,0,0,0,0,0,0,0,0,0,0,0,0,0,0,0,0,0,0,0,0,0,0,0,0,0,0,0,0,0,0,0,0,0,0,0,0,0,0,0,0,0,0,0,0,0,0,0,0,0,0,0,0,0,0,0,0,0,0,0,0,0,0,0,0,0,0,0,0,0,0,0,0,0,0,0,0,0,0
362203,209,118254,16981,1182,1,0,15936,769,498,2952,16981,526,17,565,2467,511,855,206,398,2793,235,451,723,436,2748,231,980,713,433,2809,235,447,701,426,2748,233,421,659,427,2787,232,450,699,439,2746,234,5751,812,425,2885,234,451,701,427,2739,237,792,674,422,2793,230,448,715,437,2738,233,778,675,440,945,183,515,675,431,2726,235,608,660,423,2796,231,447,707,434,2741,232,405,631,420,2792,235,448,693,417,2745,236,5735,809,423,2801,242,495,716,423,2728,234,419,0,0,0,0,0,0,0,0,0,0,0,0,0,0,0,0,0,0,0,0,0,0,0,0,0,0,0,0,0,0,0,0,0,0,0,0,0,0,0,0,0,0,0,0,0,0,0,0,0,0,0,0,0,0,0,0,0,0,0,0,0,0,0,0,0,0,0,0,0,0,0,0,0,0,0,0,0,0,0,0,0,0,0,0,0,0,0,0,0,0,0,0,0,0,0,0,0,0,0,0,0,0,0,0,0,0,0,0,0,0,0,0,0,0,0,0,0,0,0,0,0,0,0,0,0,0,0,0,0,0,0,0,0,0,0,0,0,0,0,0,0,0,0,0,0,0,0,0,0,0,0,0,0,0,0,0,0,0,0,0,0,0,0,0,0,0,0,0,0,0,0,0,0,0,0,0,0,0,0,0,0,0,0,0,0,0,0,0,0,0,0,0,0,0,0,0,0,0,0,0
363202,210,116669,15382,1166,1,0,15775,766,494,2914,15382,526,17,566,2471,516,852,199,396,2791,235,452,700,430,2745,232,989,721,438,2800,236,448,703,421,2765,232,420,646,421,2782,232,453,703,425,2733,235,5818,818,437,2805,234,449,700,441,878,159,538,624,422,2785,237,459,706,424,2738,230,779,679,424,2799,235,450,696,445,2750,233,601,646,422,2798,233,447,696,424,2745,231,406,647,427,2785,234,450,716,433,2742,231,5799,808,435,2832,241,474,695,426,2743,238,785,0,0,0,0,0,0,0,0,0,0,0,0,0,0,0,0,0,0,0,0,0,0,0,0,0,0,0,0,0,0,0,0,0,0,0,0,0,0,0,0,0,0,0,0,0,0,0,0,0,0,0,0,0,0,0,0,0,0,0,0,0,0,0,0,0,0,0,0,0,0,0,0,0,0,0,0,0,0,0,0,0,0,0,0,0,0,0,0,0,0,0,0,0,0,0,0,0,0,0,0,0,0,0,0,0,0,0,0,0,0,0,0,0,0,0,0,0,0,0,0,0,0,0,0,0,0,0,0,0,0,0,0,0,0,0,0,0,0,0,0,0,0,0,0,0,0,0,0,0,0,0,0,0,0,0,0,0,0,0,0,0,0,0,0,0,0,0,0,0,0,0,0,0,0,0,0,0,0,0,0,0,0,0,0,0,0,0,0,0,0,0,0,0,0,0,0,0,0,0,0
364203,211,118071,17095,1180,1,0,14159,775,509,2914,17095,532,17,566,2463,512,854,208,413,2792,236,450,693,430,2770,231,983,714,438,2806,236,452,702,424,2742,232,420,657,427,2792,231,449,699,423,884,153,5781,819,422,2807,241,458,696,430,2739,233,419,660,427,2781,233,449,719,443,2738,235,774,677,424,2813,233,448,697,425,2743,229,611,657,426,2781,233,451,695,444,2742,235,411,638,419,2799,234,447,695,420,2743,237,5812,809,423,2800,242,473,726,424,2737,232,558,0,0,0,0,0,0,0,0,0,0,0,0,0,0,0,0,0,0,0,0,0,0,0,0,0,0,0,0,0,0,0,0,0,0,0,0,0,0,0,0,0,0,0,0,0,0,0,0,0,0,0,0,0,0,0,0,0,0,0,0,0,0,0,0,0,0,0,0,0,0,0,0,0,0,0,0,0,0,0,0,0,0,0,0,0,0,0,0,0,0,0,0,0,0,0,0,0,0,0,0,0,0,0,0,0,0,0,0,0,0,0,0,0,0,0,0,0,0,0,0,0,0,0,0,0,0,0,0,0,0,0,0,0,0,0,0,0,0,0,0,0,0,0,0,0,0,0,0,0,0,0,0,0,0,0,0,0,0,0,0,0,0,0,0,0,0,0,0,0,0,0,0,0,0,0,0,0,0,0,0,0,0,0,0,0,0,0,0,0,0,0,0,0,0,0,0,0,0,0,0
365203,212,529371,417697,5293,2,0,15880,767,499,2969,417697,667,18,581,12074,522,409,671,421,2787,229,455,702,428,2747,235,987,709,447,2805,239,448,703,422,2786,231,417,644,420,2795,234,454,696,425,2735,232,5897,794,424,2799,236,448,699,444,2738,231,780,694,427,2818,240,472,707,416,2736,233,777,784,505,2954,246,451,709,427,863,150,584,624,437,2805,226,450,701,420,2776,228,407,634,420,2787,232,453,699,425,2745,232,5885,793,426,2800,233,448,698,443,2758,234,562,0,0,0,0,0,0,0,0,0,0,0,0,0,0,0,0,0,0,0,0,0,0,0,0,0,0,0,0,0,0,0,0,0,0,0,0,0,0,0,0,0,0,0,0,0,0,0,0,0,0,0,0,0,0,0,0,0,0,0,0,0,0,0,0,0,0,0,0,0,0,0,0,0,0,0,0,0,0,0,0,0,0,0,0,0,0,0,0,0,0,0,0,0,0,0,0,0,0,0,0,0,0,0,0,0,0,0,0,0,0,0,0,0,0,0,0,0,0,0,0,0,0,0,0,0,0,0,0,0,0,0,0,0,0,0,0,0,0,0,0,0,0,0,0,0,0,0,0,0,0,0,0,0,0,0,0,0,0,0,0,0,0,0,0,0,0,0,0,0,0,0,0,0,0,0,0,0,0,0,0,0,0,0,0,0,0,0,0,0,0,0,0,0,0,0,0,0,0,0,0
366603,213,533001,421394,5330,2,0,416494,716,427,2805,421394,643,17,584,12522,517,415,711,416,2883,252,423,703,395,2732,238,1127,833,492,2970,252,405,688,398,2754,235,419,642,417,908,249,416,689,408,2738,230,5893,807,437,2803,253,405,696,396,2754,235,768,665,431,2791,252,418,706,394,2735,238,804,729,433,2779,252,405,695,431,2738,232,602,646,421,2785,256,412,698,395,2724,234,405,649,431,2783,253,404,689,416,2745,234,5878,802,424,2800,257,413,697,396,2719,234,561,0,0,0,0,0,0,0,0,0,0,0,0,0,0,0,0,0,0,0,0,0,0,0,0,0,0,0,0,0,0,0,0,0,0,0,0,0,0,0,0,0,0,0,0,0,0,0,0,0,0,0,0,0,0,0,0,0,0,0,0,0,0,0,0,0,0,0,0,0,0,0,0,0,0,0,0,0,0,0,0,0,0,0,0,0,0,0,0,0,0,0,0,0,0,0,0,0,0,0,0,0,0,0,0,0,0,0,0,0,0,0,0,0,0,0,0,0,0,0,0,0,0,0,0,0,0,0,0,0,0,0,0,0,0,0,0,0,0,0,0,0,0,0,0,0,0,0,0,0,0,0,0,0,0,0,0,0,0,0,0,0,0,0,0,0,0,0,0,0,0,0,0,0,0,0,0,0,0,0,0,0,0,0,0,0,0,0,0,0,0,0,0,0,0,0,0,0,0,0,0
368013,214,251066,147029,2510,1,0,420190,669,428,2785,147029,648,14,692,5291,527,988,264,408,2872,232,400,638,421,2707,235,993,782,428,2797,232,400,634,421,2723,230,421,745,449,2784,233,401,628,420,2722,237,5895,820,420,2803,234,399,653,448,2785,231,770,763,450,2794,230,402,633,420,2744,236,781,772,433,914,184,384,623,429,2731,228,604,761,450,2797,232,401,632,420,2738,231,404,749,431,2793,239,408,643,412,2728,237,5892,822,416,2803,235,399,639,448,2762,235,568,0,0,0,0,0,0,0,0,0,0,0,0,0,0,0,0,0,0,0,0,0,0,0,0,0,0,0,0,0,0,0,0,0,0,0,0,0,0,0,0,0,0,0,0,0,0,0,0,0,0,0,0,0,0,0,0,0,0,0,0,0,0,0,0,0,0,0,0,0,0,0,0,0,0,0,0,0,0,0,0,0,0,0,0,0,0,0,0,0,0,0,0,0,0,0,0,0,0,0,0,0,0,0,0,0,0,0,0,0,0,0,0,0,0,0,0,0,0,0,0,0,0,0,0,0,0,0,0,0,0,0,0,0,0,0,0,0,0,0,0,0,0,0,0,0,0,0,0,0,0,0,0,0,0,0,0,0,0,0,0,0,0,0,0,0,0,0,0,0,0,0,0,0,0,0,0,0,0,0,0,0,0,0,0,0,0,0,0,0,0,0,0,0,0,0,0,0,0,0,0
369143,215,118079,17010,1180,1,0,145822,774,434,2794,17010,530,64,655,2531,543,882,257,411,2836,229,400,638,430,2720,227,987,781,427,2830,235,401,621,425,2730,231,420,754,434,2780,234,401,627,429,2730,233,5878,820,419,2812,232,400,640,442,917,173,782,800,427,2785,231,401,628,431,2729,233,764,769,457,2805,230,400,625,421,2739,238,610,756,436,2795,232,403,634,423,2728,231,402,739,451,2788,236,400,640,417,2739,234,5879,821,423,2802,241,408,646,429,2773,234,426,0,0,0,0,0,0,0,0,0,0,0,0,0,0,0,0,0,0,0,0,0,0,0,0,0,0,0,0,0,0,0,0,0,0,0,0,0,0,0,0,0,0,0,0,0,0,0,0,0,0,0,0,0,0,0,0,0,0,0,0,0,0,0,0,0,0,0,0,0,0,0,0,0,0,0,0,0,0,0,0,0,0,0,0,0,0,0,0,0,0,0,0,0,0,0,0,0,0,0,0,0,0,0,0,0,0,0,0,0,0,0,0,0,0,0,0,0,0,0,0,0,0,0,0,0,0,0,0,0,0,0,0,0,0,0,0,0,0,0,0,0,0,0,0,0,0,0,0,0,0,0,0,0,0,0,0,0,0,0,0,0,0,0,0,0,0,0,0,0,0,0,0,0,0,0,0,0,0,0,0,0,0,0,0,0,0,0,0,0,0,0,0,0,0,0,0,0,0,0,0
370142,216,116583,15190,1165,1,0,15811,782,434,2795,15190,531,43,655,2526,542,862,256,413,2855,226,400,637,420,2702,235,1001,778,430,2798,234,401,631,421,2722,231,420,746,434,3084,232,402,630,420,858,167,5881,823,421,2790,230,400,644,448,2776,231,559,756,449,2793,231,401,635,420,2750,231,775,770,436,2795,229,402,635,424,2731,232,604,770,442,2794,231,400,628,420,2736,231,405,745,432,2790,240,408,643,412,2723,236,5890,822,416,2801,235,399,639,458,2778,234,779,0,0,0,0,0,0,0,0,0,0,0,0,0,0,0,0,0,0,0,0,0,0,0,0,0,0,0,0,0,0,0,0,0,0,0,0,0,0,0,0,0,0,0,0,0,0,0,0,0,0,0,0,0,0,0,0,0,0,0,0,0,0,0,0,0,0,0,0,0,0,0,0,0,0,0,0,0,0,0,0,0,0,0,0,0,0,0,0,0,0,0,0,0,0,0,0,0,0,0,0,0,0,0,0,0,0,0,0,0,0,0,0,0,0,0,0,0,0,0,0,0,0,0,0,0,0,0,0,0,0,0,0,0,0,0,0,0,0,0,0,0,0,0,0,0,0,0,0,0,0,0,0,0,0,0,0,0,0,0,0,0,0,0,0,0,0,0,0,0,0,0,0,0,0,0,0,0,0,0,0,0,0,0,0,0,0,0,0,0,0,0,0,0,0,0,0,0,0,0,0
371143,217,117782,17014,1177,1,0,14006,772,432,2799,17014,529,14,663,2533,527,977,263,410,2868,232,398,635,431,2726,227,987,781,425,934,192,379,607,423,2738,225,421,764,434,2785,235,399,642,432,2735,232,5812,818,419,2810,233,400,638,441,2788,237,427,760,431,2787,231,402,643,422,2731,229,773,770,452,2808,232,400,625,421,2737,237,611,751,437,2797,232,402,634,421,2735,230,403,744,450,2799,235,400,629,420,2735,237,5802,820,424,2802,236,401,646,440,2773,234,568,0,0,0,0,0,0,0,0,0,0,0,0,0,0,0,0,0,0,0,0,0,0,0,0,0,0,0,0,0,0,0,0,0,0,0,0,0,0,0,0,0,0,0,0,0,0,0,0,0,0,0,0,0,0,0,0,0,0,0,0,0,0,0,0,0,0,0,0,0,0,0,0,0,0,0,0,0,0,0,0,0,0,0,0,0,0,0,0,0,0,0,0,0,0,0,0,0,0,0,0,0,0,0,0,0,0,0,0,0,0,0,0,0,0,0,0,0,0,0,0,0,0,0,0,0,0,0,0,0,0,0,0,0,0,0,0,0,0,0,0,0,0,0,0,0,0,0,0,0,0,0,0,0,0,0,0,0,0,0,0,0,0,0,0,0,0,0,0,0,0,0,0,0,0,0,0,0,0,0,0,0,0,0,0,0,0,0,0,0,0,0,0,0,0,0,0,0,0,0,0
372143,218,116261,16965,1162,1,0,15816,792,441,2790,16965,530,64,666,633,509,863,264,402,2881,233,410,640,413,2715,231,1014,784,428,2797,234,400,625,429,2736,232,422,748,433,2787,238,410,635,412,2721,232,5888,823,419,2805,234,399,653,448,2789,230,769,762,450,2804,230,402,632,420,2742,236,779,773,433,2800,231,401,630,424,2731,231,602,752,455,2798,233,402,628,420,2742,232,402,742,433,2784,241,408,639,412,2732,235,5891,819,416,2799,235,399,639,448,905,172,519,0,0,0,0,0,0,0,0,0,0,0,0,0,0,0,0,0,0,0,0,0,0,0,0,0,0,0,0,0,0,0,0,0,0,0,0,0,0,0,0,0,0,0,0,0,0,0,0,0,0,0,0,0,0,0,0,0,0,0,0,0,0,0,0,0,0,0,0,0,0,0,0,0,0,0,0,0,0,0,0,0,0,0,0,0,0,0,0,0,0,0,0,0,0,0,0,0,0,0,0,0,0,0,0,0,0,0,0,0,0,0,0,0,0,0,0,0,0,0,0,0,0,0,0,0,0,0,0,0,0,0,0,0,0,0,0,0,0,0,0,0,0,0,0,0,0,0,0,0,0,0,0,0,0,0,0,0,0,0,0,0,0,0,0,0,0,0,0,0,0,0,0,0,0,0,0,0,0,0,0,0,0,0,0,0,0,0,0,0,0,0,0,0,0,0,0,0,0,0,0
373143,219,116358,15226,1163,1,0,15780,803,428,2805,15226,536,14,658,2565,527,987,264,411,2862,233,399,643,432,2714,228,987,782,441,2805,232,401,627,420,2726,238,427,754,432,2773,232,402,637,424,2716,232,5811,823,419,2803,234,399,641,455,2787,232,560,755,429,2818,237,401,632,424,2736,233,778,779,431,2796,229,400,626,430,2748,232,603,753,434,2793,237,408,636,412,2727,231,405,752,438,914,175,378,619,432,2733,229,5796,817,423,2801,240,408,647,430,2773,234,779,0,0,0,0,0,0,0,0,0,0,0,0,0,0,0,0,0,0,0,0,0,0,0,0,0,0,0,0,0,0,0,0,0,0,0,0,0,0,0,0,0,0,0,0,0,0,0,0,0,0,0,0,0,0,0,0,0,0,0,0,0,0,0,0,0,0,0,0,0,0,0,0,0,0,0,0,0,0,0,0,0,0,0,0,0,0,0,0,0,0,0,0,0,0,0,0,0,0,0,0,0,0,0,0,0,0,0,0,0,0,0,0,0,0,0,0,0,0,0,0,0,0,0,0,0,0,0,0,0,0,0,0,0,0,0,0,0,0,0,0,0,0,0,0,0,0,0,0,0,0,0,0,0,0,0,0,0,0,0,0,0,0,0,0,0,0,0,0,0,0,0,0,0,0,0,0,0,0,0,0,0,0,0,0,0,0,0,0,0,0,0,0,0,0,0,0,0,0,0,0
374143,220,117682,16915,1176,1,0,14042,788,434,2793,16915,531,44,653,2531,541,862,256,409,2868,228,400,638,420,2705,239,994,781,430,2800,232,400,632,423,2724,229,421,745,451,2783,232,401,629,420,2728,232,5879,820,419,2798,234,401,650,447,2793,230,419,757,448,2786,231,402,632,420,2751,231,773,772,437,2784,231,402,628,423,2733,233,604,754,456,922,178,379,619,415,2749,225,406,750,431,2790,234,401,659,422,2728,236,5879,827,416,2804,235,400,637,447,2770,234,569,0,0,0,0,0,0,0,0,0,0,0,0,0,0,0,0,0,0,0,0,0,0,0,0,0,0,0,0,0,0,0,0,0,0,0,0,0,0,0,0,0,0,0,0,0,0,0,0,0,0,0,0,0,0,0,0,0,0,0,0,0,0,0,0,0,0,0,0,0,0,0,0,0,0,0,0,0,0,0,0,0,0,0,0,0,0,0,0,0,0,0,0,0,0,0,0,0,0,0,0,0,0,0,0,0,0,0,0,0,0,0,0,0,0,0,0,0,0,0,0,0,0,0,0,0,0,0,0,0,0,0,0,0,0,0,0,0,0,0,0,0,0,0,0,0,0,0,0,0,0,0,0,0,0,0,0,0,0,0,0,0,0,0,0,0,0,0,0,0,0,0,0,0,0,0,0,0,0,0,0,0,0,0,0,0,0,0,0,0,0,0,0,0,0,0,0,0,0,0,0
375143,221,118207,17016,1182,1,0,15719,773,432,2799,17016,529,77,634,2555,631,907,266,407,2861,230,400,636,421,2721,230,986,783,425,2796,237,409,631,412,2721,233,420,754,437,2772,233,401,627,420,2725,233,5877,820,419,2804,239,408,651,437,2796,230,790,755,432,2786,230,402,633,430,876,162,777,805,422,2806,240,409,641,413,2730,232,609,757,438,2800,230,401,636,432,2734,228,403,739,430,2806,236,400,630,420,2733,231,5878,823,423,2807,236,399,639,447,2769,235,426,0,0,0,0,0,0,0,0,0,0,0,0,0,0,0,0,0,0,0,0,0,0,0,0,0,0,0,0,0,0,0,0,0,0,0,0,0,0,0,0,0,0,0,0,0,0,0,0,0,0,0,0,0,0,0,0,0,0,0,0,0,0,0,0,0,0,0,0,0,0,0,0,0,0,0,0,0,0,0,0,0,0,0,0,0,0,0,0,0,0,0,0,0,0,0,0,0,0,0,0,0,0,0,0,0,0,0,0,0,0,0,0,0,0,0,0,0,0,0,0,0,0,0,0,0,0,0,0,0,0,0,0,0,0,0,0,0,0,0,0,0,0,0,0,0,0,0,0,0,0,0,0,0,0,0,0,0,0,0,0,0,0,0,0,0,0,0,0,0,0,0,0,0,0,0,0,0,0,0,0,0,0,0,0,0,0,0,0,0,0,0,0,0,0,0,0,0,0,0,0
376142,222,118238,16948,1182,1,0,15818,772,432,2797,16948,529,14,663,2586,528,994,260,411,2855,233,399,635,431,2718,226,990,782,426,2806,230,401,626,420,2724,232,420,752,436,2778,232,401,638,422,2718,231,5894,821,419,2808,233,400,640,442,918,187,560,805,424,2795,231,401,630,421,2722,231,771,770,433,2805,230,401,624,421,2735,232,608,753,437,2797,232,402,636,421,2732,230,403,742,450,2796,236,400,630,420,2733,238,5890,823,417,2802,236,401,646,441,2773,234,779,0,0,0,0,0,0,0,0,0,0,0,0,0,0,0,0,0,0,0,0,0,0,0,0,0,0,0,0,0,0,0,0,0,0,0,0,0,0,0,0,0,0,0,0,0,0,0,0,0,0,0,0,0,0,0,0,0,0,0,0,0,0,0,0,0,0,0,0,0,0,0,0,0,0,0,0,0,0,0,0,0,0,0,0,0,0,0,0,0,0,0,0,0,0,0,0,0,0,0,0,0,0,0,0,0,0,0,0,0,0,0,0,0,0,0,0,0,0,0,0,0,0,0,0,0,0,0,0,0,0,0,0,0,0,0,0,0,0,0,0,0,0,0,0,0,0,0,0,0,0,0,0,0,0,0,0,0,0,0,0,0,0,0,0,0,0,0,0,0,0,0,0,0,0,0,0,0,0,0,0,0,0,0,0,0,0,0,0,0,0,0,0,0,0,0,0,0,0,0,0
377143,223,116270,15286,1162,1,0,15764,783,443,2794,15286,536,14,690,2584,579,970,262,397,2864,236,410,637,423,2705,231,986,792,425,2793,232,400,630,420,2733,232,420,750,433,911,192,390,624,422,2718,229,5889,823,420,2798,234,399,650,448,2787,230,419,755,428,2798,231,402,631,420,2732,236,781,778,433,2794,232,400,630,421,2735,229,604,755,454,2797,232,403,626,420,2739,236,411,747,429,2780,236,401,639,424,2729,232,5879,822,435,2806,235,400,637,435,2786,234,568,0,0,0,0,0,0,0,0,0,0,0,0,0,0,0,0,0,0,0,0,0,0,0,0,0,0,0,0,0,0,0,0,0,0,0,0,0,0,0,0,0,0,0,0,0,0,0,0,0,0,0,0,0,0,0,0,0,0,0,0,0,0,0,0,0,0,0,0,0,0,0,0,0,0,0,0,0,0,0,0,0,0,0,0,0,0,0,0,0,0,0,0,0,0,0,0,0,0,0,0,0,0,0,0,0,0,0,0,0,0,0,0,0,0,0,0,0,0,0,0,0,0,0,0,0,0,0,0,0,0,0,0,0,0,0,0,0,0,0,0,0,0,0,0,0,0,0,0,0,0,0,0,0,0,0,0,0,0,0,0,0,0,0,0,0,0,0,0,0,0,0,0,0,0,0,0,0,0,0,0,0,0,0,0,0,0,0,0,0,0,0,0,0,0,0,0,0,0,0,0
378143,224,123239,21820,1232,1,0,14101,771,437,2797,21820,535,43,653,2534,537,952,207,405,2818,227,404,632,432,2737,234,1053,715,440,2794,235,411,640,415,2735,233,478,691,437,2793,230,401,641,435,863,163,6020,793,424,2794,232,405,691,430,2769,234,858,699,429,2772,229,402,630,432,2739,230,864,687,425,2781,232,401,628,422,2728,235,669,689,432,2792,231,401,644,427,2731,230,460,692,425,2798,235,401,631,420,2730,240,5929,798,424,2792,231,426,684,445,2760,243,636,0,0,0,0,0,0,0,0,0,0,0,0,0,0,0,0,0,0,0,0,0,0,0,0,0,0,0,0,0,0,0,0,0,0,0,0,0,0,0,0,0,0,0,0,0,0,0,0,0,0,0,0,0,0,0,0,0,0,0,0,0,0,0,0,0,0,0,0,0,0,0,0,0,0,0,0,0,0,0,0,0,0,0,0,0,0,0,0,0,0,0,0,0,0,0,0,0,0,0,0,0,0,0,0,0,0,0,0,0,0,0,0,0,0,0,0,0,0,0,0,0,0,0,0,0,0,0,0,0,0,0,0,0,0,0,0,0,0,0,0,0,0,0,0,0,0,0,0,0,0,0,0,0,0,0,0,0,0,0,0,0,0,0,0,0,0,0,0,0,0,0,0,0,0,0,0,0,0,0,0,0,0,0,0,0,0,0,0,0,0,0,0,0,0,0,0,0,0,0,0
379153,225,118123,16897,1181,1,0,20631,714,442,2807,16897,529,43,650,2546,537,946,209,406,2829,227,404,637,428,2733,234,1054,724,448,927,180,377,607,441,2741,226,481,698,430,2793,238,408,640,416,2726,235,5938,800,423,2793,231,405,689,446,2779,233,840,693,439,2781,234,411,639,416,2724,231,883,704,425,2757,231,402,629,433,2757,229,666,684,433,2795,238,410,637,417,2726,231,460,709,446,2787,236,407,638,419,2737,236,5929,795,423,2801,236,411,684,435,2757,242,495,0,0,0,0,0,0,0,0,0,0,0,0,0,0,0,0,0,0,0,0,0,0,0,0,0,0,0,0,0,0,0,0,0,0,0,0,0,0,0,0,0,0,0,0,0,0,0,0,0,0,0,0,0,0,0,0,0,0,0,0,0,0,0,0,0,0,0,0,0,0,0,0,0,0,0,0,0,0,0,0,0,0,0,0,0,0,0,0,0,0,0,0,0,0,0,0,0,0,0,0,0,0,0,0,0,0,0,0,0,0,0,0,0,0,0,0,0,0,0,0,0,0,0,0,0,0,0,0,0,0,0,0,0,0,0,0,0,0,0,0,0,0,0,0,0,0,0,0,0,0,0,0,0,0,0,0,0,0,0,0,0,0,0,0,0,0,0,0,0,0,0,0,0,0,0,0,0,0,0,0,0,0,0,0,0,0,0,0,0,0,0,0,0,0,0,0,0,0,0,0
380153,226,114574,15278,1145,1,0,15706,731,433,2795,15278,560,74,655,2536,512,957,209,402,950,184,397,638,425,2742,229,1049,720,438,2799,229,403,633,432,2746,233,479,685,432,2813,230,400,636,421,2727,232,5863,801,424,2791,231,405,705,442,2768,233,618,692,437,2801,230,401,636,422,2727,233,862,686,423,2770,229,401,628,433,2743,230,666,680,436,2812,231,399,631,421,2728,234,459,690,431,2782,232,401,644,424,2735,232,5848,796,423,2801,232,404,673,431,885,192,912,0,0,0,0,0,0,0,0,0,0,0,0,0,0,0,0,0,0,0,0,0,0,0,0,0,0,0,0,0,0,0,0,0,0,0,0,0,0,0,0,0,0,0,0,0,0,0,0,0,0,0,0,0,0,0,0,0,0,0,0,0,0,0,0,0,0,0,0,0,0,0,0,0,0,0,0,0,0,0,0,0,0,0,0,0,0,0,0,0,0,0,0,0,0,0,0,0,0,0,0,0,0,0,0,0,0,0,0,0,0,0,0,0,0,0,0,0,0,0,0,0,0,0,0,0,0,0,0,0,0,0,0,0,0,0,0,0,0,0,0,0,0,0,0,0,0,0,0,0,0,0,0,0,0,0,0,0,0,0,0,0,0,0,0,0,0,0,0,0,0,0,0,0,0,0,0,0,0,0,0,0,0,0,0,0,0,0,0,0,0,0,0,0,0,0,0,0,0,0,0
381153,227,118195,16914,1181,1,0,14093,683,418,2777,16914,530,134,651,2529,64,969,791,416,2811,233,400,634,423,2725,234,1056,707,444,2798,231,405,631,432,2741,233,490,685,432,2799,236,410,644,418,2728,231,6000,807,420,2790,231,405,707,435,2763,232,473,699,437,2799,230,403,633,421,2728,236,924,690,410,2765,231,401,638,427,2734,230,665,680,449,2806,231,401,628,422,2730,237,464,694,422,2778,236,402,634,426,865,159,6071,799,432,2795,231,405,675,432,2761,242,637,0,0,0,0,0,0,0,0,0,0,0,0,0,0,0,0,0,0,0,0,0,0,0,0,0,0,0,0,0,0,0,0,0,0,0,0,0,0,0,0,0,0,0,0,0,0,0,0,0,0,0,0,0,0,0,0,0,0,0,0,0,0,0,0,0,0,0,0,0,0,0,0,0,0,0,0,0,0,0,0,0,0,0,0,0,0,0,0,0,0,0,0,0,0,0,0,0,0,0,0,0,0,0,0,0,0,0,0,0,0,0,0,0,0,0,0,0,0,0,0,0,0,0,0,0,0,0,0,0,0,0,0,0,0,0,0,0,0,0,0,0,0,0,0,0,0,0,0,0,0,0,0,0,0,0,0,0,0,0,0,0,0,0,0,0,0,0,0,0,0,0,0,0,0,0,0,0,0,0,0,0,0,0,0,0,0,0,0,0,0,0,0,0,0,0,0,0,0,0,0
382153,228,118384,16948,1183,1,0,15733,715,433,2786,16948,529,47,649,2524,529,1099,206,398,2860,230,402,627,432,2739,232,1050,713,442,2799,234,411,640,415,2734,235,491,697,448,2803,230,399,632,433,2745,232,6003,808,420,2811,231,404,689,429,2767,232,857,696,429,2768,229,402,628,432,2737,230,917,689,409,2778,232,401,623,422,2732,229,663,685,432,915,173,386,633,428,2740,229,463,697,426,2802,232,402,632,420,2725,232,6013,802,422,2788,231,403,692,435,2747,240,494,0,0,0,0,0,0,0,0,0,0,0,0,0,0,0,0,0,0,0,0,0,0,0,0,0,0,0,0,0,0,0,0,0,0,0,0,0,0,0,0,0,0,0,0,0,0,0,0,0,0,0,0,0,0,0,0,0,0,0,0,0,0,0,0,0,0,0,0,0,0,0,0,0,0,0,0,0,0,0,0,0,0,0,0,0,0,0,0,0,0,0,0,0,0,0,0,0,0,0,0,0,0,0,0,0,0,0,0,0,0,0,0,0,0,0,0,0,0,0,0,0,0,0,0,0,0,0,0,0,0,0,0,0,0,0,0,0,0,0,0,0,0,0,0,0,0,0,0,0,0,0,0,0,0,0,0,0,0,0,0,0,0,0,0,0,0,0,0,0,0,0,0,0,0,0,0,0,0,0,0,0,0,0,0,0,0,0,0,0,0,0,0,0,0,0,0,0,0,0,0
383153,229,116825,15214,1168,1,0,15762,715,429,2815,15214,535,46,647,2525,528,1076,199,399,2841,229,402,635,425,2731,232,1050,709,459,2803,227,402,632,420,2742,240,498,686,432,2799,229,401,639,428,2738,232,6016,804,422,2791,229,404,691,429,2783,234,617,694,436,2792,236,409,647,417,2720,234,917,702,416,901,172,381,593,445,2725,228,665,683,431,2821,236,402,626,428,2730,232,462,694,429,2786,236,400,621,431,2735,234,6005,803,420,2797,236,411,683,434,2757,241,882,0,0,0,0,0,0,0,0,0,0,0,0,0,0,0,0,0,0,0,0,0,0,0,0,0,0,0,0,0,0,0,0,0,0,0,0,0,0,0,0,0,0,0,0,0,0,0,0,0,0,0,0,0,0,0,0,0,0,0,0,0,0,0,0,0,0,0,0,0,0,0,0,0,0,0,0,0,0,0,0,0,0,0,0,0,0,0,0,0,0,0,0,0,0,0,0,0,0,0,0,0,0,0,0,0,0,0,0,0,0,0,0,0,0,0,0,0,0,0,0,0,0,0,0,0,0,0,0,0,0,0,0,0,0,0,0,0,0,0,0,0,0,0,0,0,0,0,0,0,0,0,0,0,0,0,0,0,0,0,0,0,0,0,0,0,0,0,0,0,0,0,0,0,0,0,0,0,0,0,0,0,0,0,0,0,0,0,0,0,0,0,0,0,0,0,0,0,0,0,0
384153,230,118213,16954,1182,1,0,14027,700,425,2794,16954,529,47,656,2538,530,1091,197,396,2841,233,403,626,423,2727,232,1055,706,445,2805,229,403,628,432,2742,233,492,683,433,2825,230,401,633,421,2729,232,6014,805,423,2788,231,405,703,434,877,164,526,697,436,2801,227,400,624,422,2741,230,923,690,410,2765,231,402,634,428,2734,231,663,677,450,2804,231,402,626,421,2741,232,459,686,427,2792,236,408,644,426,2733,235,6001,806,422,2792,231,403,676,441,2781,241,631,0,0,0,0,0,0,0,0,0,0,0,0,0,0,0,0,0,0,0,0,0,0,0,0,0,0,0,0,0,0,0,0,0,0,0,0,0,0,0,0,0,0,0,0,0,0,0,0,0,0,0,0,0,0,0,0,0,0,0,0,0,0,0,0,0,0,0,0,0,0,0,0,0,0,0,0,0,0,0,0,0,0,0,0,0,0,0,0,0,0,0,0,0,0,0,0,0,0,0,0,0,0,0,0,0,0,0,0,0,0,0,0,0,0,0,0,0,0,0,0,0,0,0,0,0,0,0,0,0,0,0,0,0,0,0,0,0,0,0,0,0,0,0,0,0,0,0,0,0,0,0,0,0,0,0,0,0,0,0,0,0,0,0,0,0,0,0,0,0,0,0,0,0,0,0,0,0,0,0,0,0,0,0,0,0,0,0,0,0,0,0,0,0,0,0,0,0,0,0,0
385153,231,118827,17070,1188,1,0,15766,718,429,2798,17070,537,77,640,2537,533,1082,212,412,2836,231,402,627,434,2749,231,1053,714,443,2796,233,411,639,415,2737,234,490,698,448,2804,230,400,631,421,864,167,6156,799,423,2789,237,414,694,432,2764,233,887,692,430,2765,229,402,629,432,2734,230,918,689,410,2779,231,400,628,422,2731,236,671,687,431,2791,232,401,643,427,2726,230,460,692,441,2788,235,401,630,420,2726,239,6082,803,422,2794,231,404,681,445,2758,243,495,0,0,0,0,0,0,0,0,0,0,0,0,0,0,0,0,0,0,0,0,0,0,0,0,0,0,0,0,0,0,0,0,0,0,0,0,0,0,0,0,0,0,0,0,0,0,0,0,0,0,0,0,0,0,0,0,0,0,0,0,0,0,0,0,0,0,0,0,0,0,0,0,0,0,0,0,0,0,0,0,0,0,0,0,0,0,0,0,0,0,0,0,0,0,0,0,0,0,0,0,0,0,0,0,0,0,0,0,0,0,0,0,0,0,0,0,0,0,0,0,0,0,0,0,0,0,0,0,0,0,0,0,0,0,0,0,0,0,0,0,0,0,0,0,0,0,0,0,0,0,0,0,0,0,0,0,0,0,0,0,0,0,0,0,0,0,0,0,0,0,0,0,0,0,0,0,0,0,0,0,0,0,0,0,0,0,0,0,0,0,0,0,0,0,0,0,0,0,0,0
386153,232,117127,15276,1171,1,0,15857,732,436,2798,15276,538,51,648,2537,531,1051,245,414,2877,234,403,640,431,2731,231,1048,722,453,926,173,378,605,439,2747,224,493,694,430,2793,237,410,637,417,2729,234,6069,806,422,2797,231,404,689,444,2788,232,617,688,437,2789,236,409,647,417,2721,234,926,695,414,2756,228,400,630,433,2736,229,665,679,435,2805,238,408,640,417,2727,234,461,690,430,2785,234,401,635,434,2740,234,6073,803,420,2801,231,403,673,430,2762,242,880,0,0,0,0,0,0,0,0,0,0,0,0,0,0,0,0,0,0,0,0,0,0,0,0,0,0,0,0,0,0,0,0,0,0,0,0,0,0,0,0,0,0,0,0,0,0,0,0,0,0,0,0,0,0,0,0,0,0,0,0,0,0,0,0,0,0,0,0,0,0,0,0,0,0,0,0,0,0,0,0,0,0,0,0,0,0,0,0,0,0,0,0,0,0,0,0,0,0,0,0,0,0,0,0,0,0,0,0,0,0,0,0,0,0,0,0,0,0,0,0,0,0,0,0,0,0,0,0,0,0,0,0,0,0,0,0,0,0,0,0,0,0,0,0,0,0,0,0,0,0,0,0,0,0,0,0,0,0,0,0,0,0,0,0,0,0,0,0,0,0,0,0,0,0,0,0,0,0,0,0,0,0,0,0,0,0,0,0,0,0,0,0,0,0,0,0,0,0,0,0
387153,233,116400,16930,1164,1,0,14090,700,422,2792,16930,535,47,653,641,448,1093,192,397,2826,235,410,635,418,2707,236,1062,714,445,2794,231,404,641,432,2743,234,489,685,450,2804,229,401,634,422,2741,230,6076,807,420,2792,237,413,694,439,2763,233,472,712,439,2789,230,403,633,433,2747,230,919,688,410,2768,236,409,631,420,2731,231,665,690,431,2797,231,401,639,435,2736,230,460,687,448,2803,235,401,626,420,2735,240,6073,803,422,2795,231,403,693,435,872,182,674,0,0,0,0,0,0,0,0,0,0,0,0,0,0,0,0,0,0,0,0,0,0,0,0,0,0,0,0,0,0,0,0,0,0,0,0,0,0,0,0,0,0,0,0,0,0,0,0,0,0,0,0,0,0,0,0,0,0,0,0,0,0,0,0,0,0,0,0,0,0,0,0,0,0,0,0,0,0,0,0,0,0,0,0,0,0,0,0,0,0,0,0,0,0,0,0,0,0,0,0,0,0,0,0,0,0,0,0,0,0,0,0,0,0,0,0,0,0,0,0,0,0,0,0,0,0,0,0,0,0,0,0,0,0,0,0,0,0,0,0,0,0,0,0,0,0,0,0,0,0,0,0,0,0,0,0,0,0,0,0,0,0,0,0,0,0,0,0,0,0,0,0,0,0,0,0,0,0,0,0,0,0,0,0,0,0,0,0,0,0,0,0,0,0,0,0,0,0,0,0
388153,234,118603,16969,1186,1,0,15744,715,439,2800,16969,530,66,653,2531,533,1091,197,396,2841,231,402,634,425,2739,231,1051,709,443,2817,227,402,629,420,2741,240,496,688,432,2793,230,401,639,427,2735,234,6082,814,429,2797,231,404,688,429,2787,234,840,696,434,2775,229,405,640,428,2733,231,917,691,427,2761,231,400,627,422,2749,231,665,685,435,2796,237,410,638,417,2725,231,460,708,437,912,167,379,618,429,2732,230,6088,797,420,2800,228,404,681,441,2758,241,495,0,0,0,0,0,0,0,0,0,0,0,0,0,0,0,0,0,0,0,0,0,0,0,0,0,0,0,0,0,0,0,0,0,0,0,0,0,0,0,0,0,0,0,0,0,0,0,0,0,0,0,0,0,0,0,0,0,0,0,0,0,0,0,0,0,0,0,0,0,0,0,0,0,0,0,0,0,0,0,0,0,0,0,0,0,0,0,0,0,0,0,0,0,0,0,0,0,0,0,0,0,0,0,0,0,0,0,0,0,0,0,0,0,0,0,0,0,0,0,0,0,0,0,0,0,0,0,0,0,0,0,0,0,0,0,0,0,0,0,0,0,0,0,0,0,0,0,0,0,0,0,0,0,0,0,0,0,0,0,0,0,0,0,0,0,0,0,0,0,0,0,0,0,0,0,0,0,0,0,0,0,0,0,0,0,0,0,0,0,0,0,0,0,0,0,0,0,0,0,0
389153,235,117259,15346,1172,1,0,15783,727,445,2799,15346,532,56,655,2604,532,1085,195,396,2840,237,410,630,417,2725,232,1054,717,446,2808,228,402,633,433,2758,231,491,684,432,2799,236,408,644,417,2727,234,6097,803,422,2793,231,404,688,441,2779,233,617,688,441,2805,231,401,634,425,2727,234,916,688,408,2769,229,400,640,435,2735,230,667,679,435,934,182,378,611,426,2742,227,467,691,432,2782,235,406,633,431,2741,232,6083,803,421,2815,231,403,675,431,2757,241,879,0,0,0,0,0,0,0,0,0,0,0,0,0,0,0,0,0,0,0,0,0,0,0,0,0,0,0,0,0,0,0,0,0,0,0,0,0,0,0,0,0,0,0,0,0,0,0,0,0,0,0,0,0,0,0,0,0,0,0,0,0,0,0,0,0,0,0,0,0,0,0,0,0,0,0,0,0,0,0,0,0,0,0,0,0,0,0,0,0,0,0,0,0,0,0,0,0,0,0,0,0,0,0,0,0,0,0,0,0,0,0,0,0,0,0,0,0,0,0,0,0,0,0,0,0,0,0,0,0,0,0,0,0,0,0,0,0,0,0,0,0,0,0,0,0,0,0,0,0,0,0,0,0,0,0,0,0,0,0,0,0,0,0,0,0,0,0,0,0,0,0,0,0,0,0,0,0,0,0,0,0,0,0,0,0,0,0,0,0,0,0,0,0,0,0,0,0,0,0,0
390153,236,118623,17007,1186,1,0,14161,701,420,2787,17007,529,67,657,2551,541,1065,248,436,2872,234,401,630,423,2726,239,1063,710,444,2806,229,404,642,426,2737,233,490,676,452,2807,230,400,631,421,2734,237,6082,805,422,2791,231,406,689,442,2770,234,472,718,449,2790,230,402,634,421,873,165,970,702,410,2770,234,414,639,415,2736,234,660,700,442,2795,231,402,629,432,2738,231,460,688,427,2806,235,402,631,420,2734,233,6074,802,422,2789,231,403,693,436,2744,241,636,0,0,0,0,0,0,0,0,0,0,0,0,0,0,0,0,0,0,0,0,0,0,0,0,0,0,0,0,0,0,0,0,0,0,0,0,0,0,0,0,0,0,0,0,0,0,0,0,0,0,0,0,0,0,0,0,0,0,0,0,0,0,0,0,0,0,0,0,0,0,0,0,0,0,0,0,0,0,0,0,0,0,0,0,0,0,0,0,0,0,0,0,0,0,0,0,0,0,0,0,0,0,0,0,0,0,0,0,0,0,0,0,0,0,0,0,0,0,0,0,0,0,0,0,0,0,0,0,0,0,0,0,0,0,0,0,0,0,0,0,0,0,0,0,0,0,0,0,0,0,0,0,0,0,0,0,0,0,0,0,0,0,0,0,0,0,0,0,0,0,0,0,0,0,0,0,0,0,0,0,0,0,0,0,0,0,0,0,0,0,0,0,0,0,0,0,0,0,0,0
391153,237,118527,16966,1185,1,0,15822,712,431,2809,16966,530,47,698,2561,531,1092,196,396,2842,233,403,639,425,2742,231,1052,714,439,2810,228,403,629,420,2740,238,498,687,432,2791,230,399,645,425,2739,232,6004,807,420,2795,231,404,686,427,888,178,909,674,421,2779,229,403,632,428,2728,232,919,683,430,2769,232,401,623,422,2749,232,663,680,435,2796,232,403,634,428,2731,231,461,703,442,2782,236,401,624,420,2735,236,6002,803,420,2796,236,411,683,434,2756,242,501,0,0,0,0,0,0,0,0,0,0,0,0,0,0,0,0,0,0,0,0,0,0,0,0,0,0,0,0,0,0,0,0,0,0,0,0,0,0,0,0,0,0,0,0,0,0,0,0,0,0,0,0,0,0,0,0,0,0,0,0,0,0,0,0,0,0,0,0,0,0,0,0,0,0,0,0,0,0,0,0,0,0,0,0,0,0,0,0,0,0,0,0,0,0,0,0,0,0,0,0,0,0,0,0,0,0,0,0,0,0,0,0,0,0,0,0,0,0,0,0,0,0,0,0,0,0,0,0,0,0,0,0,0,0,0,0,0,0,0,0,0,0,0,0,0,0,0,0,0,0,0,0,0,0,0,0,0,0,0,0,0,0,0,0,0,0,0,0,0,0,0,0,0,0,0,0,0,0,0,0,0,0,0,0,0,0,0,0,0,0,0,0,0,0,0,0,0,0,0,0
392153,238,118589,16962,1185,1,0,15774,725,431,2792,16962,529,67,654,2535,535,1088,196,396,2841,233,403,628,423,2725,237,1062,711,445,2807,229,403,639,428,2738,233,492,705,446,922,174,379,606,439,2744,226,6013,800,420,2794,233,413,693,430,2764,233,622,702,432,2789,230,400,636,432,2731,232,917,688,410,2772,234,409,633,416,2730,230,670,684,431,2800,232,399,628,432,2736,233,460,688,425,2805,232,400,630,420,2732,242,6017,802,422,2787,231,403,693,435,2748,241,865,0,0,0,0,0,0,0,0,0,0,0,0,0,0,0,0,0,0,0,0,0,0,0,0,0,0,0,0,0,0,0,0,0,0,0,0,0,0,0,0,0,0,0,0,0,0,0,0,0,0,0,0,0,0,0,0,0,0,0,0,0,0,0,0,0,0,0,0,0,0,0,0,0,0,0,0,0,0,0,0,0,0,0,0,0,0,0,0,0,0,0,0,0,0,0,0,0,0,0,0,0,0,0,0,0,0,0,0,0,0,0,0,0,0,0,0,0,0,0,0,0,0,0,0,0,0,0,0,0,0,0,0,0,0,0,0,0,0,0,0,0,0,0,0,0,0,0,0,0,0,0,0,0,0,0,0,0,0,0,0,0,0,0,0,0,0,0,0,0,0,0,0,0,0,0,0,0,0,0,0,0,0,0,0,0,0,0,0,0,0,0,0,0,0,0,0,0,0,0,0
393153,239,116428,15225,1164,1,0,15782,698,422,2810,15225,534,46,651,2525,536,1078,199,399,2841,229,403,636,423,2734,231,1050,707,459,929,185,380,607,429,2739,231,499,702,430,2796,231,402,632,428,2734,231,6000,804,433,2789,230,404,686,429,2782,234,472,702,432,2787,231,404,647,427,2725,231,919,697,426,2766,231,401,623,422,2741,231,665,682,435,2796,232,403,633,428,2731,231,460,686,441,2790,235,402,626,420,2750,234,6000,803,421,2796,231,407,681,444,2759,243,636,0,0,0,0,0,0,0,0,0,0,0,0,0,0,0,0,0,0,0,0,0,0,0,0,0,0,0,0,0,0,0,0,0,0,0,0,0,0,0,0,0,0,0,0,0,0,0,0,0,0,0,0,0,0,0,0,0,0,0,0,0,0,0,0,0,0,0,0,0,0,0,0,0,0,0,0,0,0,0,0,0,0,0,0,0,0,0,0,0,0,0,0,0,0,0,0,0,0,0,0,0,0,0,0,0,0,0,0,0,0,0,0,0,0,0,0,0,0,0,0,0,0,0,0,0,0,0,0,0,0,0,0,0,0,0,0,0,0,0,0,0,0,0,0,0,0,0,0,0,0,0,0,0,0,0,0,0,0,0,0,0,0,0,0,0,0,0,0,0,0,0,0,0,0,0,0,0,0,0,0,0,0,0,0,0,0,0,0,0,0,0,0,0,0,0,0,0,0,0,0
394153,240,116491,16972,1164,1,0,14030,724,436,2796,16972,529,47,651,639,448,1097,193,397,2827,236,410,636,418,2715,237,1054,707,444,2798,231,404,632,431,2743,234,489,683,436,2815,229,402,634,422,2731,235,6002,805,423,2788,230,406,690,442,2770,234,840,716,442,2778,229,402,629,422,2738,231,918,692,408,2764,237,409,636,416,2730,232,663,700,444,2792,232,401,628,432,2732,230,460,688,427,2804,235,407,640,419,2730,239,6002,801,422,2790,231,403,692,437,870,183,536,0,0,0,0,0,0,0,0,0,0,0,0,0,0,0,0,0,0,0,0,0,0,0,0,0,0,0,0,0,0,0,0,0,0,0,0,0,0,0,0,0,0,0,0,0,0,0,0,0,0,0,0,0,0,0,0,0,0,0,0,0,0,0,0,0,0,0,0,0,0,0,0,0,0,0,0,0,0,0,0,0,0,0,0,0,0,0,0,0,0,0,0,0,0,0,0,0,0,0,0,0,0,0,0,0,0,0,0,0,0,0,0,0,0,0,0,0,0,0,0,0,0,0,0,0,0,0,0,0,0,0,0,0,0,0,0,0,0,0,0,0,0,0,0,0,0,0,0,0,0,0,0,0,0,0,0,0,0,0,0,0,0,0,0,0,0,0,0,0,0,0,0,0,0,0,0,0,0,0,0,0,0,0,0,0,0,0,0,0,0,0,0,0,0,0,0,0,0,0,0
395153,241,118742,17011,1187,1,0,15789,716,434,2799,17011,530,66,656,2523,526,1098,247,400,2875,232,403,634,428,2726,233,1054,721,447,2803,228,403,630,445,2752,233,492,684,429,2794,235,408,644,417,2723,234,6014,806,420,2792,231,405,691,441,2780,232,617,688,441,2805,230,402,635,421,2726,232,918,687,410,2766,228,400,639,427,2735,229,667,679,449,2805,232,399,630,421,2730,239,465,692,422,910,168,393,632,424,2739,228,6017,801,431,2797,228,403,674,429,2771,243,863,0,0,0,0,0,0,0,0,0,0,0,0,0,0,0,0,0,0,0,0,0,0,0,0,0,0,0,0,0,0,0,0,0,0,0,0,0,0,0,0,0,0,0,0,0,0,0,0,0,0,0,0,0,0,0,0,0,0,0,0,0,0,0,0,0,0,0,0,0,0,0,0,0,0,0,0,0,0,0,0,0,0,0,0,0,0,0,0,0,0,0,0,0,0,0,0,0,0,0,0,0,0,0,0,0,0,0,0,0,0,0,0,0,0,0,0,0,0,0,0,0,0,0,0,0,0,0,0,0,0,0,0,0,0,0,0,0,0,0,0,0,0,0,0,0,0,0,0,0,0,0,0,0,0,0,0,0,0,0,0,0,0,0,0,0,0,0,0,0,0,0,0,0,0,0,0,0,0,0,0,0,0,0,0,0,0,0,0,0,0,0,0,0,0,0,0,0,0,0,0
396153,242,116731,15294,1167,1,0,15821,705,419,2793,15294,535,46,647,2563,535,1091,205,414,2828,231,403,628,434,2750,231,1053,714,440,2812,229,403,627,424,2732,234,510,691,441,2806,230,399,628,432,2735,232,6072,807,420,2795,236,413,692,432,2765,234,477,712,432,2785,230,402,643,435,2736,230,918,689,408,2779,232,401,626,423,2731,229,663,684,433,915,174,386,634,427,2744,229,463,695,426,2806,232,402,629,420,2730,232,6081,801,422,2792,231,403,686,445,2760,242,636,0,0,0,0,0,0,0,0,0,0,0,0,0,0,0,0,0,0,0,0,0,0,0,0,0,0,0,0,0,0,0,0,0,0,0,0,0,0,0,0,0,0,0,0,0,0,0,0,0,0,0,0,0,0,0,0,0,0,0,0,0,0,0,0,0,0,0,0,0,0,0,0,0,0,0,0,0,0,0,0,0,0,0,0,0,0,0,0,0,0,0,0,0,0,0,0,0,0,0,0,0,0,0,0,0,0,0,0,0,0,0,0,0,0,0,0,0,0,0,0,0,0,0,0,0,0,0,0,0,0,0,0,0,0,0,0,0,0,0,0,0,0,0,0,0,0,0,0,0,0,0,0,0,0,0,0,0,0,0,0,0,0,0,0,0,0,0,0,0,0,0,0,0,0,0,0,0,0,0,0,0,0,0,0,0,0,0,0,0,0,0,0,0,0,0,0,0,0,0,0
397153,243,118515,16822,1185,1,0,14112,717,427,2807,16822,534,46,648,2532,535,1092,197,395,2840,232,402,640,425,2738,231,1051,712,441,2817,228,402,629,420,2738,238,497,687,432,2791,230,399,641,425,2739,232,6071,807,431,2802,231,404,687,429,2790,234,840,698,433,2771,229,404,635,427,868,156,979,706,417,2766,229,405,627,421,2747,234,660,679,434,2797,231,403,635,427,2736,231,461,684,446,2790,235,401,627,420,2752,234,6061,803,420,2798,235,412,683,435,2760,243,495,0,0,0,0,0,0,0,0,0,0,0,0,0,0,0,0,0,0,0,0,0,0,0,0,0,0,0,0,0,0,0,0,0,0,0,0,0,0,0,0,0,0,0,0,0,0,0,0,0,0,0,0,0,0,0,0,0,0,0,0,0,0,0,0,0,0,0,0,0,0,0,0,0,0,0,0,0,0,0,0,0,0,0,0,0,0,0,0,0,0,0,0,0,0,0,0,0,0,0,0,0,0,0,0,0,0,0,0,0,0,0,0,0,0,0,0,0,0,0,0,0,0,0,0,0,0,0,0,0,0,0,0,0,0,0,0,0,0,0,0,0,0,0,0,0,0,0,0,0,0,0,0,0,0,0,0,0,0,0,0,0,0,0,0,0,0,0,0,0,0,0,0,0,0,0,0,0,0,0,0,0,0,0,0,0,0,0,0,0,0,0,0,0,0,0,0,0,0,0,0
398153,244,118850,16880,1188,1,0,15638,727,447,2796,16880,587,51,653,2561,538,1086,247,408,2874,239,409,635,417,2734,233,1050,723,447,2803,228,402,630,420,2746,234,492,684,431,2811,231,400,632,425,2728,234,6069,806,420,914,179,382,684,451,2749,238,616,687,441,2804,233,402,630,421,2724,230,919,680,412,2772,231,401,623,433,2742,230,665,683,435,2800,236,410,638,417,2725,231,486,697,434,2790,236,400,624,432,2746,234,6065,803,420,2797,236,412,683,434,2756,241,888,0,0,0,0,0,0,0,0,0,0,0,0,0,0,0,0,0,0,0,0,0,0,0,0,0,0,0,0,0,0,0,0,0,0,0,0,0,0,0,0,0,0,0,0,0,0,0,0,0,0,0,0,0,0,0,0,0,0,0,0,0,0,0,0,0,0,0,0,0,0,0,0,0,0,0,0,0,0,0,0,0,0,0,0,0,0,0,0,0,0,0,0,0,0,0,0,0,0,0,0,0,0,0,0,0,0,0,0,0,0,0,0,0,0,0,0,0,0,0,0,0,0,0,0,0,0,0,0,0,0,0,0,0,0,0,0,0,0,0,0,0,0,0,0,0,0,0,0,0,0,0,0,0,0,0,0,0,0,0,0,0,0,0,0,0,0,0,0,0,0,0,0,0,0,0,0,0,0,0,0,0,0,0,0,0,0,0,0,0,0,0,0,0,0,0,0,0,0,0,0
399153,245,116603,15271,1166,1,0,15695,694,425,2791,15271,539,47,652,2536,531,1089,196,396,2838,233,403,628,423,2725,237,1062,711,445,2808,229,403,642,427,2735,233,491,679,437,948,177,379,609,432,2748,233,6082,802,422,2794,228,404,704,433,2758,232,472,703,435,2801,230,403,634,421,2728,230,916,687,410,2765,231,401,623,433,2740,230,665,683,435,2813,231,401,628,422,2729,231,459,691,429,2779,235,406,646,421,2737,232,6070,803,431,2807,231,403,673,430,2760,247,641,0,0,0,0,0,0,0,0,0,0,0,0,0,0,0,0,0,0,0,0,0,0,0,0,0,0,0,0,0,0,0,0,0,0,0,0,0,0,0,0,0,0,0,0,0,0,0,0,0,0,0,0,0,0,0,0,0,0,0,0,0,0,0,0,0,0,0,0,0,0,0,0,0,0,0,0,0,0,0,0,0,0,0,0,0,0,0,0,0,0,0,0,0,0,0,0,0,0,0,0,0,0,0,0,0,0,0,0,0,0,0,0,0,0,0,0,0,0,0,0,0,0,0,0,0,0,0,0,0,0,0,0,0,0,0,0,0,0,0,0,0,0,0,0,0,0,0,0,0,0,0,0,0,0,0,0,0,0,0,0,0,0,0,0,0,0,0,0,0,0,0,0,0,0,0,0,0,0,0,0,0,0,0,0,0,0,0,0,0,0,0,0,0,0,0,0,0,0,0,0
400153,246,118544,16957,1185,1,0,14083,716,429,2793,16957,529,46,650,2524,530,1104,251,416,2859,235,401,632,423,872,166,1102,727,431,2784,236,410,632,415,2730,233,490,701,448,2798,230,402,626,421,2739,232,5994,808,420,2791,236,413,692,432,2764,234,840,708,431,2777,229,403,629,432,2752,230,919,692,408,2764,236,409,636,416,2731,231,664,699,439,2794,231,401,628,432,2733,230,459,689,427,2796,240,410,641,416,2728,234,6007,802,420,2794,231,403,674,444,2764,242,495,0,0,0,0,0,0,0,0,0,0,0,0,0,0,0,0,0,0,0,0,0,0,0,0,0,0,0,0,0,0,0,0,0,0,0,0,0,0,0,0,0,0,0,0,0,0,0,0,0,0,0,0,0,0,0,0,0,0,0,0,0,0,0,0,0,0,0,0,0,0,0,0,0,0,0,0,0,0,0,0,0,0,0,0,0,0,0,0,0,0,0,0,0,0,0,0,0,0,0,0,0,0,0,0,0,0,0,0,0,0,0,0,0,0,0,0,0,0,0,0,0,0,0,0,0,0,0,0,0,0,0,0,0,0,0,0,0,0,0,0,0,0,0,0,0,0,0,0,0,0,0,0,0,0,0,0,0,0,0,0,0,0,0,0,0,0,0,0,0,0,0,0,0,0,0,0,0,0,0,0,0,0,0,0,0,0,0,0,0,0,0,0,0,0,0,0,0,0,0,0
401153,247,116673,16908,1166,1,0,15772,718,428,2815,16908,530,80,639,657,467,1115,233,404,2857,232,402,640,429,2726,235,1050,713,455,2803,231,404,627,421,2761,233,491,684,431,2791,230,403,639,428,2735,231,5995,810,422,2791,231,405,689,429,2792,235,617,694,436,2796,236,410,649,417,2721,234,917,698,409,2766,228,400,629,434,2744,229,668,679,433,2807,231,400,629,421,2730,233,459,690,427,2785,232,400,633,430,2740,232,5991,803,421,925,180,383,648,449,2754,244,877,0,0,0,0,0,0,0,0,0,0,0,0,0,0,0,0,0,0,0,0,0,0,0,0,0,0,0,0,0,0,0,0,0,0,0,0,0,0,0,0,0,0,0,0,0,0,0,0,0,0,0,0,0,0,0,0,0,0,0,0,0,0,0,0,0,0,0,0,0,0,0,0,0,0,0,0,0,0,0,0,0,0,0,0,0,0,0,0,0,0,0,0,0,0,0,0,0,0,0,0,0,0,0,0,0,0,0,0,0,0,0,0,0,0,0,0,0,0,0,0,0,0,0,0,0,0,0,0,0,0,0,0,0,0,0,0,0,0,0,0,0,0,0,0,0,0,0,0,0,0,0,0,0,0,0,0,0,0,0,0,0,0,0,0,0,0,0,0,0,0,0,0,0,0,0,0,0,0,0,0,0,0,0,0,0,0,0,0,0,0,0,0,0,0,0,0,0,0,0,0
402153,248,116434,15276,1164,1,0,15720,702,423,2784,15276,542,47,650,2524,531,1080,200,397,2863,231,402,627,423,2729,232,1055,706,444,2799,229,403,641,424,2741,233,491,677,453,2809,230,400,634,421,2731,239,5988,804,422,2788,231,405,703,433,2767,232,472,703,444,2794,230,403,634,421,2728,236,924,690,410,2766,231,400,638,427,2735,229,665,680,449,2805,232,401,628,421,2728,237,465,694,422,908,168,384,639,426,2736,229,5990,800,431,2800,228,403,674,429,2763,247,641,0,0,0,0,0,0,0,0,0,0,0,0,0,0,0,0,0,0,0,0,0,0,0,0,0,0,0,0,0,0,0,0,0,0,0,0,0,0,0,0,0,0,0,0,0,0,0,0,0,0,0,0,0,0,0,0,0,0,0,0,0,0,0,0,0,0,0,0,0,0,0,0,0,0,0,0,0,0,0,0,0,0,0,0,0,0,0,0,0,0,0,0,0,0,0,0,0,0,0,0,0,0,0,0,0,0,0,0,0,0,0,0,0,0,0,0,0,0,0,0,0,0,0,0,0,0,0,0,0,0,0,0,0,0,0,0,0,0,0,0,0,0,0,0,0,0,0,0,0,0,0,0,0,0,0,0,0,0,0,0,0,0,0,0,0,0,0,0,0,0,0,0,0,0,0,0,0,0,0,0,0,0,0,0,0,0,0,0,0,0,0,0,0,0,0,0,0,0,0,0
403153,249,119116,17024,1191,1,0,14083,719,428,2792,17024,529,125,688,2561,531,1051,245,488,2904,232,400,641,423,2727,240,1064,716,444,2794,232,403,642,426,2734,234,487,681,453,2797,232,402,630,421,2746,232,6145,803,422,2789,231,406,689,442,2771,234,841,710,444,2779,229,403,631,422,2735,231,922,689,408,2765,232,402,636,428,864,160,722,669,448,2796,231,400,625,422,2737,231,461,689,425,2789,236,402,639,426,2736,234,6145,805,431,2797,231,403,675,430,2765,243,492,0,0,0,0,0,0,0,0,0,0,0,0,0,0,0,0,0,0,0,0,0,0,0,0,0,0,0,0,0,0,0,0,0,0,0,0,0,0,0,0,0,0,0,0,0,0,0,0,0,0,0,0,0,0,0,0,0,0,0,0,0,0,0,0,0,0,0,0,0,0,0,0,0,0,0,0,0,0,0,0,0,0,0,0,0,0,0,0,0,0,0,0,0,0,0,0,0,0,0,0,0,0,0,0,0,0,0,0,0,0,0,0,0,0,0,0,0,0,0,0,0,0,0,0,0,0,0,0,0,0,0,0,0,0,0,0,0,0,0,0,0,0,0,0,0,0,0,0,0,0,0,0,0,0,0,0,0,0,0,0,0,0,0,0,0,0,0,0,0,0,0,0,0,0,0,0,0,0,0,0,0,0,0,0,0,0,0,0,0,0,0,0,0,0,0,0,0,0,0,0
404153,250,119237,17022,1192,1,0,15843,725,426,2792,17022,529,17,666,2562,531,1051,335,446,2886,226,403,639,434,2736,231,1052,717,442,2794,238,412,638,415,2734,236,487,698,448,2797,231,401,632,432,2737,231,6141,806,420,2797,231,404,688,427,2773,241,629,697,436,2787,229,402,649,427,861,158,979,699,428,2763,231,403,629,420,2746,240,667,690,432,2794,231,401,644,427,2732,230,462,689,443,2786,235,407,637,419,2727,238,6145,801,422,2793,231,403,695,435,2745,240,866,0,0,0,0,0,0,0,0,0,0,0,0,0,0,0,0,0,0,0,0,0,0,0,0,0,0,0,0,0,0,0,0,0,0,0,0,0,0,0,0,0,0,0,0,0,0,0,0,0,0,0,0,0,0,0,0,0,0,0,0,0,0,0,0,0,0,0,0,0,0,0,0,0,0,0,0,0,0,0,0,0,0,0,0,0,0,0,0,0,0,0,0,0,0,0,0,0,0,0,0,0,0,0,0,0,0,0,0,0,0,0,0,0,0,0,0,0,0,0,0,0,0,0,0,0,0,0,0,0,0,0,0,0,0,0,0,0,0,0,0,0,0,0,0,0,0,0,0,0,0,0,0,0,0,0,0,0,0,0,0,0,0,0,0,0,0,0,0,0,0,0,0,0,0,0,0,0,0,0,0,0,0,0,0,0,0,0,0,0,0,0,0,0,0,0,0,0,0,0,0
405153,251,116716,15257,1167,1,0,15837,698,431,2808,15257,534,46,649,2524,530,1089,232,404,2859,234,401,634,428,2733,232,1055,733,449,2802,228,402,630,420,2743,234,492,683,431,2812,236,408,644,416,2717,234,6109,804,422,913,180,383,673,472,2764,239,472,699,434,2784,236,409,644,417,2728,234,919,695,410,2765,228,402,630,434,2742,229,664,680,436,2804,231,399,631,421,2726,240,466,691,426,2778,232,401,639,424,2736,232,6083,803,431,2796,231,403,674,430,2768,243,635,0,0,0,0,0,0,0,0,0,0,0,0,0,0,0,0,0,0,0,0,0,0,0,0,0,0,0,0,0,0,0,0,0,0,0,0,0,0,0,0,0,0,0,0,0,0,0,0,0,0,0,0,0,0,0,0,0,0,0,0,0,0,0,0,0,0,0,0,0,0,0,0,0,0,0,0,0,0,0,0,0,0,0,0,0,0,0,0,0,0,0,0,0,0,0,0,0,0,0,0,0,0,0,0,0,0,0,0,0,0,0,0,0,0,0,0,0,0,0,0,0,0,0,0,0,0,0,0,0,0,0,0,0,0,0,0,0,0,0,0,0,0,0,0,0,0,0,0,0,0,0,0,0,0,0,0,0,0,0,0,0,0,0,0,0,0,0,0,0,0,0,0,0,0,0,0,0,0,0,0,0,0,0,0,0,0,0,0,0,0,0,0,0,0,0,0,0,0,0,0
406153,252,118665,16985,1186,1,0,14065,718,428,2790,16985,530,66,654,2548,531,1085,192,408,2835,233,402,624,423,2738,237,1063,712,444,2802,229,404,640,428,861,161,542,687,439,2799,235,400,621,422,2742,234,6085,805,420,2795,238,413,693,438,2765,233,842,704,444,2781,229,403,630,422,2745,231,922,687,409,2761,236,409,637,416,2729,231,665,692,431,2793,232,401,629,432,2732,230,460,692,425,2799,235,401,632,420,2730,233,6081,802,422,2790,231,403,687,446,2757,242,495,0,0,0,0,0,0,0,0,0,0,0,0,0,0,0,0,0,0,0,0,0,0,0,0,0,0,0,0,0,0,0,0,0,0,0,0,0,0,0,0,0,0,0,0,0,0,0,0,0,0,0,0,0,0,0,0,0,0,0,0,0,0,0,0,0,0,0,0,0,0,0,0,0,0,0,0,0,0,0,0,0,0,0,0,0,0,0,0,0,0,0,0,0,0,0,0,0,0,0,0,0,0,0,0,0,0,0,0,0,0,0,0,0,0,0,0,0,0,0,0,0,0,0,0,0,0,0,0,0,0,0,0,0,0,0,0,0,0,0,0,0,0,0,0,0,0,0,0,0,0,0,0,0,0,0,0,0,0,0,0,0,0,0,0,0,0,0,0,0,0,0,0,0,0,0,0,0,0,0,0,0,0,0,0,0,0,0,0,0,0,0,0,0,0,0,0,0,0,0,0
407153,253,118820,16893,1188,1,0,15805,723,426,2813,16893,530,46,651,2525,543,1087,247,408,2867,233,401,628,435,874,161,1105,730,431,2804,231,400,624,420,2733,228,491,689,435,2789,230,401,630,432,2735,230,6083,806,421,2798,231,404,688,427,2774,240,628,700,433,2787,230,402,646,427,2723,234,919,692,427,2770,229,400,630,422,2741,231,667,681,435,2800,236,408,638,417,2724,234,462,692,431,2785,234,401,627,432,2737,234,6085,803,420,2794,236,411,685,434,2755,241,879,0,0,0,0,0,0,0,0,0,0,0,0,0,0,0,0,0,0,0,0,0,0,0,0,0,0,0,0,0,0,0,0,0,0,0,0,0,0,0,0,0,0,0,0,0,0,0,0,0,0,0,0,0,0,0,0,0,0,0,0,0,0,0,0,0,0,0,0,0,0,0,0,0,0,0,0,0,0,0,0,0,0,0,0,0,0,0,0,0,0,0,0,0,0,0,0,0,0,0,0,0,0,0,0,0,0,0,0,0,0,0,0,0,0,0,0,0,0,0,0,0,0,0,0,0,0,0,0,0,0,0,0,0,0,0,0,0,0,0,0,0,0,0,0,0,0,0,0,0,0,0,0,0,0,0,0,0,0,0,0,0,0,0,0,0,0,0,0,0,0,0,0,0,0,0,0,0,0,0,0,0,0,0,0,0,0,0,0,0,0,0,0,0,0,0,0,0,0,0,0
408153,254,116551,16952,1165,1,0,15708,700,420,909,16952,533,76,658,2536,546,1075,247,411,2879,234,401,632,423,2732,239,1063,711,445,2800,229,403,642,427,2736,233,490,677,452,2810,230,400,633,421,2727,238,6082,803,422,2787,231,406,692,442,2767,234,472,706,445,2792,230,402,636,421,2737,231,921,691,408,2761,237,410,637,416,2729,232,663,701,442,2795,231,401,627,421,2733,231,459,687,427,2787,241,410,638,416,2721,235,6085,802,420,917,179,381,666,456,2752,242,635,0,0,0,0,0,0,0,0,0,0,0,0,0,0,0,0,0,0,0,0,0,0,0,0,0,0,0,0,0,0,0,0,0,0,0,0,0,0,0,0,0,0,0,0,0,0,0,0,0,0,0,0,0,0,0,0,0,0,0,0,0,0,0,0,0,0,0,0,0,0,0,0,0,0,0,0,0,0,0,0,0,0,0,0,0,0,0,0,0,0,0,0,0,0,0,0,0,0,0,0,0,0,0,0,0,0,0,0,0,0,0,0,0,0,0,0,0,0,0,0,0,0,0,0,0,0,0,0,0,0,0,0,0,0,0,0,0,0,0,0,0,0,0,0,0,0,0,0,0,0,0,0,0,0,0,0,0,0,0,0,0,0,0,0,0,0,0,0,0,0,0,0,0,0,0,0,0,0,0,0,0,0,0,0,0,0,0,0,0,0,0,0,0,0,0,0,0,0,0,0
409153,255,116839,15276,1168,1,0,15821,720,428,2810,15276,538,46,688,2530,531,1092,197,397,2839,230,402,627,431,2743,229,1051,712,443,2809,227,402,629,420,2740,233,490,687,436,2795,230,399,641,435,2740,232,6002,807,420,2795,231,404,686,427,2773,240,863,695,429,2770,229,404,639,428,2726,231,918,691,427,2776,231,401,626,423,2739,237,670,689,432,2790,231,403,639,427,862,159,519,682,428,2780,230,410,632,419,2742,235,6005,803,420,2795,236,411,683,434,2757,243,500,0,0,0,0,0,0,0,0,0,0,0,0,0,0,0,0,0,0,0,0,0,0,0,0,0,0,0,0,0,0,0,0,0,0,0,0,0,0,0,0,0,0,0,0,0,0,0,0,0,0,0,0,0,0,0,0,0,0,0,0,0,0,0,0,0,0,0,0,0,0,0,0,0,0,0,0,0,0,0,0,0,0,0,0,0,0,0,0,0,0,0,0,0,0,0,0,0,0,0,0,0,0,0,0,0,0,0,0,0,0,0,0,0,0,0,0,0,0,0,0,0,0,0,0,0,0,0,0,0,0,0,0,0,0,0,0,0,0,0,0,0,0,0,0,0,0,0,0,0,0,0,0,0,0,0,0,0,0,0,0,0,0,0,0,0,0,0,0,0,0,0,0,0,0,0,0,0,0,0,0,0,0,0,0,0,0,0,0,0,0,0,0,0,0,0,0,0,0,0,0
410153,256,118784,17012,1187,1,0,14083,727,432,2793,17012,530,66,651,2531,531,1054,245,411,2885,233,401,630,424,2722,230,1058,712,445,2804,229,403,643,436,2739,231,491,679,433,2820,230,400,635,421,2729,239,6010,805,422,2785,231,405,703,433,2765,232,617,694,445,2796,230,401,636,421,2748,234,919,686,409,2770,229,402,637,428,860,160,719,670,448,2802,231,400,621,422,2742,231,461,685,425,2790,240,410,638,416,2734,234,6021,800,422,2798,231,403,676,444,2764,242,866,0,0,0,0,0,0,0,0,0,0,0,0,0,0,0,0,0,0,0,0,0,0,0,0,0,0,0,0,0,0,0,0,0,0,0,0,0,0,0,0,0,0,0,0,0,0,0,0,0,0,0,0,0,0,0,0,0,0,0,0,0,0,0,0,0,0,0,0,0,0,0,0,0,0,0,0,0,0,0,0,0,0,0,0,0,0,0,0,0,0,0,0,0,0,0,0,0,0,0,0,0,0,0,0,0,0,0,0,0,0,0,0,0,0,0,0,0,0,0,0,0,0,0,0,0,0,0,0,0,0,0,0,0,0,0,0,0,0,0,0,0,0,0,0,0,0,0,0,0,0,0,0,0,0,0,0,0,0,0,0,0,0,0,0,0,0,0,0,0,0,0,0,0,0,0,0,0,0,0,0,0,0,0,0,0,0,0,0,0,0,0,0,0,0,0,0,0,0,0,0
411153,257,118420,17043,1184,1,0,15830,699,420,2801,17043,530,66,652,2541,542,1115,247,412,2867,234,402,627,435,2737,233,1049,716,442,2828,228,402,627,421,2736,233,490,698,439,2793,230,399,631,433,2738,232,5994,807,420,2803,231,404,693,430,2766,235,478,705,434,911,167,390,627,433,2737,228,921,690,410,2772,237,409,633,416,2732,231,668,684,432,2803,230,399,643,436,2734,231,462,685,425,2806,232,400,630,420,2736,240,6012,803,422,2790,231,403,693,435,2745,242,636,0,0,0,0,0,0,0,0,0,0,0,0,0,0,0,0,0,0,0,0,0,0,0,0,0,0,0,0,0,0,0,0,0,0,0,0,0,0,0,0,0,0,0,0,0,0,0,0,0,0,0,0,0,0,0,0,0,0,0,0,0,0,0,0,0,0,0,0,0,0,0,0,0,0,0,0,0,0,0,0,0,0,0,0,0,0,0,0,0,0,0,0,0,0,0,0,0,0,0,0,0,0,0,0,0,0,0,0,0,0,0,0,0,0,0,0,0,0,0,0,0,0,0,0,0,0,0,0,0,0,0,0,0,0,0,0,0,0,0,0,0,0,0,0,0,0,0,0,0,0,0,0,0,0,0,0,0,0,0,0,0,0,0,0,0,0,0,0,0,0,0,0,0,0,0,0,0,0,0,0,0,0,0,0,0,0,0,0,0,0,0,0,0,0,0,0,0,0,0,0
412153,258,116848,15290,1168,1,0,15853,711,442,2809,15290,537,51,649,2530,527,1051,245,413,2874,234,402,636,426,2732,231,1048,715,456,2812,228,403,628,420,2750,238,498,686,430,2799,231,401,642,427,2729,234,6011,807,431,921,174,384,677,441,2753,244,860,692,431,2768,229,403,643,428,2725,234,917,695,428,2776,228,401,628,422,2740,231,667,680,435,2793,231,401,637,428,2733,234,461,683,446,2790,232,402,628,420,2739,234,6013,803,420,2793,236,412,683,434,2755,243,495,0,0,0,0,0,0,0,0,0,0,0,0,0,0,0,0,0,0,0,0,0,0,0,0,0,0,0,0,0,0,0,0,0,0,0,0,0,0,0,0,0,0,0,0,0,0,0,0,0,0,0,0,0,0,0,0,0,0,0,0,0,0,0,0,0,0,0,0,0,0,0,0,0,0,0,0,0,0,0,0,0,0,0,0,0,0,0,0,0,0,0,0,0,0,0,0,0,0,0,0,0,0,0,0,0,0,0,0,0,0,0,0,0,0,0,0,0,0,0,0,0,0,0,0,0,0,0,0,0,0,0,0,0,0,0,0,0,0,0,0,0,0,0,0,0,0,0,0,0,0,0,0,0,0,0,0,0,0,0,0,0,0,0,0,0,0,0,0,0,0,0,0,0,0,0,0,0,0,0,0,0,0,0,0,0,0,0,0,0,0,0,0,0,0,0,0,0,0,0,0
413153,259,117891,16989,1178,1,0,14098,730,433,2795,16989,529,80,642,2552,63,1014,41,630,2537,521,520,173,398,2746,233,1057,708,441,2796,231,404,642,427,861,161,544,678,439,2806,233,400,625,422,2734,238,6013,805,422,2788,231,405,703,433,2767,232,617,694,450,2795,230,401,636,421,2747,234,919,686,409,2770,228,402,637,428,2730,231,667,697,451,2797,232,400,629,422,2734,234,460,684,429,2789,234,402,637,426,2729,235,6011,803,431,2798,231,403,674,430,2764,245,876,0,0,0,0,0,0,0,0,0,0,0,0,0,0,0,0,0,0,0,0,0,0,0,0,0,0,0,0,0,0,0,0,0,0,0,0,0,0,0,0,0,0,0,0,0,0,0,0,0,0,0,0,0,0,0,0,0,0,0,0,0,0,0,0,0,0,0,0,0,0,0,0,0,0,0,0,0,0,0,0,0,0,0,0,0,0,0,0,0,0,0,0,0,0,0,0,0,0,0,0,0,0,0,0,0,0,0,0,0,0,0,0,0,0,0,0,0,0,0,0,0,0,0,0,0,0,0,0,0,0,0,0,0,0,0,0,0,0,0,0,0,0,0,0,0,0,0,0,0,0,0,0,0,0,0,0,0,0,0,0,0,0,0,0,0,0,0,0,0,0,0,0,0,0,0,0,0,0,0,0,0,0,0,0,0,0,0,0,0,0,0,0,0,0,0,0,0,0,0,0
414153,260,118452,17022,1184,1,0,15803,700,419,2792,17022,529,81,641,2542,539,1105,248,415,2870,232,401,633,422,872,164,1107,721,434,2788,236,410,631,416,2727,230,491,702,454,2799,232,402,627,445,2739,232,5995,807,420,2793,236,413,692,432,2766,234,475,710,437,2787,230,402,632,432,2731,230,918,690,410,2790,232,401,626,422,2734,230,672,692,439,2796,231,401,627,432,2737,230,459,685,427,2806,235,406,636,419,2736,233,5994,802,423,2789,231,403,692,437,2747,242,636,0,0,0,0,0,0,0,0,0,0,0,0,0,0,0,0,0,0,0,0,0,0,0,0,0,0,0,0,0,0,0,0,0,0,0,0,0,0,0,0,0,0,0,0,0,0,0,0,0,0,0,0,0,0,0,0,0,0,0,0,0,0,0,0,0,0,0,0,0,0,0,0,0,0,0,0,0,0,0,0,0,0,0,0,0,0,0,0,0,0,0,0,0,0,0,0,0,0,0,0,0,0,0,0,0,0,0,0,0,0,0,0,0,0,0,0,0,0,0,0,0,0,0,0,0,0,0,0,0,0,0,0,0,0,0,0,0,0,0,0,0,0,0,0,0,0,0,0,0,0,0,0,0,0,0,0,0,0,0,0,0,0,0,0,0,0,0,0,0,0,0,0,0,0,0,0,0,0,0,0,0,0,0,0,0,0,0,0,0,0,0,0,0,0,0,0,0,0,0,0
415153,261,114955,15255,1149,1,0,15839,711,442,926,15255,541,51,645,2552,544,1073,249,408,2866,233,401,637,425,2734,233,1049,716,440,2818,229,402,628,420,2743,238,496,684,431,2791,230,401,638,428,2738,234,6000,808,431,2791,231,404,686,427,2795,234,846,694,435,2769,229,404,640,428,2729,231,917,699,428,2764,231,400,627,422,2748,236,662,686,435,2797,231,403,641,427,2726,231,460,689,442,2790,235,402,629,420,2734,239,6012,802,422,917,176,388,653,454,2753,243,492,0,0,0,0,0,0,0,0,0,0,0,0,0,0,0,0,0,0,0,0,0,0,0,0,0,0,0,0,0,0,0,0,0,0,0,0,0,0,0,0,0,0,0,0,0,0,0,0,0,0,0,0,0,0,0,0,0,0,0,0,0,0,0,0,0,0,0,0,0,0,0,0,0,0,0,0,0,0,0,0,0,0,0,0,0,0,0,0,0,0,0,0,0,0,0,0,0,0,0,0,0,0,0,0,0,0,0,0,0,0,0,0,0,0,0,0,0,0,0,0,0,0,0,0,0,0,0,0,0,0,0,0,0,0,0,0,0,0,0,0,0,0,0,0,0,0,0,0,0,0,0,0,0,0,0,0,0,0,0,0,0,0,0,0,0,0,0,0,0,0,0,0,0,0,0,0,0,0,0,0,0,0,0,0,0,0,0,0,0,0,0,0,0,0,0,0,0,0,0,0
416153,262,123222,21933,1232,1,0,14118,732,427,2804,21933,538,54,644,2537,581,480,718,433,2797,230,400,634,421,2734,257,1010,722,419,2782,239,401,640,430,2725,251,444,698,421,2796,232,400,642,423,2730,252,5953,799,425,2793,236,418,694,429,2753,251,574,700,402,2800,233,401,643,421,2729,252,876,674,402,2777,230,403,641,428,2729,249,617,691,423,2803,234,399,641,421,2748,248,418,690,394,2786,233,404,641,429,2732,252,5953,797,437,919,182,397,644,436,2860,254,813,0,0,0,0,0,0,0,0,0,0,0,0,0,0,0,0,0,0,0,0,0,0,0,0,0,0,0,0,0,0,0,0,0,0,0,0,0,0,0,0,0,0,0,0,0,0,0,0,0,0,0,0,0,0,0,0,0,0,0,0,0,0,0,0,0,0,0,0,0,0,0,0,0,0,0,0,0,0,0,0,0,0,0,0,0,0,0,0,0,0,0,0,0,0,0,0,0,0,0,0,0,0,0,0,0,0,0,0,0,0,0,0,0,0,0,0,0,0,0,0,0,0,0,0,0,0,0,0,0,0,0,0,0,0,0,0,0,0,0,0,0,0,0,0,0,0,0,0,0,0,0,0,0,0,0,0,0,0,0,0,0,0,0,0,0,0,0,0,0,0,0,0,0,0,0,0,0,0,0,0,0,0,0,0,0,0,0,0,0,0,0,0,0,0,0,0,0,0,0,0
417163,263,117771,16951,1177,1,0,20740,678,414,2777,16951,548,88,651,2526,588,479,715,440,2795,229,401,638,421,2734,257,1004,713,423,2791,239,400,640,430,2728,250,444,703,417,2795,230,401,638,423,2744,252,5948,801,424,2803,236,420,682,424,2762,251,429,699,412,2788,233,401,639,420,2737,253,864,668,406,2776,229,405,638,428,2730,250,616,701,413,2798,233,400,639,421,2741,251,415,687,395,931,170,391,621,416,2724,251,5955,800,427,2802,232,415,676,438,2834,250,577,0,0,0,0,0,0,0,0,0,0,0,0,0,0,0,0,0,0,0,0,0,0,0,0,0,0,0,0,0,0,0,0,0,0,0,0,0,0,0,0,0,0,0,0,0,0,0,0,0,0,0,0,0,0,0,0,0,0,0,0,0,0,0,0,0,0,0,0,0,0,0,0,0,0,0,0,0,0,0,0,0,0,0,0,0,0,0,0,0,0,0,0,0,0,0,0,0,0,0,0,0,0,0,0,0,0,0,0,0,0,0,0,0,0,0,0,0,0,0,0,0,0,0,0,0,0,0,0,0,0,0,0,0,0,0,0,0,0,0,0,0,0,0,0,0,0,0,0,0,0,0,0,0,0,0,0,0,0,0,0,0,0,0,0,0,0,0,0,0,0,0,0,0,0,0,0,0,0,0,0,0,0,0,0,0,0,0,0,0,0,0,0,0,0,0,0,0,0,0,0
418163,264,116502,15231,1165,1,0,15763,702,400,2792,15231,532,46,651,2524,551,1098,251,400,2862,231,401,646,441,2725,251,995,726,417,2798,235,401,631,421,2729,248,461,703,401,2794,230,399,650,440,2738,251,5955,797,448,2806,236,418,679,419,2775,254,812,681,414,2782,232,403,648,428,2729,252,861,700,413,2775,229,403,626,420,872,241,614,668,408,2792,235,410,645,413,2724,250,430,700,395,2792,234,403,633,435,2738,251,5946,795,425,2806,233,413,674,424,2810,251,444,0,0,0,0,0,0,0,0,0,0,0,0,0,0,0,0,0,0,0,0,0,0,0,0,0,0,0,0,0,0,0,0,0,0,0,0,0,0,0,0,0,0,0,0,0,0,0,0,0,0,0,0,0,0,0,0,0,0,0,0,0,0,0,0,0,0,0,0,0,0,0,0,0,0,0,0,0,0,0,0,0,0,0,0,0,0,0,0,0,0,0,0,0,0,0,0,0,0,0,0,0,0,0,0,0,0,0,0,0,0,0,0,0,0,0,0,0,0,0,0,0,0,0,0,0,0,0,0,0,0,0,0,0,0,0,0,0,0,0,0,0,0,0,0,0,0,0,0,0,0,0,0,0,0,0,0,0,0,0,0,0,0,0,0,0,0,0,0,0,0,0,0,0,0,0,0,0,0,0,0,0,0,0,0,0,0,0,0,0,0,0,0,0,0,0,0,0,0,0,0
419162,265,118445,17054,1184,1,0,14037,706,401,2795,17054,574,81,653,2528,580,473,718,444,2789,228,401,636,421,2728,254,1008,714,421,2784,239,399,648,432,2725,248,446,692,421,2803,232,400,640,423,2738,252,5954,799,425,2794,236,420,682,425,2763,251,574,699,420,2793,233,401,643,421,871,242,864,691,405,2782,237,409,648,414,2727,248,617,701,412,2802,231,399,641,438,2742,254,415,688,395,2806,238,412,648,414,2719,249,5970,796,426,2802,233,408,679,439,2827,250,794,0,0,0,0,0,0,0,0,0,0,0,0,0,0,0,0,0,0,0,0,0,0,0,0,0,0,0,0,0,0,0,0,0,0,0,0,0,0,0,0,0,0,0,0,0,0,0,0,0,0,0,0,0,0,0,0,0,0,0,0,0,0,0,0,0,0,0,0,0,0,0,0,0,0,0,0,0,0,0,0,0,0,0,0,0,0,0,0,0,0,0,0,0,0,0,0,0,0,0,0,0,0,0,0,0,0,0,0,0,0,0,0,0,0,0,0,0,0,0,0,0,0,0,0,0,0,0,0,0,0,0,0,0,0,0,0,0,0,0,0,0,0,0,0,0,0,0,0,0,0,0,0,0,0,0,0,0,0,0,0,0,0,0,0,0,0,0,0,0,0,0,0,0,0,0,0,0,0,0,0,0,0,0,0,0,0,0,0,0,0,0,0,0,0,0,0,0,0,0,0
420163,266,117806,16982,1178,1,0,15866,682,406,2803,16982,527,79,644,2537,563,1036,211,402,2817,232,400,650,428,2733,250,995,723,413,2795,236,399,635,421,2726,255,450,697,401,2788,230,400,648,429,2732,253,5948,801,424,918,188,397,652,434,2742,256,438,699,410,2779,232,400,660,426,2730,251,861,666,405,2799,230,401,630,421,2728,250,631,701,403,2796,232,399,639,438,2736,254,416,690,394,2794,239,409,643,413,2725,250,5981,795,427,2800,233,408,678,445,2826,250,577,0,0,0,0,0,0,0,0,0,0,0,0,0,0,0,0,0,0,0,0,0,0,0,0,0,0,0,0,0,0,0,0,0,0,0,0,0,0,0,0,0,0,0,0,0,0,0,0,0,0,0,0,0,0,0,0,0,0,0,0,0,0,0,0,0,0,0,0,0,0,0,0,0,0,0,0,0,0,0,0,0,0,0,0,0,0,0,0,0,0,0,0,0,0,0,0,0,0,0,0,0,0,0,0,0,0,0,0,0,0,0,0,0,0,0,0,0,0,0,0,0,0,0,0,0,0,0,0,0,0,0,0,0,0,0,0,0,0,0,0,0,0,0,0,0,0,0,0,0,0,0,0,0,0,0,0,0,0,0,0,0,0,0,0,0,0,0,0,0,0,0,0,0,0,0,0,0,0,0,0,0,0,0,0,0,0,0,0,0,0,0,0,0,0,0,0,0,0,0,0
421163,267,116433,15379,1164,1,0,15793,698,400,2811,15379,531,78,646,2525,573,1002,214,403,2811,234,400,635,440,2727,254,995,718,416,2795,238,399,633,421,2730,255,464,709,402,928,155,396,644,412,2723,254,5954,799,436,2803,234,419,676,418,2776,250,795,689,408,2781,236,410,643,414,2736,252,873,677,406,2777,229,403,626,436,2741,252,614,698,400,2802,240,408,648,414,2724,252,426,704,397,2798,232,402,644,430,2724,249,5955,796,426,2802,234,408,677,422,2815,251,444,0,0,0,0,0,0,0,0,0,0,0,0,0,0,0,0,0,0,0,0,0,0,0,0,0,0,0,0,0,0,0,0,0,0,0,0,0,0,0,0,0,0,0,0,0,0,0,0,0,0,0,0,0,0,0,0,0,0,0,0,0,0,0,0,0,0,0,0,0,0,0,0,0,0,0,0,0,0,0,0,0,0,0,0,0,0,0,0,0,0,0,0,0,0,0,0,0,0,0,0,0,0,0,0,0,0,0,0,0,0,0,0,0,0,0,0,0,0,0,0,0,0,0,0,0,0,0,0,0,0,0,0,0,0,0,0,0,0,0,0,0,0,0,0,0,0,0,0,0,0,0,0,0,0,0,0,0,0,0,0,0,0,0,0,0,0,0,0,0,0,0,0,0,0,0,0,0,0,0,0,0,0,0,0,0,0,0,0,0,0,0,0,0,0,0,0,0,0,0,0
422162,268,118384,17020,1183,1,0,14179,705,401,2794,17020,534,67,664,2530,550,1042,203,412,2831,234,401,630,423,858,245,995,717,427,2794,234,402,636,432,2725,249,446,704,418,2801,234,400,631,423,2745,255,5959,798,425,2795,236,418,686,448,2779,252,574,703,419,2791,233,401,638,420,2740,253,860,670,406,2776,235,413,640,412,2726,250,615,701,413,2798,234,399,638,421,2741,252,416,690,394,2790,238,410,640,412,2722,251,5982,796,426,2803,233,408,679,438,2832,250,794,0,0,0,0,0,0,0,0,0,0,0,0,0,0,0,0,0,0,0,0,0,0,0,0,0,0,0,0,0,0,0,0,0,0,0,0,0,0,0,0,0,0,0,0,0,0,0,0,0,0,0,0,0,0,0,0,0,0,0,0,0,0,0,0,0,0,0,0,0,0,0,0,0,0,0,0,0,0,0,0,0,0,0,0,0,0,0,0,0,0,0,0,0,0,0,0,0,0,0,0,0,0,0,0,0,0,0,0,0,0,0,0,0,0,0,0,0,0,0,0,0,0,0,0,0,0,0,0,0,0,0,0,0,0,0,0,0,0,0,0,0,0,0,0,0,0,0,0,0,0,0,0,0,0,0,0,0,0,0,0,0,0,0,0,0,0,0,0,0,0,0,0,0,0,0,0,0,0,0,0,0,0,0,0,0,0,0,0,0,0,0,0,0,0,0,0,0,0,0,0
423163,269,116254,17053,1162,1,0,15830,682,406,930,17053,579,77,662,2556,585,477,715,424,2794,231,401,640,429,2728,252,1001,714,430,2793,238,400,637,421,2746,252,445,695,399,2795,232,402,646,432,2727,250,6025,803,439,2791,236,418,677,419,2775,251,429,701,405,2782,238,409,650,414,2722,252,860,686,408,2775,229,403,626,436,2744,252,615,695,400,2794,239,408,650,413,2721,250,429,698,398,2795,232,403,631,435,2736,251,6027,797,425,923,184,392,650,435,2859,254,584,0,0,0,0,0,0,0,0,0,0,0,0,0,0,0,0,0,0,0,0,0,0,0,0,0,0,0,0,0,0,0,0,0,0,0,0,0,0,0,0,0,0,0,0,0,0,0,0,0,0,0,0,0,0,0,0,0,0,0,0,0,0,0,0,0,0,0,0,0,0,0,0,0,0,0,0,0,0,0,0,0,0,0,0,0,0,0,0,0,0,0,0,0,0,0,0,0,0,0,0,0,0,0,0,0,0,0,0,0,0,0,0,0,0,0,0,0,0,0,0,0,0,0,0,0,0,0,0,0,0,0,0,0,0,0,0,0,0,0,0,0,0,0,0,0,0,0,0,0,0,0,0,0,0,0,0,0,0,0,0,0,0,0,0,0,0,0,0,0,0,0,0,0,0,0,0,0,0,0,0,0,0,0,0,0,0,0,0,0,0,0,0,0,0,0,0,0,0,0,0
424163,270,116649,15261,1166,1,0,15931,699,408,2785,15261,530,46,651,2522,548,1031,251,417,2869,234,402,639,421,2734,252,996,726,417,2792,234,402,637,427,2731,249,448,695,412,2798,232,399,639,441,2742,254,6041,799,423,2797,241,424,679,425,2762,251,816,692,405,2786,230,401,648,434,2737,251,858,672,406,2793,229,403,630,421,2736,252,626,715,401,2797,234,399,650,436,852,242,413,648,408,2804,232,402,638,423,2729,248,6054,798,428,2791,233,413,684,445,2812,251,430,0,0,0,0,0,0,0,0,0,0,0,0,0,0,0,0,0,0,0,0,0,0,0,0,0,0,0,0,0,0,0,0,0,0,0,0,0,0,0,0,0,0,0,0,0,0,0,0,0,0,0,0,0,0,0,0,0,0,0,0,0,0,0,0,0,0,0,0,0,0,0,0,0,0,0,0,0,0,0,0,0,0,0,0,0,0,0,0,0,0,0,0,0,0,0,0,0,0,0,0,0,0,0,0,0,0,0,0,0,0,0,0,0,0,0,0,0,0,0,0,0,0,0,0,0,0,0,0,0,0,0,0,0,0,0,0,0,0,0,0,0,0,0,0,0,0,0,0,0,0,0,0,0,0,0,0,0,0,0,0,0,0,0,0,0,0,0,0,0,0,0,0,0,0,0,0,0,0,0,0,0,0,0,0,0,0,0,0,0,0,0,0,0,0,0,0,0,0,0,0
425162,271,118565,17037,1185,1,0,14072,697,417,2802,17037,527,66,656,2604,556,1048,201,403,2823,232,401,640,430,2724,252,999,717,430,2798,236,399,635,421,2744,252,446,695,399,2796,237,409,648,432,2725,252,6042,801,424,2791,236,416,680,441,2775,250,574,700,401,2784,238,409,650,413,2720,252,879,685,405,2769,230,403,626,420,871,241,614,667,408,2792,235,410,644,414,2724,250,417,691,405,2793,234,403,631,435,2736,251,6034,796,425,2802,239,418,678,425,2817,251,814,0,0,0,0,0,0,0,0,0,0,0,0,0,0,0,0,0,0,0,0,0,0,0,0,0,0,0,0,0,0,0,0,0,0,0,0,0,0,0,0,0,0,0,0,0,0,0,0,0,0,0,0,0,0,0,0,0,0,0,0,0,0,0,0,0,0,0,0,0,0,0,0,0,0,0,0,0,0,0,0,0,0,0,0,0,0,0,0,0,0,0,0,0,0,0,0,0,0,0,0,0,0,0,0,0,0,0,0,0,0,0,0,0,0,0,0,0,0,0,0,0,0,0,0,0,0,0,0,0,0,0,0,0,0,0,0,0,0,0,0,0,0,0,0,0,0,0,0,0,0,0,0,0,0,0,0,0,0,0,0,0,0,0,0,0,0,0,0,0,0,0,0,0,0,0,0,0,0,0,0,0,0,0,0,0,0,0,0,0,0,0,0,0,0,0,0,0,0,0,0
426163,272,118064,16985,1180,1,0,15846,688,404,2792,16985,527,67,652,2584,553,1045,200,403,2859,234,400,628,423,2727,251,1017,732,417,2791,237,401,645,430,2729,249,447,694,401,2813,230,400,642,423,2726,255,6037,799,425,2786,236,418,692,429,2751,251,429,697,418,937,169,385,624,414,2725,256,867,671,406,2779,230,401,644,430,2728,250,618,688,423,2801,232,399,644,421,2754,254,415,687,395,2787,237,409,649,414,2721,253,6031,804,426,2802,233,408,677,423,2847,250,577,0,0,0,0,0,0,0,0,0,0,0,0,0,0,0,0,0,0,0,0,0,0,0,0,0,0,0,0,0,0,0,0,0,0,0,0,0,0,0,0,0,0,0,0,0,0,0,0,0,0,0,0,0,0,0,0,0,0,0,0,0,0,0,0,0,0,0,0,0,0,0,0,0,0,0,0,0,0,0,0,0,0,0,0,0,0,0,0,0,0,0,0,0,0,0,0,0,0,0,0,0,0,0,0,0,0,0,0,0,0,0,0,0,0,0,0,0,0,0,0,0,0,0,0,0,0,0,0,0,0,0,0,0,0,0,0,0,0,0,0,0,0,0,0,0,0,0,0,0,0,0,0,0,0,0,0,0,0,0,0,0,0,0,0,0,0,0,0,0,0,0,0,0,0,0,0,0,0,0,0,0,0,0,0,0,0,0,0,0,0,0,0,0,0,0,0,0,0,0,0
427163,273,118316,16998,1183,1,0,15800,699,399,2795,16998,527,65,700,2572,551,1063,199,393,2813,231,400,643,440,2726,251,997,721,416,2798,236,400,635,421,2727,248,461,709,401,2791,230,400,640,441,2738,254,6037,798,423,923,188,402,660,433,2746,252,813,687,407,2788,229,401,637,435,2743,253,859,667,406,2791,229,402,631,421,2730,262,629,696,409,2792,232,399,655,429,2722,250,417,687,416,2797,232,400,640,421,2746,248,6043,796,427,2797,233,416,679,430,2815,251,430,0,0,0,0,0,0,0,0,0,0,0,0,0,0,0,0,0,0,0,0,0,0,0,0,0,0,0,0,0,0,0,0,0,0,0,0,0,0,0,0,0,0,0,0,0,0,0,0,0,0,0,0,0,0,0,0,0,0,0,0,0,0,0,0,0,0,0,0,0,0,0,0,0,0,0,0,0,0,0,0,0,0,0,0,0,0,0,0,0,0,0,0,0,0,0,0,0,0,0,0,0,0,0,0,0,0,0,0,0,0,0,0,0,0,0,0,0,0,0,0,0,0,0,0,0,0,0,0,0,0,0,0,0,0,0,0,0,0,0,0,0,0,0,0,0,0,0,0,0,0,0,0,0,0,0,0,0,0,0,0,0,0,0,0,0,0,0,0,0,0,0,0,0,0,0,0,0,0,0,0,0,0,0,0,0,0,0,0,0,0,0,0,0,0,0,0,0,0,0,0
428162,274,116775,15253,1167,1,0,15805,697,417,2796,15253,535,46,701,2575,548,1043,197,401,2836,231,400,627,423,2718,250,1001,729,417,2797,235,401,636,439,867,240,441,678,407,2836,234,400,639,421,2729,248,6045,799,425,2790,236,411,684,431,2764,250,574,702,401,2802,233,401,643,421,2728,254,870,667,405,2777,230,403,640,428,2731,249,617,691,423,2802,234,399,640,421,2751,252,416,692,394,2789,233,404,638,428,2727,252,6029,798,427,2798,233,408,679,438,2835,250,794,0,0,0,0,0,0,0,0,0,0,0,0,0,0,0,0,0,0,0,0,0,0,0,0,0,0,0,0,0,0,0,0,0,0,0,0,0,0,0,0,0,0,0,0,0,0,0,0,0,0,0,0,0,0,0,0,0,0,0,0,0,0,0,0,0,0,0,0,0,0,0,0,0,0,0,0,0,0,0,0,0,0,0,0,0,0,0,0,0,0,0,0,0,0,0,0,0,0,0,0,0,0,0,0,0,0,0,0,0,0,0,0,0,0,0,0,0,0,0,0,0,0,0,0,0,0,0,0,0,0,0,0,0,0,0,0,0,0,0,0,0,0,0,0,0,0,0,0,0,0,0,0,0,0,0,0,0,0,0,0,0,0,0,0,0,0,0,0,0,0,0,0,0,0,0,0,0,0,0,0,0,0,0,0,0,0,0,0,0,0,0,0,0,0,0,0,0,0,0,0
429163,275,118127,17050,1181,1,0,14065,682,406,2802,17050,527,78,651,2541,563,1041,205,401,2820,232,400,651,426,866,237,1007,710,436,2804,234,400,629,423,2727,252,449,696,402,2786,232,404,642,431,2735,250,6026,798,434,2796,236,418,679,419,2759,254,435,703,412,2784,233,401,655,431,2724,251,857,671,424,2779,230,404,626,420,2749,250,617,692,401,2795,234,401,648,430,2724,249,416,681,419,2796,232,404,632,422,2747,248,6025,796,427,2799,233,408,688,433,2816,251,577,0,0,0,0,0,0,0,0,0,0,0,0,0,0,0,0,0,0,0,0,0,0,0,0,0,0,0,0,0,0,0,0,0,0,0,0,0,0,0,0,0,0,0,0,0,0,0,0,0,0,0,0,0,0,0,0,0,0,0,0,0,0,0,0,0,0,0,0,0,0,0,0,0,0,0,0,0,0,0,0,0,0,0,0,0,0,0,0,0,0,0,0,0,0,0,0,0,0,0,0,0,0,0,0,0,0,0,0,0,0,0,0,0,0,0,0,0,0,0,0,0,0,0,0,0,0,0,0,0,0,0,0,0,0,0,0,0,0,0,0,0,0,0,0,0,0,0,0,0,0,0,0,0,0,0,0,0,0,0,0,0,0,0,0,0,0,0,0,0,0,0,0,0,0,0,0,0,0,0,0,0,0,0,0,0,0,0,0,0,0,0,0,0,0,0,0,0,0,0,0
430163,276,116463,16949,1164,1,0,15855,700,418,931,16949,528,47,654,2581,547,1052,201,401,2831,231,400,642,428,2726,250,997,719,431,2795,236,399,635,421,2741,252,446,693,399,2800,235,409,650,416,2726,252,6051,794,423,2797,236,411,681,431,2772,250,795,684,408,2794,237,409,647,413,2724,249,870,681,405,2778,229,403,627,438,2740,252,616,699,400,2793,239,408,652,414,2723,250,451,708,398,2793,233,402,634,438,861,240,6035,802,424,2799,239,419,677,426,2811,251,430,0,0,0,0,0,0,0,0,0,0,0,0,0,0,0,0,0,0,0,0,0,0,0,0,0,0,0,0,0,0,0,0,0,0,0,0,0,0,0,0,0,0,0,0,0,0,0,0,0,0,0,0,0,0,0,0,0,0,0,0,0,0,0,0,0,0,0,0,0,0,0,0,0,0,0,0,0,0,0,0,0,0,0,0,0,0,0,0,0,0,0,0,0,0,0,0,0,0,0,0,0,0,0,0,0,0,0,0,0,0,0,0,0,0,0,0,0,0,0,0,0,0,0,0,0,0,0,0,0,0,0,0,0,0,0,0,0,0,0,0,0,0,0,0,0,0,0,0,0,0,0,0,0,0,0,0,0,0,0,0,0,0,0,0,0,0,0,0,0,0,0,0,0,0,0,0,0,0,0,0,0,0,0,0,0,0,0,0,0,0,0,0,0,0,0,0,0,0,0,0
431162,277,116752,15281,1167,1,0,15834,705,409,2787,15281,532,46,664,2537,552,1040,205,398,2842,237,410,643,430,2726,252,1001,732,420,2785,235,399,635,437,2738,251,446,693,399,2798,237,409,650,416,2726,252,6046,800,424,2795,236,418,681,432,2771,250,574,700,401,2798,232,401,644,421,2725,249,875,675,402,2774,230,403,645,429,2730,249,617,691,423,2804,234,399,641,421,856,249,414,662,408,2787,231,401,641,431,2729,249,6028,804,441,2797,233,413,674,424,2840,250,795,0,0,0,0,0,0,0,0,0,0,0,0,0,0,0,0,0,0,0,0,0,0,0,0,0,0,0,0,0,0,0,0,0,0,0,0,0,0,0,0,0,0,0,0,0,0,0,0,0,0,0,0,0,0,0,0,0,0,0,0,0,0,0,0,0,0,0,0,0,0,0,0,0,0,0,0,0,0,0,0,0,0,0,0,0,0,0,0,0,0,0,0,0,0,0,0,0,0,0,0,0,0,0,0,0,0,0,0,0,0,0,0,0,0,0,0,0,0,0,0,0,0,0,0,0,0,0,0,0,0,0,0,0,0,0,0,0,0,0,0,0,0,0,0,0,0,0,0,0,0,0,0,0,0,0,0,0,0,0,0,0,0,0,0,0,0,0,0,0,0,0,0,0,0,0,0,0,0,0,0,0,0,0,0,0,0,0,0,0,0,0,0,0,0,0,0,0,0,0,0
432163,278,118204,17052,1182,1,0,14092,683,406,2792,17052,528,65,655,2577,550,1072,210,395,2811,231,400,632,438,2734,251,995,718,420,2802,240,408,638,413,2726,252,457,708,400,2799,229,400,655,434,2728,251,6041,799,434,2802,236,418,680,421,2779,253,434,701,410,2787,233,401,646,432,2722,249,862,670,422,918,163,380,612,413,2716,256,621,694,402,2792,233,401,648,426,2726,252,417,685,416,2791,233,400,634,421,2740,252,6045,797,425,2799,233,414,677,429,2928,250,578,0,0,0,0,0,0,0,0,0,0,0,0,0,0,0,0,0,0,0,0,0,0,0,0,0,0,0,0,0,0,0,0,0,0,0,0,0,0,0,0,0,0,0,0,0,0,0,0,0,0,0,0,0,0,0,0,0,0,0,0,0,0,0,0,0,0,0,0,0,0,0,0,0,0,0,0,0,0,0,0,0,0,0,0,0,0,0,0,0,0,0,0,0,0,0,0,0,0,0,0,0,0,0,0,0,0,0,0,0,0,0,0,0,0,0,0,0,0,0,0,0,0,0,0,0,0,0,0,0,0,0,0,0,0,0,0,0,0,0,0,0,0,0,0,0,0,0,0,0,0,0,0,0,0,0,0,0,0,0,0,0,0,0,0,0,0,0,0,0,0,0,0,0,0,0,0,0,0,0,0,0,0,0,0,0,0,0,0,0,0,0,0,0,0,0,0,0,0,0,0
433163,279,118355,17070,1183,1,0,15859,705,420,2790,17070,531,66,654,2594,548,1051,201,403,2823,237,409,643,413,2726,251,1000,729,416,2793,236,399,632,421,2737,252,446,695,399,2793,229,402,647,432,2725,252,6046,802,424,2796,236,418,680,432,2771,250,795,684,408,927,173,394,632,416,2731,250,881,673,403,2772,230,401,643,429,2725,250,618,691,423,2798,231,401,645,421,2739,254,415,688,395,2790,238,409,647,412,2718,251,6042,795,427,2796,233,408,678,423,2847,250,430,0,0,0,0,0,0,0,0,0,0,0,0,0,0,0,0,0,0,0,0,0,0,0,0,0,0,0,0,0,0,0,0,0,0,0,0,0,0,0,0,0,0,0,0,0,0,0,0,0,0,0,0,0,0,0,0,0,0,0,0,0,0,0,0,0,0,0,0,0,0,0,0,0,0,0,0,0,0,0,0,0,0,0,0,0,0,0,0,0,0,0,0,0,0,0,0,0,0,0,0,0,0,0,0,0,0,0,0,0,0,0,0,0,0,0,0,0,0,0,0,0,0,0,0,0,0,0,0,0,0,0,0,0,0,0,0,0,0,0,0,0,0,0,0,0,0,0,0,0,0,0,0,0,0,0,0,0,0,0,0,0,0,0,0,0,0,0,0,0,0,0,0,0,0,0,0,0,0,0,0,0,0,0,0,0,0,0,0,0,0,0,0,0,0,0,0,0,0,0,0
434162,280,116784,15289,1167,1,0,15879,697,403,2792,15289,533,46,701,2543,550,1048,208,413,2831,232,400,631,437,2738,252,995,719,420,2806,236,400,637,421,2726,250,459,704,402,2800,231,400,639,441,865,239,6044,802,422,2806,239,414,681,420,2756,251,583,703,403,2785,233,401,650,430,2723,249,863,671,406,2783,229,403,632,421,2732,254,619,693,403,2785,235,401,649,431,2726,250,416,682,422,2797,232,404,634,422,2725,252,6044,798,427,2789,233,408,685,434,2820,251,794,0,0,0,0,0,0,0,0,0,0,0,0,0,0,0,0,0,0,0,0,0,0,0,0,0,0,0,0,0,0,0,0,0,0,0,0,0,0,0,0,0,0,0,0,0,0,0,0,0,0,0,0,0,0,0,0,0,0,0,0,0,0,0,0,0,0,0,0,0,0,0,0,0,0,0,0,0,0,0,0,0,0,0,0,0,0,0,0,0,0,0,0,0,0,0,0,0,0,0,0,0,0,0,0,0,0,0,0,0,0,0,0,0,0,0,0,0,0,0,0,0,0,0,0,0,0,0,0,0,0,0,0,0,0,0,0,0,0,0,0,0,0,0,0,0,0,0,0,0,0,0,0,0,0,0,0,0,0,0,0,0,0,0,0,0,0,0,0,0,0,0,0,0,0,0,0,0,0,0,0,0,0,0,0,0,0,0,0,0,0,0,0,0,0,0,0,0,0,0,0
435163,281,117947,16814,1179,1,0,14091,682,422,2789,16814,530,47,699,2551,547,1053,198,402,2828,231,402,640,428,2726,252,1000,717,430,2795,236,399,635,421,866,239,438,677,411,2796,240,408,648,413,2733,249,6059,798,424,2793,236,418,682,421,2771,251,429,702,405,2783,238,409,653,414,2724,252,859,694,407,2775,230,403,626,420,2744,252,615,696,400,2793,240,408,648,430,2724,250,416,696,408,2796,232,402,631,421,2741,253,6054,797,426,2800,239,418,680,425,2816,251,577,0,0,0,0,0,0,0,0,0,0,0,0,0,0,0,0,0,0,0,0,0,0,0,0,0,0,0,0,0,0,0,0,0,0,0,0,0,0,0,0,0,0,0,0,0,0,0,0,0,0,0,0,0,0,0,0,0,0,0,0,0,0,0,0,0,0,0,0,0,0,0,0,0,0,0,0,0,0,0,0,0,0,0,0,0,0,0,0,0,0,0,0,0,0,0,0,0,0,0,0,0,0,0,0,0,0,0,0,0,0,0,0,0,0,0,0,0,0,0,0,0,0,0,0,0,0,0,0,0,0,0,0,0,0,0,0,0,0,0,0,0,0,0,0,0,0,0,0,0,0,0,0,0,0,0,0,0,0,0,0,0,0,0,0,0,0,0,0,0,0,0,0,0,0,0,0,0,0,0,0,0,0,0,0,0,0,0,0,0,0,0,0,0,0,0,0,0,0,0,0
436163,282,118241,16863,1182,1,0,15630,702,409,2793,16863,527,46,653,2587,553,1048,200,403,955,186,396,641,418,2726,253,1015,739,415,2794,235,402,630,438,2735,251,444,694,399,2830,233,399,641,423,2729,249,6055,799,425,2789,236,418,677,430,2772,250,795,684,408,2804,237,409,646,413,2731,249,873,686,406,2776,230,403,627,436,2740,252,616,699,400,2816,240,408,647,413,2726,249,429,705,395,2790,233,402,633,437,2735,251,6044,797,425,2800,233,408,675,424,2811,255,435,0,0,0,0,0,0,0,0,0,0,0,0,0,0,0,0,0,0,0,0,0,0,0,0,0,0,0,0,0,0,0,0,0,0,0,0,0,0,0,0,0,0,0,0,0,0,0,0,0,0,0,0,0,0,0,0,0,0,0,0,0,0,0,0,0,0,0,0,0,0,0,0,0,0,0,0,0,0,0,0,0,0,0,0,0,0,0,0,0,0,0,0,0,0,0,0,0,0,0,0,0,0,0,0,0,0,0,0,0,0,0,0,0,0,0,0,0,0,0,0,0,0,0,0,0,0,0,0,0,0,0,0,0,0,0,0,0,0,0,0,0,0,0,0,0,0,0,0,0,0,0,0,0,0,0,0,0,0,0,0,0,0,0,0,0,0,0,0,0,0,0,0,0,0,0,0,0,0,0,0,0,0,0,0,0,0,0,0,0,0,0,0,0,0,0,0,0,0,0,0
437162,283,114824,15175,1148,1,0,15671,700,409,922,15175,528,46,653,2524,551,1038,242,429,2876,231,402,635,421,2729,255,1006,711,422,2780,237,400,639,428,2735,250,446,698,409,2799,229,401,639,438,2738,253,6034,800,423,2807,236,418,682,420,2758,255,581,707,404,2783,233,402,647,428,2729,253,858,672,422,2779,229,403,630,421,2756,255,615,696,400,2797,234,401,646,432,2726,250,417,686,416,2795,231,404,632,421,855,244,6045,800,425,2795,234,415,677,430,2811,251,794,0,0,0,0,0,0,0,0,0,0,0,0,0,0,0,0,0,0,0,0,0,0,0,0,0,0,0,0,0,0,0,0,0,0,0,0,0,0,0,0,0,0,0,0,0,0,0,0,0,0,0,0,0,0,0,0,0,0,0,0,0,0,0,0,0,0,0,0,0,0,0,0,0,0,0,0,0,0,0,0,0,0,0,0,0,0,0,0,0,0,0,0,0,0,0,0,0,0,0,0,0,0,0,0,0,0,0,0,0,0,0,0,0,0,0,0,0,0,0,0,0,0,0,0,0,0,0,0,0,0,0,0,0,0,0,0,0,0,0,0,0,0,0,0,0,0,0,0,0,0,0,0,0,0,0,0,0,0,0,0,0,0,0,0,0,0,0,0,0,0,0,0,0,0,0,0,0,0,0,0,0,0,0,0,0,0,0,0,0,0,0,0,0,0,0,0,0,0,0,0
438163,284,117986,16877,1179,1,0,14054,682,422,2788,16877,527,47,651,2584,547,1048,199,403,2823,231,402,638,428,2724,252,1000,730,416,2790,236,399,634,421,2736,252,446,693,399,2799,237,409,647,432,2728,252,6046,806,433,2793,236,418,681,420,2777,251,429,701,405,2780,239,409,653,429,2719,252,859,695,407,2775,229,403,626,420,2745,253,615,696,400,2803,239,408,646,414,854,243,416,676,416,2798,233,400,633,436,2737,252,6042,798,425,2799,233,414,676,423,2808,254,581,0,0,0,0,0,0,0,0,0,0,0,0,0,0,0,0,0,0,0,0,0,0,0,0,0,0,0,0,0,0,0,0,0,0,0,0,0,0,0,0,0,0,0,0,0,0,0,0,0,0,0,0,0,0,0,0,0,0,0,0,0,0,0,0,0,0,0,0,0,0,0,0,0,0,0,0,0,0,0,0,0,0,0,0,0,0,0,0,0,0,0,0,0,0,0,0,0,0,0,0,0,0,0,0,0,0,0,0,0,0,0,0,0,0,0,0,0,0,0,0,0,0,0,0,0,0,0,0,0,0,0,0,0,0,0,0,0,0,0,0,0,0,0,0,0,0,0,0,0,0,0,0,0,0,0,0,0,0,0,0,0,0,0,0,0,0,0,0,0,0,0,0,0,0,0,0,0,0,0,0,0,0,0,0,0,0,0,0,0,0,0,0,0,0,0,0,0,0,0,0
439163,285,118433,17029,1184,1,0,15687,702,408,2794,17029,527,83,648,2539,605,1044,197,411,2837,235,400,629,423,2755,248,998,720,416,2793,235,401,641,428,2730,252,446,704,411,2796,230,401,641,423,2738,254,6047,801,423,2799,236,420,682,424,2760,251,795,688,422,2789,232,400,640,446,2753,252,860,669,406,911,178,394,625,415,2724,251,633,708,401,2797,232,399,640,437,2733,253,416,692,394,2810,232,402,640,422,2722,249,6066,798,427,2795,233,414,688,433,2821,251,430,0,0,0,0,0,0,0,0,0,0,0,0,0,0,0,0,0,0,0,0,0,0,0,0,0,0,0,0,0,0,0,0,0,0,0,0,0,0,0,0,0,0,0,0,0,0,0,0,0,0,0,0,0,0,0,0,0,0,0,0,0,0,0,0,0,0,0,0,0,0,0,0,0,0,0,0,0,0,0,0,0,0,0,0,0,0,0,0,0,0,0,0,0,0,0,0,0,0,0,0,0,0,0,0,0,0,0,0,0,0,0,0,0,0,0,0,0,0,0,0,0,0,0,0,0,0,0,0,0,0,0,0,0,0,0,0,0,0,0,0,0,0,0,0,0,0,0,0,0,0,0,0,0,0,0,0,0,0,0,0,0,0,0,0,0,0,0,0,0,0,0,0,0,0,0,0,0,0,0,0,0,0,0,0,0,0,0,0,0,0,0,0,0,0,0,0,0,0,0,0
440162,286,116592,15283,1165,1,0,15830,697,404,2804,15283,534,56,642,2550,54,1001,683,411,2779,228,403,642,438,2732,250,997,719,414,2791,239,399,636,421,2731,251,457,709,400,2796,232,400,637,441,2742,251,6041,801,423,2797,236,418,679,419,2761,251,584,703,403,923,167,383,645,428,2724,252,864,666,407,2786,229,401,634,421,2731,262,628,694,408,2801,232,399,655,431,2720,250,416,679,418,2801,232,400,637,421,2743,252,6038,798,426,2798,239,419,677,425,2817,251,794,0,0,0,0,0,0,0,0,0,0,0,0,0,0,0,0,0,0,0,0,0,0,0,0,0,0,0,0,0,0,0,0,0,0,0,0,0,0,0,0,0,0,0,0,0,0,0,0,0,0,0,0,0,0,0,0,0,0,0,0,0,0,0,0,0,0,0,0,0,0,0,0,0,0,0,0,0,0,0,0,0,0,0,0,0,0,0,0,0,0,0,0,0,0,0,0,0,0,0,0,0,0,0,0,0,0,0,0,0,0,0,0,0,0,0,0,0,0,0,0,0,0,0,0,0,0,0,0,0,0,0,0,0,0,0,0,0,0,0,0,0,0,0,0,0,0,0,0,0,0,0,0,0,0,0,0,0,0,0,0,0,0,0,0,0,0,0,0,0,0,0,0,0,0,0,0,0,0,0,0,0,0,0,0,0,0,0,0,0,0,0,0,0,0,0,0,0,0,0,0
441163,287,118085,16930,1180,1,0,14095,690,413,2791,16930,532,47,651,2588,547,1047,198,403,2828,237,408,637,415,2723,251,1000,731,423,2794,236,399,634,421,2738,252,446,693,399,2797,230,403,647,432,854,238,6047,801,437,2793,239,414,678,431,2774,250,429,699,405,2790,239,409,653,414,2725,252,876,678,405,2776,230,404,626,435,2735,252,616,697,400,2813,235,399,640,421,2728,253,437,702,396,2779,233,402,649,424,2734,250,6038,797,437,2799,233,414,676,422,2827,253,582,0,0,0,0,0,0,0,0,0,0,0,0,0,0,0,0,0,0,0,0,0,0,0,0,0,0,0,0,0,0,0,0,0,0,0,0,0,0,0,0,0,0,0,0,0,0,0,0,0,0,0,0,0,0,0,0,0,0,0,0,0,0,0,0,0,0,0,0,0,0,0,0,0,0,0,0,0,0,0,0,0,0,0,0,0,0,0,0,0,0,0,0,0,0,0,0,0,0,0,0,0,0,0,0,0,0,0,0,0,0,0,0,0,0,0,0,0,0,0,0,0,0,0,0,0,0,0,0,0,0,0,0,0,0,0,0,0,0,0,0,0,0,0,0,0,0,0,0,0,0,0,0,0,0,0,0,0,0,0,0,0,0,0,0,0,0,0,0,0,0,0,0,0,0,0,0,0,0,0,0,0,0,0,0,0,0,0,0,0,0,0,0,0,0,0,0,0,0,0,0
442163,288,118281,16981,1182,1,0,15739,704,402,2792,16981,527,65,703,2530,550,1047,199,411,2834,232,401,632,422,2723,255,1006,715,423,929,167,382,646,426,2732,248,442,700,420,2791,231,401,631,422,2738,252,6041,799,425,2786,236,419,682,426,2762,251,795,700,415,2798,232,400,639,421,2744,252,861,669,406,2775,229,405,636,428,2731,253,614,707,412,2798,233,400,641,435,2737,251,416,691,394,2822,233,402,633,421,2723,254,6043,801,428,2798,233,408,687,444,2813,251,430,0,0,0,0,0,0,0,0,0,0,0,0,0,0,0,0,0,0,0,0,0,0,0,0,0,0,0,0,0,0,0,0,0,0,0,0,0,0,0,0,0,0,0,0,0,0,0,0,0,0,0,0,0,0,0,0,0,0,0,0,0,0,0,0,0,0,0,0,0,0,0,0,0,0,0,0,0,0,0,0,0,0,0,0,0,0,0,0,0,0,0,0,0,0,0,0,0,0,0,0,0,0,0,0,0,0,0,0,0,0,0,0,0,0,0,0,0,0,0,0,0,0,0,0,0,0,0,0,0,0,0,0,0,0,0,0,0,0,0,0,0,0,0,0,0,0,0,0,0,0,0,0,0,0,0,0,0,0,0,0,0,0,0,0,0,0,0,0,0,0,0,0,0,0,0,0,0,0,0,0,0,0,0,0,0,0,0,0,0,0,0,0,0,0,0,0,0,0,0,0
443162,289,116540,16955,1165,1,0,15791,695,417,2805,16955,527,47,651,2522,542,1043,241,403,973,177,398,646,428,2724,255,997,714,431,2795,239,399,630,421,2749,255,440,695,402,2796,232,402,640,431,2729,249,6046,800,434,2801,236,418,677,419,2777,252,574,704,401,2782,238,409,646,412,2723,252,859,693,418,2779,229,403,630,421,2758,254,614,697,400,2797,239,408,650,413,2723,249,417,701,405,2792,232,402,632,421,2740,253,6045,797,426,2800,238,418,680,426,939,247,799,0,0,0,0,0,0,0,0,0,0,0,0,0,0,0,0,0,0,0,0,0,0,0,0,0,0,0,0,0,0,0,0,0,0,0,0,0,0,0,0,0,0,0,0,0,0,0,0,0,0,0,0,0,0,0,0,0,0,0,0,0,0,0,0,0,0,0,0,0,0,0,0,0,0,0,0,0,0,0,0,0,0,0,0,0,0,0,0,0,0,0,0,0,0,0,0,0,0,0,0,0,0,0,0,0,0,0,0,0,0,0,0,0,0,0,0,0,0,0,0,0,0,0,0,0,0,0,0,0,0,0,0,0,0,0,0,0,0,0,0,0,0,0,0,0,0,0,0,0,0,0,0,0,0,0,0,0,0,0,0,0,0,0,0,0,0,0,0,0,0,0,0,0,0,0,0,0,0,0,0,0,0,0,0,0,0,0,0,0,0,0,0,0,0,0,0,0,0,0,0
444163,290,116436,15255,1164,1,0,15766,689,416,2784,15255,536,46,644,2530,542,1034,251,414,2881,233,401,636,422,2720,252,1012,722,424,2793,235,401,643,432,2729,249,448,688,400,2816,230,399,641,423,2747,250,6043,797,425,2794,236,420,683,426,2764,251,429,697,420,2792,233,401,643,421,2738,253,865,668,405,2777,229,406,638,428,2729,250,615,701,420,2798,233,400,638,421,2742,252,416,690,394,2792,238,413,641,413,853,241,6060,800,424,2797,234,408,676,450,2819,251,577,0,0,0,0,0,0,0,0,0,0,0,0,0,0,0,0,0,0,0,0,0,0,0,0,0,0,0,0,0,0,0,0,0,0,0,0,0,0,0,0,0,0,0,0,0,0,0,0,0,0,0,0,0,0,0,0,0,0,0,0,0,0,0,0,0,0,0,0,0,0,0,0,0,0,0,0,0,0,0,0,0,0,0,0,0,0,0,0,0,0,0,0,0,0,0,0,0,0,0,0,0,0,0,0,0,0,0,0,0,0,0,0,0,0,0,0,0,0,0,0,0,0,0,0,0,0,0,0,0,0,0,0,0,0,0,0,0,0,0,0,0,0,0,0,0,0,0,0,0,0,0,0,0,0,0,0,0,0,0,0,0,0,0,0,0,0,0,0,0,0,0,0,0,0,0,0,0,0,0,0,0,0,0,0,0,0,0,0,0,0,0,0,0,0,0,0,0,0,0,0
445163,291,118235,16927,1182,1,0,14071,700,399,2799,16927,529,46,652,2524,551,1041,236,409,2857,231,402,631,440,2738,250,994,719,417,2808,236,399,630,420,2729,251,460,707,400,2793,229,401,647,437,2733,251,6047,798,423,2798,236,418,679,419,2759,255,810,684,410,2782,232,400,652,431,2731,250,864,670,424,2778,231,404,630,421,2747,253,615,697,400,928,162,391,636,410,2734,251,417,700,414,2788,232,400,636,445,2742,251,6047,797,425,2798,239,419,679,426,2816,251,430,0,0,0,0,0,0,0,0,0,0,0,0,0,0,0,0,0,0,0,0,0,0,0,0,0,0,0,0,0,0,0,0,0,0,0,0,0,0,0,0,0,0,0,0,0,0,0,0,0,0,0,0,0,0,0,0,0,0,0,0,0,0,0,0,0,0,0,0,0,0,0,0,0,0,0,0,0,0,0,0,0,0,0,0,0,0,0,0,0,0,0,0,0,0,0,0,0,0,0,0,0,0,0,0,0,0,0,0,0,0,0,0,0,0,0,0,0,0,0,0,0,0,0,0,0,0,0,0,0,0,0,0,0,0,0,0,0,0,0,0,0,0,0,0,0,0,0,0,0,0,0,0,0,0,0,0,0,0,0,0,0,0,0,0,0,0,0,0,0,0,0,0,0,0,0,0,0,0,0,0,0,0,0,0,0,0,0,0,0,0,0,0,0,0,0,0,0,0,0,0
446162,292,118355,16974,1183,1,0,15735,705,410,2794,16974,527,47,651,2589,550,1044,198,403,2823,236,408,637,415,2722,252,1016,730,417,2800,235,399,634,438,2731,250,446,694,399,2809,234,409,651,416,2725,253,6049,799,423,2796,236,411,694,441,2757,251,574,700,402,2800,233,401,643,421,2728,249,877,675,402,910,164,379,623,433,2713,249,619,687,400,2815,232,399,643,421,2732,255,421,689,395,2779,234,401,649,424,2732,251,6034,797,425,2799,233,408,674,424,2814,252,813,0,0,0,0,0,0,0,0,0,0,0,0,0,0,0,0,0,0,0,0,0,0,0,0,0,0,0,0,0,0,0,0,0,0,0,0,0,0,0,0,0,0,0,0,0,0,0,0,0,0,0,0,0,0,0,0,0,0,0,0,0,0,0,0,0,0,0,0,0,0,0,0,0,0,0,0,0,0,0,0,0,0,0,0,0,0,0,0,0,0,0,0,0,0,0,0,0,0,0,0,0,0,0,0,0,0,0,0,0,0,0,0,0,0,0,0,0,0,0,0,0,0,0,0,0,0,0,0,0,0,0,0,0,0,0,0,0,0,0,0,0,0,0,0,0,0,0,0,0,0,0,0,0,0,0,0,0,0,0,0,0,0,0,0,0,0,0,0,0,0,0,0,0,0,0,0,0,0,0,0,0,0,0,0,0,0,0,0,0,0,0,0,0,0,0,0,0,0,0,0
447163,293,116574,15229,1165,1,0,15784,688,404,2792,15229,548,43,656,2580,551,1052,240,402,2882,231,401,638,422,2722,252,1010,719,424,2782,237,400,651,441,2725,249,448,690,400,2815,230,400,642,423,2726,254,6106,799,425,2790,236,418,694,442,877,234,432,672,405,2813,225,402,635,423,2721,247,880,675,402,2767,230,403,627,438,2737,252,615,694,400,2819,240,408,642,413,2729,249,429,703,395,2793,233,402,629,437,2736,250,6095,798,425,2817,238,419,681,425,2815,252,587,0,0,0,0,0,0,0,0,0,0,0,0,0,0,0,0,0,0,0,0,0,0,0,0,0,0,0,0,0,0,0,0,0,0,0,0,0,0,0,0,0,0,0,0,0,0,0,0,0,0,0,0,0,0,0,0,0,0,0,0,0,0,0,0,0,0,0,0,0,0,0,0,0,0,0,0,0,0,0,0,0,0,0,0,0,0,0,0,0,0,0,0,0,0,0,0,0,0,0,0,0,0,0,0,0,0,0,0,0,0,0,0,0,0,0,0,0,0,0,0,0,0,0,0,0,0,0,0,0,0,0,0,0,0,0,0,0,0,0,0,0,0,0,0,0,0,0,0,0,0,0,0,0,0,0,0,0,0,0,0,0,0,0,0,0,0,0,0,0,0,0,0,0,0,0,0,0,0,0,0,0,0,0,0,0,0,0,0,0,0,0,0,0,0,0,0,0,0,0,0
448163,294,118381,16947,1183,1,0,14041,700,402,2793,16947,527,47,653,2533,553,962,260,403,2863,231,401,642,422,2712,251,1017,730,417,2795,238,402,642,443,2734,249,446,688,401,2814,233,399,638,423,856,239,6112,801,422,2803,238,414,694,430,2748,251,796,682,424,2788,232,400,639,421,2741,255,866,670,405,2774,236,412,638,412,2726,250,615,705,413,2795,234,399,643,421,2735,252,416,694,394,2788,234,404,643,428,2723,252,6121,794,426,2798,233,408,679,438,2830,250,430,0,0,0,0,0,0,0,0,0,0,0,0,0,0,0,0,0,0,0,0,0,0,0,0,0,0,0,0,0,0,0,0,0,0,0,0,0,0,0,0,0,0,0,0,0,0,0,0,0,0,0,0,0,0,0,0,0,0,0,0,0,0,0,0,0,0,0,0,0,0,0,0,0,0,0,0,0,0,0,0,0,0,0,0,0,0,0,0,0,0,0,0,0,0,0,0,0,0,0,0,0,0,0,0,0,0,0,0,0,0,0,0,0,0,0,0,0,0,0,0,0,0,0,0,0,0,0,0,0,0,0,0,0,0,0,0,0,0,0,0,0,0,0,0,0,0,0,0,0,0,0,0,0,0,0,0,0,0,0,0,0,0,0,0,0,0,0,0,0,0,0,0,0,0,0,0,0,0,0,0,0,0,0,0,0,0,0,0,0,0,0,0,0,0,0,0,0,0,0,0
449162,295,118409,16905,1184,1,0,15752,696,403,2803,16905,528,47,650,2531,550,1053,198,401,2826,233,400,646,429,2730,251,997,718,420,935,168,378,636,423,2721,250,455,715,401,2784,230,401,645,429,2738,249,6091,798,423,2796,236,418,679,419,2760,255,582,707,404,2784,233,401,650,439,2727,250,863,670,406,2798,232,404,630,421,2729,250,628,704,402,2794,233,400,653,438,2731,249,416,684,396,2816,233,405,633,422,2727,249,6109,797,428,2796,233,408,678,438,2837,250,794,0,0,0,0,0,0,0,0,0,0,0,0,0,0,0,0,0,0,0,0,0,0,0,0,0,0,0,0,0,0,0,0,0,0,0,0,0,0,0,0,0,0,0,0,0,0,0,0,0,0,0,0,0,0,0,0,0,0,0,0,0,0,0,0,0,0,0,0,0,0,0,0,0,0,0,0,0,0,0,0,0,0,0,0,0,0,0,0,0,0,0,0,0,0,0,0,0,0,0,0,0,0,0,0,0,0,0,0,0,0,0,0,0,0,0,0,0,0,0,0,0,0,0,0,0,0,0,0,0,0,0,0,0,0,0,0,0,0,0,0,0,0,0,0,0,0,0,0,0,0,0,0,0,0,0,0,0,0,0,0,0,0,0,0,0,0,0,0,0,0,0,0,0,0,0,0,0,0,0,0,0,0,0,0,0,0,0,0,0,0,0,0,0,0,0,0,0,0,0,0
450163,296,114814,15303,1148,1,0,15712,682,406,2803,15303,532,62,673,627,547,1015,251,395,2855,230,402,655,428,2712,250,1000,719,431,2797,237,400,633,421,2743,255,447,695,401,2788,234,401,646,432,2730,251,6174,802,434,2801,236,418,678,419,2763,255,435,704,409,2785,234,424,657,432,2720,252,859,670,423,2780,229,403,626,420,2738,256,618,699,402,2787,235,401,643,428,2725,250,416,681,419,2797,233,402,631,421,2742,252,6174,798,425,2797,238,419,678,425,938,247,568,0,0,0,0,0,0,0,0,0,0,0,0,0,0,0,0,0,0,0,0,0,0,0,0,0,0,0,0,0,0,0,0,0,0,0,0,0,0,0,0,0,0,0,0,0,0,0,0,0,0,0,0,0,0,0,0,0,0,0,0,0,0,0,0,0,0,0,0,0,0,0,0,0,0,0,0,0,0,0,0,0,0,0,0,0,0,0,0,0,0,0,0,0,0,0,0,0,0,0,0,0,0,0,0,0,0,0,0,0,0,0,0,0,0,0,0,0,0,0,0,0,0,0,0,0,0,0,0,0,0,0,0,0,0,0,0,0,0,0,0,0,0,0,0,0,0,0,0,0,0,0,0,0,0,0,0,0,0,0,0,0,0,0,0,0,0,0,0,0,0,0,0,0,0,0,0,0,0,0,0,0,0,0,0,0,0,0,0,0,0,0,0,0,0,0,0,0,0,0,0
451163,297,118921,17021,1189,1,0,14117,709,418,2793,17021,527,78,678,2548,565,1053,242,405,2865,240,410,648,415,2726,251,995,732,419,2793,235,401,632,437,2739,250,446,689,399,2803,236,408,648,416,2728,253,6270,799,424,2796,236,418,683,432,2775,250,796,684,408,2815,230,401,640,421,2734,251,874,685,405,2779,230,403,629,438,2738,252,616,700,400,2808,239,408,654,413,2718,251,431,708,395,924,158,379,632,433,2716,252,6245,798,427,2805,238,420,679,424,2822,251,430,0,0,0,0,0,0,0,0,0,0,0,0,0,0,0,0,0,0,0,0,0,0,0,0,0,0,0,0,0,0,0,0,0,0,0,0,0,0,0,0,0,0,0,0,0,0,0,0,0,0,0,0,0,0,0,0,0,0,0,0,0,0,0,0,0,0,0,0,0,0,0,0,0,0,0,0,0,0,0,0,0,0,0,0,0,0,0,0,0,0,0,0,0,0,0,0,0,0,0,0,0,0,0,0,0,0,0,0,0,0,0,0,0,0,0,0,0,0,0,0,0,0,0,0,0,0,0,0,0,0,0,0,0,0,0,0,0,0,0,0,0,0,0,0,0,0,0,0,0,0,0,0,0,0,0,0,0,0,0,0,0,0,0,0,0,0,0,0,0,0,0,0,0,0,0,0,0,0,0,0,0,0,0,0,0,0,0,0,0,0,0,0,0,0,0,0,0,0,0,0
452162,298,118590,16921,1185,1,0,15833,706,409,2794,16921,530,47,652,2534,553,962,260,402,2863,231,401,642,422,2719,251,1018,730,417,2794,237,402,625,440,2739,251,444,693,399,2812,233,399,638,423,2726,260,6194,799,425,2787,236,418,697,429,2752,251,574,702,418,2788,233,400,644,421,2728,252,870,672,406,2776,229,407,643,429,2730,250,615,701,420,923,153,381,631,409,2746,252,417,693,397,2782,232,402,641,428,2732,252,6187,800,426,2795,233,408,679,423,2849,250,794,0,0,0,0,0,0,0,0,0,0,0,0,0,0,0,0,0,0,0,0,0,0,0,0,0,0,0,0,0,0,0,0,0,0,0,0,0,0,0,0,0,0,0,0,0,0,0,0,0,0,0,0,0,0,0,0,0,0,0,0,0,0,0,0,0,0,0,0,0,0,0,0,0,0,0,0,0,0,0,0,0,0,0,0,0,0,0,0,0,0,0,0,0,0,0,0,0,0,0,0,0,0,0,0,0,0,0,0,0,0,0,0,0,0,0,0,0,0,0,0,0,0,0,0,0,0,0,0,0,0,0,0,0,0,0,0,0,0,0,0,0,0,0,0,0,0,0,0,0,0,0,0,0,0,0,0,0,0,0,0,0,0,0,0,0,0,0,0,0,0,0,0,0,0,0,0,0,0,0,0,0,0,0,0,0,0,0,0,0,0,0,0,0,0,0,0,0,0,0,0
453163,299,116569,15328,1165,1,0,15730,681,406,2790,15328,532,47,652,2524,550,956,258,408,2857,228,401,641,422,2731,254,995,721,416,2789,236,402,638,428,2732,252,444,691,422,2799,232,399,639,423,2734,254,6100,798,425,2794,236,421,686,424,2759,251,429,699,419,2790,232,401,644,421,871,242,864,690,404,2785,240,409,652,431,2732,248,617,702,412,2798,230,399,643,421,2742,255,415,688,395,2789,239,409,645,412,2720,251,6130,798,426,2798,233,414,680,438,2834,250,577,0,0,0,0,0,0,0,0,0,0,0,0,0,0,0,0,0,0,0,0,0,0,0,0,0,0,0,0,0,0,0,0,0,0,0,0,0,0,0,0,0,0,0,0,0,0,0,0,0,0,0,0,0,0,0,0,0,0,0,0,0,0,0,0,0,0,0,0,0,0,0,0,0,0,0,0,0,0,0,0,0,0,0,0,0,0,0,0,0,0,0,0,0,0,0,0,0,0,0,0,0,0,0,0,0,0,0,0,0,0,0,0,0,0,0,0,0,0,0,0,0,0,0,0,0,0,0,0,0,0,0,0,0,0,0,0,0,0,0,0,0,0,0,0,0,0,0,0,0,0,0,0,0,0,0,0,0,0,0,0,0,0,0,0,0,0,0,0,0,0,0,0,0,0,0,0,0,0,0,0,0,0,0,0,0,0,0,0,0,0,0,0,0,0,0,0,0,0,0,0
454163,300,124398,21868,1243,1,0,14140,699,399,2790,21868,529,45,654,2436,620,482,728,413,2785,236,402,641,438,2920,235,984,709,443,2805,234,400,634,422,2929,235,438,656,406,2790,236,402,644,426,2920,230,6109,792,422,2797,240,404,649,422,2925,231,783,665,421,2781,233,404,641,423,2918,232,839,676,435,920,171,385,617,425,2960,223,600,653,425,2775,238,412,642,414,2911,231,404,639,420,2778,231,400,632,436,2915,228,6112,798,422,2796,236,407,653,447,2941,235,561,0,0,0,0,0,0,0,0,0,0,0,0,0,0,0,0,0,0,0,0,0,0,0,0,0,0,0,0,0,0,0,0,0,0,0,0,0,0,0,0,0,0,0,0,0,0,0,0,0,0,0,0,0,0,0,0,0,0,0,0,0,0,0,0,0,0,0,0,0,0,0,0,0,0,0,0,0,0,0,0,0,0,0,0,0,0,0,0,0,0,0,0,0,0,0,0,0,0,0,0,0,0,0,0,0,0,0,0,0,0,0,0,0,0,0,0,0,0,0,0,0,0,0,0,0,0,0,0,0,0,0,0,0,0,0,0,0,0,0,0,0,0,0,0,0,0,0,0,0,0,0,0,0,0,0,0,0,0,0,0,0,0,0,0,0,0,0,0,0,0,0,0,0,0,0,0,0,0,0,0,0,0,0,0,0,0,0,0,0,0,0,0,0,0,0,0,0,0,0,0
455173,301,119362,16962,1193,1,0,20670,666,419,2777,16962,526,67,661,2429,530,1011,214,414,2835,233,403,635,422,2929,237,993,713,436,2792,235,402,644,430,2928,230,429,651,423,2791,234,402,637,421,2923,237,6117,794,423,2790,241,415,662,430,2924,226,769,666,437,918,164,382,626,426,2927,235,834,675,421,2785,233,404,642,429,2926,230,601,647,432,2787,236,402,637,421,2915,231,404,630,420,2787,232,404,646,429,2918,230,6109,797,432,2794,236,407,652,447,2950,234,423,0,0,0,0,0,0,0,0,0,0,0,0,0,0,0,0,0,0,0,0,0,0,0,0,0,0,0,0,0,0,0,0,0,0,0,0,0,0,0,0,0,0,0,0,0,0,0,0,0,0,0,0,0,0,0,0,0,0,0,0,0,0,0,0,0,0,0,0,0,0,0,0,0,0,0,0,0,0,0,0,0,0,0,0,0,0,0,0,0,0,0,0,0,0,0,0,0,0,0,0,0,0,0,0,0,0,0,0,0,0,0,0,0,0,0,0,0,0,0,0,0,0,0,0,0,0,0,0,0,0,0,0,0,0,0,0,0,0,0,0,0,0,0,0,0,0,0,0,0,0,0,0,0,0,0,0,0,0,0,0,0,0,0,0,0,0,0,0,0,0,0,0,0,0,0,0,0,0,0,0,0,0,0,0,0,0,0,0,0,0,0,0,0,0,0,0,0,0,0,0
456172,302,117658,15352,1176,1,0,15768,664,419,2776,15352,524,65,654,2428,546,928,208,407,2840,231,404,635,421,2923,238,994,711,434,2793,235,401,649,429,2928,230,429,652,423,2792,236,402,638,421,1061,186,6024,801,422,2801,239,415,669,430,2924,226,555,655,426,2783,232,403,630,420,2916,231,840,676,421,2788,241,411,634,413,2924,231,601,657,426,2781,233,402,631,436,2915,230,406,631,420,2788,236,411,641,415,2911,230,6043,796,423,2788,236,408,672,457,2949,230,767,0,0,0,0,0,0,0,0,0,0,0,0,0,0,0,0,0,0,0,0,0,0,0,0,0,0,0,0,0,0,0,0,0,0,0,0,0,0,0,0,0,0,0,0,0,0,0,0,0,0,0,0,0,0,0,0,0,0,0,0,0,0,0,0,0,0,0,0,0,0,0,0,0,0,0,0,0,0,0,0,0,0,0,0,0,0,0,0,0,0,0,0,0,0,0,0,0,0,0,0,0,0,0,0,0,0,0,0,0,0,0,0,0,0,0,0,0,0,0,0,0,0,0,0,0,0,0,0,0,0,0,0,0,0,0,0,0,0,0,0,0,0,0,0,0,0,0,0,0,0,0,0,0,0,0,0,0,0,0,0,0,0,0,0,0,0,0,0,0,0,0,0,0,0,0,0,0,0,0,0,0,0,0,0,0,0,0,0,0,0,0,0,0,0,0,0,0,0,0,0
457173,303,118868,17056,1188,1,0,14161,674,425,2787,17056,530,36,592,2446,541,938,208,391,2828,232,426,652,428,2920,233,983,732,443,916,174,381,635,441,2917,222,430,656,421,2763,235,405,650,427,2917,233,6025,795,432,2792,240,404,649,422,2924,226,417,651,427,2773,234,405,641,427,2910,232,840,676,436,2792,233,401,629,422,2932,230,601,647,420,2784,241,412,640,412,2909,230,430,636,424,2781,233,400,631,437,2917,230,6025,797,422,2796,236,408,652,447,2944,230,555,0,0,0,0,0,0,0,0,0,0,0,0,0,0,0,0,0,0,0,0,0,0,0,0,0,0,0,0,0,0,0,0,0,0,0,0,0,0,0,0,0,0,0,0,0,0,0,0,0,0,0,0,0,0,0,0,0,0,0,0,0,0,0,0,0,0,0,0,0,0,0,0,0,0,0,0,0,0,0,0,0,0,0,0,0,0,0,0,0,0,0,0,0,0,0,0,0,0,0,0,0,0,0,0,0,0,0,0,0,0,0,0,0,0,0,0,0,0,0,0,0,0,0,0,0,0,0,0,0,0,0,0,0,0,0,0,0,0,0,0,0,0,0,0,0,0,0,0,0,0,0,0,0,0,0,0,0,0,0,0,0,0,0,0,0,0,0,0,0,0,0,0,0,0,0,0,0,0,0,0,0,0,0,0,0,0,0,0,0,0,0,0,0,0,0,0,0,0,0,0
458173,304,117456,16998,1174,1,0,15769,665,421,2775,16998,527,67,655,2440,541,969,224,414,949,170,381,637,417,2937,235,999,707,436,2795,231,421,654,432,2930,228,429,647,426,2793,234,402,635,423,2924,232,6130,795,422,2788,243,410,653,422,2920,226,769,667,428,2782,233,403,633,436,2917,231,843,674,421,2786,241,411,633,413,2922,231,605,651,429,2781,233,405,649,429,2914,231,406,627,418,2791,231,401,634,423,2918,235,6132,796,423,2787,236,408,668,455,1083,170,404,0,0,0,0,0,0,0,0,0,0,0,0,0,0,0,0,0,0,0,0,0,0,0,0,0,0,0,0,0,0,0,0,0,0,0,0,0,0,0,0,0,0,0,0,0,0,0,0,0,0,0,0,0,0,0,0,0,0,0,0,0,0,0,0,0,0,0,0,0,0,0,0,0,0,0,0,0,0,0,0,0,0,0,0,0,0,0,0,0,0,0,0,0,0,0,0,0,0,0,0,0,0,0,0,0,0,0,0,0,0,0,0,0,0,0,0,0,0,0,0,0,0,0,0,0,0,0,0,0,0,0,0,0,0,0,0,0,0,0,0,0,0,0,0,0,0,0,0,0,0,0,0,0,0,0,0,0,0,0,0,0,0,0,0,0,0,0,0,0,0,0,0,0,0,0,0,0,0,0,0,0,0,0,0,0,0,0,0,0,0,0,0,0,0,0,0,0,0,0,0
459172,305,119474,16882,1194,1,0,15802,620,445,2797,16882,527,46,647,2441,527,1015,249,411,2876,229,409,643,427,2919,231,983,708,444,2798,235,400,634,422,2941,236,439,650,406,2782,235,405,645,427,2924,230,6127,794,432,2799,240,405,647,422,2928,226,555,653,424,2774,234,406,639,427,2913,232,840,675,436,2794,234,401,628,422,2926,230,600,645,421,2783,233,405,642,427,2917,230,406,629,429,2789,231,401,636,423,1072,186,6100,802,422,2803,232,402,666,455,2943,229,767,0,0,0,0,0,0,0,0,0,0,0,0,0,0,0,0,0,0,0,0,0,0,0,0,0,0,0,0,0,0,0,0,0,0,0,0,0,0,0,0,0,0,0,0,0,0,0,0,0,0,0,0,0,0,0,0,0,0,0,0,0,0,0,0,0,0,0,0,0,0,0,0,0,0,0,0,0,0,0,0,0,0,0,0,0,0,0,0,0,0,0,0,0,0,0,0,0,0,0,0,0,0,0,0,0,0,0,0,0,0,0,0,0,0,0,0,0,0,0,0,0,0,0,0,0,0,0,0,0,0,0,0,0,0,0,0,0,0,0,0,0,0,0,0,0,0,0,0,0,0,0,0,0,0,0,0,0,0,0,0,0,0,0,0,0,0,0,0,0,0,0,0,0,0,0,0,0,0,0,0,0,0,0,0,0,0,0,0,0,0,0,0,0,0,0,0,0,0,0,0
460173,306,117480,15285,1174,1,0,15694,676,431,2780,15285,538,66,656,2439,531,1012,214,403,2835,232,406,643,427,2920,231,983,725,442,2789,235,401,631,422,2922,231,430,650,413,2785,239,412,641,412,2914,231,6138,794,423,2793,240,405,649,442,2926,226,417,651,427,2772,239,412,639,412,2909,232,836,678,424,2786,234,401,640,436,2925,231,600,645,435,926,178,382,616,424,2928,234,412,634,411,2779,231,400,644,429,2925,231,6130,798,445,2801,231,406,650,447,2942,235,561,0,0,0,0,0,0,0,0,0,0,0,0,0,0,0,0,0,0,0,0,0,0,0,0,0,0,0,0,0,0,0,0,0,0,0,0,0,0,0,0,0,0,0,0,0,0,0,0,0,0,0,0,0,0,0,0,0,0,0,0,0,0,0,0,0,0,0,0,0,0,0,0,0,0,0,0,0,0,0,0,0,0,0,0,0,0,0,0,0,0,0,0,0,0,0,0,0,0,0,0,0,0,0,0,0,0,0,0,0,0,0,0,0,0,0,0,0,0,0,0,0,0,0,0,0,0,0,0,0,0,0,0,0,0,0,0,0,0,0,0,0,0,0,0,0,0,0,0,0,0,0,0,0,0,0,0,0,0,0,0,0,0,0,0,0,0,0,0,0,0,0,0,0,0,0,0,0,0,0,0,0,0,0,0,0,0,0,0,0,0,0,0,0,0,0,0,0,0,0,0
461173,307,119488,17075,1194,1,0,14096,666,419,2781,17075,533,65,655,2437,543,968,225,412,2805,230,403,635,423,2923,237,994,713,436,2789,234,403,649,430,2935,228,430,666,415,2786,234,402,637,422,2926,232,6127,796,422,2805,244,409,652,422,2931,226,779,660,426,2780,233,403,655,428,1064,166,829,674,415,2802,235,401,631,422,2935,233,611,654,414,2784,235,405,641,427,2920,230,406,627,429,2790,232,400,635,422,2918,230,6121,795,422,2791,242,409,657,451,2944,229,416,0,0,0,0,0,0,0,0,0,0,0,0,0,0,0,0,0,0,0,0,0,0,0,0,0,0,0,0,0,0,0,0,0,0,0,0,0,0,0,0,0,0,0,0,0,0,0,0,0,0,0,0,0,0,0,0,0,0,0,0,0,0,0,0,0,0,0,0,0,0,0,0,0,0,0,0,0,0,0,0,0,0,0,0,0,0,0,0,0,0,0,0,0,0,0,0,0,0,0,0,0,0,0,0,0,0,0,0,0,0,0,0,0,0,0,0,0,0,0,0,0,0,0,0,0,0,0,0,0,0,0,0,0,0,0,0,0,0,0,0,0,0,0,0,0,0,0,0,0,0,0,0,0,0,0,0,0,0,0,0,0,0,0,0,0,0,0,0,0,0,0,0,0,0,0,0,0,0,0,0,0,0,0,0,0,0,0,0,0,0,0,0,0,0,0,0,0,0,0,0
462172,308,119540,17032,1195,1,0,15878,664,421,2777,17032,533,86,651,2430,547,968,223,404,2831,230,403,633,423,2916,239,994,714,436,2791,234,403,648,430,2929,230,430,661,414,2783,236,402,638,421,2917,232,6120,794,422,2806,240,405,651,422,1076,166,555,618,423,2782,228,405,626,439,2922,230,836,680,423,2792,237,415,636,413,2926,231,606,650,428,2786,234,402,635,436,2917,231,404,627,420,2789,238,409,642,414,2927,231,6127,798,423,2791,236,408,655,460,2947,230,766,0,0,0,0,0,0,0,0,0,0,0,0,0,0,0,0,0,0,0,0,0,0,0,0,0,0,0,0,0,0,0,0,0,0,0,0,0,0,0,0,0,0,0,0,0,0,0,0,0,0,0,0,0,0,0,0,0,0,0,0,0,0,0,0,0,0,0,0,0,0,0,0,0,0,0,0,0,0,0,0,0,0,0,0,0,0,0,0,0,0,0,0,0,0,0,0,0,0,0,0,0,0,0,0,0,0,0,0,0,0,0,0,0,0,0,0,0,0,0,0,0,0,0,0,0,0,0,0,0,0,0,0,0,0,0,0,0,0,0,0,0,0,0,0,0,0,0,0,0,0,0,0,0,0,0,0,0,0,0,0,0,0,0,0,0,0,0,0,0,0,0,0,0,0,0,0,0,0,0,0,0,0,0,0,0,0,0,0,0,0,0,0,0,0,0,0,0,0,0,0
463173,309,117594,15281,1175,1,0,15829,675,425,2791,15281,534,46,645,2439,531,1047,236,408,2854,231,404,655,436,2923,231,983,710,435,2798,236,400,632,422,2930,236,438,650,406,2781,234,402,645,436,1065,169,6113,797,424,2808,241,405,657,422,2926,232,424,652,421,2777,234,402,642,427,2920,232,841,679,423,2793,234,401,631,422,2926,230,604,652,429,2780,234,402,639,436,2914,230,404,631,420,2797,237,403,639,417,2915,231,6144,796,423,2789,236,408,655,460,2948,230,555,0,0,0,0,0,0,0,0,0,0,0,0,0,0,0,0,0,0,0,0,0,0,0,0,0,0,0,0,0,0,0,0,0,0,0,0,0,0,0,0,0,0,0,0,0,0,0,0,0,0,0,0,0,0,0,0,0,0,0,0,0,0,0,0,0,0,0,0,0,0,0,0,0,0,0,0,0,0,0,0,0,0,0,0,0,0,0,0,0,0,0,0,0,0,0,0,0,0,0,0,0,0,0,0,0,0,0,0,0,0,0,0,0,0,0,0,0,0,0,0,0,0,0,0,0,0,0,0,0,0,0,0,0,0,0,0,0,0,0,0,0,0,0,0,0,0,0,0,0,0,0,0,0,0,0,0,0,0,0,0,0,0,0,0,0,0,0,0,0,0,0,0,0,0,0,0,0,0,0,0,0,0,0,0,0,0,0,0,0,0,0,0,0,0,0,0,0,0,0,0
464173,310,119422,16945,1194,1,0,14096,660,426,2784,16945,529,46,647,2439,531,1045,237,408,2859,230,404,650,426,2920,231,983,712,444,926,172,380,635,434,2934,228,438,656,411,2780,235,405,639,425,2909,234,6121,795,433,2795,240,405,647,421,2928,231,781,665,421,2783,233,403,638,426,2926,231,839,677,435,2799,234,401,630,422,2935,235,609,655,416,2781,233,403,647,428,2913,230,404,629,429,2789,232,401,633,423,2921,231,6124,798,422,2791,236,409,662,454,2945,230,417,0,0,0,0,0,0,0,0,0,0,0,0,0,0,0,0,0,0,0,0,0,0,0,0,0,0,0,0,0,0,0,0,0,0,0,0,0,0,0,0,0,0,0,0,0,0,0,0,0,0,0,0,0,0,0,0,0,0,0,0,0,0,0,0,0,0,0,0,0,0,0,0,0,0,0,0,0,0,0,0,0,0,0,0,0,0,0,0,0,0,0,0,0,0,0,0,0,0,0,0,0,0,0,0,0,0,0,0,0,0,0,0,0,0,0,0,0,0,0,0,0,0,0,0,0,0,0,0,0,0,0,0,0,0,0,0,0,0,0,0,0,0,0,0,0,0,0,0,0,0,0,0,0,0,0,0,0,0,0,0,0,0,0,0,0,0,0,0,0,0,0,0,0,0,0,0,0,0,0,0,0,0,0,0,0,0,0,0,0,0,0,0,0,0,0,0,0,0,0,0
465172,311,117826,17021,1178,1,0,15752,661,433,2780,17021,527,78,635,684,559,486,748,422,2786,235,406,640,427,2915,234,984,709,440,2793,232,401,637,423,2942,231,430,644,413,2788,235,406,641,430,2917,232,6132,796,437,2791,241,404,646,422,2926,226,555,653,424,2775,239,413,639,412,2909,232,861,688,424,2789,234,402,623,446,2923,230,600,646,421,2784,239,412,640,414,2912,230,405,636,420,2781,231,400,635,444,2922,230,6121,797,422,2796,236,408,654,448,1082,190,773,0,0,0,0,0,0,0,0,0,0,0,0,0,0,0,0,0,0,0,0,0,0,0,0,0,0,0,0,0,0,0,0,0,0,0,0,0,0,0,0,0,0,0,0,0,0,0,0,0,0,0,0,0,0,0,0,0,0,0,0,0,0,0,0,0,0,0,0,0,0,0,0,0,0,0,0,0,0,0,0,0,0,0,0,0,0,0,0,0,0,0,0,0,0,0,0,0,0,0,0,0,0,0,0,0,0,0,0,0,0,0,0,0,0,0,0,0,0,0,0,0,0,0,0,0,0,0,0,0,0,0,0,0,0,0,0,0,0,0,0,0,0,0,0,0,0,0,0,0,0,0,0,0,0,0,0,0,0,0,0,0,0,0,0,0,0,0,0,0,0,0,0,0,0,0,0,0,0,0,0,0,0,0,0,0,0,0,0,0,0,0,0,0,0,0,0,0,0,0,0
466173,312,117435,15298,1174,1,0,15832,648,419,2787,15298,530,80,636,2449,537,1032,204,405,2838,232,403,637,424,2913,240,994,708,436,2789,234,403,647,430,2929,230,430,649,423,2786,236,402,637,421,2919,232,6119,794,422,2794,243,409,650,422,2927,226,417,653,426,2781,234,402,629,420,2914,232,840,677,421,2783,234,404,636,429,2927,230,601,656,426,2780,233,402,630,421,2919,230,404,630,420,913,189,399,614,426,2939,228,6113,802,424,2788,236,408,667,460,2951,229,555,0,0,0,0,0,0,0,0,0,0,0,0,0,0,0,0,0,0,0,0,0,0,0,0,0,0,0,0,0,0,0,0,0,0,0,0,0,0,0,0,0,0,0,0,0,0,0,0,0,0,0,0,0,0,0,0,0,0,0,0,0,0,0,0,0,0,0,0,0,0,0,0,0,0,0,0,0,0,0,0,0,0,0,0,0,0,0,0,0,0,0,0,0,0,0,0,0,0,0,0,0,0,0,0,0,0,0,0,0,0,0,0,0,0,0,0,0,0,0,0,0,0,0,0,0,0,0,0,0,0,0,0,0,0,0,0,0,0,0,0,0,0,0,0,0,0,0,0,0,0,0,0,0,0,0,0,0,0,0,0,0,0,0,0,0,0,0,0,0,0,0,0,0,0,0,0,0,0,0,0,0,0,0,0,0,0,0,0,0,0,0,0,0,0,0,0,0,0,0,0
467173,313,119539,17075,1195,1,0,14113,661,426,2783,17075,531,80,672,2476,528,1058,202,395,2835,230,402,651,424,2918,233,984,707,444,2794,234,400,635,422,2942,230,429,649,413,2791,235,405,646,427,2921,230,6118,795,432,2797,241,405,646,422,2926,226,769,664,426,2783,233,406,638,427,2919,232,839,702,429,2789,234,401,623,421,2927,230,600,645,421,915,179,394,620,431,2928,228,404,637,420,2781,231,400,633,440,2916,231,6116,798,422,2797,231,406,650,447,2941,235,424,0,0,0,0,0,0,0,0,0,0,0,0,0,0,0,0,0,0,0,0,0,0,0,0,0,0,0,0,0,0,0,0,0,0,0,0,0,0,0,0,0,0,0,0,0,0,0,0,0,0,0,0,0,0,0,0,0,0,0,0,0,0,0,0,0,0,0,0,0,0,0,0,0,0,0,0,0,0,0,0,0,0,0,0,0,0,0,0,0,0,0,0,0,0,0,0,0,0,0,0,0,0,0,0,0,0,0,0,0,0,0,0,0,0,0,0,0,0,0,0,0,0,0,0,0,0,0,0,0,0,0,0,0,0,0,0,0,0,0,0,0,0,0,0,0,0,0,0,0,0,0,0,0,0,0,0,0,0,0,0,0,0,0,0,0,0,0,0,0,0,0,0,0,0,0,0,0,0,0,0,0,0,0,0,0,0,0,0,0,0,0,0,0,0,0,0,0,0,0,0
468172,314,666594,555300,6665,2,0,15878,665,419,2780,555300,669,87,663,12499,523,472,673,418,2781,253,405,698,407,2735,233,984,723,447,2806,255,406,693,394,2731,240,440,657,411,2782,254,420,701,393,2732,236,6145,812,423,2882,254,408,689,394,2751,234,557,755,479,2890,291,564,40,575,2501,512,918,204,407,2796,255,406,687,393,2765,235,603,640,421,915,251,417,687,408,2737,229,404,647,428,2785,254,405,689,415,2743,239,6133,805,426,2787,257,412,701,397,2714,235,803,0,0,0,0,0,0,0,0,0,0,0,0,0,0,0,0,0,0,0,0,0,0,0,0,0,0,0,0,0,0,0,0,0,0,0,0,0,0,0,0,0,0,0,0,0,0,0,0,0,0,0,0,0,0,0,0,0,0,0,0,0,0,0,0,0,0,0,0,0,0,0,0,0,0,0,0,0,0,0,0,0,0,0,0,0,0,0,0,0,0,0,0,0,0,0,0,0,0,0,0,0,0,0,0,0,0,0,0,0,0,0,0,0,0,0,0,0,0,0,0,0,0,0,0,0,0,0,0,0,0,0,0,0,0,0,0,0,0,0,0,0,0,0,0,0,0,0,0,0,0,0,0,0,0,0,0,0,0,0,0,0,0,0,0,0,0,0,0,0,0,0,0,0,0,0,0,0,0,0,0,0,0,0,0,0,0,0,0,0,0,0,0,0,0,0,0,0,0,0,0
469713,315,524690,412602,5246,2,0,554109,681,425,2789,412602,662,21,586,12502,516,459,820,505,2923,289,454,768,419,2740,236,998,722,433,918,250,412,673,414,2734,227,430,645,436,2780,252,405,689,394,2758,233,6134,804,424,2794,263,417,696,405,2724,239,576,700,432,2804,252,405,696,396,2747,235,841,686,420,2788,257,413,695,396,2719,234,603,656,425,2783,252,404,689,416,2741,233,403,636,420,2792,253,405,685,393,2736,240,6150,802,426,2789,253,437,709,402,2726,239,800,0,0,0,0,0,0,0,0,0,0,0,0,0,0,0,0,0,0,0,0,0,0,0,0,0,0,0,0,0,0,0,0,0,0,0,0,0,0,0,0,0,0,0,0,0,0,0,0,0,0,0,0,0,0,0,0,0,0,0,0,0,0,0,0,0,0,0,0,0,0,0,0,0,0,0,0,0,0,0,0,0,0,0,0,0,0,0,0,0,0,0,0,0,0,0,0,0,0,0,0,0,0,0,0,0,0,0,0,0,0,0,0,0,0,0,0,0,0,0,0,0,0,0,0,0,0,0,0,0,0,0,0,0,0,0,0,0,0,0,0,0,0,0,0,0,0,0,0,0,0,0,0,0,0,0,0,0,0,0,0,0,0,0,0,0,0,0,0,0,0,0,0,0,0,0,0,0,0,0,0,0,0,0,0,0,0,0,0,0,0,0,0,0,0,0,0,0,0,0,0
471113,316,116573,16989,1165,1,0,411399,691,450,2888,16989,529,17,562,562,412,884,347,465,2937,295,508,776,413,2748,225,985,735,451,2789,251,407,694,394,2749,234,432,644,419,2786,257,412,699,394,2720,234,6152,808,424,2790,254,406,694,416,2738,239,430,690,424,2816,256,412,702,397,2718,234,837,693,422,2792,253,406,691,416,2738,233,603,644,420,2795,253,404,690,394,2731,234,404,648,429,2778,255,405,685,415,2747,233,6145,799,424,2805,253,407,692,397,871,155,593,0,0,0,0,0,0,0,0,0,0,0,0,0,0,0,0,0,0,0,0,0,0,0,0,0,0,0,0,0,0,0,0,0,0,0,0,0,0,0,0,0,0,0,0,0,0,0,0,0,0,0,0,0,0,0,0,0,0,0,0,0,0,0,0,0,0,0,0,0,0,0,0,0,0,0,0,0,0,0,0,0,0,0,0,0,0,0,0,0,0,0,0,0,0,0,0,0,0,0,0,0,0,0,0,0,0,0,0,0,0,0,0,0,0,0,0,0,0,0,0,0,0,0,0,0,0,0,0,0,0,0,0,0,0,0,0,0,0,0,0,0,0,0,0,0,0,0,0,0,0,0,0,0,0,0,0,0,0,0,0,0,0,0,0,0,0,0,0,0,0,0,0,0,0,0,0,0,0,0,0,0,0,0,0,0,0,0,0,0,0,0,0,0,0,0,0,0,0,0,0
472113,317,117907,17011,1179,1,0,15788,662,412,2891,17011,529,17,561,2463,513,910,252,442,2942,290,558,39,581,2509,516,1157,181,384,2849,254,422,705,391,2733,233,434,637,433,2797,254,405,688,391,2777,234,6126,803,424,2793,263,420,699,401,2723,238,805,703,433,2798,252,405,695,418,2736,233,839,678,419,2801,255,406,689,394,2733,239,617,659,416,2780,253,404,697,405,2737,234,402,640,437,918,250,407,663,399,2759,229,6127,799,423,2800,253,420,707,397,2726,239,432,0,0,0,0,0,0,0,0,0,0,0,0,0,0,0,0,0,0,0,0,0,0,0,0,0,0,0,0,0,0,0,0,0,0,0,0,0,0,0,0,0,0,0,0,0,0,0,0,0,0,0,0,0,0,0,0,0,0,0,0,0,0,0,0,0,0,0,0,0,0,0,0,0,0,0,0,0,0,0,0,0,0,0,0,0,0,0,0,0,0,0,0,0,0,0,0,0,0,0,0,0,0,0,0,0,0,0,0,0,0,0,0,0,0,0,0,0,0,0,0,0,0,0,0,0,0,0,0,0,0,0,0,0,0,0,0,0,0,0,0,0,0,0,0,0,0,0,0,0,0,0,0,0,0,0,0,0,0,0,0,0,0,0,0,0,0,0,0,0,0,0,0,0,0,0,0,0,0,0,0,0,0,0,0,0,0,0,0,0,0,0,0,0,0,0,0,0,0,0,0
473112,318,117235,15205,1172,1,0,15808,703,449,2873,15205,542,17,562,2473,512,912,250,434,2940,285,560,735,429,2758,227,988,737,453,2794,253,407,694,394,2757,234,434,639,417,2794,252,416,704,395,2730,233,6132,809,441,2797,254,406,692,394,2763,240,577,688,426,2808,256,425,702,402,2718,235,839,692,424,2794,253,406,690,394,2750,233,604,645,420,915,256,414,671,404,2735,231,405,645,429,2785,254,405,688,415,2743,231,6134,802,424,2793,257,428,701,402,2728,240,800,0,0,0,0,0,0,0,0,0,0,0,0,0,0,0,0,0,0,0,0,0,0,0,0,0,0,0,0,0,0,0,0,0,0,0,0,0,0,0,0,0,0,0,0,0,0,0,0,0,0,0,0,0,0,0,0,0,0,0,0,0,0,0,0,0,0,0,0,0,0,0,0,0,0,0,0,0,0,0,0,0,0,0,0,0,0,0,0,0,0,0,0,0,0,0,0,0,0,0,0,0,0,0,0,0,0,0,0,0,0,0,0,0,0,0,0,0,0,0,0,0,0,0,0,0,0,0,0,0,0,0,0,0,0,0,0,0,0,0,0,0,0,0,0,0,0,0,0,0,0,0,0,0,0,0,0,0,0,0,0,0,0,0,0,0,0,0,0,0,0,0,0,0,0,0,0,0,0,0,0,0,0,0,0,0,0,0,0,0,0,0,0,0,0,0,0,0,0,0,0
474113,319,117341,16803,1173,1,0,14005,689,441,2865,16803,537,17,562,2473,513,910,250,432,2942,285,458,61,625,2494,504,1151,189,393,2839,255,407,690,412,2740,234,432,637,417,2802,254,405,688,392,2738,233,6127,807,425,2788,253,406,699,405,2731,239,436,694,425,2831,252,405,696,396,868,150,855,703,409,2774,254,408,698,413,2732,234,601,653,422,2794,253,406,686,398,2743,238,411,654,412,2781,256,405,692,404,2735,231,6126,802,442,2800,253,405,692,396,2753,240,575,0,0,0,0,0,0,0,0,0,0,0,0,0,0,0,0,0,0,0,0,0,0,0,0,0,0,0,0,0,0,0,0,0,0,0,0,0,0,0,0,0,0,0,0,0,0,0,0,0,0,0,0,0,0,0,0,0,0,0,0,0,0,0,0,0,0,0,0,0,0,0,0,0,0,0,0,0,0,0,0,0,0,0,0,0,0,0,0,0,0,0,0,0,0,0,0,0,0,0,0,0,0,0,0,0,0,0,0,0,0,0,0,0,0,0,0,0,0,0,0,0,0,0,0,0,0,0,0,0,0,0,0,0,0,0,0,0,0,0,0,0,0,0,0,0,0,0,0,0,0,0,0,0,0,0,0,0,0,0,0,0,0,0,0,0,0,0,0,0,0,0,0,0,0,0,0,0,0,0,0,0,0,0,0,0,0,0,0,0,0,0,0,0,0,0,0,0,0,0,0
475113,320,118436,16882,1184,1,0,15598,694,435,2882,16882,531,17,560,2463,514,908,260,441,2938,256,497,724,432,2759,224,987,725,440,2794,256,415,699,396,2728,234,432,654,428,2785,252,404,690,417,2743,230,6116,807,424,2804,254,406,692,394,868,156,826,671,406,2796,253,405,701,414,2739,231,831,685,420,2812,255,406,690,394,2734,234,608,653,424,2782,253,407,695,410,2743,231,402,637,420,2791,256,406,689,390,2738,239,6116,802,427,2791,253,421,708,395,2729,238,432,0,0,0,0,0,0,0,0,0,0,0,0,0,0,0,0,0,0,0,0,0,0,0,0,0,0,0,0,0,0,0,0,0,0,0,0,0,0,0,0,0,0,0,0,0,0,0,0,0,0,0,0,0,0,0,0,0,0,0,0,0,0,0,0,0,0,0,0,0,0,0,0,0,0,0,0,0,0,0,0,0,0,0,0,0,0,0,0,0,0,0,0,0,0,0,0,0,0,0,0,0,0,0,0,0,0,0,0,0,0,0,0,0,0,0,0,0,0,0,0,0,0,0,0,0,0,0,0,0,0,0,0,0,0,0,0,0,0,0,0,0,0,0,0,0,0,0,0,0,0,0,0,0,0,0,0,0,0,0,0,0,0,0,0,0,0,0,0,0,0,0,0,0,0,0,0,0,0,0,0,0,0,0,0,0,0,0,0,0,0,0,0,0,0,0,0,0,0,0,0
476112,321,117057,15230,1170,1,0,15676,699,455,2880,15230,540,17,562,2478,513,908,252,439,2944,256,505,735,430,2743,224,983,735,439,2787,252,408,694,394,2754,235,432,640,417,912,251,416,689,408,2740,227,6143,803,425,2795,253,406,694,395,2753,240,577,686,426,2808,256,411,701,402,2722,236,836,693,424,2789,252,406,693,394,2747,232,604,645,420,2788,257,410,694,397,2728,236,404,647,430,2786,253,405,687,415,2742,232,6122,799,424,2796,257,412,696,397,2715,239,799,0,0,0,0,0,0,0,0,0,0,0,0,0,0,0,0,0,0,0,0,0,0,0,0,0,0,0,0,0,0,0,0,0,0,0,0,0,0,0,0,0,0,0,0,0,0,0,0,0,0,0,0,0,0,0,0,0,0,0,0,0,0,0,0,0,0,0,0,0,0,0,0,0,0,0,0,0,0,0,0,0,0,0,0,0,0,0,0,0,0,0,0,0,0,0,0,0,0,0,0,0,0,0,0,0,0,0,0,0,0,0,0,0,0,0,0,0,0,0,0,0,0,0,0,0,0,0,0,0,0,0,0,0,0,0,0,0,0,0,0,0,0,0,0,0,0,0,0,0,0,0,0,0,0,0,0,0,0,0,0,0,0,0,0,0,0,0,0,0,0,0,0,0,0,0,0,0,0,0,0,0,0,0,0,0,0,0,0,0,0,0,0,0,0,0,0,0,0,0,0
477113,322,117426,16873,1174,1,0,14032,685,431,2928,16873,529,17,562,2465,514,908,252,453,2943,286,563,39,579,600,416,1120,175,385,2858,257,414,694,392,2736,233,434,657,429,2787,254,405,690,415,2742,234,6126,802,425,2809,253,407,688,394,2721,239,438,700,427,2807,253,405,693,418,2735,232,840,683,418,2793,256,413,699,396,2715,233,610,654,428,2786,253,404,692,406,2735,234,403,636,438,2794,254,405,690,393,2734,239,6132,802,427,2790,253,407,701,405,2737,238,574,0,0,0,0,0,0,0,0,0,0,0,0,0,0,0,0,0,0,0,0,0,0,0,0,0,0,0,0,0,0,0,0,0,0,0,0,0,0,0,0,0,0,0,0,0,0,0,0,0,0,0,0,0,0,0,0,0,0,0,0,0,0,0,0,0,0,0,0,0,0,0,0,0,0,0,0,0,0,0,0,0,0,0,0,0,0,0,0,0,0,0,0,0,0,0,0,0,0,0,0,0,0,0,0,0,0,0,0,0,0,0,0,0,0,0,0,0,0,0,0,0,0,0,0,0,0,0,0,0,0,0,0,0,0,0,0,0,0,0,0,0,0,0,0,0,0,0,0,0,0,0,0,0,0,0,0,0,0,0,0,0,0,0,0,0,0,0,0,0,0,0,0,0,0,0,0,0,0,0,0,0,0,0,0,0,0,0,0,0,0,0,0,0,0,0,0,0,0,0,0
478113,323,116534,16906,1165,1,0,15669,694,437,2897,16906,530,17,562,562,412,883,256,437,2937,259,455,769,431,2747,226,981,724,445,2815,253,408,692,394,2733,240,439,655,410,2784,253,417,701,396,2733,232,6120,808,441,2797,253,406,692,394,2760,240,805,696,429,2803,251,418,710,397,2727,234,834,692,425,2793,253,406,691,394,2748,233,604,646,420,2785,256,412,695,397,2727,235,402,655,429,2783,253,405,688,422,2739,231,6119,802,424,918,244,409,647,415,2729,237,434,0,0,0,0,0,0,0,0,0,0,0,0,0,0,0,0,0,0,0,0,0,0,0,0,0,0,0,0,0,0,0,0,0,0,0,0,0,0,0,0,0,0,0,0,0,0,0,0,0,0,0,0,0,0,0,0,0,0,0,0,0,0,0,0,0,0,0,0,0,0,0,0,0,0,0,0,0,0,0,0,0,0,0,0,0,0,0,0,0,0,0,0,0,0,0,0,0,0,0,0,0,0,0,0,0,0,0,0,0,0,0,0,0,0,0,0,0,0,0,0,0,0,0,0,0,0,0,0,0,0,0,0,0,0,0,0,0,0,0,0,0,0,0,0,0,0,0,0,0,0,0,0,0,0,0,0,0,0,0,0,0,0,0,0,0,0,0,0,0,0,0,0,0,0,0,0,0,0,0,0,0,0,0,0,0,0,0,0,0,0,0,0,0,0,0,0,0,0,0,0
479112,324,118811,16938,1188,1,0,15702,699,444,2868,16938,532,17,569,2473,511,908,251,436,2952,264,545,704,418,2736,224,994,721,446,2793,253,407,701,405,2736,233,434,637,417,2799,252,405,691,391,2766,233,6141,807,425,2791,253,419,707,395,2722,239,571,693,440,2811,252,405,694,396,2742,241,839,691,413,2792,254,419,704,395,2726,233,603,650,438,2789,253,404,688,394,2757,234,404,636,420,908,251,411,685,406,2736,230,6129,799,424,2800,253,408,694,397,2755,241,801,0,0,0,0,0,0,0,0,0,0,0,0,0,0,0,0,0,0,0,0,0,0,0,0,0,0,0,0,0,0,0,0,0,0,0,0,0,0,0,0,0,0,0,0,0,0,0,0,0,0,0,0,0,0,0,0,0,0,0,0,0,0,0,0,0,0,0,0,0,0,0,0,0,0,0,0,0,0,0,0,0,0,0,0,0,0,0,0,0,0,0,0,0,0,0,0,0,0,0,0,0,0,0,0,0,0,0,0,0,0,0,0,0,0,0,0,0,0,0,0,0,0,0,0,0,0,0,0,0,0,0,0,0,0,0,0,0,0,0,0,0,0,0,0,0,0,0,0,0,0,0,0,0,0,0,0,0,0,0,0,0,0,0,0,0,0,0,0,0,0,0,0,0,0,0,0,0,0,0,0,0,0,0,0,0,0,0,0,0,0,0,0,0,0,0,0,0,0,0,0
480113,325,116587,15202,1165,1,0,15729,686,434,2876,15202,537,19,567,2463,514,907,259,435,2937,258,457,765,447,2760,226,985,732,435,2804,255,407,691,394,2730,236,434,651,427,2784,252,405,697,402,2739,233,6121,807,424,2801,253,406,692,394,2729,246,442,692,431,2814,252,405,707,406,2731,234,835,683,435,2802,254,406,690,394,871,170,604,632,415,2777,252,407,698,402,2744,231,403,644,437,2783,256,405,688,393,2760,233,6120,802,426,2797,253,417,704,397,2727,238,573,0,0,0,0,0,0,0,0,0,0,0,0,0,0,0,0,0,0,0,0,0,0,0,0,0,0,0,0,0,0,0,0,0,0,0,0,0,0,0,0,0,0,0,0,0,0,0,0,0,0,0,0,0,0,0,0,0,0,0,0,0,0,0,0,0,0,0,0,0,0,0,0,0,0,0,0,0,0,0,0,0,0,0,0,0,0,0,0,0,0,0,0,0,0,0,0,0,0,0,0,0,0,0,0,0,0,0,0,0,0,0,0,0,0,0,0,0,0,0,0,0,0,0,0,0,0,0,0,0,0,0,0,0,0,0,0,0,0,0,0,0,0,0,0,0,0,0,0,0,0,0,0,0,0,0,0,0,0,0,0,0,0,0,0,0,0,0,0,0,0,0,0,0,0,0,0,0,0,0,0,0,0,0,0,0,0,0,0,0,0,0,0,0,0,0,0,0,0,0,0
481113,326,118565,16886,1185,1,0,14003,696,453,2882,16886,529,17,562,2472,519,901,254,440,2943,257,461,770,433,2749,225,982,736,435,2798,253,407,692,416,2741,236,432,639,417,2803,256,412,694,393,2729,234,6123,808,424,2789,253,406,699,405,2731,239,803,701,442,2821,250,405,694,396,868,167,851,693,410,2775,256,406,697,405,2730,232,601,650,433,2791,253,406,690,394,2760,234,402,637,420,2781,259,427,697,394,2725,233,6146,798,425,2793,254,407,694,418,2738,239,433,0,0,0,0,0,0,0,0,0,0,0,0,0,0,0,0,0,0,0,0,0,0,0,0,0,0,0,0,0,0,0,0,0,0,0,0,0,0,0,0,0,0,0,0,0,0,0,0,0,0,0,0,0,0,0,0,0,0,0,0,0,0,0,0,0,0,0,0,0,0,0,0,0,0,0,0,0,0,0,0,0,0,0,0,0,0,0,0,0,0,0,0,0,0,0,0,0,0,0,0,0,0,0,0,0,0,0,0,0,0,0,0,0,0,0,0,0,0,0,0,0,0,0,0,0,0,0,0,0,0,0,0,0,0,0,0,0,0,0,0,0,0,0,0,0,0,0,0,0,0,0,0,0,0,0,0,0,0,0,0,0,0,0,0,0,0,0,0,0,0,0,0,0,0,0,0,0,0,0,0,0,0,0,0,0,0,0,0,0,0,0,0,0,0,0,0,0,0,0,0
482112,327,118807,17002,1188,1,0,15683,695,436,2894,17002,531,17,562,2466,514,905,254,439,2940,258,459,775,430,2750,225,983,726,436,2809,254,407,691,394,2733,240,439,654,410,2784,252,405,697,403,2737,230,6130,807,424,926,248,403,646,410,2726,245,581,688,442,2817,255,405,704,406,2735,233,835,683,418,2798,255,406,688,394,2740,240,611,655,424,2777,254,406,691,405,2739,232,403,632,437,2785,256,405,682,393,2759,233,6141,801,424,2793,262,417,698,402,2727,239,800,0,0,0,0,0,0,0,0,0,0,0,0,0,0,0,0,0,0,0,0,0,0,0,0,0,0,0,0,0,0,0,0,0,0,0,0,0,0,0,0,0,0,0,0,0,0,0,0,0,0,0,0,0,0,0,0,0,0,0,0,0,0,0,0,0,0,0,0,0,0,0,0,0,0,0,0,0,0,0,0,0,0,0,0,0,0,0,0,0,0,0,0,0,0,0,0,0,0,0,0,0,0,0,0,0,0,0,0,0,0,0,0,0,0,0,0,0,0,0,0,0,0,0,0,0,0,0,0,0,0,0,0,0,0,0,0,0,0,0,0,0,0,0,0,0,0,0,0,0,0,0,0,0,0,0,0,0,0,0,0,0,0,0,0,0,0,0,0,0,0,0,0,0,0,0,0,0,0,0,0,0,0,0,0,0,0,0,0,0,0,0,0,0,0,0,0,0,0,0,0
483113,328,116766,15248,1167,1,0,15798,689,441,2866,15248,541,17,569,2475,512,909,250,438,2953,290,459,753,429,2743,230,999,724,436,2801,255,408,697,406,2734,235,434,639,417,927,254,405,675,406,2733,232,6135,803,423,2792,253,405,697,409,2733,239,430,697,437,2828,252,405,694,396,2748,235,838,685,418,2798,254,419,704,395,2730,233,603,662,434,2783,253,404,688,394,2756,234,404,636,420,2785,257,414,693,392,2725,233,6132,804,425,2794,254,407,694,418,2741,239,574,0,0,0,0,0,0,0,0,0,0,0,0,0,0,0,0,0,0,0,0,0,0,0,0,0,0,0,0,0,0,0,0,0,0,0,0,0,0,0,0,0,0,0,0,0,0,0,0,0,0,0,0,0,0,0,0,0,0,0,0,0,0,0,0,0,0,0,0,0,0,0,0,0,0,0,0,0,0,0,0,0,0,0,0,0,0,0,0,0,0,0,0,0,0,0,0,0,0,0,0,0,0,0,0,0,0,0,0,0,0,0,0,0,0,0,0,0,0,0,0,0,0,0,0,0,0,0,0,0,0,0,0,0,0,0,0,0,0,0,0,0,0,0,0,0,0,0,0,0,0,0,0,0,0,0,0,0,0,0,0,0,0,0,0,0,0,0,0,0,0,0,0,0,0,0,0,0,0,0,0,0,0,0,0,0,0,0,0,0,0,0,0,0,0,0,0,0,0,0,0
484113,329,118520,16930,1185,1,0,14046,693,435,2866,16930,535,17,562,2465,514,908,260,439,2938,262,462,767,444,876,165,969,704,430,2808,260,414,694,396,2725,233,433,653,428,2790,253,407,690,415,2743,231,6122,805,425,2802,253,406,689,394,2731,238,804,698,424,2803,251,405,701,406,2736,233,837,680,419,2799,254,406,692,394,2732,240,611,657,415,2781,253,417,703,396,2733,233,403,641,438,2791,254,405,692,393,2758,233,6127,802,426,2798,253,417,704,397,2726,238,432,0,0,0,0,0,0,0,0,0,0,0,0,0,0,0,0,0,0,0,0,0,0,0,0,0,0,0,0,0,0,0,0,0,0,0,0,0,0,0,0,0,0,0,0,0,0,0,0,0,0,0,0,0,0,0,0,0,0,0,0,0,0,0,0,0,0,0,0,0,0,0,0,0,0,0,0,0,0,0,0,0,0,0,0,0,0,0,0,0,0,0,0,0,0,0,0,0,0,0,0,0,0,0,0,0,0,0,0,0,0,0,0,0,0,0,0,0,0,0,0,0,0,0,0,0,0,0,0,0,0,0,0,0,0,0,0,0,0,0,0,0,0,0,0,0,0,0,0,0,0,0,0,0,0,0,0,0,0,0,0,0,0,0,0,0,0,0,0,0,0,0,0,0,0,0,0,0,0,0,0,0,0,0,0,0,0,0,0,0,0,0,0,0,0,0,0,0,0,0,0
485112,330,116939,16975,1169,1,0,15728,699,454,2878,16975,531,17,561,576,411,874,210,503,3006,266,464,785,485,2809,229,985,727,444,2796,253,406,692,394,2753,235,432,637,417,2788,256,412,696,394,2721,234,6146,812,424,2790,254,406,694,416,2737,239,577,685,425,2813,256,412,700,397,2719,235,841,677,420,2795,253,406,689,417,2738,233,603,644,420,2789,256,413,696,393,2724,233,402,652,431,2778,253,405,685,415,2746,232,6133,801,424,919,244,410,650,413,2733,237,794,0,0,0,0,0,0,0,0,0,0,0,0,0,0,0,0,0,0,0,0,0,0,0,0,0,0,0,0,0,0,0,0,0,0,0,0,0,0,0,0,0,0,0,0,0,0,0,0,0,0,0,0,0,0,0,0,0,0,0,0,0,0,0,0,0,0,0,0,0,0,0,0,0,0,0,0,0,0,0,0,0,0,0,0,0,0,0,0,0,0,0,0,0,0,0,0,0,0,0,0,0,0,0,0,0,0,0,0,0,0,0,0,0,0,0,0,0,0,0,0,0,0,0,0,0,0,0,0,0,0,0,0,0,0,0,0,0,0,0,0,0,0,0,0,0,0,0,0,0,0,0,0,0,0,0,0,0,0,0,0,0,0,0,0,0,0,0,0,0,0,0,0,0,0,0,0,0,0,0,0,0,0,0,0,0,0,0,0,0,0,0,0,0,0,0,0,0,0,0,0
486113,331,115854,15211,1158,1,0,15777,693,428,2877,15211,536,17,569,2473,512,908,200,500,3017,263,448,774,38,2737,642,788,428,514,2521,543,539,196,399,2739,232,432,638,433,2795,254,407,685,392,2763,232,6124,804,424,2792,257,415,696,396,2721,239,436,704,432,2809,252,405,695,417,2734,234,838,681,419,2795,257,413,694,396,2720,233,610,655,428,2791,252,404,693,413,862,152,387,616,428,2784,256,407,693,390,2736,238,6123,802,426,2790,253,418,707,397,2724,241,573,0,0,0,0,0,0,0,0,0,0,0,0,0,0,0,0,0,0,0,0,0,0,0,0,0,0,0,0,0,0,0,0,0,0,0,0,0,0,0,0,0,0,0,0,0,0,0,0,0,0,0,0,0,0,0,0,0,0,0,0,0,0,0,0,0,0,0,0,0,0,0,0,0,0,0,0,0,0,0,0,0,0,0,0,0,0,0,0,0,0,0,0,0,0,0,0,0,0,0,0,0,0,0,0,0,0,0,0,0,0,0,0,0,0,0,0,0,0,0,0,0,0,0,0,0,0,0,0,0,0,0,0,0,0,0,0,0,0,0,0,0,0,0,0,0,0,0,0,0,0,0,0,0,0,0,0,0,0,0,0,0,0,0,0,0,0,0,0,0,0,0,0,0,0,0,0,0,0,0,0,0,0,0,0,0,0,0,0,0,0,0,0,0,0,0,0,0,0,0,0
487113,332,118590,16939,1185,1,0,14008,695,453,2884,16939,532,17,562,2466,519,902,256,437,2942,265,463,774,430,2749,224,982,724,433,2803,255,408,690,394,2731,244,441,651,428,2786,252,405,696,409,2736,232,6128,807,441,2804,253,406,692,394,2729,247,805,698,429,2805,251,419,710,397,2726,234,834,682,436,2793,254,406,691,394,886,158,598,627,416,2780,257,426,701,396,2720,231,403,655,428,2778,256,405,689,415,2745,233,6131,800,425,2803,253,407,689,397,2736,238,434,0,0,0,0,0,0,0,0,0,0,0,0,0,0,0,0,0,0,0,0,0,0,0,0,0,0,0,0,0,0,0,0,0,0,0,0,0,0,0,0,0,0,0,0,0,0,0,0,0,0,0,0,0,0,0,0,0,0,0,0,0,0,0,0,0,0,0,0,0,0,0,0,0,0,0,0,0,0,0,0,0,0,0,0,0,0,0,0,0,0,0,0,0,0,0,0,0,0,0,0,0,0,0,0,0,0,0,0,0,0,0,0,0,0,0,0,0,0,0,0,0,0,0,0,0,0,0,0,0,0,0,0,0,0,0,0,0,0,0,0,0,0,0,0,0,0,0,0,0,0,0,0,0,0,0,0,0,0,0,0,0,0,0,0,0,0,0,0,0,0,0,0,0,0,0,0,0,0,0,0,0,0,0,0,0,0,0,0,0,0,0,0,0,0,0,0,0,0,0,0
488112,333,118829,16957,1188,1,0,15741,697,436,2875,16957,530,17,569,2472,511,908,250,435,2946,286,460,759,429,2739,226,1001,724,442,2805,255,407,691,417,2737,235,434,642,419,2786,257,412,694,393,2724,235,6138,808,425,2790,253,406,694,394,2748,238,574,690,428,926,247,418,678,413,2747,223,836,702,440,2787,253,408,692,394,2756,235,602,644,420,2785,255,424,699,397,2734,235,402,651,429,2783,253,405,687,415,2740,231,6124,802,424,2820,253,405,694,396,2730,239,798,0,0,0,0,0,0,0,0,0,0,0,0,0,0,0,0,0,0,0,0,0,0,0,0,0,0,0,0,0,0,0,0,0,0,0,0,0,0,0,0,0,0,0,0,0,0,0,0,0,0,0,0,0,0,0,0,0,0,0,0,0,0,0,0,0,0,0,0,0,0,0,0,0,0,0,0,0,0,0,0,0,0,0,0,0,0,0,0,0,0,0,0,0,0,0,0,0,0,0,0,0,0,0,0,0,0,0,0,0,0,0,0,0,0,0,0,0,0,0,0,0,0,0,0,0,0,0,0,0,0,0,0,0,0,0,0,0,0,0,0,0,0,0,0,0,0,0,0,0,0,0,0,0,0,0,0,0,0,0,0,0,0,0,0,0,0,0,0,0,0,0,0,0,0,0,0,0,0,0,0,0,0,0,0,0,0,0,0,0,0,0,0,0,0,0,0,0,0,0,0
489113,334,116705,15256,1167,1,0,15759,684,431,2875,15256,536,20,572,2467,514,908,252,444,2948,259,455,764,429,2779,224,985,730,435,2801,253,420,706,395,2727,235,432,639,436,2793,252,405,689,391,2773,233,6128,807,424,917,243,413,664,412,2732,239,435,697,430,2800,252,405,696,396,2753,234,838,684,424,2780,256,414,697,396,2721,232,610,650,428,2782,254,404,688,417,2744,236,403,630,421,2796,253,405,684,393,2734,238,6134,804,426,2787,253,421,709,395,2728,239,573,0,0,0,0,0,0,0,0,0,0,0,0,0,0,0,0,0,0,0,0,0,0,0,0,0,0,0,0,0,0,0,0,0,0,0,0,0,0,0,0,0,0,0,0,0,0,0,0,0,0,0,0,0,0,0,0,0,0,0,0,0,0,0,0,0,0,0,0,0,0,0,0,0,0,0,0,0,0,0,0,0,0,0,0,0,0,0,0,0,0,0,0,0,0,0,0,0,0,0,0,0,0,0,0,0,0,0,0,0,0,0,0,0,0,0,0,0,0,0,0,0,0,0,0,0,0,0,0,0,0,0,0,0,0,0,0,0,0,0,0,0,0,0,0,0,0,0,0,0,0,0,0,0,0,0,0,0,0,0,0,0,0,0,0,0,0,0,0,0,0,0,0,0,0,0,0,0,0,0,0,0,0,0,0,0,0,0,0,0,0,0,0,0,0,0,0,0,0,0,0
490113,335,118546,16930,1185,1,0,14055,695,453,2884,16930,536,17,561,2474,520,904,252,432,2943,264,471,770,433,2750,224,981,745,438,2795,253,408,690,416,871,155,421,630,405,2787,257,414,694,393,2727,232,6150,806,424,2793,254,406,694,416,2738,237,804,695,427,2806,255,412,701,397,2725,235,833,683,424,2788,253,406,701,413,2734,233,603,651,423,2787,252,404,691,394,2733,240,412,654,412,2782,254,405,695,404,2735,232,6131,802,424,2805,253,405,692,396,2734,239,434,0,0,0,0,0,0,0,0,0,0,0,0,0,0,0,0,0,0,0,0,0,0,0,0,0,0,0,0,0,0,0,0,0,0,0,0,0,0,0,0,0,0,0,0,0,0,0,0,0,0,0,0,0,0,0,0,0,0,0,0,0,0,0,0,0,0,0,0,0,0,0,0,0,0,0,0,0,0,0,0,0,0,0,0,0,0,0,0,0,0,0,0,0,0,0,0,0,0,0,0,0,0,0,0,0,0,0,0,0,0,0,0,0,0,0,0,0,0,0,0,0,0,0,0,0,0,0,0,0,0,0,0,0,0,0,0,0,0,0,0,0,0,0,0,0,0,0,0,0,0,0,0,0,0,0,0,0,0,0,0,0,0,0,0,0,0,0,0,0,0,0,0,0,0,0,0,0,0,0,0,0,0,0,0,0,0,0,0,0,0,0,0,0,0,0,0,0,0,0,0
491112,336,117791,16969,1177,1,0,15736,695,435,2873,16969,530,21,575,2473,511,909,280,458,2942,282,40,488,532,587,417,1126,183,384,2839,253,421,707,391,2725,235,433,636,436,2788,254,405,690,393,2756,233,6133,803,424,2790,254,419,706,395,2724,239,571,690,440,2808,252,405,697,396,2746,241,836,683,422,2794,252,419,706,395,2730,232,603,646,438,2786,254,404,688,394,2760,235,404,633,421,2786,257,414,692,392,2725,233,6146,804,425,2793,254,407,694,417,2740,239,800,0,0,0,0,0,0,0,0,0,0,0,0,0,0,0,0,0,0,0,0,0,0,0,0,0,0,0,0,0,0,0,0,0,0,0,0,0,0,0,0,0,0,0,0,0,0,0,0,0,0,0,0,0,0,0,0,0,0,0,0,0,0,0,0,0,0,0,0,0,0,0,0,0,0,0,0,0,0,0,0,0,0,0,0,0,0,0,0,0,0,0,0,0,0,0,0,0,0,0,0,0,0,0,0,0,0,0,0,0,0,0,0,0,0,0,0,0,0,0,0,0,0,0,0,0,0,0,0,0,0,0,0,0,0,0,0,0,0,0,0,0,0,0,0,0,0,0,0,0,0,0,0,0,0,0,0,0,0,0,0,0,0,0,0,0,0,0,0,0,0,0,0,0,0,0,0,0,0,0,0,0,0,0,0,0,0,0,0,0,0,0,0,0,0,0,0,0,0,0,0
492113,337,114067,15236,1140,1,0,15773,690,434,1016,15236,543,17,562,2463,520,901,335,34,2815,771,225,512,541,2490,511,1148,182,385,2859,253,406,689,390,2756,233,433,645,417,2791,257,412,698,394,2725,235,6131,804,425,2791,253,406,691,417,2736,238,436,692,425,2814,252,404,693,398,2723,233,835,691,422,2792,251,406,695,416,2737,233,603,642,421,2801,249,399,686,394,2734,235,404,651,429,2783,254,405,689,415,2739,232,6124,800,425,931,245,404,648,411,2729,241,580,0,0,0,0,0,0,0,0,0,0,0,0,0,0,0,0,0,0,0,0,0,0,0,0,0,0,0,0,0,0,0,0,0,0,0,0,0,0,0,0,0,0,0,0,0,0,0,0,0,0,0,0,0,0,0,0,0,0,0,0,0,0,0,0,0,0,0,0,0,0,0,0,0,0,0,0,0,0,0,0,0,0,0,0,0,0,0,0,0,0,0,0,0,0,0,0,0,0,0,0,0,0,0,0,0,0,0,0,0,0,0,0,0,0,0,0,0,0,0,0,0,0,0,0,0,0,0,0,0,0,0,0,0,0,0,0,0,0,0,0,0,0,0,0,0,0,0,0,0,0,0,0,0,0,0,0,0,0,0,0,0,0,0,0,0,0,0,0,0,0,0,0,0,0,0,0,0,0,0,0,0,0,0,0,0,0,0,0,0,0,0,0,0,0,0,0,0,0,0,0
493113,338,124675,21869,1246,1,0,14042,697,439,2959,21869,530,17,558,2459,512,1047,248,447,2984,245,472,679,456,2745,236,984,718,434,2975,232,408,640,412,2723,232,456,658,428,2974,233,401,635,429,2725,234,6217,796,420,2960,235,400,634,420,2703,239,795,670,427,2975,229,400,635,430,2716,229,839,674,417,2967,230,400,632,420,2717,239,615,659,424,2963,230,399,637,429,2720,233,409,630,418,2960,234,400,631,420,2718,231,6229,796,425,1121,181,384,621,431,2729,235,568,0,0,0,0,0,0,0,0,0,0,0,0,0,0,0,0,0,0,0,0,0,0,0,0,0,0,0,0,0,0,0,0,0,0,0,0,0,0,0,0,0,0,0,0,0,0,0,0,0,0,0,0,0,0,0,0,0,0,0,0,0,0,0,0,0,0,0,0,0,0,0,0,0,0,0,0,0,0,0,0,0,0,0,0,0,0,0,0,0,0,0,0,0,0,0,0,0,0,0,0,0,0,0,0,0,0,0,0,0,0,0,0,0,0,0,0,0,0,0,0,0,0,0,0,0,0,0,0,0,0,0,0,0,0,0,0,0,0,0,0,0,0,0,0,0,0,0,0,0,0,0,0,0,0,0,0,0,0,0,0,0,0,0,0,0,0,0,0,0,0,0,0,0,0,0,0,0,0,0,0,0,0,0,0,0,0,0,0,0,0,0,0,0,0,0,0,0,0,0,0
494123,339,119446,16828,1194,1,0,20668,683,449,2983,16828,529,17,562,2465,512,1053,248,446,2978,245,471,706,432,2733,235,984,716,444,2977,228,399,634,420,2711,233,445,657,407,2964,230,421,644,425,2706,231,6213,797,431,2962,234,401,635,420,2729,239,789,662,429,2977,227,401,637,423,2702,233,839,676,429,2968,229,399,630,420,2714,237,610,653,416,2963,231,401,636,423,2708,234,405,628,436,1106,193,384,626,419,2744,231,6212,796,423,2968,231,401,639,423,2710,236,427,0,0,0,0,0,0,0,0,0,0,0,0,0,0,0,0,0,0,0,0,0,0,0,0,0,0,0,0,0,0,0,0,0,0,0,0,0,0,0,0,0,0,0,0,0,0,0,0,0,0,0,0,0,0,0,0,0,0,0,0,0,0,0,0,0,0,0,0,0,0,0,0,0,0,0,0,0,0,0,0,0,0,0,0,0,0,0,0,0,0,0,0,0,0,0,0,0,0,0,0,0,0,0,0,0,0,0,0,0,0,0,0,0,0,0,0,0,0,0,0,0,0,0,0,0,0,0,0,0,0,0,0,0,0,0,0,0,0,0,0,0,0,0,0,0,0,0,0,0,0,0,0,0,0,0,0,0,0,0,0,0,0,0,0,0,0,0,0,0,0,0,0,0,0,0,0,0,0,0,0,0,0,0,0,0,0,0,0,0,0,0,0,0,0,0,0,0,0,0,0
495122,340,118034,15231,1180,1,0,15646,681,462,2990,15231,537,17,560,2476,511,1047,251,445,2979,251,478,686,429,2724,236,986,724,438,2974,228,399,633,429,2728,230,432,646,414,2965,236,408,641,413,2711,232,6232,794,422,2961,234,400,636,420,2721,240,561,659,424,2982,232,408,638,412,2710,234,837,682,417,2972,229,399,630,429,865,164,594,601,427,2986,232,399,630,420,2710,239,419,647,426,2965,234,424,639,424,2712,233,6226,797,434,2968,232,401,635,420,2726,241,791,0,0,0,0,0,0,0,0,0,0,0,0,0,0,0,0,0,0,0,0,0,0,0,0,0,0,0,0,0,0,0,0,0,0,0,0,0,0,0,0,0,0,0,0,0,0,0,0,0,0,0,0,0,0,0,0,0,0,0,0,0,0,0,0,0,0,0,0,0,0,0,0,0,0,0,0,0,0,0,0,0,0,0,0,0,0,0,0,0,0,0,0,0,0,0,0,0,0,0,0,0,0,0,0,0,0,0,0,0,0,0,0,0,0,0,0,0,0,0,0,0,0,0,0,0,0,0,0,0,0,0,0,0,0,0,0,0,0,0,0,0,0,0,0,0,0,0,0,0,0,0,0,0,0,0,0,0,0,0,0,0,0,0,0,0,0,0,0,0,0,0,0,0,0,0,0,0,0,0,0,0,0,0,0,0,0,0,0,0,0,0,0,0,0,0,0,0,0,0,0
496123,341,119349,16928,1193,1,0,14048,661,452,2984,16928,529,17,561,2468,513,1050,249,452,3004,250,468,683,428,2763,236,988,724,432,2973,236,408,635,423,2711,228,432,650,428,2982,230,401,635,420,2712,231,6213,795,421,2956,234,401,639,423,2708,240,422,669,439,2978,230,399,635,421,861,166,831,666,409,3003,236,409,638,414,2714,230,613,657,425,2961,232,400,643,421,2717,232,405,633,437,2961,233,401,630,420,2718,232,6213,798,422,2965,231,401,641,423,2708,236,565,0,0,0,0,0,0,0,0,0,0,0,0,0,0,0,0,0,0,0,0,0,0,0,0,0,0,0,0,0,0,0,0,0,0,0,0,0,0,0,0,0,0,0,0,0,0,0,0,0,0,0,0,0,0,0,0,0,0,0,0,0,0,0,0,0,0,0,0,0,0,0,0,0,0,0,0,0,0,0,0,0,0,0,0,0,0,0,0,0,0,0,0,0,0,0,0,0,0,0,0,0,0,0,0,0,0,0,0,0,0,0,0,0,0,0,0,0,0,0,0,0,0,0,0,0,0,0,0,0,0,0,0,0,0,0,0,0,0,0,0,0,0,0,0,0,0,0,0,0,0,0,0,0,0,0,0,0,0,0,0,0,0,0,0,0,0,0,0,0,0,0,0,0,0,0,0,0,0,0,0,0,0,0,0,0,0,0,0,0,0,0,0,0,0,0,0,0,0,0,0
497123,342,118608,16966,1186,1,0,15744,674,463,2986,16966,528,17,560,2477,511,1047,251,452,3022,260,47,447,530,2489,511,1147,179,386,2983,226,400,631,420,2722,230,437,648,414,2969,232,400,637,424,2706,231,6209,798,435,1117,182,384,615,413,2736,239,789,658,428,2963,227,401,640,423,2697,231,838,689,421,2964,229,399,629,420,2717,231,602,643,422,2968,235,408,638,412,2704,233,409,645,428,2960,234,402,631,429,2714,230,6205,797,422,2976,237,408,644,412,2713,238,427,0,0,0,0,0,0,0,0,0,0,0,0,0,0,0,0,0,0,0,0,0,0,0,0,0,0,0,0,0,0,0,0,0,0,0,0,0,0,0,0,0,0,0,0,0,0,0,0,0,0,0,0,0,0,0,0,0,0,0,0,0,0,0,0,0,0,0,0,0,0,0,0,0,0,0,0,0,0,0,0,0,0,0,0,0,0,0,0,0,0,0,0,0,0,0,0,0,0,0,0,0,0,0,0,0,0,0,0,0,0,0,0,0,0,0,0,0,0,0,0,0,0,0,0,0,0,0,0,0,0,0,0,0,0,0,0,0,0,0,0,0,0,0,0,0,0,0,0,0,0,0,0,0,0,0,0,0,0,0,0,0,0,0,0,0,0,0,0,0,0,0,0,0,0,0,0,0,0,0,0,0,0,0,0,0,0,0,0,0,0,0,0,0,0,0,0,0,0,0,0
498122,343,119764,16930,1197,1,0,15782,677,458,2986,16930,534,18,569,2478,510,1048,249,445,2979,245,464,685,428,2726,234,1003,722,438,2973,229,400,634,443,2727,229,432,647,414,1117,199,398,633,417,2735,231,6223,794,420,2956,233,400,634,430,2721,239,560,658,423,2995,231,409,639,412,2708,231,844,674,421,2965,229,399,631,429,2721,230,602,643,422,3004,231,400,627,423,2716,234,410,641,427,2960,234,401,628,430,2717,230,6215,797,422,2984,233,400,635,420,2702,240,793,0,0,0,0,0,0,0,0,0,0,0,0,0,0,0,0,0,0,0,0,0,0,0,0,0,0,0,0,0,0,0,0,0,0,0,0,0,0,0,0,0,0,0,0,0,0,0,0,0,0,0,0,0,0,0,0,0,0,0,0,0,0,0,0,0,0,0,0,0,0,0,0,0,0,0,0,0,0,0,0,0,0,0,0,0,0,0,0,0,0,0,0,0,0,0,0,0,0,0,0,0,0,0,0,0,0,0,0,0,0,0,0,0,0,0,0,0,0,0,0,0,0,0,0,0,0,0,0,0,0,0,0,0,0,0,0,0,0,0,0,0,0,0,0,0,0,0,0,0,0,0,0,0,0,0,0,0,0,0,0,0,0,0,0,0,0,0,0,0,0,0,0,0,0,0,0,0,0,0,0,0,0,0,0,0,0,0,0,0,0,0,0,0,0,0,0,0,0,0,0
499123,344,117552,15249,1175,1,0,15747,666,453,2981,15249,535,17,557,2462,512,1050,249,452,2979,246,467,679,430,887,160,971,715,426,2980,235,402,633,423,2706,230,437,651,422,2972,230,398,634,430,2718,230,6212,798,420,2965,240,408,640,413,2710,241,430,665,430,2967,230,399,641,421,2711,232,838,674,430,2968,231,401,632,420,2725,232,602,643,422,2965,230,401,635,423,2707,234,409,630,436,2957,234,401,630,420,2716,238,6216,797,425,2968,232,401,642,424,2714,237,565,0,0,0,0,0,0,0,0,0,0,0,0,0,0,0,0,0,0,0,0,0,0,0,0,0,0,0,0,0,0,0,0,0,0,0,0,0,0,0,0,0,0,0,0,0,0,0,0,0,0,0,0,0,0,0,0,0,0,0,0,0,0,0,0,0,0,0,0,0,0,0,0,0,0,0,0,0,0,0,0,0,0,0,0,0,0,0,0,0,0,0,0,0,0,0,0,0,0,0,0,0,0,0,0,0,0,0,0,0,0,0,0,0,0,0,0,0,0,0,0,0,0,0,0,0,0,0,0,0,0,0,0,0,0,0,0,0,0,0,0,0,0,0,0,0,0,0,0,0,0,0,0,0,0,0,0,0,0,0,0,0,0,0,0,0,0,0,0,0,0,0,0,0,0,0,0,0,0,0,0,0,0,0,0,0,0,0,0,0,0,0,0,0,0,0,0,0,0,0,0
500123,345,117534,16872,1175,1,0,14065,681,459,2989,16872,529,17,558,579,403,866,258,439,3012,264,459,770,436,2740,229,990,727,435,2975,226,399,633,430,2728,231,437,641,414,2971,236,407,640,413,2712,234,6305,798,422,2958,234,400,635,429,2719,239,789,660,424,2983,227,400,634,420,2699,231,846,682,419,2962,228,399,636,421,2718,231,602,644,422,2964,232,399,632,420,2710,234,411,644,426,2961,234,402,637,421,2713,233,6288,798,422,1123,180,383,619,413,2713,239,428,0,0,0,0,0,0,0,0,0,0,0,0,0,0,0,0,0,0,0,0,0,0,0,0,0,0,0,0,0,0,0,0,0,0,0,0,0,0,0,0,0,0,0,0,0,0,0,0,0,0,0,0,0,0,0,0,0,0,0,0,0,0,0,0,0,0,0,0,0,0,0,0,0,0,0,0,0,0,0,0,0,0,0,0,0,0,0,0,0,0,0,0,0,0,0,0,0,0,0,0,0,0,0,0,0,0,0,0,0,0,0,0,0,0,0,0,0,0,0,0,0,0,0,0,0,0,0,0,0,0,0,0,0,0,0,0,0,0,0,0,0,0,0,0,0,0,0,0,0,0,0,0,0,0,0,0,0,0,0,0,0,0,0,0,0,0,0,0,0,0,0,0,0,0,0,0,0,0,0,0,0,0,0,0,0,0,0,0,0,0,0,0,0,0,0,0,0,0,0,0
501122,346,119981,16999,1199,1,0,15685,684,452,2983,16999,534,17,571,2472,512,1042,264,450,2995,301,482,687,435,2734,242,994,718,435,2960,231,399,640,420,2720,227,431,644,432,2984,231,399,636,420,2717,232,6298,795,421,2955,239,408,641,413,2711,240,560,669,439,2983,228,400,635,430,2722,232,848,676,417,2961,233,408,636,412,2718,233,602,660,424,2965,231,400,631,420,861,167,389,597,414,2965,231,403,633,423,2710,232,6287,799,433,2963,231,401,638,420,2736,235,793,0,0,0,0,0,0,0,0,0,0,0,0,0,0,0,0,0,0,0,0,0,0,0,0,0,0,0,0,0,0,0,0,0,0,0,0,0,0,0,0,0,0,0,0,0,0,0,0,0,0,0,0,0,0,0,0,0,0,0,0,0,0,0,0,0,0,0,0,0,0,0,0,0,0,0,0,0,0,0,0,0,0,0,0,0,0,0,0,0,0,0,0,0,0,0,0,0,0,0,0,0,0,0,0,0,0,0,0,0,0,0,0,0,0,0,0,0,0,0,0,0,0,0,0,0,0,0,0,0,0,0,0,0,0,0,0,0,0,0,0,0,0,0,0,0,0,0,0,0,0,0,0,0,0,0,0,0,0,0,0,0,0,0,0,0,0,0,0,0,0,0,0,0,0,0,0,0,0,0,0,0,0,0,0,0,0,0,0,0,0,0,0,0,0,0,0,0,0,0,0
502123,347,117680,15230,1176,1,0,15818,666,454,2984,15230,533,17,559,2463,512,1056,268,453,3001,293,488,682,441,2742,235,987,724,434,2970,235,400,640,412,2718,229,437,652,424,2978,230,400,644,421,2707,231,6212,797,431,2963,234,401,635,420,2720,241,425,664,424,2973,228,401,638,424,2708,234,838,690,429,2963,229,399,631,420,864,167,598,602,426,2976,236,408,634,412,2711,234,404,643,428,2961,234,400,633,431,2719,232,6202,796,422,2966,238,408,641,413,2712,238,569,0,0,0,0,0,0,0,0,0,0,0,0,0,0,0,0,0,0,0,0,0,0,0,0,0,0,0,0,0,0,0,0,0,0,0,0,0,0,0,0,0,0,0,0,0,0,0,0,0,0,0,0,0,0,0,0,0,0,0,0,0,0,0,0,0,0,0,0,0,0,0,0,0,0,0,0,0,0,0,0,0,0,0,0,0,0,0,0,0,0,0,0,0,0,0,0,0,0,0,0,0,0,0,0,0,0,0,0,0,0,0,0,0,0,0,0,0,0,0,0,0,0,0,0,0,0,0,0,0,0,0,0,0,0,0,0,0,0,0,0,0,0,0,0,0,0,0,0,0,0,0,0,0,0,0,0,0,0,0,0,0,0,0,0,0,0,0,0,0,0,0,0,0,0,0,0,0,0,0,0,0,0,0,0,0,0,0,0,0,0,0,0,0,0,0,0,0,0,0,0
503123,348,119467,16961,1194,1,0,14046,672,455,2981,16961,527,17,566,2477,510,910,251,431,2997,245,469,749,435,2739,230,992,718,434,2974,226,399,633,420,2726,231,437,642,414,2969,237,408,641,413,2708,234,6212,796,420,2956,234,400,643,429,2711,239,789,660,424,1130,183,379,619,421,2718,234,849,686,416,2963,230,399,638,421,2719,229,602,644,423,2966,231,399,633,420,2710,232,411,644,426,2962,234,402,639,420,2712,231,6213,799,448,2971,232,401,635,420,2714,240,428,0,0,0,0,0,0,0,0,0,0,0,0,0,0,0,0,0,0,0,0,0,0,0,0,0,0,0,0,0,0,0,0,0,0,0,0,0,0,0,0,0,0,0,0,0,0,0,0,0,0,0,0,0,0,0,0,0,0,0,0,0,0,0,0,0,0,0,0,0,0,0,0,0,0,0,0,0,0,0,0,0,0,0,0,0,0,0,0,0,0,0,0,0,0,0,0,0,0,0,0,0,0,0,0,0,0,0,0,0,0,0,0,0,0,0,0,0,0,0,0,0,0,0,0,0,0,0,0,0,0,0,0,0,0,0,0,0,0,0,0,0,0,0,0,0,0,0,0,0,0,0,0,0,0,0,0,0,0,0,0,0,0,0,0,0,0,0,0,0,0,0,0,0,0,0,0,0,0,0,0,0,0,0,0,0,0,0,0,0,0,0,0,0,0,0,0,0,0,0,0
504122,349,119692,16987,1196,1,0,15781,673,454,2988,16987,528,17,561,2468,513,909,252,451,2998,249,445,759,431,2754,234,1001,721,434,2973,227,401,636,423,2709,231,437,640,431,2967,233,399,636,421,2714,235,6212,797,420,1108,199,399,627,414,2725,241,562,674,440,2974,226,400,639,420,2718,232,839,672,417,2964,234,408,636,414,2714,230,602,663,423,2964,231,400,632,431,2714,231,405,629,418,2960,239,410,637,412,2711,233,6215,799,424,2970,232,400,636,429,2718,236,793,0,0,0,0,0,0,0,0,0,0,0,0,0,0,0,0,0,0,0,0,0,0,0,0,0,0,0,0,0,0,0,0,0,0,0,0,0,0,0,0,0,0,0,0,0,0,0,0,0,0,0,0,0,0,0,0,0,0,0,0,0,0,0,0,0,0,0,0,0,0,0,0,0,0,0,0,0,0,0,0,0,0,0,0,0,0,0,0,0,0,0,0,0,0,0,0,0,0,0,0,0,0,0,0,0,0,0,0,0,0,0,0,0,0,0,0,0,0,0,0,0,0,0,0,0,0,0,0,0,0,0,0,0,0,0,0,0,0,0,0,0,0,0,0,0,0,0,0,0,0,0,0,0,0,0,0,0,0,0,0,0,0,0,0,0,0,0,0,0,0,0,0,0,0,0,0,0,0,0,0,0,0,0,0,0,0,0,0,0,0,0,0,0,0,0,0,0,0,0,0
505123,350,117665,15282,1176,1,0,15804,657,455,2985,15282,533,20,566,2463,517,961,248,433,3054,250,520,686,431,2737,231,996,724,446,2965,227,399,632,420,864,166,415,607,417,3003,235,408,632,412,2711,232,6215,797,422,2957,232,400,637,430,2727,238,423,662,422,3011,228,399,629,424,2717,231,841,685,418,2961,228,399,633,430,2731,232,602,641,422,2966,236,408,642,413,2713,232,405,646,429,2958,233,400,630,429,2715,229,6203,799,423,2980,239,408,643,412,2715,233,562,0,0,0,0,0,0,0,0,0,0,0,0,0,0,0,0,0,0,0,0,0,0,0,0,0,0,0,0,0,0,0,0,0,0,0,0,0,0,0,0,0,0,0,0,0,0,0,0,0,0,0,0,0,0,0,0,0,0,0,0,0,0,0,0,0,0,0,0,0,0,0,0,0,0,0,0,0,0,0,0,0,0,0,0,0,0,0,0,0,0,0,0,0,0,0,0,0,0,0,0,0,0,0,0,0,0,0,0,0,0,0,0,0,0,0,0,0,0,0,0,0,0,0,0,0,0,0,0,0,0,0,0,0,0,0,0,0,0,0,0,0,0,0,0,0,0,0,0,0,0,0,0,0,0,0,0,0,0,0,0,0,0,0,0,0,0,0,0,0,0,0,0,0,0,0,0,0,0,0,0,0,0,0,0,0,0,0,0,0,0,0,0,0,0,0,0,0,0,0,0
506123,351,119644,16982,1196,1,0,14098,675,455,2987,16982,527,17,561,2465,512,1046,266,460,2998,249,471,679,438,888,163,976,703,431,2971,235,402,635,423,2708,232,437,653,433,2973,230,399,636,421,2713,231,6213,799,420,2957,234,401,639,423,2707,240,787,671,441,2978,228,399,634,420,2716,232,848,676,417,2963,240,408,633,423,2716,233,606,659,425,2965,231,400,630,430,2728,234,409,630,420,2964,239,409,635,412,2714,234,6221,797,424,2968,233,400,636,429,2721,236,428,0,0,0,0,0,0,0,0,0,0,0,0,0,0,0,0,0,0,0,0,0,0,0,0,0,0,0,0,0,0,0,0,0,0,0,0,0,0,0,0,0,0,0,0,0,0,0,0,0,0,0,0,0,0,0,0,0,0,0,0,0,0,0,0,0,0,0,0,0,0,0,0,0,0,0,0,0,0,0,0,0,0,0,0,0,0,0,0,0,0,0,0,0,0,0,0,0,0,0,0,0,0,0,0,0,0,0,0,0,0,0,0,0,0,0,0,0,0,0,0,0,0,0,0,0,0,0,0,0,0,0,0,0,0,0,0,0,0,0,0,0,0,0,0,0,0,0,0,0,0,0,0,0,0,0,0,0,0,0,0,0,0,0,0,0,0,0,0,0,0,0,0,0,0,0,0,0,0,0,0,0,0,0,0,0,0,0,0,0,0,0,0,0,0,0,0,0,0,0,0
507122,352,118163,16955,1181,1,0,15798,671,451,1145,16955,527,17,562,2463,512,1076,257,445,3039,244,507,715,437,2744,230,990,725,446,2976,228,400,631,420,2728,229,432,645,415,2971,236,408,640,413,2709,232,6296,795,422,2962,234,400,635,429,2717,239,561,660,423,2989,234,408,639,414,2717,233,838,683,418,2975,229,399,631,430,2722,231,602,643,422,2967,236,400,639,414,2719,233,411,643,427,2961,234,402,638,429,859,162,6255,800,421,2983,231,399,636,420,2713,235,795,0,0,0,0,0,0,0,0,0,0,0,0,0,0,0,0,0,0,0,0,0,0,0,0,0,0,0,0,0,0,0,0,0,0,0,0,0,0,0,0,0,0,0,0,0,0,0,0,0,0,0,0,0,0,0,0,0,0,0,0,0,0,0,0,0,0,0,0,0,0,0,0,0,0,0,0,0,0,0,0,0,0,0,0,0,0,0,0,0,0,0,0,0,0,0,0,0,0,0,0,0,0,0,0,0,0,0,0,0,0,0,0,0,0,0,0,0,0,0,0,0,0,0,0,0,0,0,0,0,0,0,0,0,0,0,0,0,0,0,0,0,0,0,0,0,0,0,0,0,0,0,0,0,0,0,0,0,0,0,0,0,0,0,0,0,0,0,0,0,0,0,0,0,0,0,0,0,0,0,0,0,0,0,0,0,0,0,0,0,0,0,0,0,0,0,0,0,0,0,0
508123,353,117948,15229,1179,1,0,15800,670,456,2986,15229,534,17,568,2476,510,1043,263,450,2999,299,447,767,433,2733,238,997,718,438,2964,229,398,636,429,2726,227,436,646,415,2985,229,398,632,421,2704,232,6368,796,421,2958,234,399,636,430,2724,239,423,661,423,2977,228,399,634,421,2702,232,840,678,418,2971,229,399,638,420,2719,231,602,644,434,2961,231,399,632,420,853,181,405,598,419,2968,231,401,635,421,2714,231,6357,797,422,2970,231,400,637,420,2703,239,566,0,0,0,0,0,0,0,0,0,0,0,0,0,0,0,0,0,0,0,0,0,0,0,0,0,0,0,0,0,0,0,0,0,0,0,0,0,0,0,0,0,0,0,0,0,0,0,0,0,0,0,0,0,0,0,0,0,0,0,0,0,0,0,0,0,0,0,0,0,0,0,0,0,0,0,0,0,0,0,0,0,0,0,0,0,0,0,0,0,0,0,0,0,0,0,0,0,0,0,0,0,0,0,0,0,0,0,0,0,0,0,0,0,0,0,0,0,0,0,0,0,0,0,0,0,0,0,0,0,0,0,0,0,0,0,0,0,0,0,0,0,0,0,0,0,0,0,0,0,0,0,0,0,0,0,0,0,0,0,0,0,0,0,0,0,0,0,0,0,0,0,0,0,0,0,0,0,0,0,0,0,0,0,0,0,0,0,0,0,0,0,0,0,0,0,0,0,0,0,0
509123,354,119031,17023,1190,1,0,14045,676,451,2987,17023,528,17,561,2465,512,1057,262,63,2754,683,277,438,509,2482,516,1157,180,383,2984,227,400,636,423,2708,229,437,647,431,2966,230,399,636,421,2719,233,6359,795,421,2957,234,401,639,423,2708,240,787,669,441,2977,228,399,635,420,2716,232,842,677,417,1117,194,399,624,431,2719,230,602,666,424,2971,231,400,636,430,2709,232,405,633,420,2965,234,400,631,420,2717,231,6362,797,425,2967,232,399,639,428,2724,236,427,0,0,0,0,0,0,0,0,0,0,0,0,0,0,0,0,0,0,0,0,0,0,0,0,0,0,0,0,0,0,0,0,0,0,0,0,0,0,0,0,0,0,0,0,0,0,0,0,0,0,0,0,0,0,0,0,0,0,0,0,0,0,0,0,0,0,0,0,0,0,0,0,0,0,0,0,0,0,0,0,0,0,0,0,0,0,0,0,0,0,0,0,0,0,0,0,0,0,0,0,0,0,0,0,0,0,0,0,0,0,0,0,0,0,0,0,0,0,0,0,0,0,0,0,0,0,0,0,0,0,0,0,0,0,0,0,0,0,0,0,0,0,0,0,0,0,0,0,0,0,0,0,0,0,0,0,0,0,0,0,0,0,0,0,0,0,0,0,0,0,0,0,0,0,0,0,0,0,0,0,0,0,0,0,0,0,0,0,0,0,0,0,0,0,0,0,0,0,0,0
510122,355,120517,17036,1205,1,0,15840,673,451,2989,17036,529,17,561,2467,513,1076,257,441,3041,244,439,779,446,2737,233,991,722,431,2969,228,398,632,420,2714,236,441,658,408,2967,231,400,643,421,2714,232,6513,799,421,2961,234,400,636,420,2703,239,564,661,425,1127,184,383,635,428,2724,225,847,687,428,2958,231,399,633,420,2738,232,606,644,425,2965,230,401,636,423,2711,234,409,630,435,2957,234,402,631,420,2719,232,6507,797,422,2967,238,408,641,413,2712,237,791,0,0,0,0,0,0,0,0,0,0,0,0,0,0,0,0,0,0,0,0,0,0,0,0,0,0,0,0,0,0,0,0,0,0,0,0,0,0,0,0,0,0,0,0,0,0,0,0,0,0,0,0,0,0,0,0,0,0,0,0,0,0,0,0,0,0,0,0,0,0,0,0,0,0,0,0,0,0,0,0,0,0,0,0,0,0,0,0,0,0,0,0,0,0,0,0,0,0,0,0,0,0,0,0,0,0,0,0,0,0,0,0,0,0,0,0,0,0,0,0,0,0,0,0,0,0,0,0,0,0,0,0,0,0,0,0,0,0,0,0,0,0,0,0,0,0,0,0,0,0,0,0,0,0,0,0,0,0,0,0,0,0,0,0,0,0,0,0,0,0,0,0,0,0,0,0,0,0,0,0,0,0,0,0,0,0,0,0,0,0,0,0,0,0,0,0,0,0,0,0
511123,356,118401,15311,1184,1,0,15853,672,462,2986,15311,533,17,557,2474,512,1049,264,450,3010,256,474,764,437,2735,236,997,718,438,2958,230,399,643,430,2722,226,436,644,415,2975,230,399,636,420,851,161,6487,800,420,2974,235,400,641,429,2721,240,423,660,422,2980,228,399,634,421,2703,238,853,685,414,2970,229,420,638,424,2715,233,602,644,436,2962,230,399,631,420,2709,238,415,643,411,2958,234,403,634,423,2709,233,6495,798,434,2964,232,401,635,420,2719,240,566,0,0,0,0,0,0,0,0,0,0,0,0,0,0,0,0,0,0,0,0,0,0,0,0,0,0,0,0,0,0,0,0,0,0,0,0,0,0,0,0,0,0,0,0,0,0,0,0,0,0,0,0,0,0,0,0,0,0,0,0,0,0,0,0,0,0,0,0,0,0,0,0,0,0,0,0,0,0,0,0,0,0,0,0,0,0,0,0,0,0,0,0,0,0,0,0,0,0,0,0,0,0,0,0,0,0,0,0,0,0,0,0,0,0,0,0,0,0,0,0,0,0,0,0,0,0,0,0,0,0,0,0,0,0,0,0,0,0,0,0,0,0,0,0,0,0,0,0,0,0,0,0,0,0,0,0,0,0,0,0,0,0,0,0,0,0,0,0,0,0,0,0,0,0,0,0,0,0,0,0,0,0,0,0,0,0,0,0,0,0,0,0,0,0,0,0,0,0,0,0
512123,357,119148,16887,1191,1,0,14126,675,452,2982,16887,527,17,561,2470,512,1049,263,469,2992,245,505,39,586,2499,519,1161,184,386,2984,226,401,636,423,858,163,410,612,435,2995,229,400,627,420,2717,238,6447,796,422,2962,232,401,641,423,2709,239,787,664,445,2977,228,399,637,420,2714,232,847,676,417,2973,234,409,640,412,2717,232,602,661,424,2964,231,400,630,429,2718,232,409,633,420,2959,234,401,631,420,2714,239,6447,797,424,2969,232,399,642,421,2717,236,427,0,0,0,0,0,0,0,0,0,0,0,0,0,0,0,0,0,0,0,0,0,0,0,0,0,0,0,0,0,0,0,0,0,0,0,0,0,0,0,0,0,0,0,0,0,0,0,0,0,0,0,0,0,0,0,0,0,0,0,0,0,0,0,0,0,0,0,0,0,0,0,0,0,0,0,0,0,0,0,0,0,0,0,0,0,0,0,0,0,0,0,0,0,0,0,0,0,0,0,0,0,0,0,0,0,0,0,0,0,0,0,0,0,0,0,0,0,0,0,0,0,0,0,0,0,0,0,0,0,0,0,0,0,0,0,0,0,0,0,0,0,0,0,0,0,0,0,0,0,0,0,0,0,0,0,0,0,0,0,0,0,0,0,0,0,0,0,0,0,0,0,0,0,0,0,0,0,0,0,0,0,0,0,0,0,0,0,0,0,0,0,0,0,0,0,0,0,0,0,0
513122,358,120258,16831,1202,1,0,15704,669,465,2987,16831,533,17,560,2477,517,1066,258,447,1190,221,442,783,429,2738,229,989,717,437,2965,231,399,636,429,2724,229,432,640,414,2975,236,408,641,412,2712,234,6459,796,420,2957,234,400,635,430,2720,239,561,660,423,2978,232,408,639,412,2709,234,845,684,417,2974,230,399,632,429,2719,231,602,644,422,2965,231,399,632,420,2709,241,419,643,411,2955,235,401,639,420,2712,233,6451,797,434,2971,232,401,635,420,2727,241,791,0,0,0,0,0,0,0,0,0,0,0,0,0,0,0,0,0,0,0,0,0,0,0,0,0,0,0,0,0,0,0,0,0,0,0,0,0,0,0,0,0,0,0,0,0,0,0,0,0,0,0,0,0,0,0,0,0,0,0,0,0,0,0,0,0,0,0,0,0,0,0,0,0,0,0,0,0,0,0,0,0,0,0,0,0,0,0,0,0,0,0,0,0,0,0,0,0,0,0,0,0,0,0,0,0,0,0,0,0,0,0,0,0,0,0,0,0,0,0,0,0,0,0,0,0,0,0,0,0,0,0,0,0,0,0,0,0,0,0,0,0,0,0,0,0,0,0,0,0,0,0,0,0,0,0,0,0,0,0,0,0,0,0,0,0,0,0,0,0,0,0,0,0,0,0,0,0,0,0,0,0,0,0,0,0,0,0,0,0,0,0,0,0,0,0,0,0,0,0,0
514123,359,116186,15230,1161,1,0,15646,661,451,1129,15230,539,17,563,2463,513,1051,265,472,3041,244,438,768,450,2743,233,987,722,431,2975,228,398,631,420,2715,229,438,662,422,2973,230,400,640,425,2717,232,6357,795,421,2961,234,400,636,420,2715,241,426,664,424,2977,230,401,638,424,2707,234,839,678,429,2967,228,400,632,420,2721,233,606,644,422,2964,230,401,637,423,2704,234,409,631,435,2958,234,401,632,420,864,179,6345,801,423,2980,231,401,640,423,2714,236,566,0,0,0,0,0,0,0,0,0,0,0,0,0,0,0,0,0,0,0,0,0,0,0,0,0,0,0,0,0,0,0,0,0,0,0,0,0,0,0,0,0,0,0,0,0,0,0,0,0,0,0,0,0,0,0,0,0,0,0,0,0,0,0,0,0,0,0,0,0,0,0,0,0,0,0,0,0,0,0,0,0,0,0,0,0,0,0,0,0,0,0,0,0,0,0,0,0,0,0,0,0,0,0,0,0,0,0,0,0,0,0,0,0,0,0,0,0,0,0,0,0,0,0,0,0,0,0,0,0,0,0,0,0,0,0,0,0,0,0,0,0,0,0,0,0,0,0,0,0,0,0,0,0,0,0,0,0,0,0,0,0,0,0,0,0,0,0,0,0,0,0,0,0,0,0,0,0,0,0,0,0,0,0,0,0,0,0,0,0,0,0,0,0,0,0,0,0,0,0,0
515123,360,119932,16941,1199,1,0,14086,675,463,2989,16941,532,17,559,2479,511,1055,262,452,3005,294,445,770,438,2731,235,988,732,440,2963,229,398,636,420,2728,228,433,643,415,2977,237,408,641,412,2706,232,6375,794,422,2958,234,400,636,430,2728,239,789,658,424,2980,228,399,635,421,2703,231,845,682,419,2964,230,399,637,421,2719,231,602,642,422,2969,231,399,632,420,853,180,405,598,419,2970,231,401,634,421,2711,231,6345,797,433,2966,231,401,637,420,2715,238,428,0,0,0,0,0,0,0,0,0,0,0,0,0,0,0,0,0,0,0,0,0,0,0,0,0,0,0,0,0,0,0,0,0,0,0,0,0,0,0,0,0,0,0,0,0,0,0,0,0,0,0,0,0,0,0,0,0,0,0,0,0,0,0,0,0,0,0,0,0,0,0,0,0,0,0,0,0,0,0,0,0,0,0,0,0,0,0,0,0,0,0,0,0,0,0,0,0,0,0,0,0,0,0,0,0,0,0,0,0,0,0,0,0,0,0,0,0,0,0,0,0,0,0,0,0,0,0,0,0,0,0,0,0,0,0,0,0,0,0,0,0,0,0,0,0,0,0,0,0,0,0,0,0,0,0,0,0,0,0,0,0,0,0,0,0,0,0,0,0,0,0,0,0,0,0,0,0,0,0,0,0,0,0,0,0,0,0,0,0,0,0,0,0,0,0,0,0,0,0,0
516122,361,119949,16972,1199,1,0,15757,675,454,2985,16972,527,17,561,2466,513,1041,262,460,2988,249,478,681,438,2729,241,994,717,435,2962,230,399,640,420,2719,227,431,644,415,2978,230,399,637,420,2707,237,6310,800,422,2956,234,399,642,421,2719,239,561,661,443,2983,229,399,635,420,2719,234,847,675,417,1117,184,390,622,429,2719,231,602,666,424,2971,231,400,638,430,2725,232,405,631,420,2960,239,410,637,412,2713,233,6303,797,423,2964,233,400,635,429,2722,236,793,0,0,0,0,0,0,0,0,0,0,0,0,0,0,0,0,0,0,0,0,0,0,0,0,0,0,0,0,0,0,0,0,0,0,0,0,0,0,0,0,0,0,0,0,0,0,0,0,0,0,0,0,0,0,0,0,0,0,0,0,0,0,0,0,0,0,0,0,0,0,0,0,0,0,0,0,0,0,0,0,0,0,0,0,0,0,0,0,0,0,0,0,0,0,0,0,0,0,0,0,0,0,0,0,0,0,0,0,0,0,0,0,0,0,0,0,0,0,0,0,0,0,0,0,0,0,0,0,0,0,0,0,0,0,0,0,0,0,0,0,0,0,0,0,0,0,0,0,0,0,0,0,0,0,0,0,0,0,0,0,0,0,0,0,0,0,0,0,0,0,0,0,0,0,0,0,0,0,0,0,0,0,0,0,0,0,0,0,0,0,0,0,0,0,0,0,0,0,0,0
517123,362,119681,16982,1196,1,0,15794,657,454,2985,16982,527,17,560,2465,512,1052,248,448,3012,252,499,732,433,2732,234,985,719,444,2977,229,400,633,420,2718,228,431,647,414,2965,235,408,641,413,2705,232,6377,793,422,2958,234,400,635,429,868,194,417,638,432,2996,233,408,638,414,2699,232,835,682,417,2962,230,399,639,420,2711,230,602,642,422,2965,231,399,638,420,2709,238,414,642,412,2950,234,403,634,423,2703,231,6375,798,433,2968,232,401,635,420,2713,241,566,0,0,0,0,0,0,0,0,0,0,0,0,0,0,0,0,0,0,0,0,0,0,0,0,0,0,0,0,0,0,0,0,0,0,0,0,0,0,0,0,0,0,0,0,0,0,0,0,0,0,0,0,0,0,0,0,0,0,0,0,0,0,0,0,0,0,0,0,0,0,0,0,0,0,0,0,0,0,0,0,0,0,0,0,0,0,0,0,0,0,0,0,0,0,0,0,0,0,0,0,0,0,0,0,0,0,0,0,0,0,0,0,0,0,0,0,0,0,0,0,0,0,0,0,0,0,0,0,0,0,0,0,0,0,0,0,0,0,0,0,0,0,0,0,0,0,0,0,0,0,0,0,0,0,0,0,0,0,0,0,0,0,0,0,0,0,0,0,0,0,0,0,0,0,0,0,0,0,0,0,0,0,0,0,0,0,0,0,0,0,0,0,0,0,0,0,0,0,0,0
518123,363,118166,15296,1181,1,0,15797,675,452,2987,15296,535,17,560,2467,513,908,252,446,3052,249,440,763,439,2762,229,984,723,428,2972,225,401,636,423,2712,230,434,655,421,2971,230,401,635,420,861,167,6338,799,419,2965,241,408,637,412,2718,242,787,670,433,2981,228,399,634,420,2715,233,848,676,414,2966,235,408,635,412,2715,233,608,658,425,2962,233,400,640,420,2715,234,404,632,436,2961,232,402,628,420,2717,234,6358,798,422,2967,231,401,641,423,2709,236,427,0,0,0,0,0,0,0,0,0,0,0,0,0,0,0,0,0,0,0,0,0,0,0,0,0,0,0,0,0,0,0,0,0,0,0,0,0,0,0,0,0,0,0,0,0,0,0,0,0,0,0,0,0,0,0,0,0,0,0,0,0,0,0,0,0,0,0,0,0,0,0,0,0,0,0,0,0,0,0,0,0,0,0,0,0,0,0,0,0,0,0,0,0,0,0,0,0,0,0,0,0,0,0,0,0,0,0,0,0,0,0,0,0,0,0,0,0,0,0,0,0,0,0,0,0,0,0,0,0,0,0,0,0,0,0,0,0,0,0,0,0,0,0,0,0,0,0,0,0,0,0,0,0,0,0,0,0,0,0,0,0,0,0,0,0,0,0,0,0,0,0,0,0,0,0,0,0,0,0,0,0,0,0,0,0,0,0,0,0,0,0,0,0,0,0,0,0,0,0,0
519122,364,120149,16940,1201,1,0,14114,671,465,2990,16940,529,17,560,2477,511,1054,261,468,3041,248,447,772,436,2734,232,1016,725,433,1126,187,379,615,434,2733,226,432,647,415,2955,228,400,634,420,2720,238,6368,796,423,2956,232,399,643,431,2715,238,560,661,423,2982,227,400,634,420,2701,231,850,684,419,2965,228,399,638,420,2716,231,602,642,433,2963,231,399,635,420,2711,238,415,645,411,2959,232,402,631,423,2705,232,6369,799,433,2969,234,401,634,420,2732,233,790,0,0,0,0,0,0,0,0,0,0,0,0,0,0,0,0,0,0,0,0,0,0,0,0,0,0,0,0,0,0,0,0,0,0,0,0,0,0,0,0,0,0,0,0,0,0,0,0,0,0,0,0,0,0,0,0,0,0,0,0,0,0,0,0,0,0,0,0,0,0,0,0,0,0,0,0,0,0,0,0,0,0,0,0,0,0,0,0,0,0,0,0,0,0,0,0,0,0,0,0,0,0,0,0,0,0,0,0,0,0,0,0,0,0,0,0,0,0,0,0,0,0,0,0,0,0,0,0,0,0,0,0,0,0,0,0,0,0,0,0,0,0,0,0,0,0,0,0,0,0,0,0,0,0,0,0,0,0,0,0,0,0,0,0,0,0,0,0,0,0,0,0,0,0,0,0,0,0,0,0,0,0,0,0,0,0,0,0,0,0,0,0,0,0,0,0,0,0,0,0
520123,365,118199,16981,1181,1,0,15757,661,455,2981,16981,528,17,560,2470,512,1049,268,458,1141,234,461,768,454,2746,235,992,720,431,2967,233,408,642,412,2717,230,434,654,422,2971,232,400,637,430,2716,233,6453,801,421,2984,235,399,628,423,2715,243,422,670,441,2980,228,400,635,431,2716,232,839,675,417,2981,235,400,635,418,2726,231,608,656,429,2960,229,399,633,427,2719,232,409,633,421,2967,241,402,636,413,2718,232,6460,796,425,2969,233,399,642,421,861,186,569,0,0,0,0,0,0,0,0,0,0,0,0,0,0,0,0,0,0,0,0,0,0,0,0,0,0,0,0,0,0,0,0,0,0,0,0,0,0,0,0,0,0,0,0,0,0,0,0,0,0,0,0,0,0,0,0,0,0,0,0,0,0,0,0,0,0,0,0,0,0,0,0,0,0,0,0,0,0,0,0,0,0,0,0,0,0,0,0,0,0,0,0,0,0,0,0,0,0,0,0,0,0,0,0,0,0,0,0,0,0,0,0,0,0,0,0,0,0,0,0,0,0,0,0,0,0,0,0,0,0,0,0,0,0,0,0,0,0,0,0,0,0,0,0,0,0,0,0,0,0,0,0,0,0,0,0,0,0,0,0,0,0,0,0,0,0,0,0,0,0,0,0,0,0,0,0,0,0,0,0,0,0,0,0,0,0,0,0,0,0,0,0,0,0,0,0,0,0,0,0
521123,366,118142,15277,1181,1,0,15793,629,460,2997,15277,538,17,561,2465,516,904,256,434,3047,249,440,784,437,2729,232,986,722,443,2976,225,399,633,420,2715,234,445,655,407,2968,230,419,643,425,2704,233,6372,798,431,2964,234,401,635,420,2704,239,790,656,428,2976,227,400,642,421,2707,231,841,675,431,2965,230,400,630,420,2727,232,602,643,422,2965,230,401,635,423,2707,234,409,641,436,2958,234,401,630,420,864,179,6343,799,423,2982,231,401,642,424,2718,236,428,0,0,0,0,0,0,0,0,0,0,0,0,0,0,0,0,0,0,0,0,0,0,0,0,0,0,0,0,0,0,0,0,0,0,0,0,0,0,0,0,0,0,0,0,0,0,0,0,0,0,0,0,0,0,0,0,0,0,0,0,0,0,0,0,0,0,0,0,0,0,0,0,0,0,0,0,0,0,0,0,0,0,0,0,0,0,0,0,0,0,0,0,0,0,0,0,0,0,0,0,0,0,0,0,0,0,0,0,0,0,0,0,0,0,0,0,0,0,0,0,0,0,0,0,0,0,0,0,0,0,0,0,0,0,0,0,0,0,0,0,0,0,0,0,0,0,0,0,0,0,0,0,0,0,0,0,0,0,0,0,0,0,0,0,0,0,0,0,0,0,0,0,0,0,0,0,0,0,0,0,0,0,0,0,0,0,0,0,0,0,0,0,0,0,0,0,0,0,0,0
522122,367,120250,17002,1202,1,0,14089,681,462,2987,17002,527,17,568,2480,510,1055,260,468,3040,247,454,776,437,2733,235,982,724,435,2970,229,398,631,430,2729,229,432,649,414,2966,235,408,642,413,2718,233,6371,795,421,2959,234,400,635,429,2718,239,561,660,423,2978,232,408,640,412,2709,234,839,687,417,2974,228,399,632,430,2725,232,602,644,422,1114,197,398,632,416,2738,232,407,649,427,2950,232,400,637,421,2715,231,6349,798,422,2972,229,400,638,420,2701,237,793,0,0,0,0,0,0,0,0,0,0,0,0,0,0,0,0,0,0,0,0,0,0,0,0,0,0,0,0,0,0,0,0,0,0,0,0,0,0,0,0,0,0,0,0,0,0,0,0,0,0,0,0,0,0,0,0,0,0,0,0,0,0,0,0,0,0,0,0,0,0,0,0,0,0,0,0,0,0,0,0,0,0,0,0,0,0,0,0,0,0,0,0,0,0,0,0,0,0,0,0,0,0,0,0,0,0,0,0,0,0,0,0,0,0,0,0,0,0,0,0,0,0,0,0,0,0,0,0,0,0,0,0,0,0,0,0,0,0,0,0,0,0,0,0,0,0,0,0,0,0,0,0,0,0,0,0,0,0,0,0,0,0,0,0,0,0,0,0,0,0,0,0,0,0,0,0,0,0,0,0,0,0,0,0,0,0,0,0,0,0,0,0,0,0,0,0,0,0,0,0
523123,368,119834,16980,1198,1,0,15816,669,451,2985,16980,527,17,557,2465,512,1048,249,452,2980,246,468,680,432,2759,238,987,725,433,2971,228,401,638,423,2713,230,432,646,429,2970,232,400,635,420,2720,234,6278,800,421,2956,240,408,640,413,2712,241,431,670,430,2974,230,400,634,431,3012,231,847,669,423,1117,195,394,628,421,2724,232,611,660,426,2967,228,401,635,429,2717,232,405,630,420,2963,234,401,630,420,2720,231,6285,797,425,2965,232,399,645,422,2719,236,565,0,0,0,0,0,0,0,0,0,0,0,0,0,0,0,0,0,0,0,0,0,0,0,0,0,0,0,0,0,0,0,0,0,0,0,0,0,0,0,0,0,0,0,0,0,0,0,0,0,0,0,0,0,0,0,0,0,0,0,0,0,0,0,0,0,0,0,0,0,0,0,0,0,0,0,0,0,0,0,0,0,0,0,0,0,0,0,0,0,0,0,0,0,0,0,0,0,0,0,0,0,0,0,0,0,0,0,0,0,0,0,0,0,0,0,0,0,0,0,0,0,0,0,0,0,0,0,0,0,0,0,0,0,0,0,0,0,0,0,0,0,0,0,0,0,0,0,0,0,0,0,0,0,0,0,0,0,0,0,0,0,0,0,0,0,0,0,0,0,0,0,0,0,0,0,0,0,0,0,0,0,0,0,0,0,0,0,0,0,0,0,0,0,0,0,0,0,0,0,0
524123,369,118105,15287,1181,1,0,15797,676,466,2989,15287,537,17,561,2465,516,1069,261,452,2988,251,475,711,438,2738,235,983,717,433,2964,230,400,633,419,2717,233,442,653,407,2966,231,399,644,419,2711,231,6281,795,431,2964,234,401,635,420,867,199,792,650,425,2995,229,401,635,423,2704,231,840,687,420,2970,229,399,627,430,2729,231,602,644,421,2972,235,408,636,412,2704,232,405,642,428,2959,235,401,628,431,2715,230,6276,796,422,2976,233,400,635,420,2704,237,428,0,0,0,0,0,0,0,0,0,0,0,0,0,0,0,0,0,0,0,0,0,0,0,0,0,0,0,0,0,0,0,0,0,0,0,0,0,0,0,0,0,0,0,0,0,0,0,0,0,0,0,0,0,0,0,0,0,0,0,0,0,0,0,0,0,0,0,0,0,0,0,0,0,0,0,0,0,0,0,0,0,0,0,0,0,0,0,0,0,0,0,0,0,0,0,0,0,0,0,0,0,0,0,0,0,0,0,0,0,0,0,0,0,0,0,0,0,0,0,0,0,0,0,0,0,0,0,0,0,0,0,0,0,0,0,0,0,0,0,0,0,0,0,0,0,0,0,0,0,0,0,0,0,0,0,0,0,0,0,0,0,0,0,0,0,0,0,0,0,0,0,0,0,0,0,0,0,0,0,0,0,0,0,0,0,0,0,0,0,0,0,0,0,0,0,0,0,0,0,0
525122,370,120009,16961,1200,1,0,14106,676,459,2984,16961,529,21,570,2477,510,970,249,451,3042,249,517,739,431,2739,237,1001,722,435,2974,224,401,637,423,2717,230,437,653,422,1111,188,380,623,419,2752,231,6287,797,420,2959,240,408,639,412,2712,242,589,669,431,2983,227,399,635,429,2716,231,847,677,417,2967,228,399,630,420,2714,239,614,654,416,2964,232,400,640,420,2710,233,409,633,435,2958,232,402,628,420,2716,233,6279,798,422,2965,236,408,646,412,2712,236,792,0,0,0,0,0,0,0,0,0,0,0,0,0,0,0,0,0,0,0,0,0,0,0,0,0,0,0,0,0,0,0,0,0,0,0,0,0,0,0,0,0,0,0,0,0,0,0,0,0,0,0,0,0,0,0,0,0,0,0,0,0,0,0,0,0,0,0,0,0,0,0,0,0,0,0,0,0,0,0,0,0,0,0,0,0,0,0,0,0,0,0,0,0,0,0,0,0,0,0,0,0,0,0,0,0,0,0,0,0,0,0,0,0,0,0,0,0,0,0,0,0,0,0,0,0,0,0,0,0,0,0,0,0,0,0,0,0,0,0,0,0,0,0,0,0,0,0,0,0,0,0,0,0,0,0,0,0,0,0,0,0,0,0,0,0,0,0,0,0,0,0,0,0,0,0,0,0,0,0,0,0,0,0,0,0,0,0,0,0,0,0,0,0,0,0,0,0,0,0,0
526123,371,119455,17006,1194,1,0,15778,668,454,2982,17006,527,17,569,2475,510,910,251,434,3037,241,443,762,434,2738,230,1000,720,438,1118,185,380,636,435,2731,224,432,647,414,2964,229,400,633,420,2710,238,6283,796,423,2957,234,401,638,423,2710,240,422,660,443,2977,229,399,635,421,2714,232,842,677,417,2964,235,408,639,412,2720,233,602,660,424,2964,231,400,631,420,2718,235,405,631,420,2962,239,409,636,412,2711,234,6285,796,423,2968,233,400,637,425,2717,236,565,0,0,0,0,0,0,0,0,0,0,0,0,0,0,0,0,0,0,0,0,0,0,0,0,0,0,0,0,0,0,0,0,0,0,0,0,0,0,0,0,0,0,0,0,0,0,0,0,0,0,0,0,0,0,0,0,0,0,0,0,0,0,0,0,0,0,0,0,0,0,0,0,0,0,0,0,0,0,0,0,0,0,0,0,0,0,0,0,0,0,0,0,0,0,0,0,0,0,0,0,0,0,0,0,0,0,0,0,0,0,0,0,0,0,0,0,0,0,0,0,0,0,0,0,0,0,0,0,0,0,0,0,0,0,0,0,0,0,0,0,0,0,0,0,0,0,0,0,0,0,0,0,0,0,0,0,0,0,0,0,0,0,0,0,0,0,0,0,0,0,0,0,0,0,0,0,0,0,0,0,0,0,0,0,0,0,0,0,0,0,0,0,0,0,0,0,0,0,0,0
527123,372,115982,15282,1159,1,0,15822,673,473,2986,15282,537,17,561,562,409,885,254,432,2993,249,445,764,433,2737,229,989,720,442,2976,224,399,635,420,2725,235,444,653,407,2965,231,400,639,424,2709,234,6283,798,431,2957,234,401,636,420,2717,240,790,653,429,2976,227,401,639,423,2704,232,839,689,421,2970,230,399,630,444,2732,230,602,643,422,2962,235,408,638,412,2712,233,407,644,428,2965,234,400,628,429,2723,232,6286,797,422,2972,232,400,635,420,862,197,435,0,0,0,0,0,0,0,0,0,0,0,0,0,0,0,0,0,0,0,0,0,0,0,0,0,0,0,0,0,0,0,0,0,0,0,0,0,0,0,0,0,0,0,0,0,0,0,0,0,0,0,0,0,0,0,0,0,0,0,0,0,0,0,0,0,0,0,0,0,0,0,0,0,0,0,0,0,0,0,0,0,0,0,0,0,0,0,0,0,0,0,0,0,0,0,0,0,0,0,0,0,0,0,0,0,0,0,0,0,0,0,0,0,0,0,0,0,0,0,0,0,0,0,0,0,0,0,0,0,0,0,0,0,0,0,0,0,0,0,0,0,0,0,0,0,0,0,0,0,0,0,0,0,0,0,0,0,0,0,0,0,0,0,0,0,0,0,0,0,0,0,0,0,0,0,0,0,0,0,0,0,0,0,0,0,0,0,0,0,0,0,0,0,0,0,0,0,0,0,0
528122,373,119901,17010,1199,1,0,14100,629,456,3006,17010,527,17,562,2466,513,1047,249,448,3011,252,468,688,428,2726,242,994,716,438,2969,228,399,638,421,2717,228,431,648,431,2971,230,399,636,420,2724,230,6287,798,420,2959,234,401,639,423,2706,240,560,660,443,2982,228,399,635,420,2714,234,847,675,417,2966,228,401,636,423,2715,233,602,642,435,2965,230,399,635,420,2724,233,404,634,418,1108,192,389,630,428,2722,232,6299,796,433,2964,232,401,635,420,2715,235,793,0,0,0,0,0,0,0,0,0,0,0,0,0,0,0,0,0,0,0,0,0,0,0,0,0,0,0,0,0,0,0,0,0,0,0,0,0,0,0,0,0,0,0,0,0,0,0,0,0,0,0,0,0,0,0,0,0,0,0,0,0,0,0,0,0,0,0,0,0,0,0,0,0,0,0,0,0,0,0,0,0,0,0,0,0,0,0,0,0,0,0,0,0,0,0,0,0,0,0,0,0,0,0,0,0,0,0,0,0,0,0,0,0,0,0,0,0,0,0,0,0,0,0,0,0,0,0,0,0,0,0,0,0,0,0,0,0,0,0,0,0,0,0,0,0,0,0,0,0,0,0,0,0,0,0,0,0,0,0,0,0,0,0,0,0,0,0,0,0,0,0,0,0,0,0,0,0,0,0,0,0,0,0,0,0,0,0,0,0,0,0,0,0,0,0,0,0,0,0,0
529123,374,125270,17000,1252,1,0,15820,659,453,2987,17000,527,17,559,2466,512,1049,262,459,2992,250,473,682,436,2763,237,988,730,435,2964,236,408,639,412,2662,228,430,658,425,2914,233,400,636,430,2662,230,6279,800,420,2899,240,408,639,412,2647,235,424,669,430,2912,230,400,641,421,2711,229,842,674,417,2970,230,400,632,420,2716,230,613,656,424,1116,189,381,635,424,2670,228,403,634,440,2953,232,401,628,420,2642,236,6281,797,423,2964,6236,494,691,441,2740,237,561,0,0,0,0,0,0,0,0,0,0,0,0,0,0,0,0,0,0,0,0,0,0,0,0,0,0,0,0,0,0,0,0,0,0,0,0,0,0,0,0,0,0,0,0,0,0,0,0,0,0,0,0,0,0,0,0,0,0,0,0,0,0,0,0,0,0,0,0,0,0,0,0,0,0,0,0,0,0,0,0,0,0,0,0,0,0,0,0,0,0,0,0,16,16,16,16,16,16,16,16,0,0,0,0,0,0,0,0,0,0,0,0,0,0,0,0,0,0,0,0,0,0,0,0,0,0,0,0,0,0,0,0,0,0,0,0,0,0,0,0,0,0,0,0,0,0,0,0,0,0,0,0,0,0,0,0,0,0,0,0,0,0,0,0,0,0,0,0,0,0,0,0,0,0,0,0,0,0,0,0,0,0,0,0,0,0,0,0,0,0,0,0,0,16,0,0,0,0,0,0
530123,375,185676,51172,1856,3,0,15812,675,462,2996,15310,536,15,51172,3902,108,1010,828,101,2848,654,246,627,697,2478,554,1219,189,387,3017,400,528,787,525,2937,276,449,688,609,2925,231,497,736,443,892,241,6155,792,425,2812,245,509,692,430,2748,270,807,676,426,2893,229,494,847,440,2747,250,987,761,519,2899,234,399,690,425,2796,254,625,697,402,2794,232,502,701,433,2780,252,560,793,467,2856,245,406,652,416,2971,255,6269,13338,521,2354,665,173,406,491,2595,547,1232,16,16,16,16,16,16,0,0,0,0,0,0,0,0,0,0,0,0,0,0,0,0,0,0,0,0,0,0,0,0,0,0,0,0,0,0,0,0,0,0,0,0,0,0,0,0,0,0,0,0,0,0,0,0,0,0,0,0,0,0,0,0,0,0,0,0,0,0,0,0,0,0,0,0,0,0,0,0,0,4,4,4,4,4,4,4,4,4,4,4,0,0,0,0,0,0,0,0,0,0,0,0,0,0,0,0,16,0,0,0,0,0,0,0,0,0,0,0,0,0,0,0,0,0,0,0,0,0,0,0,0,0,0,0,0,0,0,0,0,0,0,0,0,0,0,0,0,0,0,0,0,0,0,0,0,0,0,0,0,0,0,0,0,0,0,0,0,0,0,0,0,0,0,0,0,0,0,0,0,0,4,0,0,0,0,0,0,0,0,0,4,0,0,0,0,0,0,0,0,0
531163,376,148487,21979,1484,2,0,14122,148,397,2885,21979,527,55,824,2430,536,1096,199,401,2828,237,668,749,451,2963,237,1087,777,431,2927,232,401,640,583,2978,270,439,729,533,2901,231,498,685,434,2958,234,6600,801,529,1025,200,573,761,596,2964,258,888,1160,54,2838,650,169,6652,700,2486,518,917,217,519,3017,233,403,637,442,2929,234,604,654,13091,3014,232,736,845,429,2925,248,418,797,515,3041,227,403,638,429,2951,227,6533,806,431,3124,236,408,646,450,2934,235,712,0,0,0,0,0,0,0,0,0,0,0,0,0,0,0,0,0,0,0,0,0,0,0,0,0,0,0,0,0,0,0,0,0,0,0,0,0,0,0,0,0,0,0,0,0,0,0,0,0,0,0,0,0,0,1,1,1,1,1,1,1,1,1,1,1,1,1,1,1,1,1,0,0,0,0,0,0,0,0,0,0,0,0,0,0,0,0,0,0,0,0,0,0,0,0,0,0,0,0,0,0,0,0,0,0,0,0,0,0,0,0,0,0,0,0,0,0,0,0,0,0,0,0,0,0,0,0,0,0,0,0,0,0,0,0,0,0,0,0,0,0,0,0,0,0,0,0,0,0,0,0,0,0,0,0,1,0,0,0,0,0,0,0,0,0,0,0,0,0,0,0,1,0,0,0,0,0,0,0,0,0,0,0,0,0,0,0,0,0,0,0,0,0,0,0,0,0,0,0,0
532173,377,324766,165999,3247,3,0,20685,701,477,2864,16958,528,68,661,2446,542,1010,214,596,2923,229,401,634,420,3071,224,7266,715,429,3156,272,417,699,530,1319,151,165999,1065,21,6833,662,162,559,633,2472,721,6652,231,498,3023,441,438,733,519,2957,228,769,802,493,3021,228,401,1422,547,2838,231,859,986,434,2977,400,435,692,451,2876,231,601,662,685,3063,234,407,800,461,2803,232,572,802,460,2997,397,436,689,441,2866,227,29299,1185,32,2846,749,258,422,514,2503,530,732,0,0,0,0,0,0,0,0,0,0,0,0,0,0,0,0,0,16,16,16,16,16,16,16,16,16,16,16,16,0,0,0,0,0,0,0,0,0,0,0,0,0,0,0,0,0,0,0,0,0,0,0,0,0,0,0,0,0,0,0,0,0,0,0,0,0,0,0,0,0,0,0,0,0,0,0,0,0,0,0,0,0,0,0,0,0,0,0,0,0,0,0,0,0,0,0,0,0,0,0,0,0,0,0,0,0,0,0,0,0,0,0,0,0,0,0,0,0,0,16,0,0,0,0,0,0,0,0,0,16,0,0,0,0,0,0,0,0,0,0,0,0,0,0,0,0,0,0,0,0,0,0,0,0,0,0,0,0,0,0,0,0,0,0,0,0,0,0,0,0,0,0,0,0,0,0,0,0,0,0,0,0,0,0,0,0,0,0,0,0,0,0,0,0,0,0,0,0,0,0
533333,378,175459,48491,1754,2,0,15776,145,510,2919,22036,527,30,766,2506,511,935,258,407,2929,243,405,668,427,3146,226,985,802,473,2905,232,400,640,555,2851,239,48491,809,19,2731,652,154,382,477,2329,509,6608,231,397,2874,235,399,639,434,2898,230,772,819,463,2865,230,571,721,426,2872,401,909,717,424,2966,232,401,636,601,2902,231,600,813,527,2871,235,418,670,454,2889,401,451,711,418,1083,185,505,748,541,2963,280,6547,894,466,2825,231,414,849,429,2884,247,577,0,0,0,0,0,0,0,0,0,0,0,0,0,0,0,0,0,0,0,0,0,0,0,0,0,0,0,0,0,0,0,0,0,0,0,0,0,0,0,0,0,0,0,0,0,0,0,0,0,0,0,0,0,0,0,0,0,0,0,0,0,0,0,0,0,0,0,0,0,0,0,0,0,0,0,0,0,0,0,0,0,0,0,0,0,0,0,0,0,0,0,0,0,0,0,0,0,0,0,0,0,0,0,0,0,0,0,0,0,0,0,0,0,0,0,0,0,0,0,0,0,0,0,0,0,0,0,0,0,0,0,0,0,0,0,0,0,0,0,0,0,0,0,0,0,0,0,0,0,0,0,0,0,0,0,0,0,0,0,0,0,0,0,0,0,0,0,0,0,0,0,0,0,0,0,0,0,0,0,0,0,0,0,0,0,0,0,0,0,0,0,0,0,0,0,0,0,0,0,0
534373,379,123459,15228,1234,1,0,17345,705,420,2796,15228,554,17,584,2337,504,914,389,436,2871,227,570,719,429,2957,404,1094,745,440,2971,235,411,667,583,2959,227,1359,959,494,2860,228,417,640,422,2876,404,6513,812,422,2982,257,428,692,567,2910,227,770,730,445,2791,230,415,660,446,2885,245,837,697,427,2760,239,408,651,428,3594,245,620,697,454,1009,187,512,695,531,2896,227,415,671,428,2786,234,560,742,475,2976,250,6541,816,612,3051,233,401,703,442,2879,233,418,0,0,0,0,0,0,0,0,0,0,0,0,0,0,0,0,0,0,0,0,0,0,0,0,0,0,0,0,0,0,0,0,0,0,0,0,0,0,0,0,0,0,0,0,0,0,0,0,0,0,0,0,0,0,0,0,0,0,0,0,0,0,0,0,0,0,0,0,0,0,0,0,0,0,0,0,0,0,0,0,0,0,0,0,0,0,0,0,0,0,0,0,0,0,0,0,0,0,0,0,0,0,0,0,0,0,0,0,0,0,0,0,0,0,0,0,0,0,0,0,0,0,0,0,0,0,0,0,0,0,0,0,0,0,0,0,0,0,0,0,0,0,0,0,0,0,0,0,0,0,0,0,0,0,0,0,0,0,0,0,0,0,0,0,0,0,0,0,0,0,0,0,0,0,0,0,0,0,0,0,0,0,0,0,0,0,0,0,0,0,0,0,0,0,0,0,0,0,0,0
535372,380,125003,17046,1250,1,0,14034,671,424,2779,17046,527,17,577,2335,515,914,216,393,2787,230,403,647,546,2903,228,979,760,461,2827,240,499,702,433,2916,225,1276,805,422,2798,236,408,644,415,2863,231,7225,812,422,2848,232,503,733,426,2875,245,586,800,436,2991,233,572,732,454,1103,186,851,832,428,2792,234,555,700,434,3005,252,680,727,450,2801,234,405,671,466,2896,262,503,731,418,2788,229,494,737,496,2912,258,6845,825,582,3094,228,402,646,519,2911,229,769,0,0,0,0,0,0,0,0,0,0,0,0,0,0,0,0,0,0,0,0,0,0,0,0,0,0,0,0,0,0,0,0,0,0,0,0,0,0,0,0,0,0,0,0,0,0,0,0,0,0,0,0,0,0,0,0,0,0,0,0,0,0,0,0,0,0,0,0,0,0,0,0,0,0,0,0,0,0,0,0,0,0,0,0,0,0,0,0,0,0,0,0,0,0,0,0,0,0,0,0,0,0,0,0,0,0,0,0,0,0,0,0,0,0,0,0,0,0,0,0,0,0,0,0,0,0,0,0,0,0,0,0,0,0,0,0,0,0,0,0,0,0,0,0,0,0,0,0,0,0,0,0,0,0,0,0,0,0,0,0,0,0,0,0,0,0,0,0,0,0,0,0,0,0,0,0,0,0,0,0,0,0,0,0,0,0,0,0,0,0,0,0,0,0,0,0,0,0,0,0
536373,381,126141,16909,1261,1,0,15852,694,427,2941,16909,527,17,697,2359,498,1087,269,498,3057,232,415,647,444,2939,421,1095,820,433,3262,240,411,665,585,2974,223,1280,959,532,2942,232,425,707,549,2957,394,6624,813,455,1221,170,384,722,445,2878,232,421,835,469,2890,227,567,715,446,2937,282,860,916,431,2898,236,414,680,427,2877,229,606,671,429,2808,235,416,672,459,2899,240,406,650,433,2952,231,578,785,532,2901,251,6610,817,422,3263,222,425,659,428,2889,230,558,0,0,0,0,0,0,0,0,0,0,0,0,0,0,0,0,0,0,0,0,0,0,0,0,0,0,0,0,0,0,0,0,0,0,0,0,0,0,0,0,0,0,0,0,0,0,0,0,0,0,0,0,0,0,0,0,0,0,0,0,0,0,0,0,0,0,0,0,0,0,0,0,0,0,0,0,0,0,0,0,0,0,0,0,0,0,0,0,0,0,0,0,0,0,0,0,0,0,0,0,0,0,0,0,0,0,0,0,0,0,0,0,0,0,0,0,0,0,0,0,0,0,0,0,0,0,0,0,0,0,0,0,0,0,0,0,0,0,0,0,0,0,0,0,0,0,0,0,0,0,0,0,0,0,0,0,0,0,0,0,0,0,0,0,0,0,0,0,0,0,0,0,0,0,0,0,0,0,0,0,0,0,0,0,0,0,0,0,0,0,0,0,0,0,0,0,0,0,0,0
537373,382,125759,15285,1257,1,0,15715,667,432,2850,15285,538,17,579,2329,814,1123,200,393,2891,268,494,786,429,2885,231,1085,772,445,3003,269,411,688,407,2891,229,1483,963,467,1494,248,644,770,451,2874,437,6625,812,433,2986,228,485,718,589,2900,226,771,831,462,2835,233,653,754,428,2904,399,890,722,421,2969,228,484,784,492,2901,228,601,696,424,2784,244,418,672,460,2888,240,405,660,487,2861,229,488,802,516,2923,255,6647,968,476,3127,252,588,824,433,2877,402,479,0,0,0,0,0,0,0,0,0,0,0,0,0,0,0,0,0,0,0,0,0,0,0,0,0,0,0,0,0,0,0,0,0,0,0,0,0,0,0,0,0,0,0,0,0,0,0,0,0,0,0,0,0,0,0,0,0,0,0,0,0,0,0,0,0,0,0,0,0,0,0,0,0,0,0,0,0,0,0,0,0,0,0,0,0,0,0,0,0,0,0,0,0,0,0,0,0,0,0,0,0,0,0,0,0,0,0,0,0,0,0,0,0,0,0,0,0,0,0,0,0,0,0,0,0,0,0,0,0,0,0,0,0,0,0,0,0,0,0,0,0,0,0,0,0,0,0,0,0,0,0,0,0,0,0,0,0,0,0,0,0,0,0,0,0,0,0,0,0,0,0,0,0,0,0,0,0,0,0,0,0,0,0,0,0,0,0,0,0,0,0,0,0,0,0,0,0,0,0,0
538373,383,126822,17056,1268,1,0,14070,718,431,2895,17056,530,17,730,2349,504,961,265,407,2833,234,410,640,416,1093,168,982,705,437,2802,240,402,670,443,2893,227,1313,804,421,2805,230,401,633,422,2867,237,6547,813,429,2825,229,418,660,430,2874,227,557,659,433,2918,236,402,636,422,2878,239,835,688,430,2789,230,423,696,434,2884,226,601,676,438,2787,238,574,724,463,2936,397,437,694,445,2924,234,559,776,738,2961,252,9816,971,476,2900,233,465,684,428,2926,241,770,0,0,0,0,0,0,0,0,0,0,0,0,0,0,0,0,0,0,0,0,0,0,0,0,0,0,0,0,0,0,0,0,0,0,0,0,0,0,0,0,0,0,0,0,0,0,0,0,0,0,0,0,0,0,0,0,0,0,0,0,0,0,0,0,0,0,0,0,0,0,0,0,0,0,0,0,0,0,0,0,0,0,0,0,0,0,0,0,0,0,0,0,0,0,0,0,0,0,0,0,0,0,0,0,0,0,0,0,0,0,0,0,0,0,0,0,0,0,0,0,0,0,0,0,0,0,0,0,0,0,0,0,0,0,0,0,0,0,0,0,0,0,0,0,0,0,0,0,0,0,0,0,0,0,0,0,0,0,0,0,0,0,0,0,0,0,0,0,0,0,0,0,0,0,0,0,0,0,0,0,0,0,0,0,0,0,0,0,0,0,0,0,0,0,0,0,0,0,0,0
539373,384,124267,16908,1242,1,0,15868,689,488,1085,16908,528,17,583,2435,508,914,216,395,2859,233,413,647,425,2937,401,1024,776,431,2993,235,403,748,446,2944,226,1280,815,422,2853,237,420,639,417,2940,400,6624,812,422,3041,230,400,646,451,2933,230,576,857,472,2949,241,567,997,428,3074,302,891,703,434,2859,232,399,644,537,2961,227,706,712,447,2887,283,415,693,465,2934,247,412,661,414,2950,229,544,768,663,2925,260,6707,1056,502,1052,176,505,722,424,3021,408,610,0,0,0,0,0,0,0,0,0,0,0,0,0,0,0,0,0,0,0,0,0,0,0,0,0,0,0,0,0,0,0,0,0,0,0,0,0,0,0,0,0,0,0,0,0,0,0,0,0,0,0,0,0,0,0,0,0,0,0,0,0,0,0,0,0,0,0,0,0,0,0,0,0,0,0,0,0,0,0,0,0,0,0,0,0,0,0,0,0,0,0,0,0,0,0,0,0,0,0,0,0,0,0,0,0,0,0,0,0,0,0,0,0,0,0,0,0,0,0,0,0,0,0,0,0,0,0,0,0,0,0,0,0,0,0,0,0,0,0,0,0,0,0,0,0,0,0,0,0,0,0,0,0,0,0,0,0,0,0,0,0,0,0,0,0,0,0,0,0,0,0,0,0,0,0,0,0,0,0,0,0,0,0,0,0,0,0,0,0,0,0,0,0,0,0,0,0,0,0,0
540373,385,124773,15198,1247,1,0,15774,711,447,2933,15198,535,20,734,2353,504,940,400,443,2898,228,570,723,428,2887,397,1026,755,580,2992,238,414,701,437,2884,227,3059,815,424,2989,233,401,649,436,2887,232,6559,813,422,2797,237,407,1190,32,2600,654,595,412,687,2500,517,545,166,397,2906,232,831,700,430,2793,232,402,641,428,2919,235,743,850,522,2893,252,515,712,474,1095,163,518,795,520,2892,228,495,797,500,2895,259,6872,808,555,2881,273,550,682,429,2952,227,419,0,0,0,0,0,0,0,0,0,0,0,0,0,0,0,0,0,0,0,0,0,0,0,0,0,0,0,0,0,0,0,0,0,0,0,0,0,0,0,0,0,0,0,0,0,0,0,0,0,0,0,0,0,0,0,0,0,0,0,0,0,0,0,0,0,0,0,0,0,0,0,0,0,0,0,0,0,0,0,0,0,0,0,0,0,0,0,0,0,0,0,0,0,0,0,0,0,0,0,0,0,0,0,0,0,0,0,0,0,0,0,0,0,0,0,0,0,0,0,0,0,0,0,0,0,0,0,0,0,0,0,0,0,0,0,0,0,0,0,0,0,0,0,0,0,0,0,0,0,0,0,0,0,0,0,0,0,0,0,0,0,0,0,0,0,0,0,0,0,0,0,0,0,0,0,0,0,0,0,0,0,0,0,0,0,0,0,0,0,0,0,0,0,0,0,0,0,0,0,0
541372,386,126941,16990,1269,1,0,14013,675,433,2981,16990,527,17,577,2339,504,922,212,392,2990,235,410,649,415,3236,282,994,749,419,2859,280,409,779,469,2901,229,1278,814,422,2804,236,418,807,433,2937,239,6603,811,423,3249,227,399,798,622,2973,225,556,807,461,2925,230,567,734,426,2943,249,858,701,520,2938,231,401,643,721,1115,171,591,827,492,2917,232,416,806,462,2968,444,528,699,426,2923,228,535,731,495,2964,247,6911,894,549,2956,234,514,794,431,2923,238,777,0,0,0,0,0,0,0,0,0,0,0,0,0,0,0,0,0,0,0,0,0,0,0,0,0,0,0,0,0,0,0,0,0,0,0,0,0,0,0,0,0,0,0,0,0,0,0,0,0,0,0,0,0,0,0,0,0,0,0,0,0,0,0,0,0,0,0,0,0,0,0,0,0,0,0,0,0,0,0,0,0,0,0,0,0,0,0,0,0,0,0,0,0,0,0,0,0,0,0,0,0,0,0,0,0,0,0,0,0,0,0,0,0,0,0,0,0,0,0,0,0,0,0,0,0,0,0,0,0,0,0,0,0,0,0,0,0,0,0,0,0,0,0,0,0,0,0,0,0,0,0,0,0,0,0,0,0,0,0,0,0,0,0,0,0,0,0,0,0,0,0,0,0,0,0,0,0,0,0,0,0,0,0,0,0,0,0,0,0,0,0,0,0,0,0,0,0,0,0,0
542373,387,125871,17056,1258,1,0,15807,825,430,2885,17056,529,17,721,2445,499,912,391,427,2932,230,708,830,453,2934,408,1041,757,430,3010,236,404,825,533,2971,231,1285,814,422,2802,232,416,645,518,2904,427,6633,813,433,2989,229,401,637,573,2965,230,425,686,429,970,189,385,655,514,2956,239,847,693,450,2983,235,399,637,438,2957,230,601,815,462,2902,235,577,744,456,2941,396,438,714,434,2945,230,539,46,955,2435,531,6891,404,426,3158,225,572,735,427,2870,398,614,0,0,0,0,0,0,0,0,0,0,0,0,0,0,0,0,0,0,0,0,0,0,0,0,0,0,0,0,0,0,0,0,0,0,0,0,0,0,0,0,0,0,0,0,0,0,0,0,0,0,0,0,0,0,0,0,0,0,0,0,0,0,0,0,0,0,0,0,0,0,0,0,0,0,0,0,0,0,0,0,0,0,0,0,0,0,0,0,0,0,0,0,0,0,0,0,0,0,0,0,0,0,0,0,0,0,0,0,0,0,0,0,0,0,0,0,0,0,0,0,0,0,0,0,0,0,0,0,0,0,0,0,0,0,0,0,0,0,0,0,0,0,0,0,0,0,0,0,0,0,0,0,0,0,0,0,0,0,0,0,0,0,0,0,0,0,0,0,0,0,0,0,0,0,0,0,0,0,0,0,0,0,0,0,0,0,0,0,0,0,0,0,0,0,0,0,0,0,0,0
543373,388,122711,16948,1227,1,0,15864,714,424,2914,16948,559,17,734,2356,503,915,315,423,2871,230,416,654,423,2866,254,997,716,445,2808,244,400,675,434,2894,228,1354,805,427,2803,230,435,719,415,2873,231,6573,814,422,979,186,392,624,440,2912,233,785,673,424,2788,232,400,647,427,2871,266,889,696,415,2887,233,399,638,423,2881,229,606,682,437,2778,238,404,677,462,2900,231,402,645,423,2926,228,539,753,509,2918,257,6610,817,422,3084,247,435,681,429,2879,226,419,0,0,0,0,0,0,0,0,0,0,0,0,0,0,0,0,0,0,0,0,0,0,0,0,0,0,0,0,0,0,0,0,0,0,0,0,0,0,0,0,0,0,0,0,0,0,0,0,0,0,0,0,0,0,0,0,0,0,0,0,0,0,0,0,0,0,0,0,0,0,0,0,0,0,0,0,0,0,0,0,0,0,0,0,0,0,0,0,0,0,0,0,0,0,0,0,0,0,0,0,0,0,0,0,0,0,0,0,0,0,0,0,0,0,0,0,0,0,0,0,0,0,0,0,0,0,0,0,0,0,0,0,0,0,0,0,0,0,0,0,0,0,0,0,0,0,0,0,0,0,0,0,0,0,0,0,0,0,0,0,0,0,0,0,0,0,0,0,0,0,0,0,0,0,0,0,0,0,0,0,0,0,0,0,0,0,0,0,0,0,0,0,0,0,0,0,0,0,0,0
544372,389,125451,15197,1254,1,0,15756,676,435,2776,15197,535,17,631,2343,508,917,228,395,2794,231,416,650,427,2868,407,1030,752,435,2943,233,405,659,583,1116,168,1295,2167,72,2885,661,346,452,543,2362,668,6914,233,399,3226,232,401,633,591,2991,230,664,728,430,2804,237,424,854,427,2926,282,875,722,419,2822,233,489,701,440,2955,222,624,720,525,2950,236,417,814,480,2893,233,560,710,434,3007,231,398,956,702,3155,249,6795,1047,502,2961,250,577,711,436,2933,398,817,0,0,0,0,0,0,0,0,0,0,0,0,0,0,0,0,0,0,0,0,0,0,0,0,0,0,0,0,0,0,0,0,0,0,0,0,0,0,0,0,0,0,0,0,0,0,0,0,0,0,0,0,0,0,0,0,0,0,0,0,0,0,0,0,0,0,0,0,0,0,0,0,0,0,0,0,0,0,0,0,0,0,0,0,0,0,0,0,0,0,0,0,0,0,0,0,0,0,0,0,0,0,0,0,0,0,0,0,0,0,0,0,0,0,0,0,0,0,0,0,0,0,0,0,0,0,0,0,0,0,0,0,0,0,0,0,0,0,0,0,0,0,0,0,0,0,0,0,0,0,0,0,0,0,0,0,0,0,0,0,0,0,0,0,0,0,0,0,0,0,0,0,0,0,0,0,0,0,0,0,0,0,0,0,0,0,0,0,0,0,0,0,0,0,0,0,0,0,0,0
545373,390,125349,16990,1253,1,0,14010,729,433,2978,16990,527,17,727,2370,500,920,395,428,2861,227,416,656,436,1078,327,1049,804,463,3051,238,403,662,433,2943,230,1279,812,437,2959,235,408,651,415,2868,231,6589,810,422,2799,231,399,642,432,2865,228,417,658,545,3070,232,412,822,424,2921,269,955,709,531,3009,232,399,809,436,3133,266,702,691,420,3099,245,407,900,466,2889,230,414,686,427,2824,237,446,856,490,2940,250,6641,815,509,3007,228,402,643,421,2864,238,710,0,0,0,0,0,0,0,0,0,0,0,0,0,0,0,0,0,0,0,0,0,0,0,0,0,0,0,0,0,0,0,0,0,0,0,0,0,0,0,0,0,0,0,0,0,0,0,0,0,0,0,0,0,0,0,0,0,0,0,0,0,0,0,0,0,0,0,0,0,0,0,0,0,0,0,0,0,0,0,0,0,0,0,0,0,0,0,0,0,0,0,0,0,0,0,0,0,0,0,0,0,0,0,0,0,0,0,0,0,0,0,0,0,0,0,0,0,0,0,0,0,0,0,0,0,0,0,0,0,0,0,0,0,0,0,0,0,0,0,0,0,0,0,0,0,0,0,0,0,0,0,0,0,0,0,0,0,0,0,0,0,0,0,0,0,0,0,0,0,0,0,0,0,0,0,0,0,0,0,0,0,0,0,0,0,0,0,0,0,0,0,0,0,0,0,0,0,0,0,0
546373,391,125327,16941,1253,1,0,15769,716,435,973,16941,530,20,596,2333,510,913,222,400,2831,226,417,641,427,2864,403,1030,749,430,2997,316,430,726,598,2901,229,1281,960,488,2837,231,569,725,430,2886,401,6623,813,422,3045,231,400,648,592,3638,235,766,823,493,2932,230,417,812,432,2956,280,875,710,428,2769,231,402,793,437,2945,225,600,672,517,3117,238,550,748,535,2974,247,409,645,417,2994,232,502,717,728,2939,256,6680,971,570,1115,164,527,734,544,2908,400,462,0,0,0,0,0,0,0,0,0,0,0,0,0,0,0,0,0,0,0,0,0,0,0,0,0,0,0,0,0,0,0,0,0,0,0,0,0,0,0,0,0,0,0,0,0,0,0,0,0,0,0,0,0,0,0,0,0,0,0,0,0,0,0,0,0,0,0,0,0,0,0,0,0,0,0,0,0,0,0,0,0,0,0,0,0,0,0,0,0,0,0,0,0,0,0,0,0,0,0,0,0,0,0,0,0,0,0,0,0,0,0,0,0,0,0,0,0,0,0,0,0,0,0,0,0,0,0,0,0,0,0,0,0,0,0,0,0,0,0,0,0,0,0,0,0,0,0,0,0,0,0,0,0,0,0,0,0,0,0,0,0,0,0,0,0,0,0,0,0,0,0,0,0,0,0,0,0,0,0,0,0,0,0,0,0,0,0,0,0,0,0,0,0,0,0,0,0,0,0,0
547372,392,122680,15327,1226,1,0,15786,728,437,2970,15327,532,17,930,2385,507,929,397,437,2934,230,569,718,429,2912,243,984,802,434,2857,241,411,676,443,2891,228,1354,817,423,2838,229,414,635,424,2867,242,6600,813,422,2820,236,432,716,588,2899,224,554,716,436,2795,231,402,636,434,3083,230,827,702,432,2787,230,400,644,425,3354,253,625,698,426,2851,235,406,668,459,1084,170,386,635,422,2813,233,489,739,490,2929,260,6529,817,422,3155,231,402,657,425,2857,235,770,0,0,0,0,0,0,0,0,0,0,0,0,0,0,0,0,0,0,0,0,0,0,0,0,0,0,0,0,0,0,0,0,0,0,0,0,0,0,0,0,0,0,0,0,0,0,0,0,0,0,0,0,0,0,0,0,0,0,0,0,0,0,0,0,0,0,0,0,0,0,0,0,0,0,0,0,0,0,0,0,0,0,0,0,0,0,0,0,0,0,0,0,0,0,0,0,0,0,0,0,0,0,0,0,0,0,0,0,0,0,0,0,0,0,0,0,0,0,0,0,0,0,0,0,0,0,0,0,0,0,0,0,0,0,0,0,0,0,0,0,0,0,0,0,0,0,0,0,0,0,0,0,0,0,0,0,0,0,0,0,0,0,0,0,0,0,0,0,0,0,0,0,0,0,0,0,0,0,0,0,0,0,0,0,0,0,0,0,0,0,0,0,0,0,0,0,0,0,0,0
548373,393,123885,17022,1238,1,0,14138,677,443,2797,17022,527,17,574,2335,513,911,216,393,2788,230,403,649,484,2883,234,983,723,454,2789,238,403,667,424,2896,235,1277,804,419,2801,232,401,644,428,2863,232,6771,810,432,2802,231,405,678,604,2896,226,416,811,463,2841,233,577,721,435,2866,405,907,725,425,1103,165,446,715,594,2905,228,600,810,472,2929,229,568,726,479,2950,396,456,707,415,2818,232,488,759,496,2906,258,6572,826,425,3015,254,429,663,413,2933,247,569,0,0,0,0,0,0,0,0,0,0,0,0,0,0,0,0,0,0,0,0,0,0,0,0,0,0,0,0,0,0,0,0,0,0,0,0,0,0,0,0,0,0,0,0,0,0,0,0,0,0,0,0,0,0,0,0,0,0,0,0,0,0,0,0,0,0,0,0,0,0,0,0,0,0,0,0,0,0,0,0,0,0,0,0,0,0,0,0,0,0,0,0,0,0,0,0,0,0,0,0,0,0,0,0,0,0,0,0,0,0,0,0,0,0,0,0,0,0,0,0,0,0,0,0,0,0,0,0,0,0,0,0,0,0,0,0,0,0,0,0,0,0,0,0,0,0,0,0,0,0,0,0,0,0,0,0,0,0,0,0,0,0,0,0,0,0,0,0,0,0,0,0,0,0,0,0,0,0,0,0,0,0,0,0,0,0,0,0,0,0,0,0,0,0,0,0,0,0,0,0
549373,394,126830,16916,1268,1,0,15834,694,420,2794,16916,532,20,728,2351,502,917,391,427,3128,228,570,717,449,2981,446,1016,763,517,3131,236,416,678,445,2889,265,1290,959,490,2903,232,569,717,614,2979,399,6553,819,424,3041,229,401,643,487,2944,231,768,685,434,983,171,380,633,419,2933,238,843,1064,479,2939,236,415,685,434,2880,228,604,826,482,2863,233,418,662,458,2895,399,438,697,415,2918,228,783,809,664,2924,259,6557,971,476,2847,258,615,753,455,2889,268,428,0,0,0,0,0,0,0,0,0,0,0,0,0,0,0,0,0,0,0,0,0,0,0,0,0,0,0,0,0,0,0,0,0,0,0,0,0,0,0,0,0,0,0,0,0,0,0,0,0,0,0,0,0,0,0,0,0,0,0,0,0,0,0,0,0,0,0,0,0,0,0,0,0,0,0,0,0,0,0,0,0,0,0,0,0,0,0,0,0,0,0,0,0,0,0,0,0,0,0,0,0,0,0,0,0,0,0,0,0,0,0,0,0,0,0,0,0,0,0,0,0,0,0,0,0,0,0,0,0,0,0,0,0,0,0,0,0,0,0,0,0,0,0,0,0,0,0,0,0,0,0,0,0,0,0,0,0,0,0,0,0,0,0,0,0,0,0,0,0,0,0,0,0,0,0,0,0,0,0,0,0,0,0,0,0,0,0,0,0,0,0,0,0,0,0,0,0,0,0,0
550372,395,121716,15083,1217,1,0,15728,689,428,2791,15083,538,17,573,2420,539,1138,193,394,2976,231,401,648,425,2926,232,980,722,449,2824,243,401,665,425,2889,232,1357,806,418,3238,258,410,703,491,1145,166,6421,840,430,2800,232,488,808,585,2919,258,568,707,404,2792,240,495,796,426,2993,232,834,696,455,2847,232,401,651,422,2939,229,601,672,423,2856,239,404,668,454,2944,231,404,653,548,2976,232,693,859,608,2334,760,6340,579,593,2514,514,550,167,389,2886,237,784,0,0,0,0,0,0,0,0,0,0,0,0,0,0,0,0,0,0,0,0,0,0,0,0,0,0,0,0,0,0,0,0,0,0,0,0,0,0,0,0,0,0,0,0,0,0,0,0,0,0,0,0,0,0,0,0,0,0,0,0,0,0,0,0,0,0,0,0,0,0,0,0,0,0,0,0,0,0,0,0,0,0,0,0,0,0,0,0,0,0,0,0,0,0,0,0,0,0,0,0,0,0,0,0,0,0,0,0,0,0,0,0,0,0,0,0,0,0,0,0,0,0,0,0,0,0,0,0,0,0,0,0,0,0,0,0,0,0,0,0,0,0,0,0,0,0,0,0,0,0,0,0,0,0,0,0,0,0,0,0,0,0,0,0,0,0,0,0,0,0,0,0,0,0,0,0,0,0,0,0,0,0,0,0,0,0,0,0,0,0,0,0,0,0,0,0,0,0,0,0
551373,396,126440,17095,1264,1,0,13897,683,420,2975,17095,533,21,738,2350,502,954,397,443,2959,228,464,683,428,2940,251,997,718,439,2855,239,403,673,453,1081,165,1498,815,430,2882,238,419,657,518,2965,401,6558,813,429,3141,228,401,647,436,2975,228,417,804,475,2923,272,576,746,424,2998,250,847,819,435,3038,231,401,656,607,2966,266,610,878,471,3074,234,575,730,544,3018,284,421,671,439,3071,232,484,737,510,2990,256,6543,826,536,2935,232,417,638,421,2935,251,560,0,0,0,0,0,0,0,0,0,0,0,0,0,0,0,0,0,0,0,0,0,0,0,0,0,0,0,0,0,0,0,0,0,0,0,0,0,0,0,0,0,0,0,0,0,0,0,0,0,0,0,0,0,0,0,0,0,0,0,0,0,0,0,0,0,0,0,0,0,0,0,0,0,0,0,0,0,0,0,0,0,0,0,0,0,0,0,0,0,0,0,0,0,0,0,0,0,0,0,0,0,0,0,0,0,0,0,0,0,0,0,0,0,0,0,0,0,0,0,0,0,0,0,0,0,0,0,0,0,0,0,0,0,0,0,0,0,0,0,0,0,0,0,0,0,0,0,0,0,0,0,0,0,0,0,0,0,0,0,0,0,0,0,0,0,0,0,0,0,0,0,0,0,0,0,0,0,0,0,0,0,0,0,0,0,0,0,0,0,0,0,0,0,0,0,0,0,0,0,0
552373,397,122694,16898,1226,1,0,15898,673,529,3125,16898,527,17,721,2353,502,1067,391,450,1080,179,546,740,432,2883,464,1086,755,429,2946,236,414,760,601,2915,225,1390,966,489,2865,231,569,715,426,2899,264,6553,814,422,2803,232,400,650,429,2870,228,954,704,438,2805,240,408,670,417,2881,233,832,691,444,2811,238,408,650,419,2869,230,607,660,434,2782,258,417,689,515,2957,230,402,645,423,2778,235,492,756,494,2929,254,6572,817,539,2911,229,401,650,433,1115,168,401,0,0,0,0,0,0,0,0,0,0,0,0,0,0,0,0,0,0,0,0,0,0,0,0,0,0,0,0,0,0,0,0,0,0,0,0,0,0,0,0,0,0,0,0,0,0,0,0,0,0,0,0,0,0,0,0,0,0,0,0,0,0,0,0,0,0,0,0,0,0,0,0,0,0,0,0,0,0,0,0,0,0,0,0,0,0,0,0,0,0,0,0,0,0,0,0,0,0,0,0,0,0,0,0,0,0,0,0,0,0,0,0,0,0,0,0,0,0,0,0,0,0,0,0,0,0,0,0,0,0,0,0,0,0,0,0,0,0,0,0,0,0,0,0,0,0,0,0,0,0,0,0,0,0,0,0,0,0,0,0,0,0,0,0,0,0,0,0,0,0,0,0,0,0,0,0,0,0,0,0,0,0,0,0,0,0,0,0,0,0,0,0,0,0,0,0,0,0,0,0
553372,398,124107,15182,1241,1,0,15710,643,423,2816,15182,528,17,573,2331,510,933,217,398,2808,225,402,652,424,2874,235,979,713,570,2907,242,403,694,439,2886,234,3134,805,419,2787,233,572,739,430,2873,278,6515,814,432,2836,232,400,751,436,2888,234,562,676,420,2778,232,434,653,427,2951,242,840,690,443,2984,232,402,634,588,2961,233,653,885,464,2861,237,420,662,459,2885,401,438,702,436,2988,230,508,51,773,687,60,6562,971,476,3068,355,712,836,518,3031,395,935,0,0,0,0,0,0,0,0,0,0,0,0,0,0,0,0,0,0,0,0,0,0,0,0,0,0,0,0,0,0,0,0,0,0,0,0,0,0,0,0,0,0,0,0,0,0,0,0,0,0,0,0,0,0,0,0,0,0,0,0,0,0,0,0,0,0,0,0,0,0,0,0,0,0,0,0,0,0,0,0,0,0,0,0,0,0,0,0,0,0,0,0,0,0,0,0,0,0,0,0,0,0,0,0,0,0,0,0,0,0,0,0,0,0,0,0,0,0,0,0,0,0,0,0,0,0,0,0,0,0,0,0,0,0,0,0,0,0,0,0,0,0,0,0,0,0,0,0,0,0,0,0,0,0,0,0,0,0,0,0,0,0,0,0,0,0,0,0,0,0,0,0,0,0,0,0,0,0,0,0,0,0,0,0,0,0,0,0,0,0,0,0,0,0,0,0,0,0,0,0
554373,399,130117,17111,1301,1,0,13993,703,450,3139,17111,639,36,707,2430,542,1283,273,491,3045,271,432,1055,497,3166,284,996,741,442,2927,242,401,661,746,2920,267,1289,957,533,2979,411,618,799,432,3210,401,6875,849,430,3142,309,483,776,711,2988,226,419,801,455,2840,229,568,744,520,2906,263,866,719,435,3125,269,404,690,611,2963,225,603,709,438,2852,236,417,1007,520,1102,199,390,631,437,2857,230,485,816,535,3005,252,6577,1013,475,3177,251,448,694,433,2963,403,595,0,0,0,0,0,0,0,0,0,0,0,0,0,0,0,0,0,0,0,0,0,0,0,0,0,0,0,0,0,0,0,0,0,0,0,0,0,0,0,0,0,0,0,0,0,0,0,0,0,0,0,0,0,0,0,0,0,0,0,0,0,0,0,0,0,0,0,0,0,0,0,0,0,0,0,0,0,0,0,0,0,0,0,0,0,0,0,0,0,0,0,0,0,0,0,0,0,0,0,0,0,0,0,0,0,0,0,0,0,0,0,0,0,0,0,0,0,0,0,0,0,0,0,0,0,0,0,0,0,0,0,0,0,0,0,0,0,0,0,0,0,0,0,0,0,0,0,0,0,0,0,0,0,0,0,0,0,0,0,0,0,0,0,0,0,0,0,0,0,0,0,0,0,0,0,0,0,0,0,0,0,0,0,0,0,0,0,0,0,0,0,0,0,0,0,0,0,0,0,0
555373,400,128609,16930,1286,1,0,15858,711,436,3008,16930,531,17,684,2429,502,922,387,425,2927,233,593,818,508,3303,255,1091,763,513,3119,237,406,664,549,2969,225,1278,857,573,3000,272,414,802,525,2956,286,6546,813,455,2981,248,415,675,440,2941,227,768,697,427,2865,236,569,715,428,2929,402,891,719,426,1772,190,389,700,455,2932,447,663,720,424,2883,232,586,749,460,3003,401,450,710,424,2857,232,487,863,648,2989,250,6751,979,477,2949,263,498,816,432,2936,238,423,0,0,0,0,0,0,0,0,0,0,0,0,0,0,0,0,0,0,0,0,0,0,0,0,0,0,0,0,0,0,0,0,0,0,0,0,0,0,0,0,0,0,0,0,0,0,0,0,0,0,0,0,0,0,0,0,0,0,0,0,0,0,0,0,0,0,0,0,0,0,0,0,0,0,0,0,0,0,0,0,0,0,0,0,0,0,0,0,0,0,0,0,0,0,0,0,0,0,0,0,0,0,0,0,0,0,0,0,0,0,0,0,0,0,0,0,0,0,0,0,0,0,0,0,0,0,0,0,0,0,0,0,0,0,0,0,0,0,0,0,0,0,0,0,0,0,0,0,0,0,0,0,0,0,0,0,0,0,0,0,0,0,0,0,0,0,0,0,0,0,0,0,0,0,0,0,0,0,0,0,0,0,0,0,0,0,0,0,0,0,0,0,0,0,0,0,0,0,0,0
556372,401,127485,15289,1274,2,0,15746,685,428,2797,15289,535,21,591,2335,510,915,279,546,2915,234,416,685,437,3009,442,1025,774,420,2963,240,414,669,582,2907,228,1359,851,443,2835,230,400,860,428,2933,266,6472,814,527,2887,270,420,782,528,1106,171,677,703,424,3006,262,407,789,427,3164,267,1033,690,428,3079,239,407,650,416,2878,230,699,729,439,2850,228,427,692,469,2894,228,403,646,423,2782,258,559,806,566,2907,260,11160,816,20,2747,660,154,382,475,2325,511,921,0,0,0,0,0,0,0,0,0,0,0,0,0,0,0,0,0,0,0,0,0,0,0,0,0,0,0,0,0,0,0,0,0,0,0,0,0,0,0,0,0,0,0,0,0,0,0,0,0,0,0,0,0,0,0,0,0,0,0,0,0,0,0,0,0,0,0,0,0,0,0,0,0,0,0,0,0,0,0,0,0,0,0,0,0,0,0,0,0,0,0,0,0,0,0,0,0,0,0,0,0,0,0,0,0,0,0,0,0,0,0,0,0,0,0,0,0,0,0,0,0,0,0,0,0,0,0,0,0,0,0,0,0,0,0,0,0,0,0,0,0,0,0,0,0,0,0,0,0,0,0,0,0,0,0,0,0,0,0,0,0,0,0,0,0,0,0,0,0,0,0,0,0,0,0,0,0,0,0,0,0,0,0,0,0,0,0,0,0,0,0,0,0,0,0,0,0,0,0,0
557373,402,123799,16939,1237,1,0,14095,252,406,2950,16939,529,17,575,2360,504,920,225,493,2925,227,405,650,423,2924,232,984,827,431,2891,242,401,655,422,2884,230,1277,834,554,2891,232,404,698,430,1072,166,6433,819,435,2807,234,400,648,425,2886,229,418,659,426,2778,241,409,752,425,2881,409,886,727,425,2980,227,403,639,594,2976,223,602,812,467,2944,236,574,727,462,2944,393,498,714,424,3027,226,490,751,536,2975,249,6749,892,476,2922,227,418,640,421,2931,243,554,0,0,0,0,0,0,0,0,0,0,0,0,0,0,0,0,0,0,0,0,0,0,0,0,0,0,0,0,0,0,0,0,0,0,0,0,0,0,0,0,0,0,0,0,0,0,0,0,0,0,0,0,0,0,0,0,0,0,0,0,0,0,0,0,0,0,0,0,0,0,0,0,0,0,0,0,0,0,0,0,0,0,0,0,0,0,0,0,0,0,0,0,0,0,0,0,0,0,0,0,0,0,0,0,0,0,0,0,0,0,0,0,0,0,0,0,0,0,0,0,0,0,0,0,0,0,0,0,0,0,0,0,0,0,0,0,0,0,0,0,0,0,0,0,0,0,0,0,0,0,0,0,0,0,0,0,0,0,0,0,0,0,0,0,0,0,0,0,0,0,0,0,0,0,0,0,0,0,0,0,0,0,0,0,0,0,0,0,0,0,0,0,0,0,0,0,0,0,0,0
558373,403,126699,16974,1266,1,0,15753,664,420,2798,16974,528,21,593,2428,507,910,382,460,2890,225,570,730,427,2940,410,1033,747,433,1135,194,406,689,551,2996,229,1276,959,489,2869,230,569,717,426,2908,400,6681,813,422,2995,229,402,652,599,2904,228,770,730,507,2864,232,415,642,432,2867,245,834,695,425,2807,239,408,661,430,2886,228,606,666,433,2784,238,405,955,546,3191,271,505,793,447,2876,265,503,825,543,3141,251,6579,817,512,3100,230,497,726,515,3067,273,764,0,0,0,0,0,0,0,0,0,0,0,0,0,0,0,0,0,0,0,0,0,0,0,0,0,0,0,0,0,0,0,0,0,0,0,0,0,0,0,0,0,0,0,0,0,0,0,0,0,0,0,0,0,0,0,0,0,0,0,0,0,0,0,0,0,0,0,0,0,0,0,0,0,0,0,0,0,0,0,0,0,0,0,0,0,0,0,0,0,0,0,0,0,0,0,0,0,0,0,0,0,0,0,0,0,0,0,0,0,0,0,0,0,0,0,0,0,0,0,0,0,0,0,0,0,0,0,0,0,0,0,0,0,0,0,0,0,0,0,0,0,0,0,0,0,0,0,0,0,0,0,0,0,0,0,0,0,0,0,0,0,0,0,0,0,0,0,0,0,0,0,0,0,0,0,0,0,0,0,0,0,0,0,0,0,0,0,0,0,0,0,0,0,0,0,0,0,0,0,0
559373,404,124744,16909,1247,1,0,15760,800,420,2812,16909,528,17,575,2330,514,930,268,509,1094,172,379,641,428,2888,231,981,718,526,2982,319,538,687,431,2962,231,1355,807,526,2956,234,497,765,431,2948,221,6553,814,433,3188,248,402,663,427,3529,242,562,674,430,2839,269,417,704,529,2902,228,832,726,434,2787,231,496,699,473,2892,224,599,670,423,3077,244,488,736,525,2959,233,428,669,427,3012,234,504,731,656,2984,247,6588,970,561,2986,240,578,722,551,1109,283,903,0,0,0,0,0,0,0,0,0,0,0,0,0,0,0,0,0,0,0,0,0,0,0,0,0,0,0,0,0,0,0,0,0,0,0,0,0,0,0,0,0,0,0,0,0,0,0,0,0,0,0,0,0,0,0,0,0,0,0,0,0,0,0,0,0,0,0,0,0,0,0,0,0,0,0,0,0,0,0,0,0,0,0,0,0,0,0,0,0,0,0,0,0,0,0,0,0,0,0,0,0,0,0,0,0,0,0,0,0,0,0,0,0,0,0,0,0,0,0,0,0,0,0,0,0,0,0,0,0,0,0,0,0,0,0,0,0,0,0,0,0,0,0,0,0,0,0,0,0,0,0,0,0,0,0,0,0,0,0,0,0,0,0,0,0,0,0,0,0,0,0,0,0,0,0,0,0,0,0,0,0,0,0,0,0,0,0,0,0,0,0,0,0,0,0,0,0,0,0,0
560373,405,162391,16144,1623,3,0,15716,823,515,3081,15827,532,58,683,8633,500,1082,384,440,2977,252,659,795,551,3098,407,1103,12189,505,3131,718,184,405,523,2436,501,1461,419,430,2980,225,422,953,425,2884,288,6073,812,422,3641,227,551,704,589,2896,239,425,978,511,2963,231,464,684,427,2884,251,841,702,432,2803,232,404,6471,504,2901,310,606,720,429,2895,243,413,672,461,16144,243,18,399,535,2595,514,679,234,600,1122,238,6664,824,435,3235,229,459,693,442,2882,1043,674,0,0,0,0,0,0,4,4,4,4,4,4,4,4,4,4,4,4,4,4,0,0,0,0,0,0,0,0,0,0,0,0,0,0,0,0,0,0,0,0,0,0,0,0,0,0,0,0,0,0,0,0,0,0,0,0,0,0,0,0,0,0,0,0,8,8,8,8,8,8,8,8,8,8,8,8,8,0,0,0,0,0,0,0,0,0,0,0,0,0,0,0,0,0,0,0,0,0,0,0,0,0,0,0,0,0,0,4,0,0,0,0,0,0,0,0,0,0,0,0,4,0,0,0,0,0,0,0,0,0,0,0,0,0,0,0,0,0,0,0,0,0,0,0,0,0,0,0,0,0,0,0,0,0,0,0,0,0,0,0,0,0,0,0,0,8,0,0,0,0,0,0,0,0,0,0,0,8,0,0,0,0,0,0,0,0,0,0,0,0,0,0,0,0,0,0,0,0,0,0
561373,406,129372,17044,1293,1,0,14611,714,531,3110,17044,525,17,724,2435,502,1057,397,531,2970,233,570,722,550,3003,400,1222,825,524,3129,242,501,696,595,2960,227,1461,1002,541,2902,232,676,767,447,2937,285,6826,853,424,2888,239,413,682,427,2942,228,778,821,507,2969,230,414,801,444,2939,238,837,993,493,3122,228,439,709,593,2904,224,605,834,528,1105,198,565,756,513,2912,406,438,697,502,2967,227,498,732,540,2936,256,6561,817,522,3158,249,432,669,426,2864,229,419,0,0,0,0,0,0,0,0,0,0,0,0,0,0,0,0,0,0,0,0,0,0,0,0,0,0,0,0,0,0,0,0,0,0,0,0,0,0,0,0,0,0,0,0,0,0,0,0,0,0,0,0,0,0,0,0,0,0,0,0,0,0,0,0,0,0,0,0,0,0,0,0,0,0,0,0,0,0,0,0,0,0,0,0,0,0,0,0,0,0,0,0,0,0,0,0,0,0,0,0,0,0,0,0,0,0,0,0,0,0,0,0,0,0,0,0,0,0,0,0,0,0,0,0,0,0,0,0,0,0,0,0,0,0,0,0,0,0,0,0,0,0,0,0,0,0,0,0,0,0,0,0,0,0,0,0,0,0,0,0,0,0,0,0,0,0,0,0,0,0,0,0,0,0,0,0,0,0,0,0,0,0,0,0,0,0,0,0,0,0,0,0,0,0,0,0,0,0,0,0
562372,407,127662,16963,1276,2,0,15821,685,519,2961,16963,528,17,582,2336,510,916,213,491,3125,238,410,647,437,2875,233,991,727,440,2857,243,410,671,435,2950,225,1273,806,419,2835,230,401,630,476,2898,231,6517,814,422,2817,232,399,651,422,2924,228,560,665,420,2869,232,400,640,421,2920,241,839,779,430,1000,179,378,636,436,2936,226,601,681,441,2878,235,406,664,452,2893,230,402,645,423,2827,238,666,872,580,2966,260,11796,830,19,2754,663,154,380,480,2327,511,921,0,0,0,0,0,0,0,0,0,0,0,0,0,0,0,0,0,0,0,0,0,0,0,0,0,0,0,0,0,0,0,0,0,0,0,0,0,0,0,0,0,0,0,0,0,0,0,0,0,0,0,0,0,0,0,0,0,0,0,0,0,0,0,0,0,0,0,0,0,0,0,0,0,0,0,0,0,0,0,0,0,0,0,0,0,0,0,0,0,0,0,0,0,0,0,0,0,0,0,0,0,0,0,0,0,0,0,0,0,0,0,0,0,0,0,0,0,0,0,0,0,0,0,0,0,0,0,0,0,0,0,0,0,0,0,0,0,0,0,0,0,0,0,0,0,0,0,0,0,0,0,0,0,0,0,0,0,0,0,0,0,0,0,0,0,0,0,0,0,0,0,0,0,0,0,0,0,0,0,0,0,0,0,0,0,0,0,0,0,0,0,0,0,0,0,0,0,0,0,0
563373,408,332536,150409,3325,2,0,15771,187,382,2815,150409,654,733,456,6898,234,877,710,418,2801,259,413,702,402,877,155,1060,914,481,2867,253,568,745,421,2772,397,1418,819,429,3052,254,419,709,614,2834,230,6583,870,445,4510,277,544,788,445,2782,6471,666,687,528,3066,280,415,819,637,2965,238,1077,815,442,58283,263,15,402,685,2495,709,965,226,628,3171,234,403,678,588,2870,234,466,7542,417,1240,174,659,755,430,2960,404,6276,804,450,3089,233,401,644,599,3055,235,866,0,0,0,0,0,0,0,0,0,0,0,0,0,0,0,0,0,0,0,0,0,0,0,0,0,0,0,0,0,0,0,0,0,0,0,0,0,0,0,0,0,0,0,0,0,0,0,8,8,8,8,8,8,8,8,8,8,8,8,8,8,8,0,0,0,0,0,0,0,0,8,8,8,8,8,8,8,8,8,8,8,0,0,0,0,0,0,0,0,0,0,0,0,0,0,0,0,0,0,0,0,0,0,0,0,0,0,0,0,0,0,0,0,0,0,0,0,0,0,0,0,0,0,0,0,0,0,0,0,0,0,0,0,0,0,0,0,0,0,0,0,0,0,0,0,0,0,0,8,0,0,0,0,0,0,0,0,0,0,0,0,0,8,0,0,0,0,0,0,0,0,8,0,0,0,0,0,0,0,0,8,0,0,0,0,0,0,0,0,0,0,0,0,0,0,0,0,0,0,0
564553,409,701676,558518,7016,2,0,149220,874,568,2995,558518,1323,80,997,14413,553,473,1023,577,1344,246,785,1469,68,2700,761,864,703,835,3332,793,922,513,737,3219,392,1567,1159,661,3197,476,925,1109,781,3145,635,6405,980,616,3281,506,710,1095,965,3194,480,853,1120,691,3172,392,986,1123,768,3141,544,1204,955,613,3181,369,788,1104,767,3209,482,900,967,611,3168,358,685,1117,758,3208,483,836,961,638,1269,324,833,1118,753,3203,481,7006,993,634,3155,360,661,1081,805,3248,487,1149,0,0,0,0,0,0,0,0,0,0,0,0,0,0,0,0,0,0,0,0,0,0,0,0,0,0,0,0,0,0,0,0,0,0,0,0,0,0,0,0,0,0,0,0,0,0,0,0,0,0,0,0,0,0,0,0,0,0,0,0,0,0,0,0,0,0,0,0,0,0,0,0,0,0,0,0,0,0,0,0,0,0,0,0,0,0,0,0,0,0,0,0,0,0,0,0,0,0,0,0,0,0,0,0,0,0,0,0,0,0,0,0,0,0,0,0,0,0,0,0,0,0,0,0,0,0,0,0,0,0,0,0,0,0,0,0,0,0,0,0,0,0,0,0,0,0,0,0,0,0,0,0,0,0,0,0,0,0,0,0,0,0,0,0,0,0,0,0,0,0,0,0,0,0,0,0,0,0,0,0,0,0,0,0,0,0,0,0,0,0,0,0,0,0,0,0,0,0,0,0
566093,410,419377,278231,4193,3,0,557305,1304,149,3071,278231,571,178,825,10778,509,796,786,918,2991,789,926,605,627,3105,359,1526,1121,758,3342,487,726,22220,512,3031,708,1136,515,565,2603,513,530,324,430,2810,256,6554,815,422,2878,400,430,723,425,2740,252,573,718,559,3012,228,400,651,421,2710,250,904,699,416,2792,230,399,651,427,2667,244,619,704,422,2825,234,412,688,423,955,247,416,689,413,2821,231,405,794,493,2821,268,6660,820,442,2819,248,405,695,410,2727,250,800,0,0,0,0,0,0,0,0,0,0,0,0,0,0,16,16,16,16,16,16,16,16,16,16,16,0,0,0,0,0,0,0,0,0,0,0,0,0,0,0,0,0,0,0,0,0,0,0,0,0,0,0,0,0,0,0,0,0,0,0,0,0,0,0,0,0,0,0,0,0,0,0,0,0,0,0,0,0,0,0,0,0,0,0,0,0,0,0,0,0,0,0,0,0,0,0,0,0,0,0,0,0,0,0,0,0,0,0,0,0,0,0,0,0,0,16,0,0,0,0,0,0,0,0,0,16,0,0,0,0,0,0,0,0,0,0,0,0,0,0,0,0,0,0,0,0,0,0,0,0,0,0,0,0,0,0,0,0,0,0,0,0,0,0,0,0,0,0,0,0,0,0,0,0,0,0,0,0,0,0,0,0,0,0,0,0,0,0,0,0,0,0,0,0,0,0,0,0,0,0
567363,411,123925,15281,1239,1,0,276367,699,404,2809,15281,533,17,574,2421,543,931,217,398,2846,230,401,645,431,2693,248,993,732,416,2819,242,414,688,423,3514,246,3100,800,585,2916,231,399,790,483,2804,252,6633,814,422,2895,245,403,641,421,2753,255,448,720,406,2875,233,402,656,424,2739,254,870,681,431,2852,398,434,694,419,988,252,621,672,433,2865,234,422,702,440,2820,252,429,712,404,2881,404,433,806,500,3063,263,6623,819,593,2997,268,460,848,471,2821,252,591,0,0,0,0,0,0,0,0,0,0,0,0,0,0,0,0,0,0,0,0,0,0,0,0,0,0,0,0,0,0,0,0,0,0,0,0,0,0,0,0,0,0,0,0,0,0,0,0,0,0,0,0,0,0,0,0,0,0,0,0,0,0,0,0,0,0,0,0,0,0,0,0,0,0,0,0,0,0,0,0,0,0,0,0,0,0,0,0,0,0,0,0,0,0,0,0,0,0,0,0,0,0,0,0,0,0,0,0,0,0,0,0,0,0,0,0,0,0,0,0,0,0,0,0,0,0,0,0,0,0,0,0,0,0,0,0,0,0,0,0,0,0,0,0,0,0,0,0,0,0,0,0,0,0,0,0,0,0,0,0,0,0,0,0,0,0,0,0,0,0,0,0,0,0,0,0,0,0,0,0,0,0,0,0,0,0,0,0,0,0,0,0,0,0,0,0,0,0,0,0
568363,412,122067,17015,1220,1,0,14082,719,414,2813,17015,527,17,572,2444,542,926,214,403,2852,238,410,658,424,2674,249,1012,743,416,2807,252,414,699,422,2941,247,1280,803,467,2934,237,407,649,415,2742,253,6611,811,422,2885,235,399,641,431,2700,247,799,693,399,1004,174,393,646,414,2660,251,886,708,405,2851,232,404,636,431,2758,252,616,711,400,2874,244,420,688,429,2830,252,418,713,404,2876,234,402,886,530,3212,257,6703,889,458,2919,243,407,648,415,2671,247,442,0,0,0,0,0,0,0,0,0,0,0,0,0,0,0,0,0,0,0,0,0,0,0,0,0,0,0,0,0,0,0,0,0,0,0,0,0,0,0,0,0,0,0,0,0,0,0,0,0,0,0,0,0,0,0,0,0,0,0,0,0,0,0,0,0,0,0,0,0,0,0,0,0,0,0,0,0,0,0,0,0,0,0,0,0,0,0,0,0,0,0,0,0,0,0,0,0,0,0,0,0,0,0,0,0,0,0,0,0,0,0,0,0,0,0,0,0,0,0,0,0,0,0,0,0,0,0,0,0,0,0,0,0,0,0,0,0,0,0,0,0,0,0,0,0,0,0,0,0,0,0,0,0,0,0,0,0,0,0,0,0,0,0,0,0,0,0,0,0,0,0,0,0,0,0,0,0,0,0,0,0,0,0,0,0,0,0,0,0,0,0,0,0,0,0,0,0,0,0,0
569362,413,124061,16908,1240,1,0,15778,726,393,2836,16908,527,17,580,2428,543,925,212,394,2887,232,403,642,422,2662,249,1010,743,416,2850,240,414,701,433,2707,250,1284,799,588,2961,232,399,793,469,2731,254,6624,814,422,1042,341,433,699,429,2821,250,576,710,548,2981,231,400,799,467,2736,254,1026,734,419,2848,401,446,705,433,2736,250,616,708,433,2926,237,414,688,429,2836,254,445,711,395,2962,240,407,803,495,2894,269,6557,819,680,3067,233,401,794,465,2798,255,995,0,0,0,0,0,0,0,0,0,0,0,0,0,0,0,0,0,0,0,0,0,0,0,0,0,0,0,0,0,0,0,0,0,0,0,0,0,0,0,0,0,0,0,0,0,0,0,0,0,0,0,0,0,0,0,0,0,0,0,0,0,0,0,0,0,0,0,0,0,0,0,0,0,0,0,0,0,0,0,0,0,0,0,0,0,0,0,0,0,0,0,0,0,0,0,0,0,0,0,0,0,0,0,0,0,0,0,0,0,0,0,0,0,0,0,0,0,0,0,0,0,0,0,0,0,0,0,0,0,0,0,0,0,0,0,0,0,0,0,0,0,0,0,0,0,0,0,0,0,0,0,0,0,0,0,0,0,0,0,0,0,0,0,0,0,0,0,0,0,0,0,0,0,0,0,0,0,0,0,0,0,0,0,0,0,0,0,0,0,0,0,0,0,0,0,0,0,0,0,0
570363,414,129113,21915,1291,1,0,15709,743,425,2974,21915,530,17,719,2435,499,910,389,441,2977,229,571,717,429,2868,402,1023,755,431,2995,242,407,674,586,2902,228,1394,869,444,2875,229,414,639,421,2866,243,6531,814,422,2878,232,401,649,428,1076,172,538,643,426,2832,232,400,640,445,2923,231,834,694,427,2899,237,410,642,426,2927,232,601,670,428,2878,235,408,668,464,2949,228,402,646,423,2862,230,497,741,494,3023,248,6700,895,463,2921,235,400,645,422,2865,234,770,0,0,0,0,0,0,0,0,0,0,0,0,0,0,0,0,0,0,0,0,0,0,0,0,0,0,0,0,0,0,0,0,0,0,0,0,0,0,0,0,0,0,0,0,0,0,0,0,0,0,0,0,0,0,0,0,0,0,0,0,0,0,0,0,0,0,0,0,0,0,0,0,0,0,0,0,0,0,0,0,0,0,0,0,0,0,0,0,0,0,0,0,0,0,0,0,0,0,0,0,0,0,0,0,0,0,0,0,0,0,0,0,0,0,0,0,0,0,0,0,0,0,0,0,0,0,0,0,0,0,0,0,0,0,0,0,0,0,0,0,0,0,0,0,0,0,0,0,0,0,0,0,0,0,0,0,0,0,0,0,0,0,0,0,0,0,0,0,0,0,0,0,0,0,0,0,0,0,0,0,0,0,0,0,0,0,0,0,0,0,0,0,0,0,0,0,0,0,0,0
571373,415,142530,15232,1425,2,0,20572,679,437,2871,15232,534,17,574,2330,515,911,215,393,2834,232,401,649,424,2865,233,981,721,451,2866,242,401,663,420,2896,226,1267,817,422,1034,177,392,625,433,2953,402,6668,842,434,3062,227,401,638,589,2966,226,416,801,455,2944,230,571,725,439,2928,396,886,725,435,3033,6559,509,682,598,2963,231,602,819,481,2959,13625,409,17,613,2436,513,550,185,396,2951,231,487,738,1250,3056,249,6709,872,585,3031,239,420,644,428,2919,243,559,0,0,0,0,0,0,0,0,0,0,0,0,0,0,0,0,0,0,0,0,0,0,0,0,0,0,0,0,0,0,0,0,0,0,0,0,0,0,0,0,0,0,0,0,0,0,0,0,0,0,0,0,0,0,0,0,0,0,0,0,0,0,1,1,1,1,1,1,1,1,1,1,1,0,0,0,0,0,0,0,0,0,0,0,0,0,0,0,0,0,0,0,0,0,0,0,0,0,0,0,0,0,0,0,0,0,0,0,0,0,0,0,0,0,0,0,0,0,0,0,0,0,0,0,0,0,0,0,0,0,0,0,0,0,0,0,0,0,0,0,0,0,0,0,0,0,0,0,0,0,0,0,0,0,0,0,0,0,0,0,0,0,0,1,0,0,0,0,0,0,0,0,0,1,0,0,0,0,0,0,0,0,0,0,0,0,0,0,0,0,0,0,0,0,0,0,0,0,0,0
572373,416,223428,90487,2234,2,0,14045,673,6763,3134,16937,533,13,598,2418,510,905,219,393,2901,237,577,726,439,1079,178,971,723,430,2929,239,400,665,430,2935,227,1270,818,418,2911,230,414,641,431,2872,406,6685,811,424,3123,231,396,638,598,2962,227,761,827,462,2976,233,447,668,426,2939,233,827,694,428,2863,229,397,659,441,2931,231,598,671,440,2910,238,410,666,456,2972,240,403,647,90487,4358,295,460,679,422,2732,232,7925,961,478,2891,233,409,631,430,2743,394,657,16,16,16,16,16,16,16,16,16,16,16,16,16,16,16,16,16,16,16,16,16,16,16,16,16,16,16,16,16,16,16,16,16,16,16,16,16,16,16,16,16,16,16,16,16,16,16,16,16,16,16,16,16,16,16,16,16,16,16,16,16,16,16,16,16,16,16,16,16,16,16,16,16,16,16,16,16,16,16,16,16,16,16,16,16,16,16,16,16,16,16,16,16,16,16,16,16,16,16,16,0,16,0,0,0,0,0,0,0,0,0,0,0,0,0,0,0,0,0,0,0,0,0,0,0,0,0,0,0,0,0,0,0,0,0,0,0,0,0,0,0,0,0,0,0,0,0,0,0,0,0,0,0,0,0,0,0,0,0,0,0,0,0,0,0,0,0,0,0,0,0,0,0,0,0,0,0,0,0,0,0,16,0,0,0,0,0,0,0,0,0,0,0,0,0,0,0,0,0,0
573453,417,156396,17089,1563,2,0,15745,729,416,2859,17089,533,14,716,2511,8105,1093,204,395,2890,227,470,748,437,2737,233,1050,718,460,2847,225,403,635,422,2741,235,472,680,436,2825,227,7976,800,416,2735,235,7880,810,432,2857,12704,512,17,718,2505,514,1024,203,384,982,166,539,723,449,2752,243,914,700,431,2984,225,409,676,441,2769,244,688,739,452,2860,237,410,631,6877,2973,251,481,751,529,2916,234,396,628,435,2745,237,6557,804,420,2859,238,407,641,410,2720,236,483,16,16,16,16,16,16,16,16,0,0,0,0,0,0,0,0,0,0,0,0,0,0,0,0,0,0,0,0,0,0,0,0,16,16,16,16,16,16,16,16,16,16,16,0,0,0,0,0,0,0,0,0,0,0,0,0,0,0,0,0,0,0,0,0,0,0,0,0,0,0,0,0,0,0,0,16,16,16,16,16,16,16,16,16,16,16,16,16,16,16,16,16,16,16,16,16,16,16,16,16,0,0,0,0,0,0,0,0,16,0,0,0,0,0,0,0,0,0,0,0,0,0,0,0,0,0,0,0,0,0,0,0,0,0,16,0,0,0,0,0,0,0,0,16,0,0,0,0,0,0,0,0,0,0,0,0,0,0,0,0,0,0,0,0,0,0,0,0,0,0,0,0,0,0,0,0,16,0,0,0,0,0,0,0,0,0,0,0,0,0,0,0,0,0,0,0,0,0,0,0
574453,418,132580,17007,1325,2,0,15894,717,434,2813,17007,529,13,580,2476,511,1005,211,397,2888,232,403,698,433,2767,241,1058,728,440,2841,229,399,646,430,2736,232,489,686,431,2862,234,398,632,415,856,183,6621,799,420,2791,232,396,655,427,2656,231,618,685,458,2788,232,398,634,12588,2965,240,919,702,410,2759,234,404,690,444,2678,240,680,696,447,2851,235,403,628,508,2943,249,492,740,526,2856,236,398,644,428,2656,233,6619,806,429,2784,233,400,636,419,2727,234,850,16,16,16,16,16,16,16,16,16,16,16,16,16,16,16,16,16,16,16,16,16,16,16,16,16,16,16,16,16,16,16,16,16,16,16,16,16,16,16,16,16,16,16,16,16,16,16,16,16,16,16,16,16,16,16,16,16,16,16,16,16,16,16,16,16,16,16,16,16,16,16,16,16,16,16,16,16,16,16,16,16,16,16,16,16,16,16,16,16,16,16,16,16,16,16,16,16,16,16,16,0,0,0,0,0,0,0,0,0,0,0,0,0,0,0,0,0,0,0,0,0,0,0,0,0,0,0,0,0,0,0,0,0,0,0,0,0,0,0,0,0,0,0,0,0,0,0,0,0,0,0,0,0,0,0,0,16,0,0,0,0,0,0,0,0,0,0,0,0,0,0,0,0,0,0,0,0,0,0,0,0,0,0,0,0,0,0,0,0,0,0,0,0,0,0,0,0,0,0,0
