millis,sequence,total_us,max_us,avg_us,overrun_count,dropped_reports,previous_write_us,b00_us,b01_us,b02_us,b03_us,b04_us,b05_us,b06_us,b07_us,b08_us,b09_us,b10_us,b11_us,b12_us,b13_us,b14_us,b15_us,b16_us,b17_us,b18_us,b19_us,b20_us,b21_us,b22_us,b23_us,b24_us,b25_us,b26_us,b27_us,b28_us,b29_us,b30_us,b31_us,b32_us,b33_us,b34_us,b35_us,b36_us,b37_us,b38_us,b39_us,b40_us,b41_us,b42_us,b43_us,b44_us,b45_us,b46_us,b47_us,b48_us,b49_us,b50_us,b51_us,b52_us,b53_us,b54_us,b55_us,b56_us,b57_us,b58_us,b59_us,b60_us,b61_us,b62_us,b63_us,b64_us,b65_us,b66_us,b67_us,b68_us,b69_us,b70_us,b71_us,b72_us,b73_us,b74_us,b75_us,b76_us,b77_us,b78_us,b79_us,b80_us,b81_us,b82_us,b83_us,b84_us,b85_us,b86_us,b87_us,b88_us,b89_us,b90_us,b91_us,b92_us,b93_us,b94_us,b95_us,b96_us,b97_us,b98_us,b99_us
3922,1,117122,18364,1171,3,0,0,0,18364,2212,275,377,423,354,2002,210,745,574,362,2033,203,371,413,363,2006,213,956,515,378,2118,207,357,413,493,2180,209,392,457,368,693,134,374,423,369,1980,209,11993,590,10,2212,460,122,344,300,1850,480,592,138,348,2046,216,366,821,379,2508,239,716,690,384,2655,243,362,529,388,2535,241,567,644,396,2711,240,363,521,377,2565,242,372,642,388,2658,238,362,541,390,2572,241,12050,710,13,2678,601,132,345,396,2382,516,787
4892,2,1186737,1070079,11867,4,0,0,322,369,2728,1070079,660,715,378,12514,239,341,428,432,2438,515,530,160,358,771,150,1055,676,29,2764,598,259,381,423,2390,512,454,143,343,2647,243,431,579,391,2598,242,11982,687,12,2667,603,262,390,428,2394,511,597,128,343,2642,241,444,574,383,2595,242,714,626,402,2695,239,436,613,386,2678,240,572,568,374,2671,241,440,623,387,2650,243,373,583,379,2669,242,431,616,382,2655,244,11995,724,12,2674,639,313,375,465,2423,513,822
6953,3,112280,12385,1122,2,0,20452,169,347,2702,12385,524,10,497,544,374,746,210,353,2694,242,442,628,390,2642,242,1093,40,636,2464,512,568,155,362,2667,246,389,578,389,2722,239,430,629,397,2642,242,12000,736,16,2685,641,273,391,480,2422,512,483,146,344,2685,245,439,622,391,2649,246,729,658,392,2704,237,437,631,400,2661,244,571,572,378,2692,241,428,632,393,2647,245,374,587,381,2671,239,433,630,394,2652,245,6622,782,402,885,151,560,633,385,2651,239,525
7952,4,109542,12378,1095,1,0,11189,586,371,2671,12378,531,10,498,2411,513,777,204,367,2712,242,429,634,390,2662,241,1083,38,635,2462,512,578,161,356,2652,247,389,590,391,2675,239,436,629,413,2668,242,6194,783,384,2743,239,433,635,388,2640,244,745,596,385,2686,241,431,633,400,2642,246,728,640,396,2747,237,435,632,389,2640,244,581,590,378,2673,242,428,640,412,2657,245,372,578,379,871,154,512,634,384,2640,247,6210,780,382,2706,239,456,659,409,2659,241,385
8952,5,230036,117455,2300,2,0,11183,592,376,2696,12366,524,10,496,2428,510,778,204,350,2687,243,445,629,396,2645,245,1075,37,643,2458,513,569,156,353,2684,244,388,575,386,2682,239,445,631,394,2657,242,6226,798,399,2690,237,435,631,389,2667,246,523,583,377,2678,239,454,632,403,2645,241,729,640,404,2703,239,432,630,390,820,151,558,582,391,2684,241,441,635,387,2646,6215,500,626,407,2698,249,441,639,388,2661,250,117455,791,18,5466,642,263,368,607,2546,692,927
10056,6,133426,12514,1334,1,0,11169,195,346,2815,12514,523,10,538,2525,539,1002,268,460,3131,242,685,642,395,2685,251,949,644,433,2754,248,438,6887,488,2772,237,394,642,392,2723,244,468,649,381,2637,264,6118,781,384,2970,244,435,762,402,3038,261,527,669,428,902,163,630,674,405,2650,252,759,783,397,2996,246,6530,749,560,2930,249,570,592,384,2706,238,491,785,439,2797,267,545,629,407,2667,252,438,649,543,8829,233,6133,930,436,2786,241,446,622,386,2656,285,740
11055,7,260015,143833,2600,2,0,11320,628,389,2750,10812,522,10,493,2427,512,976,261,579,3089,264,413,736,419,2921,263,1263,845,429,3075,269,403,710,458,3012,277,447,727,437,3087,143833,487,23,716,5263,535,6182,247,511,2844,237,368,565,390,2966,234,545,631,510,2833,249,367,565,457,2962,241,792,681,488,2796,237,362,574,438,2747,267,575,685,507,2814,232,367,574,465,858,234,385,642,518,2788,237,362,569,402,2640,389,6129,777,499,2809,239,364,565,516,2817,254,757
12185,8,132520,12350,1325,1,0,9620,627,507,2780,12350,524,10,510,2422,522,955,209,476,2800,238,366,581,474,2760,240,1073,716,512,2787,237,362,573,395,2626,241,500,645,500,2802,239,367,570,555,4278,258,6391,780,580,2841,237,564,4359,135,2757,715,451,540,838,2695,663,996,420,676,3109,448,1148,953,645,3047,340,793,1025,754,1262,406,888,966,630,3107,352,528,1080,723,3112,451,687,1157,653,3049,336,517,1078,736,3124,451,6679,1077,685,3087,346,525,1100,753,3198,455,835
13186,9,151094,12639,1510,2,0,11156,1003,653,3065,12639,647,140,969,2822,744,1233,447,663,3087,338,523,1256,792,3195,444,1314,1040,664,3105,336,523,801,760,3181,452,705,999,650,3151,344,520,797,773,3185,457,6632,1061,758,3482,394,624,867,745,3213,451,1110,978,744,1435,296,523,804,813,2684,982,896,750,976,2780,657,700,310,11152,3234,450,1123,1052,771,3414,387,528,836,584,3441,449,683,964,793,3519,367,556,894,569,3260,453,5619,1053,764,3223,349,521,813,663,3392,444,692
14185,10,137907,13252,1379,1,0,11200,983,771,3218,13252,657,133,949,2869,777,1221,458,748,3206,394,633,855,639,3001,466,1293,1044,774,3230,775,648,846,561,2985,437,707,993,766,3216,457,694,862,571,2955,494,5647,1059,220,1196,911,384,537,736,2654,632,1166,399,750,3216,457,654,844,570,2950,341,1239,1032,759,3227,453,788,98,853,2670,627,1232,441,756,3230,459,667,959,570,2939,339,617,1051,776,3215,453,667,967,631,3008,341,5811,1067,763,3199,455,680,966,645,3074,383,939
15186,11,139367,12746,1393,1,0,11797,1083,758,3214,12746,764,330,843,2647,622,1064,368,738,3237,460,682,966,734,3059,333,1147,1058,754,3203,451,657,957,678,1139,290,545,1187,750,3216,457,668,960,760,3092,334,5431,927,754,3225,453,665,954,785,3076,341,548,799,805,3274,459,666,969,712,3133,339,961,864,752,3262,459,670,958,755,3132,340,741,879,854,3308,463,668,961,729,3422,356,551,796,634,3293,458,673,966,725,3156,346,5435,915,636,3318,459,674,967,770,3611,400,784
16186,12,139262,12709,1392,1,0,11215,849,631,3339,12709,768,185,886,2804,656,1055,367,644,3405,475,665,970,734,1260,519,1273,912,637,3390,462,654,991,708,3142,370,640,849,644,3021,469,653,982,697,3164,455,5552,939,637,3040,450,681,986,711,3102,452,1090,836,655,3034,478,666,1025,719,3157,452,1122,867,643,3043,342,745,995,749,3155,451,885,928,647,3036,343,756,999,715,3133,453,937,953,644,3054,338,641,1048,723,3123,449,5926,935,626,3039,344,616,1051,746,3216,456,694
17186,13,136499,12688,1364,1,0,11164,1189,644,1200,12688,758,192,908,2812,751,1249,384,637,3046,342,513,1124,772,3165,453,1293,1195,137,3225,852,293,701,942,2808,743,905,423,662,3040,347,522,1055,751,3133,455,5595,1061,662,3077,345,526,789,758,3174,457,835,968,804,3132,336,529,800,725,3236,448,1129,1038,788,3177,343,513,795,782,3193,447,890,1024,772,3171,330,519,803,745,3204,443,666,961,765,3166,334,516,791,578,3235,447,5608,1071,759,1858,338,504,796,648,3229,455,1102
18186,14,138298,12585,1382,1,0,11251,999,768,3174,12585,641,83,728,2884,746,1240,441,741,3462,359,531,822,606,3279,438,1291,1031,772,3206,374,520,856,527,3480,461,699,995,762,3207,368,622,841,580,3261,449,5575,1052,756,3213,384,567,878,579,2949,465,666,981,755,3212,467,664,856,555,2967,473,1160,1019,764,3196,445,664,857,657,2990,449,955,1101,760,3222,458,686,875,571,1074,293,758,991,759,3131,449,642,918,580,2947,342,5697,1100,754,3148,457,689,926,652,3022,378,919
19186,15,138376,12724,1383,1,0,11190,1019,765,3153,12724,786,95,758,2597,641,1176,485,737,3188,459,664,1050,647,2956,344,1129,1086,770,3214,441,671,955,613,2916,342,564,1059,765,3215,455,667,1357,647,2944,340,5424,1062,759,3238,451,660,958,681,3014,342,934,1121,766,3149,454,666,960,718,3041,341,956,871,765,3210,448,667,961,696,1213,285,763,874,764,3246,423,706,1006,832,2741,1063,361,781,975,2801,739,883,423,670,3123,348,5492,929,800,3270,454,675,956,766,3389,370,548
20185,16,142077,12786,1420,1,0,11195,808,632,3307,12786,762,177,883,3118,652,1072,344,609,3311,458,686,958,743,3778,378,1503,1100,739,3327,453,672,966,727,3519,382,669,855,644,3482,380,761,1009,706,3133,372,5429,929,636,3378,473,663,976,711,3122,381,738,845,629,1164,475,660,981,717,3127,523,1302,1213,152,3024,971,420,673,909,2800,744,1224,638,785,3500,453,685,967,703,3121,446,669,841,638,3036,779,702,1046,734,3140,451,5588,932,657,3034,340,755,1001,752,3208,456,1170
21186,17,137812,13099,1378,1,0,11234,947,641,3014,13099,736,170,875,2809,749,1629,349,620,3058,346,729,1008,747,3150,450,1316,938,634,3041,340,816,1039,732,3113,447,703,982,660,3050,344,530,1063,723,3113,450,5616,958,635,1165,287,520,1067,736,3094,446,683,1231,144,2824,821,277,700,954,2813,750,1235,442,672,3073,342,556,1141,777,3156,450,889,1019,758,3077,343,530,787,769,3193,447,671,977,643,3118,345,532,805,762,3170,462,5614,1062,1036,3177,343,519,790,751,3217,462,819
22186,18,139076,12599,1390,1,0,11627,1003,768,3179,12599,641,86,956,2836,752,1244,443,754,3186,344,517,808,616,3242,455,1294,1044,765,3239,347,512,795,574,1379,427,705,992,779,3256,359,548,842,553,3276,452,5602,1059,760,3515,376,523,815,560,3255,471,1124,1007,765,3216,391,546,848,551,3350,459,1114,1028,781,3217,363,553,861,588,3033,471,862,1095,772,3225,513,582,870,547,2953,458,696,981,758,3220,457,676,852,573,3001,452,5634,1064,760,3207,465,757,956,659,3080,397,785
23186,19,137860,11327,1378,1,0,11198,993,779,3224,11327,639,84,716,2662,628,1350,439,757,3224,456,774,895,607,1113,281,1421,1037,748,3222,460,670,947,575,2954,339,771,1012,752,3214,462,678,944,574,2951,345,5868,1047,763,3207,455,670,1019,649,2977,342,801,1079,773,3235,454,671,956,621,2968,388,968,1146,749,3205,454,668,992,664,3002,342,851,1113,755,3231,457,673,958,681,3002,483,570,1322,737,3215,447,655,952,669,3064,341,5435,937,757,3225,452,662,958,652,3116,385,948
24186,20,137830,12744,1378,1,0,9853,846,782,1413,12744,764,165,924,2958,803,1214,355,741,3254,457,665,961,724,3142,336,1138,890,814,3244,455,678,958,724,3125,341,562,826,645,3325,455,672,958,724,3168,352,5431,922,639,3541,451,675,954,706,3465,361,588,844,636,3365,449,665,951,753,3377,377,976,866,629,3294,483,676,991,759,3151,363,788,883,649,3340,476,668,974,701,3126,368,575,827,652,3040,478,650,984,693,3115,658,5516,923,632,1156,445,682,985,754,3211,463,778
25185,21,141230,14327,1412,1,0,11217,818,650,3098,14327,737,207,922,2818,748,1206,337,609,3032,342,757,998,720,3142,448,1261,903,656,3040,342,767,991,706,3161,453,830,915,630,3054,331,741,1005,716,3113,447,5907,936,648,3015,342,727,1032,716,3135,445,1091,946,646,3029,346,539,1073,723,3114,451,1121,1055,655,3058,342,525,1077,758,3204,445,885,1112,629,3055,341,534,1089,723,1242,419,687,962,668,3743,388,645,1064,760,3229,452,5604,1061,665,3045,346,532,1181,733,3203,465,689
26185,22,138342,12612,1383,1,0,12676,1012,668,3175,12612,640,78,980,2814,749,1246,441,663,3109,342,532,806,817,3201,451,1300,1037,776,3173,344,514,800,741,3194,450,696,989,766,3191,330,526,800,886,2691,976,5355,760,958,2776,632,694,309,530,3245,447,833,969,762,3209,349,513,793,566,3255,461,1152,1029,773,3451,361,548,837,629,1355,441,897,1031,747,3539,375,523,828,546,3307,454,686,974,767,3204,374,533,860,556,3518,470,5606,1055,760,3219,380,525,824,650,3080,459,1087
27186,23,136889,14040,1368,1,0,11196,975,765,3201,14040,639,88,717,2657,751,1275,437,742,3217,448,650,820,613,3019,458,1319,1036,757,3222,444,666,849,562,2927,337,785,1013,756,3216,450,643,864,559,2999,353,5669,1054,765,3201,451,925,957,583,2940,329,762,996,779,1322,413,669,939,563,2953,342,1219,1029,765,3206,446,676,956,622,2979,329,737,1092,223,2945,956,410,650,737,2660,636,706,472,741,3236,459,678,1041,92,2904,804,5211,757,941,2841,739,875,418,661,3087,383,689
28186,24,139588,12742,1395,1,0,11994,1018,793,3303,12742,767,177,1068,2786,629,1092,338,760,3217,456,667,957,645,3037,331,1135,889,751,3225,458,673,960,829,3080,341,555,817,780,3236,458,671,960,726,3129,339,5430,942,731,1366,412,661,936,724,3147,350,937,823,951,3427,449,673,946,716,3170,327,955,870,637,3327,450,652,950,752,3119,366,764,869,644,3459,456,690,994,697,3299,358,558,853,642,3615,454,661,947,730,3116,374,5446,938,631,3310,479,670,992,751,3201,349,650
29186,25,138705,12776,1387,1,0,11190,830,635,3292,12776,760,170,886,2808,667,1191,338,623,3065,466,652,991,716,3156,456,1277,894,634,3041,372,652,1043,727,1242,416,742,864,664,3043,391,748,984,724,3148,448,5590,921,637,3037,336,747,1014,705,3138,442,921,933,633,3056,344,741,989,712,3189,449,1335,945,650,3031,345,724,1021,763,3155,450,882,947,653,3020,338,768,1024,731,3144,454,676,945,643,3036,342,531,1081,736,3123,451,5618,950,645,3036,347,516,1070,756,3195,458,1104
30186,26,138441,13086,1384,1,0,11225,1249,151,3029,13086,373,210,722,3166,451,1140,1030,652,3052,338,526,1059,782,1287,409,1316,1049,679,3068,352,541,809,764,3164,446,704,998,657,3107,341,519,789,781,3187,450,5594,1062,855,3128,343,522,809,754,3184,453,700,974,764,3245,338,534,795,750,3208,453,1130,1033,779,3197,333,519,802,627,3243,451,894,1018,771,3201,342,524,810,606,3252,450,674,967,757,3424,353,540,850,561,3288,449,5612,1059,757,3286,362,543,870,651,3264,468,826
31186,27,136981,12604,1369,1,0,11263,1006,775,1357,12604,642,89,729,2971,767,1223,456,751,3200,383,564,848,597,3314,469,1290,1031,766,3213,477,588,866,560,2965,495,728,986,761,3219,462,656,849,583,2943,456,5619,1054,773,3223,457,661,840,560,2961,609,1156,1000,752,3223,451,642,847,561,2937,344,1218,1023,764,3214,455,637,884,633,3038,354,967,1053,777,3200,461,678,973,674,3016,330,744,1004,774,3211,453,662,957,580,2976,343,5689,1056,755,1335,416,689,1004,655,3075,383,562
32185,28,137079,12765,1370,1,0,11192,1085,782,3207,12765,762,149,836,2642,626,1061,474,747,3229,463,677,1347,130,2932,806,962,749,951,2836,742,891,423,663,2985,338,563,1158,737,3200,466,676,959,678,3022,345,5426,930,730,3208,461,667,966,682,3067,340,684,803,761,3218,464,678,965,856,2552,821,726,636,977,2854,743,892,423,719,3116,344,741,862,756,3249,457,684,972,729,1265,287,536,800,639,3296,458,669,963,729,3165,334,5450,942,646,3310,462,673,961,741,3215,376,939
33186,29,139229,12743,1392,1,0,11214,841,652,3357,12743,758,177,893,3245,661,1056,353,605,3293,479,675,990,730,3132,491,1218,896,649,3333,466,664,965,702,3135,369,600,844,633,3020,480,671,986,710,3111,563,5519,932,640,3036,457,670,979,717,3151,451,699,848,643,3047,456,686,979,705,3124,459,1117,868,639,3038,346,744,985,747,1287,403,858,902,638,3123,337,750,997,695,3145,455,765,917,656,3090,331,793,1003,730,3132,444,5970,933,642,3055,344,723,1020,744,3220,462,837
34186,30,139687,12800,1396,1,0,11206,1062,651,3042,12800,829,163,927,2814,751,1239,390,665,3087,345,523,1069,740,3139,448,1316,945,650,3024,346,517,1000,742,3150,450,700,1258,656,3093,344,527,1057,732,3175,449,5597,1054,671,3046,380,675,945,768,3166,448,1113,986,673,1181,292,518,787,760,3202,450,1124,1038,736,3153,344,520,811,775,3181,450,882,1031,1004,3732,480,655,835,747,3202,452,671,966,756,3175,353,517,834,749,3195,449,5611,1051,764,3177,345,519,789,676,3247,474,690
35186,31,140698,12766,1406,1,0,11387,1007,756,3557,12766,728,124,815,2852,747,1240,437,733,3371,341,504,802,596,3270,452,1302,1043,777,3626,367,507,833,549,3267,483,712,1015,761,3209,701,625,839,579,3556,471,5605,1052,743,1355,352,564,854,560,3024,466,818,997,753,3215,574,602,863,547,2961,455,1148,1038,775,3227,453,655,859,623,2989,445,892,1022,771,3227,456,684,830,582,2961,344,787,1011,752,3209,457,665,875,569,2972,340,5683,1060,759,3210,465,676,1225,641,3082,388,1211
36186,32,138046,12676,1380,1,0,11019,1009,770,3210,12676,670,138,779,2661,629,1397,483,739,3242,463,671,955,607,2963,343,1366,1078,766,3225,458,663,1029,615,1066,299,565,1062,768,3225,461,670,1058,620,2983,350,5661,1075,215,2958,961,407,685,852,2650,633,728,456,733,3236,461,670,964,666,3025,346,961,1405,756,3222,457,668,956,737,3090,343,741,1443,757,3216,458,669,964,654,3063,336,550,798,770,3224,454,663,963,719,3116,343,5441,934,745,3241,452,668,963,748,3133,382,729
37186,33,139436,12695,1394,1,0,11277,860,798,3251,12695,761,175,887,3059,624,1061,357,624,3313,460,676,964,736,1390,375,1142,882,638,3299,454,676,966,716,3503,358,571,841,631,3335,464,668,968,734,3370,367,5427,931,640,3334,474,661,970,711,3128,373,946,800,642,3414,478,698,977,700,3123,381,996,881,654,3057,482,656,997,760,3184,525,838,892,641,3019,459,698,985,720,3100,450,656,831,661,3033,402,742,993,714,3132,452,5560,924,638,3033,346,753,991,747,3217,461,699
38186,34,136112,13127,1361,1,0,11135,922,640,1158,13127,757,177,876,2818,747,1389,355,619,3057,346,729,1005,731,3153,447,1294,962,656,3050,338,727,1005,722,3128,443,692,986,131,2811,809,290,748,863,2821,743,5754,380,640,3055,335,525,1081,734,3109,453,831,1064,652,3067,350,531,1090,720,3136,451,1132,1030,665,3066,341,516,1063,769,3169,450,889,1014,671,3075,347,530,1248,740,3176,458,680,972,667,3103,340,522,794,773,3485,453,5603,1054,660,1244,289,525,790,791,3219,453,1116
39186,35,139207,12425,1392,1,0,11709,1006,776,3191,12425,663,86,968,2817,752,1241,438,744,3189,333,522,799,1050,3226,455,1313,1044,777,3261,345,534,811,578,3231,458,710,1014,773,3232,344,517,802,578,3380,450,5604,1062,759,3426,352,533,832,579,3256,452,693,975,767,3218,372,529,845,566,3476,469,1126,1036,771,3212,443,530,851,609,3482,460,896,1036,780,3200,379,553,852,559,1081,474,666,997,756,3208,482,658,847,570,2961,462,5650,1063,758,3209,464,662,842,661,3060,466,837
40186,36,136480,13128,1364,1,0,11021,992,770,3223,13128,646,89,723,2658,640,1336,435,749,3215,454,653,884,604,2974,344,1345,1071,762,3214,453,820,94,798,2660,634,1000,452,768,3217,460,670,959,567,2950,341,5724,1057,778,3213,455,666,957,578,2946,345,937,1065,757,3211,463,671,950,609,2963,341,953,1139,768,1328,423,671,1063,108,2911,811,523,789,948,2838,747,889,415,656,3018,339,531,1070,722,3217,452,658,961,676,3033,341,5429,942,751,3210,464,665,955,622,3070,375,561
41185,37,139630,12712,1396,1,0,11727,835,757,3202,12712,757,173,1006,2698,623,1084,344,785,3246,445,660,948,726,3124,339,1141,882,739,3233,453,671,965,720,3118,342,557,944,1023,3305,451,666,959,723,3195,341,5424,935,637,3310,453,671,963,719,3115,357,711,839,637,1469,412,669,943,723,3346,351,1002,871,637,3360,449,666,958,755,3166,491,809,903,638,3547,470,668,970,704,3135,364,577,844,644,3356,472,661,989,711,3128,381,5468,930,627,3034,478,663,980,747,3219,502,1080
42186,38,137418,12801,1374,1,0,11170,846,623,3042,12801,760,176,883,2805,757,1179,320,605,3031,526,697,1006,719,3151,448,1340,902,645,3052,335,765,987,704,3139,450,684,888,647,3030,346,752,993,704,1234,408,5882,936,667,3054,339,730,1019,716,3134,455,700,961,640,3043,345,733,1014,710,3135,449,1123,1076,641,3066,331,514,1071,756,3164,448,892,961,654,3033,344,534,1126,727,3125,450,670,1300,120,2822,808,274,751,900,2808,754,5740,450,660,3061,343,532,1056,783,3205,476,827
43186,39,139428,12620,1394,1,0,11253,1000,704,3051,12620,641,88,978,2817,741,1233,439,651,3214,334,537,800,780,3182,454,1299,1042,899,3150,334,524,801,862,1331,408,716,984,764,3180,352,536,805,739,3208,451,5594,1047,761,3183,332,517,795,607,3263,446,1103,990,758,3208,345,539,803,575,3251,453,1139,1036,757,3262,360,547,843,627,3282,453,885,1011,770,3547,362,543,830,550,3280,454,693,994,749,3209,376,521,854,538,3377,465,5626,1053,778,3204,372,562,861,665,3525,493,756
44186,40,141602,14414,1416,1,0,11211,982,757,3221,14414,809,140,971,2777,777,1219,454,752,1341,412,619,802,611,2979,456,1335,1049,764,3215,455,653,844,575,2967,722,788,1010,766,3209,454,1192,943,570,2949,343,5689,1064,772,3212,459,639,881,562,2940,334,920,997,765,3219,457,670,952,591,2969,341,1065,1044,771,3229,453,659,952,617,2979,359,973,1070,771,3207,462,677,1003,571,2945,345,532,1096,776,3218,450,667,959,609,2988,345,5518,1063,754,3212,450,686,1263,665,3065,405,1000
45186,41,136297,12739,1362,1,0,12602,1057,746,1338,12739,761,176,844,2661,634,1070,494,737,3216,460,673,961,670,2995,345,1148,893,766,3223,458,658,978,655,3066,343,553,817,764,3235,460,665,958,989,3120,332,5435,939,738,3238,450,666,961,727,3127,337,551,810,692,3289,454,667,962,725,3154,342,964,868,649,3308,455,674,969,750,3161,332,742,888,648,3314,459,671,961,728,3207,361,559,847,635,3350,452,672,968,722,1249,380,5449,963,685,3309,472,658,989,705,3146,369,687
46185,42,138807,12710,1388,1,0,11229,852,636,3340,12710,756,181,889,2806,658,1189,326,618,3047,469,649,974,718,3161,568,1305,1115,655,3064,389,709,1036,723,3125,447,699,863,633,3035,462,685,977,712,3124,449,5545,939,655,3026,347,761,985,708,3143,455,1101,847,651,3031,336,740,990,724,3138,453,1104,887,628,3060,341,798,997,759,3140,451,898,953,638,3042,341,746,1046,724,1241,415,673,952,658,3027,342,786,1079,726,3120,446,5610,989,675,3129,386,521,1054,714,3102,453,827
47186,43,136422,10933,1364,1,0,11185,1134,642,3051,10933,635,220,964,2813,754,1238,435,673,3059,334,529,1066,764,3166,452,1300,1039,674,3069,342,510,1142,230,3060,957,445,691,1326,2759,644,718,296,769,3174,446,5603,1064,652,3108,339,513,795,768,3187,446,1112,990,1052,3184,349,529,802,710,3245,458,1140,1037,764,1316,308,519,805,779,3188,445,887,1015,771,3179,344,516,792,567,3259,449,681,978,765,3217,341,515,795,583,3255,448,5613,1090,762,3264,382,498,802,572,3271,456,695
48185,44,137619,10637,1376,1,0,9510,990,769,3539,10637,640,89,744,2851,788,1229,457,750,3207,363,515,810,605,3402,483,1290,1042,774,3210,373,652,824,587,2957,476,691,1001,769,3213,566,642,824,568,2958,451,5621,1060,765,3208,460,655,824,576,2953,445,846,983,770,1346,414,896,901,585,2940,347,1231,1016,763,3208,456,675,831,637,2971,345,975,1101,770,3215,457,798,911,560,2981,346,750,1001,773,3207,454,679,1127,647,3005,341,5717,1115,778,3279,481,651,940,567,2965,346,1218
49186,45,139064,12764,1390,1,0,9217,1070,756,3227,12764,765,134,838,2648,626,1055,471,735,3221,453,670,957,632,3025,342,1137,1086,771,3213,458,684,974,677,2999,348,557,1075,744,3192,460,669,961,672,1138,311,5427,1382,751,3235,455,678,970,667,3049,342,553,808,745,3204,460,672,964,837,3082,338,956,877,763,3289,456,662,957,777,3121,335,744,864,731,3262,457,668,957,721,3123,338,535,797,711,3300,460,675,958,726,3114,403,5481,930,625,3342,495,730,982,719,3639,459,791
50186,46,139186,12732,1391,1,0,11225,873,648,3319,12732,757,176,887,2998,627,1082,337,618,3327,461,678,975,723,3511,365,1138,880,651,3312,479,662,990,720,1274,380,570,930,641,3457,467,670,976,696,3130,366,5462,927,638,3043,470,653,1000,694,3162,771,1074,835,640,3040,446,737,1001,721,3129,449,1607,1163,649,3056,456,685,964,756,3170,450,882,889,640,3038,343,762,980,706,3130,451,668,830,641,3039,339,751,994,712,3140,448,5678,146,819,2750,687,974,434,686,3147,449,702
51186,47,139002,12911,1390,1,0,11189,945,659,3070,12911,806,178,900,2803,753,1236,400,639,1219,283,536,1070,751,3149,451,1315,950,654,3058,333,516,1073,718,3097,444,702,1238,657,3040,345,532,1113,723,3115,448,5583,1055,666,3054,345,518,1060,756,3152,449,831,968,668,3036,343,526,1165,761,3188,448,1129,1044,676,3144,337,532,798,778,3177,454,885,1027,675,3113,334,529,784,785,3203,446,665,954,768,3192,338,532,797,738,3192,453,5620,1057,764,3155,418,625,809,891,3236,447,1099
52186,48,137314,12583,1373,1,0,11423,986,770,1300,12583,641,140,806,2838,736,1239,436,751,3742,336,512,796,611,3260,453,1294,1044,770,3448,348,540,843,556,3295,446,712,984,762,3211,378,531,847,559,3261,466,5601,1047,766,3265,367,564,843,569,3410,461,700,976,769,3197,368,555,847,546,2945,466,1137,1025,779,3208,867,661,826,636,2976,485,953,1041,756,3223,456,670,854,563,2967,447,683,977,775,3215,457,667,852,561,1073,295,5686,1044,761,3250,477,770,943,611,2961,333,900
53186,49,137206,12768,1372,1,0,11226,995,772,3228,12768,641,82,769,2652,635,1346,449,735,3208,451,667,931,592,2966,342,1370,1055,754,3243,454,663,956,573,2944,342,559,1073,764,3192,459,668,950,659,3026,341,5483,1143,787,3232,454,659,1059,92,2902,809,719,746,933,2838,743,867,410,660,2989,339,957,1056,764,3210,453,660,959,667,3032,334,736,864,751,3215,458,678,965,649,1185,377,548,833,766,3234,454,664,962,761,3094,341,5448,925,793,3301,492,729,1002,717,3128,340,566
54185,50,140568,13215,1405,1,0,11379,811,783,3480,13215,753,183,881,2940,736,1221,329,615,3307,463,669,965,741,3384,340,1154,897,667,3305,459,682,967,721,3234,381,572,844,638,3312,454,670,968,729,3282,364,5434,933,643,3341,455,679,955,724,3109,370,695,849,629,3544,475,668,980,704,3142,379,993,883,644,1162,457,671,979,744,3166,514,839,883,652,3045,452,661,1045,711,3154,449,682,828,652,3042,455,693,987,717,3126,446,5560,928,636,3104,509,719,986,725,3122,451,1272
55186,51,138555,13846,1385,1,0,11715,883,649,3010,13846,754,283,939,2812,745,1316,367,613,3052,337,752,987,735,3168,449,1553,928,635,3065,348,717,1006,728,3122,448,710,963,639,3021,345,749,1012,729,3138,450,5997,945,639,3057,337,509,1074,717,3132,444,698,951,642,1168,290,542,1066,722,3122,456,1123,1039,114,2820,828,272,749,941,2816,755,1121,463,662,3058,352,538,1077,750,3140,446,690,967,669,3055,343,520,790,759,3179,452,5617,1057,648,3200,406,536,866,756,3185,453,832
56186,52,139797,12600,1397,1,0,12385,975,891,3162,12600,642,87,975,2824,745,1238,444,731,3193,335,520,796,748,3196,455,1314,1047,778,3189,341,513,804,576,3244,448,705,1000,767,3773,348,526,775,562,1379,415,5598,1065,755,3463,357,525,823,583,3298,451,1104,986,779,3565,363,534,818,548,3273,468,1135,1034,760,3219,388,557,854,610,3413,465,896,1039,792,3222,381,568,867,559,3366,460,651,988,761,3204,367,557,851,554,2981,476,5612,1055,766,3262,478,659,824,605,2991,443,710
57186,53,138707,13356,1387,1,0,11201,1054,767,3212,13356,651,87,724,2649,920,1328,434,756,3222,459,800,933,617,2982,345,1387,1050,777,3215,451,743,924,588,1078,288,798,993,746,3217,461,679,952,598,2936,344,5690,1059,767,3286,452,659,950,576,2944,339,917,207,940,2855,749,867,436,552,3019,340,950,1085,761,3225,458,668,951,632,3012,352,749,1069,762,3211,451,667,1238,644,2994,340,522,1066,768,3199,449,668,956,674,2992,339,5443,1091,765,3252,492,741,979,666,3023,340,938
58186,54,138842,12744,1388,1,0,11946,836,755,3234,12744,757,172,861,2673,626,1066,344,768,1340,415,664,952,1002,3131,339,1148,886,754,3256,452,663,973,728,3117,335,557,814,759,3255,451,668,953,729,3132,345,5428,934,635,3313,450,665,968,713,3154,329,543,803,631,3322,449,662,956,727,3402,359,989,858,631,3339,453,663,957,756,3491,373,745,873,663,3575,459,651,944,711,3140,362,537,836,641,3301,470,675,975,701,3109,373,5459,934,626,3126,452,700,973,720,3131,597,776
59185,55,137923,12850,1379,1,0,11199,862,640,1160,12850,759,175,890,2806,740,1190,334,608,3032,455,686,973,745,3152,452,1271,898,645,3034,340,759,992,693,3131,443,689,931,647,3046,344,757,997,706,3125,451,5556,939,640,3065,344,767,1022,708,3121,445,1117,945,640,3049,336,616,922,768,3155,454,1123,944,636,3026,341,775,1054,753,3184,452,890,1140,893,3472,486,757,1005,715,3129,449,673,1127,648,3060,342,520,1083,714,1234,424,5603,1442,664,3118,406,547,1053,746,3137,449,692
60186,56,137271,10905,1372,1,0,11251,984,666,3058,10905,648,1082,207,3057,954,903,738,853,2746,645,705,295,758,3189,453,1295,1044,642,3120,341,526,788,766,3199,446,704,994,1043,3182,344,531,799,765,3197,452,5603,1050,747,3177,344,520,791,824,3199,449,828,969,769,3205,356,540,808,583,3259,443,1140,1044,758,3185,342,527,801,607,3250,445,882,1015,778,3618,360,589,833,564,1385,471,677,971,747,3527,371,519,815,566,3233,469,5616,1049,230,3000,858,302,536,706,2983,769,1245
61186,57,137535,12712,1375,1,0,9507,427,761,3176,12712,643,81,721,2649,765,1247,464,739,3204,655,617,811,614,2998,448,1323,1045,767,3209,453,660,843,581,2954,455,718,979,760,3208,457,668,838,597,2943,340,5665,1052,779,3207,456,647,894,571,2957,336,775,988,758,3207,446,754,935,564,2941,341,1236,1036,753,1332,408,675,943,638,2976,344,989,1061,779,3212,460,670,955,584,2942,343,530,1064,770,3211,454,660,949,618,2980,346,5794,1063,767,3269,515,736,1023,644,2973,347,683
62185,58,137039,12777,1370,1,0,11317,1126,770,3215,12777,755,181,857,2683,631,1065,452,739,3231,453,675,965,621,3019,342,1139,1380,225,2969,955,410,676,850,2681,628,733,587,752,3226,460,695,957,661,3065,343,5426,937,808,3224,447,666,962,723,3124,341,939,828,741,1381,411,683,955,716,3122,340,946,878,760,2600,964,406,680,930,2793,634,945,348,654,3302,456,670,970,724,3143,350,521,790,641,3323,455,665,956,727,3428,362,5444,930,636,3337,480,690,987,716,3134,375,566
63185,59,138036,12760,1380,1,0,11236,849,633,3300,12760,761,174,882,2806,673,1058,362,627,3466,476,658,967,744,3135,379,1243,897,638,3000,374,736,997,721,3135,659,637,859,654,3048,436,721,981,717,1243,417,5538,923,634,3029,471,680,987,713,3114,452,1059,894,634,3080,342,753,993,708,3132,449,1178,954,642,3039,345,745,986,752,3151,446,935,946,638,3065,348,724,1006,725,3127,445,684,1069,139,2817,809,445,696,859,2816,742,5746,382,658,3114,406,594,1061,725,3120,452,1097
64186,60,138567,12618,1385,1,0,11215,941,626,3042,12618,1091,144,873,2839,736,1239,499,660,3069,339,524,1160,738,3134,452,1313,1038,665,3052,339,517,1028,749,1276,413,709,973,660,3071,343,522,1283,698,3225,462,5617,1068,654,3087,333,520,799,764,3184,442,683,974,678,3130,341,526,781,762,3203,448,1150,1036,767,3177,345,522,801,766,3186,455,888,1023,777,3180,343,516,790,875,3259,448,675,964,769,3241,331,532,807,579,3248,453,5606,1065,767,3245,399,595,821,582,3248,457,825
65186,61,137312,12840,1373,1,0,11213,974,769,3599,12840,638,88,724,2881,747,1232,443,742,1332,337,511,791,616,3392,465,1307,1050,780,3206,429,539,844,559,3412,461,694,1001,751,3194,382,664,824,589,2959,452,5594,1045,756,3194,917,669,849,553,2955,449,1126,976,761,3209,458,656,847,587,2975,550,1168,1028,769,3223,457,659,847,625,2971,332,964,1039,758,3213,457,640,872,577,2946,339,761,980,754,3233,447,892,952,559,2949,342,5716,1065,774,3256,482,214,673,723,732,567,1013
66186,62,137395,12735,1373,1,0,11436,456,755,3249,12735,754,151,831,2666,636,1084,462,738,3224,451,664,950,647,2989,337,1137,1064,763,3249,448,665,1062,92,2913,806,321,744,933,2850,742,873,416,671,3024,342,5422,1096,754,3224,455,658,954,757,3475,374,729,855,756,3236,447,661,952,663,3068,332,958,853,764,3234,456,675,961,835,3072,343,750,859,781,3248,460,673,967,735,3120,337,533,799,751,3275,453,672,966,720,1333,382,5471,919,632,3308,479,696,990,735,3129,357,952
67186,63,139068,12772,1390,1,0,11200,835,646,3322,12772,759,181,895,2718,663,1070,357,623,3642,455,652,947,726,3424,335,1125,888,634,3331,458,669,962,727,3106,383,561,857,616,3551,469,668,970,687,3122,383,5463,936,637,3381,465,641,971,699,3136,367,595,851,630,3028,473,660,986,699,3133,450,1108,858,639,3060,460,668,990,748,3159,454,873,881,643,1171,583,736,1003,703,3112,458,683,876,644,3042,342,743,999,706,3136,463,5579,931,629,3130,399,750,998,701,3135,446,1039
68186,64,137024,12925,1370,1,0,11224,956,653,3055,12925,759,178,871,2813,747,1249,479,713,3135,340,832,1022,728,3146,445,1290,977,120,2830,806,286,760,864,2812,760,910,378,674,3070,360,544,1065,720,3128,457,5609,1504,157,2816,818,276,743,917,2818,733,1258,425,674,3059,347,532,1138,745,3174,452,1123,1033,677,1210,288,525,794,778,3171,450,895,1027,656,3119,343,528,799,776,3173,449,678,968,760,3136,341,527,800,749,3211,458,5619,1058,761,3160,412,605,832,739,3198,460,686
69186,65,140390,12641,1403,1,0,11415,984,778,3958,12641,642,85,747,2842,743,1230,440,740,3247,356,534,804,609,3250,451,1298,1040,771,3433,333,512,805,570,3275,454,714,999,774,3648,377,536,847,555,3250,470,5604,1060,775,3212,651,604,852,567,1285,462,832,960,773,3207,378,559,863,558,2948,469,1112,1028,779,3217,366,630,842,590,3262,495,871,1044,773,3217,458,673,835,577,2968,440,680,979,770,3211,455,883,927,582,2932,806,5697,1059,768,3208,492,704,927,86,2905,816,965
70186,66,140511,13144,1405,1,0,11261,697,945,2858,13144,907,296,534,2945,338,1194,1037,776,3206,458,672,931,661,3016,338,1361,1061,774,3212,462,677,946,563,2939,330,797,1033,772,3214,458,668,986,597,1065,299,5807,1064,776,3218,445,669,967,625,2971,339,567,1022,756,3216,462,671,1237,684,2991,345,951,1062,756,3224,457,670,961,675,3011,346,754,1285,749,3193,456,670,956,676,3023,334,529,784,765,3232,457,667,967,746,3101,343,5451,937,740,3267,512,744,1034,1012,3467,591,957
71186,67,139833,12769,1398,1,0,11471,926,772,3283,12769,761,181,893,2865,718,1128,350,733,3253,462,678,964,728,3109,347,1147,886,655,1439,407,671,953,733,3164,334,556,820,649,3303,458,672,959,727,3210,357,5435,930,638,3333,457,665,966,721,3462,368,945,821,644,3310,478,669,986,708,3131,383,1085,879,637,3351,477,665,969,756,3158,392,930,1162,675,3064,471,651,972,699,3132,651,647,851,653,3016,448,684,979,714,3115,453,5556,932,630,3139,400,727,1025,745,3117,461,695
72185,68,134300,11631,1343,1,0,11230,853,645,3057,11631,759,185,892,2811,754,1212,384,628,1197,294,742,981,733,3155,447,1292,922,629,3042,339,760,1011,716,3127,455,706,955,639,3041,336,731,1004,735,3130,454,5656,953,645,3053,341,897,1078,717,3114,450,833,961,646,3010,345,525,1071,720,3119,449,1121,955,664,3034,343,525,1078,215,3074,956,677,1139,845,2691,632,711,467,694,3242,455,675,967,662,3050,340,521,1088,193,3069,950,5378,763,927,2701,727,841,392,759,1300,408,1104
73186,69,139380,12611,1393,1,0,9772,984,654,3117,12611,645,88,986,2815,752,1242,441,1166,3183,351,530,798,764,3187,459,1294,1041,772,3179,334,526,800,884,3212,448,701,993,779,3259,344,537,806,570,3240,450,5609,1060,765,3259,336,524,792,580,3241,453,691,986,768,3628,368,533,829,550,3272,454,1150,1041,751,3398,374,517,871,602,3259,471,910,1059,774,3210,373,534,841,530,3219,481,704,970,759,3210,448,626,1182,698,1220,473,5592,1052,769,3249,460,117,623,719,2661,745,1098
74186,70,145286,19119,1452,1,0,11214,404,733,3206,19119,746,182,968,3132,754,1267,450,750,3203,455,663,844,620,2985,346,1384,1049,770,3218,458,648,844,569,2925,345,784,1005,772,3205,460,949,947,562,2958,335,5543,946,772,3248,461,661,950,575,2936,343,1182,1015,768,3220,452,673,968,662,2986,344,1234,1067,757,3234,460,669,943,629,2988,346,750,1130,762,1324,403,674,1065,630,2971,344,537,1101,768,3247,448,654,955,671,3022,347,5444,1085,769,3262,506,766,1042,668,3007,343,545
75185,71,139631,13293,1396,1,0,17621,1190,772,3228,13293,764,176,941,2667,633,1058,341,757,3202,455,673,967,657,3128,341,1140,886,774,3224,451,659,959,728,3129,350,582,821,693,3282,457,669,957,715,3127,338,5431,938,826,3249,449,668,958,723,3222,360,700,808,640,3311,459,666,960,721,3140,352,955,867,646,1437,413,666,947,760,3405,359,744,902,663,3315,455,680,969,723,3120,371,545,855,632,3313,464,667,984,703,3143,446,5454,915,637,3263,477,743,1023,728,3115,368,994
76186,72,138295,13321,1382,1,0,11751,837,651,3020,13321,759,180,908,2802,981,1212,335,618,3077,457,678,975,730,3126,448,1243,884,646,3028,462,676,1000,708,3125,453,698,893,644,3059,342,747,991,712,3165,447,5542,939,644,3033,345,768,988,729,1246,408,974,159,828,2688,640,973,437,662,3178,442,1121,947,645,3038,334,730,1025,762,3158,451,888,993,644,3031,345,517,1071,727,3152,451,678,941,650,3041,332,533,1067,717,3123,449,5617,1154,636,3148,403,650,1071,727,3124,448,1095
77186,73,139601,13657,1396,1,0,11743,988,170,2855,13657,371,208,733,3174,450,1152,1025,673,3057,348,530,1260,764,3188,447,1296,1044,677,3175,349,512,804,762,3170,462,718,995,669,3452,348,632,838,776,1320,420,5590,1053,787,3175,341,523,808,742,3201,455,687,977,763,3168,356,522,807,861,3249,450,1120,1031,767,3261,342,519,801,619,3249,455,894,1015,744,3281,356,518,818,589,3254,448,672,969,760,3391,348,542,834,557,3287,466,5625,1070,750,3273,369,630,838,619,3244,462,830
78186,74,139358,13267,1393,1,0,11833,1005,772,3204,13267,647,87,729,3008,764,1233,461,747,3211,372,573,860,592,2977,479,1305,1044,777,1334,405,633,838,571,2945,439,724,977,757,3214,448,673,850,576,2962,540,5616,1047,774,3205,450,676,854,574,2979,345,1199,999,768,3217,469,638,871,552,2958,335,1221,1018,753,3220,450,953,956,625,2994,341,953,1081,760,3220,466,684,956,572,2935,345,754,1073,746,3227,450,669,958,589,2955,345,5785,1064,758,3316,481,737,938,609,2974,340,561
79185,75,137016,13371,1370,1,0,11756,1091,787,3220,13371,760,352,858,2948,634,1063,444,737,1367,409,668,952,678,2981,344,1139,934,764,3230,451,657,970,792,2712,821,314,522,979,2845,749,887,419,668,3070,342,5440,928,751,3227,458,663,961,755,3086,341,688,800,780,3257,454,673,963,721,3133,348,970,868,737,3247,456,672,960,760,3130,342,738,882,649,3304,456,669,955,730,3161,337,536,798,635,3463,449,660,981,714,3101,380,5459,933,624,3293,500,758,1029,730,1258,385,951
80186,76,141680,13396,1416,1,0,11826,837,646,3336,13396,759,176,892,2806,663,1067,366,618,3658,476,664,971,739,3148,382,1370,1132,763,3421,472,665,979,705,3120,461,727,935,658,3020,463,647,977,718,3119,447,5551,938,631,3031,441,674,978,710,3126,451,739,855,633,3044,737,738,984,715,3138,448,1160,1121,659,3080,345,751,992,763,3161,452,877,904,637,3090,346,745,995,701,3136,448,1078,959,638,1166,301,717,1012,715,3101,458,5895,1034,666,3159,400,902,1032,717,3133,447,826
81186,77,139646,13297,1396,1,0,11830,946,655,3040,13297,812,220,926,2819,755,1239,437,779,3155,350,528,1090,731,3143,450,1297,1460,157,3010,826,282,751,897,2812,748,904,418,651,3065,336,534,1070,753,3150,451,5595,1061,677,3056,343,526,800,802,3235,461,1105,975,778,3579,523,636,844,730,3231,453,1127,1046,1053,3179,342,520,803,776,3200,458,889,1026,777,1320,311,518,800,762,3360,454,650,977,771,3174,342,523,805,591,3264,451,5611,1066,769,3178,417,654,87,718,2855,752,916
82186,78,138539,13229,1385,1,0,11845,449,758,3244,13229,645,87,735,2881,731,1243,449,751,3528,362,536,810,613,3247,465,1310,1073,766,3207,335,504,798,584,3323,463,708,996,768,3211,381,523,831,549,2935,468,5601,1062,766,3205,514,574,869,579,2974,492,839,985,746,3243,458,669,846,570,2956,455,1157,1032,777,1343,412,717,889,614,2989,344,962,1045,764,3230,455,651,880,558,2961,338,758,996,762,3215,445,662,880,557,2945,342,5688,1055,773,3270,476,742,947,560,2944,344,1161
83186,79,139907,13229,1399,1,0,11803,1011,774,3194,13229,767,89,771,2646,630,1358,462,769,3215,457,661,991,598,2996,352,1149,1072,752,3222,454,676,1051,703,3096,342,562,1097,746,3214,456,669,1311,683,3014,345,5431,1062,755,3204,460,675,968,667,1240,305,565,1148,762,3174,455,667,961,738,3152,336,956,876,767,3240,452,662,964,660,3058,341,750,857,754,3216,456,665,966,1028,3445,346,529,788,757,3255,451,662,960,728,3131,341,5438,936,742,3267,504,748,1027,722,3127,341,685
84186,80,141339,14607,1413,1,0,11683,813,648,3487,14607,765,174,871,2887,696,1205,331,617,3305,455,670,974,729,3124,376,1168,911,633,3297,455,654,980,696,3435,396,653,845,626,1316,474,659,996,718,3133,387,5758,1157,671,3217,470,648,971,735,3148,360,990,838,648,3070,471,649,975,690,3135,496,1037,883,640,3054,460,674,988,750,3146,449,887,909,649,3070,441,676,978,704,3119,446,659,839,635,3036,331,746,997,709,3140,451,5578,939,637,3144,404,741,989,723,3125,478,815
85186,81,137093,12072,1370,1,0,12940,901,645,3033,12072,748,180,869,2800,757,1239,390,636,3084,341,737,998,746,3152,456,1315,937,653,1160,290,827,1068,717,3115,449,687,979,658,3077,335,520,1075,725,3118,452,5601,1222,671,3051,343,539,1105,727,3128,444,822,1002,661,3061,338,521,1052,747,3163,449,1128,1035,152,2826,820,277,869,946,2816,746,1105,474,660,3106,348,524,790,776,3190,448,668,966,665,3129,345,522,804,763,3168,455,5619,1050,757,3173,401,654,832,735,3207,452,1104
86186,82,137492,13163,1374,1,0,10548,997,765,3189,13163,642,84,1037,901,693,1217,458,751,3217,353,522,808,615,3247,457,1294,1044,779,3600,347,512,792,585,3255,446,706,994,765,3597,370,511,817,562,3276,451,5597,1062,762,3415,369,505,848,559,3259,471,703,1008,768,3194,377,539,827,573,3184,471,1118,1043,786,3210,366,574,843,598,2988,474,880,1075,758,3196,653,604,870,571,2941,462,698,970,789,3216,451,660,851,570,2946,405,5669,1073,765,3262,485,685,825,574,1055,305,918
87186,83,139932,13490,1399,1,0,11732,994,781,3210,13490,646,91,724,2661,638,1345,438,747,3205,454,828,914,625,2975,337,1384,1052,763,3209,449,663,931,561,2950,340,774,1017,771,3222,456,675,959,572,2956,342,5915,1072,768,3209,453,663,953,624,2969,344,939,1073,765,3237,458,674,1264,667,3020,339,957,1085,776,3213,454,674,960,658,3007,342,743,1115,761,3239,455,662,955,680,3002,345,549,1206,758,1339,403,651,948,649,3118,343,5437,934,750,3276,507,761,1031,659,3063,349,563
88185,84,140359,13311,1403,1,0,12084,816,824,3233,13311,762,177,891,2720,637,1074,347,749,3260,451,663,966,729,3162,353,1143,890,1056,3272,455,658,968,716,3605,334,561,816,642,3299,456,664,964,722,3190,358,5428,938,647,3456,450,676,949,719,3366,362,710,850,638,3357,450,663,946,722,3142,376,963,855,639,3311,461,669,987,752,3144,459,810,897,637,1154,456,659,985,707,3153,431,631,830,666,3021,376,709,1046,726,3131,474,5554,928,662,3156,368,738,977,716,3139,453,1190
89186,85,139416,13652,1394,1,0,11758,930,644,3030,13652,758,181,899,2800,737,1212,340,621,3038,342,750,992,745,3145,454,1285,911,631,3030,339,746,991,714,3136,450,962,929,646,3055,340,603,1031,730,3118,451,5901,950,660,3034,343,607,1066,733,3116,456,688,959,643,3036,345,522,1081,731,1225,417,1141,1113,718,3236,436,720,1045,774,3191,449,877,1101,130,2828,818,277,750,901,2820,749,896,439,665,3038,344,521,1064,755,3144,447,5601,1064,679,3140,410,651,1383,759,3176,451,834
90186,86,141169,13200,1411,1,0,12038,979,651,3112,13200,639,88,987,2818,739,1246,442,767,3128,345,529,807,840,3217,464,1312,1043,768,3188,343,523,804,746,3204,450,705,1000,770,3174,351,531,805,915,3251,452,5590,1057,757,3223,346,530,805,576,1410,399,1098,979,749,3544,372,529,846,552,3509,456,1176,1011,782,3580,374,538,836,618,3388,451,877,1066,775,3195,486,668,957,573,3494,464,678,976,747,3222,381,691,916,558,3266,456,5618,1057,755,3285,382,644,894,585,2940,467,682
91185,87,139343,14092,1393,1,0,11768,1003,768,3254,14092,652,91,726,2652,762,1264,441,741,3206,458,656,856,622,2967,473,1397,1047,759,3204,453,1023,931,579,2954,350,783,1003,767,1316,404,665,875,552,2949,337,5658,1062,760,3205,449,889,963,557,2975,340,836,976,748,3222,453,672,952,570,2942,341,1228,1047,796,3222,448,666,1015,630,2994,342,749,1098,752,3192,454,674,951,611,2961,346,535,1069,770,3222,455,661,1083,127,2929,808,5223,745,940,2875,776,953,422,661,3029,344,938
92186,88,139533,13345,1395,1,0,12170,1120,762,3227,13345,760,176,867,2646,628,1053,348,759,3206,453,665,970,662,3061,331,1150,900,817,1402,418,667,964,825,3120,334,553,826,729,3313,452,674,962,724,3131,339,5430,936,740,3242,453,681,970,718,3123,339,556,813,646,3301,451,672,955,721,3185,334,961,872,635,3304,449,679,968,771,3239,358,756,874,647,3317,457,672,960,724,3528,355,526,826,638,3330,457,675,963,717,3095,368,5450,922,625,3667,468,744,972,733,3118,362,746
93185,89,138201,13367,1382,1,0,11788,844,637,3428,13367,758,175,901,878,665,1112,359,638,3041,482,655,986,739,3130,452,1264,895,638,3049,443,681,976,718,3100,449,832,940,637,3045,558,747,1004,705,3148,462,5765,952,651,3068,340,766,999,723,3125,449,1077,857,644,3029,349,753,994,710,3149,450,1438,940,646,3091,339,721,1018,745,3160,445,895,946,650,3040,342,828,1027,722,3115,453,683,957,640,3030,343,521,1074,731,3142,446,5602,941,635,3143,395,672,1068,739,1237,416,837
94186,90,142728,15476,1427,1,0,11799,1393,145,3178,15476,371,172,674,3177,445,1126,1035,682,3188,348,523,1146,719,3246,451,1295,1038,711,3395,514,701,938,766,3189,448,699,987,641,3169,341,533,810,740,3243,454,5600,1055,852,2495,823,285,524,915,3019,745,1251,428,752,3176,348,536,806,672,3243,453,1121,1028,779,3189,343,513,796,627,3380,455,910,1043,765,3461,352,529,790,559,3257,446,664,974,762,1634,335,530,844,574,3400,484,5677,1057,772,3707,527,968,93,791,2844,774,889
95186,91,140148,13260,1401,1,0,13274,457,762,3218,13260,644,91,730,2977,764,1236,442,750,3217,377,522,864,599,2990,450,1320,1072,768,3213,504,574,861,562,2954,462,731,983,801,3217,451,717,1138,665,3033,453,5606,1053,760,3207,455,668,830,573,2961,786,854,1061,766,3214,452,758,919,581,2951,341,1210,1155,778,3190,454,749,1047,673,1131,290,1002,1040,759,3220,461,663,937,578,2942,343,745,996,760,3211,450,660,960,569,2930,342,5833,1047,772,3274,479,748,1181,661,3001,344,938
96186,92,139646,13343,1396,1,0,11852,1061,805,3203,13343,758,139,837,2674,635,1058,467,746,3235,451,678,1269,737,3064,339,1146,1092,747,3215,453,670,961,789,3467,367,570,1163,221,2953,962,410,671,962,2699,640,5592,352,766,3208,451,660,959,643,3065,340,560,815,765,3237,454,663,963,1020,1250,314,952,874,748,3236,457,671,959,762,3127,336,739,852,762,3241,451,667,954,723,3144,343,527,791,640,3310,449,673,974,724,3581,349,5451,935,632,3316,472,741,984,739,3568,365,693
97186,93,138221,11651,1382,1,0,11782,841,642,3328,11651,752,179,894,3119,662,1046,376,613,3304,470,669,984,732,3151,377,1186,879,655,3423,570,686,996,716,3135,376,660,825,629,3008,504,725,1015,710,3152,521,5578,931,642,1205,434,669,975,708,3117,464,1088,827,629,3015,483,725,983,714,3135,453,1113,877,635,3045,336,760,992,760,3145,453,864,898,652,3047,340,749,1031,710,3143,453,796,891,650,3080,339,757,1014,716,3148,449,6018,942,628,3142,413,745,156,943,2808,743,904
98186,94,136443,13446,1364,1,0,10079,405,640,3050,13446,765,191,904,2817,747,1244,375,633,3044,345,525,1072,735,3161,450,1315,956,637,3024,342,515,1084,196,3059,952,436,685,854,861,555,699,461,674,3162,451,5610,1062,639,3062,344,519,1130,191,3060,958,584,683,912,2693,633,716,298,751,3175,443,1142,1037,654,3118,337,526,810,797,3190,451,887,1010,1199,3186,344,522,795,741,3197,450,688,974,762,3171,352,528,803,819,3210,449,5610,1050,746,3233,418,664,81,722,2840,758,1242
99186,95,138628,13195,1386,1,0,11959,425,767,3246,13195,644,76,740,2843,752,1242,444,742,3848,451,517,843,600,3281,447,1317,1043,768,1342,365,538,844,558,3247,477,709,1018,766,3220,428,526,823,569,3237,468,5621,1058,766,3203,369,556,862,549,2951,459,688,997,758,3235,754,662,863,551,2952,439,1166,1014,764,3203,453,676,851,621,2980,457,904,1025,770,3218,454,661,840,579,2987,345,763,996,775,3208,449,660,889,557,2963,345,5701,1070,765,3288,503,662,126,795,2671,625,1190
100186,96,136090,13189,1360,1,0,11791,404,716,3206,13189,660,85,759,722,554,1337,449,758,3219,448,666,966,597,2973,342,1511,1065,755,3235,450,661,953,617,2979,344,556,1079,759,3197,458,665,966,616,2989,331,5424,1075,777,3231,453,658,958,679,3025,350,935,1051,751,3215,454,676,959,667,3007,344,949,1308,761,3205,447,661,961,664,3055,342,753,866,770,3209,455,678,963,667,3063,332,545,799,773,3237,451,660,955,719,3137,340,5437,938,741,3268,480,743,986,726,1272,297,552
101185,97,139683,13323,1396,1,0,11813,830,1074,3276,13323,753,181,898,2954,657,1066,350,626,3312,471,691,971,721,3175,347,1131,894,640,3292,456,672,965,741,3330,340,564,823,632,3402,458,674,951,724,3131,345,5434,923,632,3299,472,653,987,715,3127,376,843,897,632,3394,466,648,970,718,3156,366,1001,881,634,3044,470,653,1011,749,3157,473,865,899,659,3053,454,683,976,725,3110,455,681,857,643,1173,440,681,982,721,3127,456,5559,940,638,3157,409,777,218,916,2814,756,1237
102186,98,137741,13948,1377,1,0,11762,327,627,3025,13948,748,177,888,2809,750,1560,366,615,3080,346,744,1021,737,3132,451,1311,961,648,3032,339,722,1015,741,3115,451,701,973,648,3053,346,512,1074,728,3127,449,5613,952,648,3046,345,530,1071,735,3114,450,681,1190,121,2825,825,284,738,905,2813,745,1250,448,651,3063,347,523,1013,764,1312,410,895,1021,680,3063,348,520,791,778,3185,448,678,977,652,3102,343,512,807,771,3181,450,5616,1065,803,3192,387,663,847,760,3199,457,841
103186,99,140189,13138,1401,1,0,12443,975,758,3181,13138,638,93,981,2822,746,1244,485,750,3176,347,527,804,1069,3248,449,1292,1047,786,3533,335,538,796,568,3256,449,698,995,773,3184,346,515,814,573,3272,447,5595,1064,772,3387,337,536,799,566,3292,441,1104,986,769,3200,375,523,817,566,1607,406,1133,1023,757,3214,379,652,830,626,3274,461,880,1021,769,3212,384,659,846,596,2949,463,658,980,761,3218,446,648,819,580,2958,474,5634,1059,768,3272,470,663,826,581,2949,609,898
104186,100,140100,13831,1401,1,0,11734,1037,766,3222,13831,733,135,855,2793,701,1292,445,742,3214,467,664,931,607,2954,334,1386,1047,768,3207,451,888,955,582,2927,346,768,1017,763,3241,465,682,1135,721,3047,342,5723,1042,759,1346,411,673,1092,591,2937,346,933,1071,766,3252,460,667,942,658,3000,346,961,1083,759,3220,452,668,1162,108,2906,801,523,770,949,2853,745,865,415,677,3023,350,546,1053,753,3198,449,669,962,983,3100,342,5436,949,730,3268,486,761,996,654,3099,339,561
105185,101,139963,13296,1399,1,0,12392,817,762,3215,13296,764,176,965,2655,627,1065,342,779,3252,454,667,952,724,3117,386,1139,906,750,3246,453,672,960,718,3131,344,555,841,645,1435,417,667,948,726,3347,344,5426,935,638,3297,452,678,971,726,3391,356,707,846,650,3343,454,663,958,728,3360,361,995,867,639,3317,448,655,962,748,3169,438,952,955,640,3455,479,660,988,713,3144,376,576,859,629,3451,459,651,976,701,3135,371,5482,935,636,3135,478,764,226,923,2817,739,1221
106186,102,138578,13365,1385,1,0,11764,292,632,3071,13365,768,176,891,2808,754,1204,328,614,3033,723,743,988,727,1269,406,1328,909,636,3059,337,759,1001,706,3133,454,686,884,636,3026,345,750,990,721,3149,457,5827,934,646,3060,349,725,1019,722,3115,442,709,935,623,3032,339,730,1012,716,3109,453,1132,1094,664,3052,341,523,1022,759,3238,456,887,999,657,3051,342,518,1079,740,3127,448,668,1348,658,3071,342,516,1059,751,3123,450,5608,1054,133,2862,852,381,805,902,2808,748,1055
107186,103,136477,13169,1364,1,0,11805,415,767,3158,13169,649,83,980,870,690,1201,443,801,3116,345,540,802,769,3183,453,1292,1045,898,2482,830,282,524,975,2815,743,905,432,757,3181,357,535,804,748,3198,448,5600,1065,759,3440,346,514,797,661,3249,456,1103,979,772,3185,340,521,808,585,3260,451,1148,1032,763,3261,363,543,836,632,3251,456,892,1019,775,3585,387,532,824,574,3241,469,696,993,762,3222,376,564,881,578,3230,456,5621,1061,753,1411,384,649,850,597,2938,497,799
108186,104,139116,13184,1391,1,0,11755,1019,770,3220,13184,653,87,728,2653,771,1267,445,747,3224,451,773,907,610,2971,375,1370,1049,750,3224,448,666,931,584,2948,351,801,1002,753,3208,452,728,955,568,2961,344,5705,1052,758,3208,452,778,927,573,2961,339,960,1012,751,3217,455,669,953,566,2950,344,1221,1037,762,3211,457,681,945,614,2977,343,1141,1045,762,3219,457,664,980,587,2982,346,539,1071,760,1327,407,681,955,624,2955,346,5605,1065,763,3277,503,767,232,865,2657,632,1076
109186,105,139161,13237,1391,1,0,11678,465,753,3212,13237,761,177,859,2641,630,1111,521,747,3205,453,672,966,799,3106,336,1142,897,761,3257,459,674,972,659,3096,334,566,821,750,3217,450,673,958,1137,3122,352,5433,930,672,3275,455,663,962,726,3120,344,563,819,657,3285,457,677,963,718,3117,335,957,876,647,3319,455,670,955,754,1254,323,748,877,639,3295,500,677,964,720,3454,357,559,841,641,3321,450,661,955,726,3446,400,5483,926,633,3288,539,726,1024,724,3111,422,725
110186,106,137210,11637,1372,1,0,11680,863,637,3330,11637,765,185,896,2811,669,1091,346,621,3030,484,652,989,728,3131,493,1227,903,644,3024,456,668,994,727,3127,461,689,857,632,3167,455,677,979,707,3126,451,5523,925,646,3035,337,755,982,714,3144,453,1076,866,633,3023,349,741,1041,713,1241,420,1234,918,642,3044,332,760,1007,757,3153,446,885,962,642,3049,344,742,1018,715,3143,442,680,953,636,3045,343,525,1086,727,3125,447,5615,946,629,3153,400,653,1065,731,3130,454,686
111186,107,138835,13183,1388,1,0,10064,1069,656,3050,13183,641,228,953,2803,740,1277,439,655,3049,347,525,1075,753,3165,442,1290,1036,678,3098,341,524,1310,748,3155,450,709,988,706,3098,348,525,787,766,3185,453,5604,1064,661,1319,296,544,792,751,3177,453,839,980,768,3178,353,519,804,776,3236,452,1130,1037,774,3185,341,508,799,799,2727,967,674,714,955,2807,643,703,299,539,3251,454,669,966,756,3237,351,517,797,577,3236,453,5616,1064,771,3351,402,667,902,575,3273,444,1094
112186,108,137657,13187,1376,1,0,11741,987,775,3579,13187,647,86,726,2868,764,1221,451,744,3203,372,529,846,595,3343,468,1310,1043,776,3207,371,591,847,606,2960,476,689,997,762,1333,757,615,815,577,2913,451,5602,1051,757,3222,450,660,845,584,2965,445,701,991,754,3205,466,658,853,564,2948,346,1235,1016,770,3219,456,656,948,616,2986,342,966,1048,784,3216,454,781,92,761,2663,628,978,446,738,3212,453,661,949,562,2948,342,5691,1055,766,3259,501,765,153,821,2658,629,879
113186,109,137732,13276,1377,1,0,11772,476,750,3223,13276,757,144,823,2657,624,1062,474,736,3225,453,665,1064,622,1126,303,1148,1106,761,3188,454,662,967,669,3018,341,562,1066,730,3208,453,669,965,1244,3152,336,5416,1348,219,2973,958,406,681,855,2669,637,1072,314,756,3217,458,662,960,674,3050,332,947,857,779,3251,454,669,962,753,3126,346,752,864,735,3249,455,664,966,711,3139,341,531,794,932,3293,443,668,959,725,3189,358,5440,933,633,3308,505,767,230,913,2874,657,744
114186,110,138538,14266,1385,1,0,11731,323,631,3451,14266,764,175,886,884,702,1171,331,614,3416,459,670,956,738,3149,414,1154,881,639,3585,468,654,965,696,3138,408,586,848,628,3482,507,671,980,703,3141,376,5515,939,639,3005,477,659,999,701,3149,448,825,862,635,3035,452,658,976,706,3119,452,1103,861,630,3024,471,674,986,749,3168,446,867,889,641,3040,342,743,995,713,3116,454,662,891,654,3009,341,744,1008,710,3144,444,5866,931,635,1258,408,757,994,720,3127,449,1113
115186,111,137499,13496,1374,1,0,12431,945,641,3014,13496,675,146,954,2818,750,1233,399,726,3143,345,537,1077,731,3173,447,1325,944,645,3041,342,525,1080,729,3129,454,710,1147,122,2819,825,275,747,905,2821,748,5736,455,662,3053,340,532,1061,747,3134,450,722,983,669,3053,346,524,793,767,3181,441,1122,1029,668,3112,345,522,791,781,3182,450,896,1025,769,3123,348,527,793,785,1330,406,678,960,755,3166,335,523,807,747,3198,458,5608,1073,764,3166,403,661,824,606,3257,449,825
116186,112,139922,13148,1399,1,0,12070,972,767,3205,13148,641,83,723,2847,743,1260,444,749,3177,359,545,837,608,3272,451,1288,1040,779,3426,366,527,828,558,3303,458,701,990,774,3197,682,622,840,592,3475,467,5594,1053,771,3195,371,632,834,582,3238,479,1111,998,777,3212,367,572,846,567,2964,471,1126,1028,777,3213,452,661,857,634,1090,457,897,1079,754,3201,454,663,853,577,2938,603,732,1014,763,3218,452,692,872,571,2963,333,5676,1053,770,3274,501,659,894,618,2966,339,870
117186,113,138944,13462,1389,1,0,11738,1018,770,3220,13462,654,86,771,2660,636,1338,461,772,3204,450,681,959,608,2960,343,1395,1050,770,3200,454,664,954,582,2949,346,550,1070,759,3213,463,679,939,619,3002,343,5612,1067,766,3223,451,658,1349,663,3026,343,697,1052,737,1337,423,679,966,662,3014,339,954,1068,768,3199,451,664,965,664,3061,340,744,853,749,3236,456,671,961,661,3111,343,546,805,758,3231,447,658,969,828,3078,344,5443,940,753,3283,499,752,185,909,2779,636,1064
118186,114,139456,13323,1394,1,0,12058,309,759,3250,13323,762,176,888,2709,634,1071,343,613,3302,458,664,959,740,3136,352,1163,896,665,3306,453,676,967,720,3221,365,580,852,637,3330,453,663,968,724,3444,335,5430,940,627,1445,445,683,979,712,3121,369,563,834,627,3513,475,667,982,704,3142,369,995,872,633,3533,458,643,967,758,3152,555,829,900,641,3020,472,670,977,726,3134,450,667,835,624,3047,439,672,981,715,3138,450,5557,937,641,3138,867,738,972,717,3121,444,878
119186,115,139224,14243,1392,1,0,11782,929,646,3043,14243,746,177,898,2805,750,1214,349,625,3039,338,744,980,731,3160,451,1495,943,635,3040,336,724,1017,729,1237,409,706,955,639,3166,350,822,1018,725,3111,455,5600,1521,134,2831,821,296,769,869,2814,753,1258,369,619,3075,350,530,1071,730,3163,446,1118,1309,659,3065,342,532,930,761,3176,451,890,1020,659,3064,344,526,1083,757,3156,457,673,958,673,3098,341,512,792,759,3182,450,5620,1063,658,3141,417,660,80,975,2809,751,914
120186,116,139379,13220,1393,1,0,12746,440,1009,3162,13220,638,86,959,2822,747,1239,442,732,3191,350,535,808,781,1326,420,1309,1040,783,3162,352,522,805,573,3235,454,710,1005,756,3208,335,519,809,584,3243,450,5597,1061,774,3745,393,531,826,568,3268,447,831,962,754,3570,377,531,808,561,3425,458,1118,1022,789,3199,377,529,851,602,3231,463,861,1047,764,3215,365,559,846,551,2971,468,654,985,782,3190,400,576,867,569,2983,452,5625,1052,772,3285,501,660,839,579,2949,452,1131
121186,117,135961,13887,1359,1,0,11817,979,795,1332,13887,654,90,724,2667,624,1337,435,761,3221,447,663,872,611,2985,335,1389,1048,762,3217,452,684,890,574,2978,337,790,1009,755,3204,455,672,947,573,2933,336,5676,1045,755,3190,447,667,934,585,2938,336,860,1069,765,3223,461,678,1002,584,2945,344,962,1071,753,3216,449,662,959,617,3020,345,738,1081,224,2973,957,406,662,952,3021,649,699,461,745,3228,458,675,968,672,2993,342,5436,1097,206,1197,943,483,666,861,2673,636,877
122186,118,138631,11621,1386,1,0,12525,290,764,3237,11621,762,178,857,2661,639,1053,341,782,3223,454,664,955,953,3145,335,1151,891,764,3238,451,677,967,723,3118,339,558,831,761,3246,454,665,964,714,3420,342,5423,936,629,3309,455,672,965,722,3787,352,945,809,653,3293,457,664,965,722,3273,356,978,862,639,3318,461,687,971,765,3441,381,784,895,644,3556,470,657,965,717,1243,453,558,832,636,3478,469,658,960,701,3142,377,5480,918,633,3148,458,736,991,733,3128,514,619
123185,119,138757,13430,1387,1,0,10079,864,649,3075,13430,760,181,893,2807,750,1208,334,621,3014,452,683,973,724,3146,449,1278,884,655,3025,345,756,998,703,3177,442,779,920,645,3043,344,780,990,704,3131,446,5875,944,660,3006,337,768,1014,719,3119,450,836,951,639,3052,342,689,1050,728,3124,445,1122,964,646,1203,287,525,1059,746,3155,463,893,1145,647,3055,344,524,1136,745,3163,453,671,958,658,3079,343,520,1106,194,3050,948,5382,766,841,2752,696,838,455,677,3179,460,1103
124186,120,141591,14958,1415,1,0,11860,989,720,3819,14958,779,87,929,2817,748,1247,449,706,3110,349,524,795,770,3176,458,1288,1045,661,3128,339,516,797,675,3202,451,712,992,779,3191,337,522,807,680,3236,450,5599,1060,759,3183,342,520,796,687,3241,458,693,979,767,1338,299,539,804,581,3249,453,1126,1026,760,3267,349,518,787,618,3261,451,882,1018,751,3542,372,530,841,551,3264,454,679,960,768,3619,375,528,836,570,3248,477,5610,1058,758,3283,383,656,104,757,3122,792,1055
125186,121,140836,14786,1408,1,0,13285,407,732,3209,14786,807,144,815,2660,771,1235,461,755,3219,783,652,854,604,2973,453,1340,1048,767,3211,446,666,854,574,2961,457,715,985,762,3212,452,871,927,582,2926,349,5676,1058,764,1339,409,640,928,574,2947,344,1198,997,776,3234,453,805,932,566,2956,350,1236,1033,763,3212,449,675,958,621,2985,337,957,1036,774,3215,455,671,958,573,2957,347,547,1065,783,3213,445,680,945,619,2974,347,5686,1081,766,3280,477,757,1073,627,2990,346,552
126185,122,139746,13362,1397,1,0,13238,1086,765,3204,13362,762,176,868,2638,625,1070,458,740,3230,450,667,957,668,3040,339,1142,1300,771,3208,496,674,967,670,1181,290,547,822,750,3200,454,666,957,654,3083,342,5422,939,799,3238,461,689,973,724,3123,338,703,801,732,3250,453,666,955,728,3134,339,956,869,958,3319,462,677,964,768,3236,334,754,864,644,3319,453,666,962,736,3120,361,554,831,641,3330,455,660,955,727,3303,368,5456,933,649,3292,482,766,997,729,3115,380,955
127186,123,549638,413961,5496,2,0,11824,839,661,3323,413961,915,175,905,12384,754,936,909,629,2995,349,763,990,708,3136,452,1287,916,640,3025,344,749,997,770,3174,452,975,950,657,3028,350,730,1015,715,3115,448,5917,929,661,3055,344,762,1012,729,3129,452,837,964,649,3149,399,649,1071,735,3117,449,1134,960,652,1173,284,513,1085,724,3110,459,883,1059,121,2823,823,279,748,931,2817,737,887,416,651,3052,343,514,1057,757,3140,450,5620,1053,712,3349,352,531,797,763,3191,448,1110
128586,124,554064,419303,5540,2,0,412503,988,650,3170,419303,794,99,755,12829,752,660,1057,767,1565,366,645,834,591,3250,452,1293,1049,773,3358,349,536,837,564,3299,455,728,978,766,3206,373,530,841,604,3515,469,5604,1061,759,3226,364,572,853,558,3265,470,848,974,753,3195,378,565,856,566,2954,474,1123,1033,778,3242,450,612,810,600,2934,454,912,992,770,3191,447,657,862,576,2969,384,731,1004,764,3232,446,698,887,611,3316,384,5667,1064,758,3250,452,654,928,571,1071,286,1149
129986,125,273169,143062,2731,1,0,417917,1033,764,3225,143062,765,162,977,6993,757,1233,447,654,3230,340,526,796,583,3244,501,1315,1046,731,3172,361,522,829,557,3261,498,696,999,703,3580,351,539,837,564,1381,467,5588,1059,726,3479,366,527,827,557,3270,484,828,988,689,3177,365,519,813,568,3304,468,1110,1020,717,3189,376,570,842,569,2993,489,894,988,700,3194,650,602,852,563,3019,445,681,981,715,3179,456,658,841,563,2972,444,5617,1068,731,3167,451,667,842,567,2954,359,1171
131116,126,139775,13584,1397,1,0,141669,1048,769,3253,13584,640,84,739,2648,665,1339,436,656,3188,447,826,921,562,2949,368,1391,1037,722,1285,452,665,1108,713,3183,365,764,1018,737,3177,448,670,947,570,2933,362,5842,1051,725,3147,453,669,1048,657,2989,363,562,1071,729,3184,458,661,941,612,3006,364,994,1100,712,3187,449,680,961,668,3013,363,749,1057,749,3197,486,676,1003,675,3087,361,551,1270,716,3280,453,674,959,722,3097,374,5457,919,748,3233,456,670,964,657,3051,365,791
132116,127,138118,13712,1381,1,0,12190,904,760,2703,13712,459,176,654,3122,366,995,886,766,1427,416,671,951,723,3482,369,1140,893,890,3255,466,688,990,708,3404,357,555,814,568,3317,454,662,960,729,3134,372,5445,928,578,3284,470,683,994,719,3365,360,972,836,560,3308,460,674,963,728,3110,335,978,863,571,3635,393,728,987,720,3108,397,752,862,558,3430,500,668,990,702,3189,367,567,856,559,3011,478,660,1001,694,3127,872,5554,923,587,2990,448,671,973,717,1233,472,657
133115,128,137132,13328,1371,1,0,11750,890,655,3068,13328,765,175,885,2810,786,1205,325,525,3014,336,745,1005,708,3132,495,1258,911,595,2984,353,749,992,706,3127,490,814,89,751,2706,640,978,437,663,3137,497,5929,933,584,2983,337,725,1005,719,3126,487,829,937,566,2997,333,535,1069,718,3117,507,1130,947,612,3021,336,520,1065,730,3123,505,894,1066,82,2966,831,285,746,895,2828,783,869,454,673,3164,337,521,1054,742,1268,470,5604,1060,662,3046,332,529,1242,759,3160,498,1158
134116,129,139133,13482,1391,1,0,11787,1036,790,2608,13482,366,87,758,3189,499,1138,1023,776,3551,368,689,1362,213,3067,982,1122,760,877,2744,660,710,292,741,3205,493,702,998,690,3189,338,529,795,844,3241,506,5593,1057,723,3594,333,516,788,562,3437,486,694,1000,703,3192,329,511,803,556,3283,503,1128,1027,730,3455,349,523,827,578,3292,503,892,1004,683,1325,375,511,812,560,3317,487,696,990,688,3193,428,549,831,549,3403,472,5607,1046,192,3090,854,308,545,669,2655,767,1140
135116,130,136770,14212,1367,1,0,11689,495,753,3253,14212,654,82,719,2646,741,1293,444,661,3183,454,660,853,571,2967,458,1377,1025,184,3080,973,373,527,690,2656,661,998,427,675,3188,454,699,915,578,2987,361,5676,1061,725,3150,443,967,939,577,2922,361,1179,1027,726,3178,454,660,921,559,2930,369,1227,1029,730,1287,415,674,956,561,2954,374,746,1069,714,3168,488,671,942,622,3059,363,546,1069,717,3151,451,677,1033,88,2904,827,5224,746,897,2859,741,875,417,676,3039,366,667
136116,131,139509,13297,1395,1,0,12298,1053,775,3271,13297,759,175,866,2647,657,1087,333,756,3220,451,668,959,658,3060,370,1145,891,756,3230,464,677,993,771,3089,371,573,827,749,3248,461,675,952,728,3123,366,5439,927,734,3243,450,668,959,732,1253,380,699,824,557,3297,450,680,955,728,3539,372,973,870,565,3298,450,662,951,724,3098,368,749,827,565,3326,491,683,1015,710,3358,364,554,833,575,3321,450,668,955,724,3116,371,5450,932,581,3593,460,655,966,697,3138,359,1027
137116,132,136795,11562,1367,1,0,11770,912,667,3325,11562,759,172,891,2802,764,1160,340,531,3030,465,694,1036,719,3134,495,1269,870,602,3011,454,693,970,717,3107,487,688,851,581,3300,481,717,978,715,1239,479,5606,944,559,2999,334,765,986,713,3129,507,687,887,572,2987,338,745,981,704,3129,500,1413,939,562,3004,341,739,1008,722,3119,505,905,950,568,2977,353,750,1019,729,3167,496,672,952,560,2986,339,518,1062,720,3101,493,5616,944,619,3025,337,524,1091,734,3116,499,882
138116,133,138433,13468,1384,1,0,10017,1509,673,2550,13468,364,214,727,3173,514,1138,1013,675,3061,335,514,1048,744,3133,497,1316,1047,672,1210,325,530,821,757,3208,501,696,997,651,3110,326,526,803,764,3179,512,5601,1052,773,2576,812,280,529,963,2816,786,1254,430,645,3180,343,526,795,742,3193,491,1142,1029,725,3179,334,518,788,583,3253,513,904,1009,690,3205,353,526,832,550,3238,499,689,1006,700,3251,354,555,834,553,3302,501,5610,1064,728,3527,352,535,823,556,3260,505,770
139116,134,137326,13602,1373,1,0,11670,1058,762,2744,13602,363,91,533,3505,491,1139,1014,729,1297,364,566,837,551,2949,481,1291,1017,728,3168,365,575,841,564,2966,484,713,994,710,3188,452,653,840,561,2951,366,5635,1065,731,3157,446,738,856,580,2953,368,932,989,728,3196,450,654,944,575,2930,368,1241,1015,718,3159,451,652,882,566,2959,371,1026,1027,687,3176,484,670,1033,708,3117,361,742,1023,719,3180,452,672,952,566,2929,369,5874,1039,716,3152,458,671,1508,666,1144,359,1034
140116,135,139701,13730,1397,1,0,11787,1062,763,2710,13730,463,138,646,2991,364,1006,1070,728,3167,456,659,1249,660,3004,366,1158,1055,733,3194,472,687,995,647,2985,363,569,1084,756,3206,448,667,949,685,2996,361,5568,959,747,3226,457,665,961,652,3053,367,570,816,757,3230,452,669,967,946,3115,366,1000,883,753,3246,451,667,956,729,3119,365,769,832,764,3311,474,671,1012,699,3128,366,577,828,599,1425,405,667,945,726,3751,376,5445,928,575,3310,452,665,955,723,3209,364,796
141116,136,138651,13243,1386,1,0,11787,915,666,3312,13243,757,177,900,3138,659,1056,354,524,3297,474,676,993,707,3131,364,1127,902,576,3289,488,673,987,685,3131,461,658,856,561,2996,463,664,990,704,3148,480,5460,916,591,2975,437,659,959,701,3139,489,1083,834,551,2990,452,685,979,710,3127,496,1123,880,564,2974,343,759,989,707,3144,502,858,882,549,1113,333,752,970,711,3165,499,684,943,566,3005,337,777,1001,725,3123,483,5943,933,583,3004,342,728,1004,723,3117,486,912
142116,137,139830,13289,1398,1,0,11715,922,668,3100,13289,767,182,904,2805,787,1240,377,557,3076,335,533,1077,718,3124,504,1319,947,646,3066,351,530,1092,731,3126,511,694,988,673,3096,343,523,1056,755,3135,502,5590,1056,665,3065,337,519,1341,726,3168,509,1105,995,692,3113,382,506,828,763,1301,479,1124,1009,641,3171,339,520,795,762,3176,504,891,1009,726,3183,356,528,832,756,3218,495,706,992,685,3176,344,519,800,881,3215,493,5606,1045,718,3484,374,657,835,560,3258,497,761
143116,138,139240,13443,1392,1,0,11825,1052,752,2628,13443,363,85,532,3267,510,1135,1030,735,3533,360,537,842,569,3262,497,1313,1036,712,3359,369,495,821,542,3227,490,701,1006,703,3187,636,564,830,577,3264,489,5598,1063,719,3169,387,628,809,579,1048,470,847,986,704,3179,493,627,832,645,2985,450,1147,1017,713,3179,453,670,830,659,2977,426,943,995,723,3175,485,679,840,671,3051,366,744,996,709,3188,451,642,875,681,3013,373,5693,1061,726,3137,451,858,913,558,2936,365,1200
144116,139,143561,18139,1435,1,0,11652,1023,768,3214,18139,649,82,732,2652,661,1406,513,725,3238,450,660,958,725,3085,370,1542,1064,710,3169,468,675,943,555,2937,364,572,1066,729,1295,406,670,953,639,2970,368,5448,1067,727,3174,455,670,953,674,2995,364,559,1052,746,3195,447,663,950,623,2976,367,996,1256,747,3222,454,678,951,644,3053,372,752,838,812,3233,491,671,1006,654,3070,366,542,815,777,3228,456,669,951,723,3119,364,5445,918,754,3250,452,654,949,725,3115,364,775
145116,140,138849,13182,1388,1,0,16756,893,1053,3259,13182,758,166,905,2717,669,1116,337,537,3311,455,661,956,729,3153,367,1148,883,578,1427,441,688,987,718,3258,371,572,845,563,3330,453,655,949,728,3103,379,5432,932,575,3299,473,682,976,712,3129,386,955,833,547,3506,473,645,969,719,3127,376,1082,889,582,2991,475,643,979,694,3132,796,868,841,572,2988,484,704,968,726,3164,506,683,849,576,3002,460,669,988,711,3106,489,5548,941,580,2983,341,757,1004,720,3140,501,671
146116,141,135798,14216,1357,1,0,11637,911,681,2557,14216,453,176,633,1289,473,1195,123,794,2721,648,958,446,671,3123,503,1322,957,565,2978,355,728,1006,785,3130,508,695,998,564,3034,336,514,1068,724,3119,499,5601,1286,83,2945,796,282,751,874,2821,805,1073,541,593,3086,338,522,1104,725,3121,502,1133,1024,624,3045,338,519,1102,761,3137,507,897,1015,667,3074,364,532,840,756,3204,512,684,993,655,3120,328,525,790,763,3188,498,5606,1051,755,3131,323,520,785,760,1307,497,1163
147116,142,140034,13474,1400,1,0,12344,1036,1197,2640,13474,364,90,730,3202,494,1144,1021,728,3505,510,637,837,973,3239,481,1321,1052,721,3208,348,537,833,565,3252,501,702,996,702,3174,359,536,845,559,3273,488,5596,1057,728,3333,349,532,840,557,3289,506,714,1005,711,3193,369,527,845,543,3461,474,1126,1025,719,3170,376,651,826,579,3387,480,895,981,705,3203,371,564,842,561,3015,488,661,1003,682,1287,410,676,837,570,2954,457,5625,1051,731,3167,456,670,833,586,2972,615,924
148116,143,140091,14291,1400,1,0,11680,1041,760,2753,14291,364,85,527,2984,367,1237,1008,724,3156,455,650,817,588,2959,357,1413,1045,721,3174,462,1039,1143,888,3093,367,777,967,732,3186,449,662,951,574,2966,356,5680,1058,721,3159,457,679,1014,579,2925,363,962,1072,717,3174,454,665,947,628,3007,359,996,1067,723,3169,460,673,1416,638,2981,377,770,1046,741,1293,458,681,985,670,3081,361,544,1048,744,3185,449,662,954,669,3003,372,5456,924,752,3222,453,671,965,651,3055,367,651
149115,144,140346,13181,1403,1,0,12485,907,737,3229,13181,756,176,1085,3099,671,1046,363,682,3267,447,672,961,718,3552,379,1141,896,788,3423,461,696,987,712,3545,363,565,821,664,3312,458,668,954,719,3140,363,5427,934,651,3295,458,669,962,723,3207,367,684,823,562,3341,451,674,955,717,1241,369,975,844,574,3319,456,666,957,723,3115,369,738,854,531,3528,504,677,998,706,3166,362,597,851,582,3344,462,641,969,715,3146,360,5458,928,576,2995,511,653,984,703,3132,492,1071
150116,145,137476,12357,1374,1,0,11657,918,682,3102,12357,757,174,902,2804,797,1217,332,534,3039,692,736,993,706,3126,498,1313,906,581,2984,350,761,978,714,3122,498,692,881,553,3026,336,750,988,705,3126,495,5889,923,586,1118,290,721,1005,715,3092,495,708,951,571,2986,345,621,1045,726,3121,482,1129,949,618,3057,337,525,1062,726,3107,510,902,1185,729,3135,359,529,1067,723,3183,496,685,1422,107,2966,805,271,733,902,2824,789,5754,451,661,3049,336,510,1081,751,3151,490,895
151116,146,136947,13084,1369,1,0,10600,1056,660,3132,13084,637,83,978,2804,780,1235,451,653,3096,343,522,799,771,3179,495,1313,1048,758,2592,836,276,519,966,2819,798,909,437,674,1312,301,515,946,770,3194,493,5602,1057,182,2994,808,275,512,668,2846,780,1268,435,650,3217,387,508,835,571,3250,492,1123,1024,726,3601,333,503,796,555,3294,500,893,1011,691,3547,367,525,824,560,3321,454,654,985,696,3202,381,530,843,545,3359,478,5605,1048,727,3152,362,559,855,553,2965,479,750
152116,147,137776,13268,1377,1,0,11704,1041,746,3211,13268,649,89,722,2657,807,1266,442,652,3173,456,668,851,574,1051,448,1313,1031,730,3171,472,668,829,563,2954,375,791,984,726,3190,450,631,878,558,2944,369,5666,1063,724,3160,456,683,943,572,2935,364,940,995,716,3194,455,667,945,571,2928,358,1228,1027,732,3164,455,663,962,554,2931,371,1148,1044,715,3181,486,680,1504,119,2918,844,294,763,849,2854,736,879,378,556,3011,366,5493,1059,735,3187,452,659,978,661,3017,365,1025
153116,148,136665,13714,1366,1,0,11882,1055,767,2717,13714,456,176,665,1149,383,983,1074,189,3115,951,407,664,917,2662,652,1367,330,747,3224,461,680,1002,645,3064,369,580,834,745,3235,450,661,955,1029,3143,363,5433,931,738,3237,456,682,959,725,3113,367,566,831,750,3249,453,672,950,732,3115,360,1005,878,582,3308,466,662,956,723,3555,370,749,818,552,3280,488,665,1003,704,3295,369,549,820,575,3318,456,674,963,713,3391,396,5443,941,586,1414,430,673,972,712,3133,370,809
154116,149,139576,13698,1395,1,0,11764,913,668,2897,13698,463,175,657,3153,437,1145,1168,731,3192,459,655,982,714,3143,488,1181,909,581,3028,460,682,989,719,3111,502,752,1068,674,3063,475,690,1030,730,3109,494,5530,934,575,2986,342,759,1011,687,3141,492,1080,864,548,3009,336,748,1015,720,3126,499,1251,949,563,3006,339,751,1007,710,3133,495,890,953,565,3004,358,734,1021,722,3216,478,665,937,563,1113,290,833,1058,715,3120,502,5602,1017,596,3015,339,525,1072,715,3111,502,754
155115,150,140854,13174,1408,1,0,11736,1213,637,3044,13174,638,227,939,2809,787,1243,449,708,3791,449,615,1045,734,3123,502,1312,1050,671,3059,342,533,1328,752,3163,499,695,989,653,3100,345,541,794,764,3165,494,5606,1056,644,3162,342,521,794,746,3159,499,840,991,717,3167,341,520,784,758,3213,495,1134,1025,724,3340,333,525,793,814,1315,478,871,1014,714,3180,364,538,837,558,3329,490,673,981,702,3241,340,535,799,575,3250,497,5598,1065,740,3546,351,537,841,556,3248,506,1166
156116,151,138390,13104,1383,1,0,11790,1056,770,3424,13104,639,83,728,2857,772,1244,454,658,3184,374,530,845,559,3338,485,1301,1023,722,3187,361,560,834,580,2937,491,696,985,699,3173,646,609,868,561,2935,447,5612,1053,726,3154,452,676,844,563,2961,443,692,978,704,3170,449,669,837,568,1073,354,1242,1025,721,3160,455,650,913,568,2942,371,950,1114,739,3212,527,806,903,560,3027,368,780,1019,723,3181,457,665,938,570,2943,368,5694,1055,725,3178,450,665,950,566,2950,359,1204
157116,152,138584,13727,1385,1,0,11707,1051,777,2716,13727,452,141,607,2985,367,993,1071,722,3176,450,660,1192,606,3011,366,1154,1112,712,3181,464,679,993,664,3019,374,585,1045,742,3197,449,669,960,678,3029,368,5434,1475,188,1189,917,454,682,883,2665,669,1091,314,757,3236,450,665,959,773,3098,361,982,868,747,3218,449,671,957,711,3115,366,746,819,751,3260,485,672,997,696,3164,366,536,813,908,3305,447,675,962,714,3209,372,5443,916,594,3295,457,666,956,730,3120,359,663
158116,153,138583,13706,1385,1,0,11783,918,128,3121,13706,463,173,664,3403,365,980,862,570,3305,453,662,953,734,3166,371,1142,886,574,3296,486,680,1004,698,3134,386,560,860,561,1124,466,644,979,703,3143,358,5444,918,660,3064,473,667,989,691,3124,859,828,846,570,3011,450,680,983,718,3122,484,1246,924,575,2998,469,673,983,724,3119,498,934,847,573,3022,362,746,983,715,3170,493,668,874,549,3029,339,749,980,701,3107,499,5681,936,584,2989,335,720,1023,739,3108,500,1157
159116,154,138019,13349,1380,1,0,11740,920,701,3115,13349,801,174,865,2814,796,1243,390,527,3055,339,523,1066,718,1235,469,1297,947,615,3031,349,523,1072,712,3146,499,701,1073,78,2947,801,269,778,899,2812,783,5743,444,676,3051,338,520,1068,743,3135,510,696,996,653,3042,332,528,813,754,3180,495,1136,1022,734,3164,327,519,792,749,3188,511,901,1013,838,3144,361,529,834,760,3215,498,699,1010,700,3185,340,521,785,747,3207,497,5604,1058,729,3180,337,535,798,1019,3260,502,922
160116,155,136113,13175,1361,1,0,11857,1060,772,3216,13175,635,84,719,930,776,1232,444,652,3181,363,525,832,560,3235,501,1327,1047,728,3327,365,526,840,554,3286,501,699,994,691,3193,371,520,835,529,3473,481,5608,1061,723,3153,368,555,848,567,3209,465,1105,985,701,3164,424,605,823,580,2994,486,1113,1018,717,3153,464,652,841,562,2930,456,906,1002,719,3159,481,616,800,582,3054,498,696,980,714,3196,450,693,847,579,2947,369,5675,1059,722,1288,421,633,855,573,2930,369,791
161116,156,139238,13421,1392,1,0,11779,1043,810,3263,13421,650,79,767,2666,659,1342,452,668,3218,453,661,946,583,2932,364,1444,1045,721,3177,457,673,943,561,2930,379,565,1069,720,3165,451,666,956,634,2987,365,5622,1062,725,3176,455,659,1426,661,3029,368,696,1045,743,3191,453,671,956,674,2992,360,1002,1064,736,3195,454,660,954,650,3018,361,749,821,751,3232,488,713,1011,654,1203,362,537,824,761,3216,448,669,956,780,3081,372,5439,921,734,3234,457,685,959,725,3122,364,1027
162116,157,138437,13220,1384,1,0,12037,906,809,3260,13220,762,178,890,2717,666,1063,345,520,3320,451,682,956,729,3141,367,1151,904,585,3287,467,676,987,712,3217,365,569,839,558,3347,457,666,957,723,3406,355,5441,922,565,3330,458,669,953,731,3109,379,560,843,543,3433,461,674,976,696,3110,352,998,864,559,3400,448,640,972,696,1241,361,840,841,565,3009,511,655,998,690,3164,492,673,853,554,2984,444,670,973,705,3121,502,5556,930,586,3010,703,735,983,708,3112,493,783
163116,158,136865,12248,1368,1,0,11693,900,669,3094,12248,753,177,892,2809,794,1201,343,529,3035,327,738,987,704,3136,480,1601,956,571,2997,349,742,997,727,3089,505,703,964,575,2980,341,778,1012,713,3114,499,5630,1011,560,2990,341,528,1063,724,3120,510,1128,951,612,1145,291,529,1048,731,3096,502,1125,1431,118,2957,813,273,745,898,2807,795,1149,402,637,3041,364,526,1065,768,3183,494,677,994,663,3101,345,529,801,759,3182,500,5599,1059,661,3097,342,518,783,754,3173,500,698
164115,159,139992,13621,1399,1,0,10774,1003,765,2623,13621,365,118,733,3192,496,1140,1016,731,3170,415,787,1111,762,3195,497,1310,1035,724,3171,351,538,830,559,3250,501,705,1004,695,3218,340,513,788,600,3246,494,5967,1074,732,1404,286,541,797,567,3264,503,857,1013,699,3598,365,521,820,576,3234,490,1124,1026,722,3185,358,506,801,569,3228,490,895,994,683,3187,378,562,847,568,3032,488,673,980,705,3194,460,597,857,566,2939,467,5992,1058,724,3157,452,660,846,583,2957,445,1117
165116,160,138837,13736,1388,1,0,11811,986,704,3175,13736,642,93,722,2650,1145,1337,429,653,3170,453,661,895,570,2957,361,1409,1038,754,3167,467,657,882,555,1066,347,819,1013,717,3172,447,682,946,561,2935,363,6045,1062,726,3139,453,666,954,563,2957,369,1002,202,905,2860,739,865,368,570,3019,363,993,1063,714,3150,451,661,936,636,3001,370,742,1067,727,3200,480,673,1336,665,3047,365,545,1049,740,3187,453,669,964,668,3003,365,5804,1089,190,3150,974,463,750,909,2653,658,1114
166116,161,139605,13297,1396,1,0,12350,318,755,3235,13297,768,177,862,2658,661,1067,341,742,3252,451,663,959,1148,1248,349,1150,883,730,3252,455,678,997,718,3116,364,570,817,753,3251,453,666,952,731,3169,368,6037,930,578,3305,453,681,950,719,3247,367,562,825,572,3300,447,661,955,731,3316,369,967,874,561,3503,442,667,948,723,3436,351,729,830,568,3310,495,671,1012,691,3194,374,534,850,544,3286,469,668,971,696,3127,377,6064,934,650,3218,450,757,180,887,2816,779,973
167116,162,137501,13358,1375,1,0,11756,269,523,1144,13358,760,173,888,2806,790,1213,335,548,3025,453,673,972,710,3140,501,1280,885,578,2991,346,752,993,705,3139,499,686,890,566,2991,340,742,990,697,3155,511,6494,939,643,3070,351,756,998,719,3098,497,1128,947,545,2999,337,722,1006,732,3125,496,1122,931,565,2993,344,540,1071,717,3100,501,900,1077,610,3051,361,529,1063,733,3157,500,687,944,618,3027,333,513,1106,732,3123,501,6137,1080,726,1327,368,661,1054,749,3132,501,698
168116,163,141043,13127,1410,1,0,11773,1018,678,3096,13127,632,559,983,2816,781,1237,447,711,3076,340,519,785,769,3181,505,1327,1050,655,3116,345,527,811,758,3171,501,696,1009,704,3181,331,514,805,800,3236,495,6198,1067,719,3467,364,536,824,784,2766,981,586,680,848,3299,630,694,297,540,3248,501,1126,1027,721,3253,352,496,817,561,3243,500,896,1024,692,3506,360,513,814,580,1382,471,655,981,703,3369,368,502,796,558,3325,493,6210,1070,727,3310,356,611,906,566,3322,475,1085
169116,164,138340,13286,1383,1,0,11741,987,700,3194,13286,650,86,725,2658,776,1224,450,660,3172,769,671,865,564,2950,452,1318,1029,725,3143,467,664,853,547,2974,379,747,1006,710,3166,467,653,832,562,2946,365,6279,1062,732,3171,454,646,875,570,2948,360,761,999,712,3219,452,778,85,753,2668,658,1396,433,672,3188,447,655,928,558,1042,356,971,1024,708,3201,487,672,946,561,3030,367,570,1076,725,3174,454,662,953,585,2946,370,6393,1125,804,3324,485,733,1042,627,3005,372,699
170116,165,141312,13291,1413,1,0,11873,1086,711,3186,13291,759,172,864,2644,662,1072,448,662,3226,446,658,944,817,3075,366,1159,1237,748,3256,465,670,988,662,3065,371,592,835,747,3228,455,661,953,657,3068,368,6154,939,768,3257,453,667,962,709,3136,369,966,822,755,1381,410,681,951,718,3122,361,989,860,936,3292,455,668,963,722,3695,366,765,820,554,3308,492,672,1009,716,3181,356,539,803,560,3319,445,669,951,717,3280,365,6117,929,571,3354,479,732,1053,731,3129,359,536
171115,166,140946,13327,1409,1,0,11759,847,586,3289,13327,750,172,887,2804,737,1094,346,526,3358,466,674,989,703,3136,359,1187,883,603,2982,482,658,980,699,3147,523,691,847,555,2979,438,673,972,710,1221,473,6230,942,584,2980,478,682,990,707,3134,490,827,836,551,2988,338,741,1000,706,3147,492,1094,904,561,2997,333,750,987,716,3152,494,1278,934,563,2975,359,733,1006,724,3153,498,689,1093,669,3460,664,733,994,714,3106,499,6343,931,564,3166,386,629,1056,731,3122,497,1093
172116,167,140601,13141,1406,1,0,11772,943,617,3015,13141,990,204,954,2817,785,1237,492,586,3097,338,516,1075,732,3117,542,1329,1042,671,3066,346,533,1058,753,1263,491,693,999,676,3081,336,521,786,753,3187,512,6266,1060,645,3101,335,523,794,750,3159,499,711,1000,762,3137,338,520,795,778,3196,484,1139,1020,708,3163,334,533,796,745,3196,497,902,1005,704,3289,368,535,826,570,3312,495,680,975,716,3201,328,521,804,567,3253,504,6278,1058,739,3599,378,609,902,574,3322,485,824
173116,168,139944,13195,1399,1,0,11748,999,694,3368,13195,643,81,730,2873,784,1235,457,682,1310,370,529,838,538,3467,482,1318,1041,722,3144,362,576,838,563,3217,469,690,1008,703,3195,354,563,856,553,2984,477,6260,1058,725,3155,450,636,805,568,2903,453,1116,965,703,3177,454,649,834,574,2983,466,1157,1019,724,3146,451,736,917,571,2945,363,977,1020,695,3182,488,636,914,585,3021,370,750,996,701,3218,445,1034,937,568,2940,363,6373,1052,728,3268,476,735,933,571,2956,359,782
174116,169,138351,13270,1383,1,0,11805,1056,716,1288,13270,756,152,852,2652,663,1092,447,658,3285,445,661,1099,651,3054,368,1149,1061,717,3185,466,676,1448,100,2912,863,316,646,956,2859,744,881,427,660,3016,364,6027,1088,757,3221,456,660,959,827,3090,378,676,834,759,3227,456,661,959,663,3043,367,995,877,757,3216,451,663,957,801,3111,361,741,820,701,3297,495,685,1010,710,3125,362,547,810,745,3257,451,669,955,722,1261,359,6408,924,584,3292,497,746,1047,731,3160,367,965
175116,170,140225,13240,1402,1,0,11756,824,570,3300,13240,756,173,901,3078,639,1066,363,546,3520,470,654,978,697,3373,361,1176,896,578,3335,476,674,984,715,3121,366,549,824,551,3373,466,664,965,712,3134,383,6051,937,580,2973,466,652,982,703,3134,388,589,856,569,3029,509,662,984,700,3132,529,1101,852,567,2966,462,691,987,707,3093,503,828,814,602,2971,751,744,982,709,1293,483,723,871,563,2975,340,759,1003,696,3129,507,6249,939,573,3136,382,730,1041,766,3125,484,1252
176116,171,138170,11656,1381,1,0,11715,943,569,2973,11656,777,175,909,2804,796,1247,380,532,3056,339,703,1060,742,3122,500,1301,986,575,2986,347,527,1073,713,3113,501,716,942,617,3023,333,513,1070,739,3214,500,6185,1467,139,2946,813,276,730,907,2809,789,1262,438,669,3046,337,514,1129,744,3144,499,1139,1024,669,1172,364,518,825,763,3159,499,894,1009,656,3175,360,532,836,759,3212,499,689,994,1021,3167,341,516,792,749,3202,485,6197,1060,729,3174,391,632,914,741,3199,493,705
177115,172,139495,13196,1394,1,0,10182,1037,724,3175,13196,635,87,753,2849,783,1237,450,651,3206,345,527,806,556,3241,481,1303,1048,726,3327,366,535,833,557,3273,506,694,987,699,3543,368,529,824,571,3254,483,6187,1096,726,3147,388,527,842,535,3295,485,827,991,688,1297,366,647,822,574,2928,482,1115,1007,716,3163,518,614,861,579,2963,483,897,995,711,3171,490,616,808,575,3034,440,679,975,707,3151,449,622,811,566,2920,364,6262,1049,725,3278,469,700,906,582,2953,359,1197
178116,173,140681,13214,1406,1,0,11781,1007,706,3178,13214,743,89,797,2664,659,1345,440,659,3184,455,670,952,580,2944,361,1392,1053,726,3191,464,678,945,567,3113,363,887,1047,713,3161,450,668,972,583,1064,357,6454,1068,726,3173,458,678,1193,767,3122,367,579,1061,724,3173,450,662,1359,671,3015,363,1006,1070,735,3195,453,663,954,671,3009,373,754,1063,198,3100,979,413,673,1312,2708,664,723,321,759,3235,446,656,953,661,3053,377,6038,919,743,3282,489,745,1047,972,3107,363,695
179116,174,140470,13211,1404,1,0,11832,819,737,3259,13211,759,172,888,2708,657,1078,348,759,3515,460,655,967,710,3126,363,1145,916,585,3309,462,673,983,726,1247,375,551,835,556,3304,454,678,962,728,3525,366,6035,927,649,3333,456,661,1001,734,3305,387,951,802,563,3345,469,670,964,720,3135,397,1167,947,573,3271,474,678,977,695,3119,367,762,846,558,3019,480,661,982,699,3185,473,640,837,586,2968,459,687,991,699,3099,498,6135,927,585,3134,435,720,1039,714,3113,503,693
180116,175,140700,13996,1407,1,0,11673,842,561,3021,13996,747,173,880,2806,784,1215,342,528,1142,298,746,986,709,3109,502,1384,919,569,2995,354,761,996,722,3152,498,688,933,557,2981,339,724,1009,718,3119,497,6383,943,589,3022,338,516,1073,715,3117,498,839,935,620,3008,334,528,1076,722,3119,494,1132,956,614,3032,340,527,1098,724,3142,490,886,1000,622,3064,360,547,1056,746,3250,494,669,987,664,3062,340,522,1269,736,3154,501,6205,1055,650,3174,396,632,909,753,3180,492,1099
181116,176,138325,13064,1383,1,0,12196,1004,644,1232,13064,636,91,973,2816,784,1235,443,650,3172,342,509,790,742,3200,507,1317,1038,730,3181,346,539,824,927,2708,983,437,678,869,2788,628,695,291,523,3241,498,6265,1066,714,3241,339,523,786,574,3240,504,713,1009,695,3527,358,541,827,567,3251,500,1131,1021,721,3524,390,510,845,536,3249,486,886,991,688,3166,818,621,830,586,3645,492,672,985,700,3180,357,520,828,560,1035,476,6270,1075,718,3276,796,671,907,599,2943,464,842
182116,177,140505,13973,1405,1,0,11732,998,719,3174,13973,642,89,725,2650,847,1274,446,657,3167,448,677,862,590,2948,361,1404,1035,731,3206,467,647,878,557,2942,359,789,1011,703,3187,453,804,1062,657,2993,366,6365,1066,726,3171,447,661,943,563,2941,362,1163,1017,725,3167,451,664,959,580,2930,367,1005,1069,715,3175,452,657,960,624,2978,375,761,1064,713,1282,465,666,1056,627,3040,356,543,1062,732,3180,451,664,971,675,2994,373,6127,1056,749,3271,475,750,1044,669,2998,362,553
183115,178,141955,13261,1419,1,0,12602,1231,764,3233,13261,759,179,854,2686,654,1069,332,754,3223,455,677,959,773,3415,375,1134,891,792,3240,462,674,990,719,3102,360,573,824,738,3283,458,673,959,727,3119,356,6045,935,861,3289,454,663,959,725,3235,367,697,817,566,3301,455,661,961,732,3228,352,971,857,565,1442,407,660,951,714,3271,381,737,833,558,3355,485,668,1003,701,3175,485,787,932,571,3286,477,683,991,706,3129,471,6141,926,588,3598,450,727,1036,731,3115,375,986
184116,179,139538,13226,1395,1,0,11732,833,551,3007,13226,759,176,893,2805,1127,1366,560,766,3407,457,673,964,718,3156,493,1290,884,598,2977,487,691,983,715,3116,497,681,842,577,2992,338,743,990,709,3137,487,6180,940,586,2969,339,652,1088,743,1262,486,979,140,819,2702,634,856,454,659,3173,494,1140,958,573,3011,337,757,1021,724,3111,486,888,939,608,3021,354,518,1057,723,3166,495,685,952,626,3048,346,537,1075,715,3118,502,6206,1252,86,2995,831,382,728,900,2809,783,1249
185116,180,139600,13122,1396,1,0,11683,441,663,3072,13122,641,213,953,2821,788,1234,447,746,3152,335,520,784,755,3174,501,1312,1045,651,3104,352,524,821,761,3178,506,703,1000,809,3146,338,510,801,746,1332,483,6204,1054,727,3173,331,517,789,739,3215,502,712,996,696,3183,339,524,797,589,3248,503,1128,1018,736,3165,349,538,840,550,3252,500,883,1002,686,3271,344,566,857,554,3253,498,689,1029,704,3349,348,537,835,556,3286,501,6205,1059,718,3255,359,620,914,582,3426,489,827
186116,181,139431,13210,1394,1,0,11740,990,699,3170,13210,647,84,742,3053,755,1224,448,653,3193,367,566,846,576,2945,525,1305,1030,730,1280,447,656,843,576,2948,446,710,987,704,3189,449,656,827,561,2943,611,6227,1064,730,3152,453,696,877,594,2951,371,1194,993,711,3188,450,641,879,566,2945,356,1235,1022,721,3149,450,689,946,590,2934,367,964,1030,716,3185,489,678,934,567,3009,363,746,999,716,3179,447,654,958,563,2946,361,6455,1055,723,3273,481,734,934,623,2971,368,578
187115,182,136925,13264,1369,1,0,11804,1061,730,3156,13264,770,185,852,2655,657,1067,457,684,1350,418,663,941,673,3023,362,1166,1073,749,3194,466,675,988,649,3043,366,578,819,766,3238,458,671,951,663,3079,362,6027,929,748,3211,447,668,961,756,2543,834,443,539,977,2866,743,879,421,669,3130,366,999,879,736,3285,453,675,955,711,3126,367,748,834,584,3295,484,673,994,702,3425,368,552,826,564,3304,450,667,959,727,3214,368,6039,923,587,3344,497,749,230,931,885,658,1079
188116,183,140058,13288,1400,1,0,11727,328,520,3294,13288,751,177,894,2801,663,1036,362,524,3433,464,667,971,711,3149,351,1174,903,582,3442,461,661,977,697,3138,464,641,846,571,2982,460,661,966,709,3131,497,6142,940,667,3060,457,677,973,706,3094,497,691,873,553,2980,714,738,987,705,3145,497,1156,938,571,3005,343,754,985,694,3128,503,859,879,555,2978,350,751,989,720,3181,495,685,924,571,2986,345,720,1009,717,1232,475,6587,1182,693,3166,395,867,1041,738,3120,492,836
189116,184,138834,11455,1388,1,0,11764,1013,560,2999,11455,1098,201,948,2818,788,1232,361,562,3072,335,514,1073,726,3118,495,1306,1319,143,2962,829,276,795,909,2815,788,902,443,672,3066,330,512,1010,762,3161,494,6191,1063,668,3076,332,519,783,666,3237,506,1099,999,653,3109,328,518,805,765,3176,505,1135,1031,998,3182,335,518,798,747,3202,497,908,1018,701,1315,331,539,1032,799,3233,501,697,1020,696,3583,336,529,798,574,3241,500,6216,1054,722,3211,396,638,906,580,3249,499,709
190116,185,140088,13165,1400,1,0,10062,1032,689,3438,13165,639,83,729,2852,799,1239,447,649,3593,372,530,820,566,3245,487,1316,1038,724,3157,373,516,822,561,3234,487,691,993,693,3208,370,550,849,558,2965,477,6199,1061,722,3151,443,640,855,575,2960,474,835,984,721,3205,456,662,850,563,3265,476,1216,1038,719,1271,410,643,882,557,2939,372,971,1016,704,3201,486,645,834,581,3036,375,778,1003,713,3188,446,644,933,578,2942,367,6296,1058,724,3289,478,735,929,564,2938,364,1172
191116,186,139296,13260,1392,1,0,11754,1043,715,3171,13260,1064,142,811,2664,661,1508,460,661,3212,453,658,955,617,2951,361,1160,1066,730,3165,476,675,951,622,2977,372,571,1067,722,3186,455,661,953,675,3016,357,6102,1062,735,3193,453,662,954,661,1116,368,561,1112,196,3117,951,410,666,877,2718,654,1078,355,718,3286,449,665,949,653,3061,372,754,831,754,3241,484,677,1004,732,3141,367,540,816,753,3263,453,679,954,720,3116,368,6107,923,801,3276,474,742,1053,727,3109,360,699
192116,187,139732,13331,1397,1,0,11737,812,569,3291,13331,754,176,886,2774,642,1061,346,516,3295,449,668,965,722,3498,369,1149,891,578,3295,466,680,1001,719,3296,369,592,856,555,3296,475,676,990,733,1261,370,6091,923,576,3224,469,683,976,699,3124,370,968,842,564,3006,463,653,975,709,3138,500,1008,898,554,2991,461,683,984,703,3126,496,879,858,567,2976,448,653,957,721,3166,499,653,819,575,2980,340,740,984,700,3127,512,6277,922,652,3123,388,749,979,730,3107,496,926
193116,188,140483,13560,1404,1,0,11791,901,568,3003,13560,713,178,859,2802,796,1250,374,515,3022,339,729,998,732,3127,502,1318,936,553,1113,315,544,1049,724,3123,505,708,964,608,3041,341,510,1066,731,3105,498,6260,951,626,3028,340,519,1107,727,3147,501,1084,995,670,3072,336,523,1050,745,3135,508,1129,1032,670,3058,335,520,1361,769,3171,499,900,1018,681,3107,367,533,821,744,3214,502,690,1010,659,3174,338,522,786,787,3189,514,6269,1056,740,3224,368,644,909,746,3193,498,692
194116,189,139090,13148,1390,1,0,12123,1020,695,3185,13148,635,80,1035,919,762,1223,450,656,3407,378,728,1021,664,3237,500,1312,1044,730,3382,346,534,812,554,3244,504,698,996,702,3509,359,525,822,557,3281,503,6253,1063,724,3157,384,516,839,563,3251,482,823,977,688,3188,367,516,840,545,3404,483,1109,1012,727,3175,361,551,845,571,2958,487,881,994,695,3193,762,668,843,554,3023,453,686,985,728,3170,448,619,822,586,2919,446,6305,1064,767,3260,495,665,885,590,1040,335,1193
195116,190,139881,13346,1398,1,0,11756,993,705,3154,13346,645,84,711,2648,662,1341,431,668,3165,447,827,900,584,2947,369,1406,1041,720,3161,455,675,947,555,2927,367,754,1056,708,3172,452,664,976,620,2971,366,6503,1053,727,3181,453,674,946,619,2955,363,571,1057,712,3166,448,667,1048,631,2960,364,989,1090,718,3189,449,669,958,662,3007,369,750,1043,738,3186,481,680,1005,658,3051,370,545,1286,751,1352,410,667,949,652,3016,365,6125,925,747,3265,482,743,993,656,3121,357,694
196116,191,140042,13314,1400,1,0,11944,809,776,3240,13314,750,173,892,2718,659,1068,344,803,3242,453,676,962,722,3128,356,1146,897,924,3283,468,678,983,721,3204,367,569,822,565,3288,454,670,961,721,3173,363,6095,928,570,3298,452,663,959,735,3338,365,971,829,558,3292,452,673,960,721,3106,354,962,840,564,3511,467,653,973,696,3151,434,763,840,573,1128,469,653,997,705,3174,358,644,824,553,2961,469,657,980,701,3114,495,6206,924,638,3115,435,734,977,729,3123,496,695
197116,192,139866,13825,1398,1,0,11783,862,569,2981,13825,756,178,886,2804,793,1214,330,521,3012,343,749,998,703,3133,503,1263,895,566,3008,350,756,987,727,3130,502,1029,954,559,3020,335,726,1000,724,3130,492,6614,946,569,3151,341,755,1017,718,3095,494,838,958,562,2990,339,515,1076,724,1227,477,1120,939,615,3010,337,512,1077,723,3099,492,906,1112,85,2944,828,278,748,917,2833,786,871,440,620,3054,341,529,1046,750,3136,503,6269,1055,651,3120,388,636,816,768,3191,501,1101
198116,193,140241,13236,1402,1,0,11963,998,657,3103,13236,639,84,967,2810,783,1236,462,845,3127,343,516,779,772,3229,489,1302,1047,716,3179,351,548,829,655,3235,492,689,999,711,3180,339,516,797,596,3242,503,6318,1062,719,3198,347,523,802,572,1386,485,698,982,699,3152,352,529,832,586,3267,499,1128,1025,727,3296,365,537,830,547,3290,501,907,1016,687,3192,373,510,816,580,3525,485,689,984,689,3204,367,614,805,573,3300,472,6346,1063,721,3333,374,629,893,604,2939,482,814
199116,194,140962,13996,1409,1,0,11842,1001,698,3198,13996,644,83,719,2646,758,1281,448,653,3167,445,648,883,566,2941,469,1379,1034,737,3180,468,688,874,560,2953,365,788,1005,705,1287,412,664,863,577,2959,360,6390,1070,725,3175,455,1113,945,577,2945,368,1207,1042,710,3176,458,672,949,566,2928,362,1280,1027,736,3161,447,662,957,567,2933,361,746,1063,716,3180,475,681,959,623,3040,370,551,1078,733,3176,451,660,1339,615,3019,363,6174,1050,740,3275,473,733,979,675,3026,370,563
200115,195,141524,13277,1415,1,0,12239,1082,756,3192,13277,758,177,869,2659,656,1057,346,767,3220,451,670,963,757,3088,360,1160,893,757,1346,446,680,991,824,3113,373,577,818,750,3252,453,667,961,720,3126,362,6174,938,759,3245,453,660,951,723,3329,370,701,824,558,3286,454,661,958,731,3176,377,997,874,588,3312,449,661,954,732,3212,366,744,820,560,3347,489,674,1001,706,3539,363,591,836,572,3520,446,656,953,716,3119,354,6170,927,645,3534,459,752,963,736,3113,382,990
201116,196,137857,13272,1378,1,0,11745,860,563,3007,13272,755,166,895,873,651,1101,350,522,3040,492,661,969,710,3156,488,1280,887,590,2976,455,701,982,705,3111,500,706,850,578,3005,803,734,984,709,3124,500,6276,940,573,2978,344,748,993,704,3139,495,683,878,549,2987,339,778,1009,703,3128,498,1156,935,563,2986,340,731,981,694,3106,502,895,947,554,2992,359,795,1024,710,3163,490,674,1172,727,3130,337,519,1067,725,3142,505,6325,934,656,1274,389,658,1065,728,3110,500,844
202116,197,138215,11459,1382,1,0,11733,1355,654,3065,11459,643,209,958,2809,795,1244,440,659,3054,340,522,1081,738,3149,490,1310,1051,662,3071,332,529,809,768,3185,505,695,996,674,3166,343,509,787,759,3169,489,6249,1065,879,2600,811,277,521,967,2813,785,1244,426,645,3173,342,519,793,684,3222,494,1141,1032,723,3174,338,517,794,585,3246,503,896,1012,697,3184,364,523,843,558,3234,498,682,1009,684,1490,327,520,800,552,3250,497,6256,1062,757,3661,362,628,815,573,3263,488,695
203115,198,140701,13242,1407,1,0,10067,1006,706,3156,13242,644,83,732,2903,771,1229,455,668,3191,375,558,855,556,2969,477,1290,1018,727,3172,480,594,857,558,2958,472,729,1038,718,3178,455,663,896,570,2983,441,6252,1064,727,3152,456,664,849,557,2948,360,903,1013,713,3184,455,652,878,665,3002,363,1241,1023,719,3149,458,653,887,676,1118,354,1063,1039,723,3163,484,673,952,660,3044,367,763,1007,713,3198,449,661,1508,663,3007,367,6583,1045,754,3255,483,743,940,618,2945,364,959
204116,199,139367,13293,1393,1,0,11824,1073,728,3178,13293,762,143,830,2659,658,1077,452,719,3268,447,665,979,697,3073,367,1149,1049,757,3191,462,670,985,673,3006,371,570,1057,193,3110,942,408,667,884,2655,658,6225,353,759,3222,452,674,961,663,3061,365,564,827,751,3230,452,656,961,743,1252,375,978,886,756,3266,453,657,949,721,3117,362,766,830,819,3248,478,672,1010,712,3129,364,544,821,584,3308,454,656,953,715,3256,376,6102,939,646,3296,481,739,991,724,3475,346,717
205115,200,140012,13324,1400,1,0,11747,847,548,3319,13324,751,172,882,3202,658,1089,353,517,3297,475,670,991,699,3113,366,1156,887,587,3257,486,677,980,698,3125,364,580,853,553,3046,461,645,992,696,3131,503,6137,939,568,1120,453,682,992,719,3117,496,1092,821,575,2975,448,665,972,713,3135,477,1108,887,568,2970,340,752,990,706,3128,507,852,872,578,3007,365,749,988,704,3192,494,838,909,570,3008,336,736,996,722,3113,492,6628,930,644,3130,390,739,998,721,3126,485,698
206115,201,139837,13512,1398,1,0,11796,930,559,2988,13512,749,195,900,2813,785,1234,370,564,3051,336,517,1067,743,3115,501,1307,952,622,3040,358,532,1086,708,3100,495,712,1009,661,1191,291,521,1033,750,3147,505,6253,1064,665,3158,339,525,1359,747,3159,499,848,998,661,3107,335,520,795,768,3168,501,1129,1024,665,3072,337,522,790,756,3176,511,896,1016,701,3175,362,531,833,747,3281,487,664,970,721,3166,338,518,787,821,2694,984,6034,761,880,2824,678,787,385,536,3260,502,1098
207116,202,140232,13141,1402,1,0,12023,1021,689,3199,13141,638,81,723,2842,797,1245,443,653,3364,361,542,836,558,1373,462,1292,1049,742,3540,371,497,823,551,3252,484,684,1009,695,3179,376,634,842,560,3438,484,6266,1067,732,3152,375,567,857,558,2984,478,673,976,692,3175,916,663,838,566,2950,448,1154,1016,717,3176,452,757,919,564,2951,436,887,979,714,3160,489,646,869,555,3018,365,761,1003,697,3191,455,641,935,570,2939,363,6342,1060,745,3267,490,858,927,570,2940,362,889
208116,203,138038,13226,1380,1,0,11757,1009,703,3182,13226,656,81,761,732,635,1322,460,679,3212,453,663,932,571,2940,376,1162,1051,721,3158,467,682,940,613,2966,367,570,1089,726,3169,448,665,1132,627,2984,365,6446,1078,734,3184,458,678,957,672,3009,364,980,1039,736,3195,451,674,957,676,2999,357,996,1346,757,3228,448,659,964,652,3056,367,766,828,749,3213,488,669,1017,851,3100,363,546,807,768,3249,453,675,964,724,3158,365,6098,937,695,1411,463,744,1036,193,2956,831,309
209115,204,140724,13524,1407,1,0,11808,546,1109,2882,13524,973,413,658,3556,370,1071,853,561,3307,502,671,959,723,3124,363,1144,888,596,3337,463,679,971,716,3237,357,580,828,560,3294,453,677,951,732,3112,368,6185,923,577,3161,454,654,973,711,3125,480,808,827,582,3297,474,659,971,707,3120,361,1440,901,565,2997,458,641,958,710,3132,513,880,851,571,3035,472,696,964,716,3159,504,666,848,564,1105,575,741,984,696,3118,503,6650,138,838,2750,686,959,514,211,3054,976,828
210116,205,139858,14348,1398,1,0,11732,599,684,2710,14348,971,427,677,3103,496,1441,907,575,2989,339,724,992,723,3117,496,1323,931,561,2986,354,753,1038,721,3129,496,704,941,583,2991,338,520,1063,736,3135,503,6324,929,618,2996,341,530,1063,730,3112,509,709,1134,77,2961,796,270,735,946,2817,791,1291,452,669,3142,345,541,1047,752,1247,479,903,1012,654,3108,361,533,850,770,3197,493,685,990,666,3116,332,520,773,756,3174,487,6334,1066,644,3144,406,643,104,984,2820,788,1068
211116,206,139649,13129,1396,1,0,12582,411,671,3175,13129,637,79,945,2823,772,1294,437,651,3166,338,526,790,577,3245,496,1316,1055,726,3213,349,539,815,576,3256,499,717,994,705,3164,346,537,797,565,3270,499,6340,1062,724,3260,344,516,774,586,3272,507,1100,990,700,1330,371,539,835,546,3455,486,1191,1019,720,3161,362,562,836,576,3257,478,872,977,714,3220,474,627,838,682,3054,520,680,977,690,3158,451,634,798,596,2911,439,6358,1056,729,3297,489,655,875,664,2976,524,715
212116,207,140372,13512,1403,1,0,11743,983,710,3175,13512,647,84,727,2660,664,1408,438,649,3190,457,632,873,561,3103,357,1403,1041,720,3158,467,717,949,574,2932,368,793,1013,739,3153,453,666,942,563,2944,364,6523,1051,723,1285,430,675,1651,91,2925,841,441,775,847,2865,743,875,521,666,3022,352,1054,1060,715,3204,453,662,1335,658,3099,367,768,1037,737,3183,477,681,996,685,3053,361,546,1041,727,3223,451,657,950,648,2997,362,6276,927,738,3250,492,741,1047,143,2922,828,730
213116,208,145489,18307,1454,1,0,12110,585,954,2859,18307,975,424,810,2544,831,815,625,961,2874,743,874,418,675,3108,363,1151,885,737,3269,466,684,994,721,1259,374,578,832,811,3313,444,656,940,730,3140,366,6267,933,572,3299,454,672,955,715,3203,372,578,829,562,3324,452,664,948,733,3478,357,1034,849,568,3304,471,667,971,712,3113,396,839,857,552,3340,500,680,1005,692,3185,372,570,837,584,3002,463,659,978,697,3152,358,6350,925,656,3114,494,749,1089,770,3141,498,834
214116,209,142341,13314,1423,1,0,16523,849,583,3001,13314,758,176,893,2813,786,1357,448,793,3662,382,686,987,694,1230,476,1282,899,575,2996,350,758,1004,709,3151,500,697,876,560,3036,338,757,985,693,3128,493,6962,1152,651,3031,338,685,1048,729,3120,499,1103,930,563,3001,339,866,1027,725,3122,490,1203,1007,569,2967,341,525,1084,725,3123,503,895,931,612,2990,362,529,1065,714,3194,500,689,1351,649,3052,344,522,1038,739,3142,508,6434,1047,621,3209,382,615,989,763,3160,492,700
215116,210,138457,11389,1384,1,0,11774,1001,664,1195,11389,645,91,974,2811,784,1281,469,747,3512,383,522,826,757,3174,488,1317,1048,1011,3179,350,532,816,758,3188,501,732,1005,700,3190,327,512,927,830,3224,490,6425,1064,721,3189,347,512,782,584,3254,495,856,988,704,3783,350,519,788,591,3252,497,1189,1021,723,3278,355,521,826,556,3264,495,896,996,689,3507,378,517,815,575,3303,469,669,983,689,3190,365,530,836,527,3248,492,6434,1052,738,1382,379,678,915,121,2935,974,896
216116,211,140478,13610,1404,1,0,10059,692,832,2873,13610,830,300,541,2920,446,1224,1017,713,3153,458,717,910,566,2937,440,1327,1030,723,3156,469,667,836,555,2962,367,789,994,714,3190,456,643,863,559,2947,359,6509,1065,727,3166,451,672,871,577,2963,363,938,1003,707,3175,460,671,951,584,2947,362,1306,1023,730,3171,452,662,938,564,2952,370,966,1070,717,3191,488,672,926,617,1145,343,550,1058,720,3174,451,669,924,609,2978,369,6336,1055,742,3258,481,748,1484,132,2928,828,734
217116,212,140536,13543,1405,1,0,11834,752,874,2862,13543,974,412,666,3012,373,1043,1161,209,3104,943,405,661,843,2655,661,1350,334,752,3240,451,681,997,654,3229,362,598,816,747,3231,455,664,951,746,3122,365,6269,933,742,3256,461,672,947,725,3128,368,562,825,821,3251,454,666,966,720,3165,358,1054,869,571,3300,452,664,963,719,1361,376,759,839,559,3316,484,673,998,707,3582,358,547,812,564,3304,456,665,953,729,3357,368,6267,917,658,3296,464,745,1060,235,3067,836,445
218115,213,140297,13481,1402,1,0,11731,552,668,3115,13481,975,417,670,3111,380,1054,871,562,2990,513,665,982,693,3113,476,1203,903,578,2988,466,688,972,724,3112,490,712,844,568,2980,544,727,981,695,3116,502,6375,920,586,3135,340,749,978,709,3125,501,1080,863,555,1126,289,724,980,712,3137,506,1241,906,570,2986,343,742,1001,722,3125,502,896,948,558,2980,351,737,983,726,3139,506,687,942,559,2987,338,518,1075,727,3119,502,6431,944,665,3119,394,631,1104,760,3175,494,693
219116,214,140600,13107,1406,1,0,11681,1054,633,2995,13107,639,219,937,2812,793,1289,462,672,3036,339,515,1049,760,3143,499,1317,1051,662,3058,354,532,1169,757,3181,497,717,1001,651,3109,333,521,780,764,3176,510,6439,1065,659,1236,288,519,779,768,3172,501,844,993,701,3167,338,517,791,753,3197,502,1200,1028,733,3179,335,517,782,908,2694,974,683,664,827,2780,665,690,320,554,3316,489,661,974,698,3196,347,516,779,577,3243,494,6437,1055,741,3839,364,610,905,635,3262,505,1102
220116,215,139942,13053,1399,1,0,11695,1000,781,3167,13053,641,79,713,2940,775,1287,445,646,3172,418,532,825,564,3427,495,1295,1014,730,3174,363,556,831,572,1073,480,708,961,720,3184,845,654,827,568,2927,463,6365,1053,726,3158,458,667,849,589,2939,474,705,971,725,3182,453,666,832,549,2941,365,1303,1019,708,3174,460,757,907,578,2937,360,962,1016,699,3203,483,936,911,565,3026,375,746,1048,721,3152,452,680,949,565,2922,362,6429,1054,754,3259,496,755,922,649,3019,359,698
221116,216,140411,13320,1404,1,0,11651,1061,706,3166,13320,759,134,818,2675,658,1126,488,649,1338,410,660,1047,97,2916,839,959,746,893,2858,764,887,412,672,3005,369,581,1035,738,3193,448,652,939,680,3017,362,6196,1338,755,3220,453,659,955,796,3381,461,1197,1058,198,3114,939,407,670,1096,2914,801,1508,391,739,3225,455,670,953,719,3128,367,756,819,798,3299,485,674,1002,698,3145,361,547,805,974,3291,444,656,950,713,3163,365,6181,918,662,3270,497,753,1014,218,2958,850,305
222115,217,139674,13401,1396,1,0,11795,554,679,966,13401,974,412,668,3277,362,1038,866,554,3329,459,683,947,729,3110,388,1127,899,584,3507,484,677,982,694,3126,526,663,863,572,3242,486,656,967,715,3138,374,6360,934,582,2973,454,650,976,707,3132,503,831,841,561,3008,457,680,983,711,3117,490,1172,869,568,2968,600,725,985,713,3128,497,922,836,566,3007,357,747,974,715,3171,497,656,825,586,2978,341,769,977,721,1254,461,7097,926,587,3221,378,730,1001,762,3150,506,1103
223116,218,139735,13283,1397,1,0,11647,1125,710,3176,13283,785,174,894,2817,784,1288,384,527,3081,340,516,1066,724,3094,508,1316,943,614,3005,350,527,1071,735,3122,512,709,1044,139,2957,802,278,756,900,2812,792,6583,454,668,3060,339,520,1062,750,3137,505,705,990,662,3114,336,519,778,767,3182,508,1190,1022,661,3173,328,519,786,766,3181,500,896,1007,872,3189,356,527,826,700,1336,476,659,979,688,3172,329,531,798,732,3200,493,6416,1054,730,3235,384,624,885,648,3255,481,832
224116,219,139507,13074,1395,1,0,11801,1002,690,3204,13074,636,85,712,2875,790,1287,450,663,3576,380,619,1097,138,3109,973,1127,729,872,3134,745,894,422,656,3364,489,704,984,717,3182,383,531,850,537,3626,398,6385,1061,184,3097,881,335,523,692,2645,757,1247,444,663,3183,369,558,833,564,2962,428,1255,1025,708,1272,418,670,873,579,2942,441,892,981,713,3159,486,645,811,572,3016,778,756,995,692,3173,458,650,872,553,2943,361,6426,1059,738,3248,478,626,928,640,2995,369,796
225116,220,140888,13418,1408,1,0,11691,1005,718,3203,13418,650,82,757,2673,661,1376,445,663,3208,458,663,953,568,2935,356,1391,1057,717,3188,460,673,989,571,2933,367,600,1059,720,3152,450,661,935,630,2960,363,6257,1078,718,3172,447,665,1363,712,3092,367,714,1049,744,1304,411,666,969,717,3088,361,1058,1170,760,3242,450,661,953,681,3045,366,750,824,754,3224,489,678,998,666,3093,364,548,802,760,3232,451,666,957,984,3116,364,6199,927,752,3259,496,746,1099,227,2956,824,735
226116,221,140585,13520,1405,1,0,12050,584,958,2865,13520,974,415,680,3113,368,1053,861,565,3300,450,663,955,721,3148,365,1171,884,580,3303,463,671,980,727,3400,364,580,821,558,3364,458,669,953,716,1240,365,6175,923,583,3284,467,665,970,712,3136,374,548,832,574,3304,470,662,957,694,3134,365,1022,853,541,3074,462,671,977,696,3114,534,897,907,574,3022,509,696,976,723,3160,493,673,834,563,2988,453,690,978,704,3123,504,6301,927,661,3113,814,759,1068,225,3058,976,618
227115,222,140691,14340,1406,1,0,11728,708,1029,2757,14340,977,418,668,3111,489,1172,927,576,2995,334,760,981,706,3128,495,1350,923,558,2990,351,751,1011,719,1225,491,714,932,575,3009,331,801,1032,723,3127,492,6704,935,614,3213,344,530,1052,727,3119,498,1096,1128,135,2965,806,278,741,860,2822,780,1287,452,677,3079,339,516,1042,742,3144,501,900,1004,676,3052,357,523,1073,198,3073,966,440,665,886,2704,631,699,290,763,3172,504,6344,1053,725,3223,370,609,891,745,3143,505,705
228116,223,139102,13088,1391,1,0,12598,1000,1034,3176,13088,636,79,952,2868,790,1288,447,653,1305,291,512,779,768,3202,496,1306,1036,721,3171,353,536,823,563,3254,567,711,1000,694,3197,337,517,792,580,3242,488,6335,1069,727,3532,349,537,840,552,3275,500,843,1005,710,3500,366,527,805,571,3426,484,1191,1024,730,3175,371,523,834,556,3267,491,900,988,685,3197,369,560,837,582,3004,487,670,980,696,3193,558,620,840,575,2934,451,6413,1062,755,3257,498,669,953,110,1011,963,918
229116,224,139136,12438,1391,1,0,11695,696,849,2868,12438,831,298,556,2933,373,1295,1009,722,3175,450,658,853,577,2936,363,1407,1007,707,3152,470,745,906,586,2922,367,821,1012,727,3187,451,653,938,560,2937,363,6419,1054,725,3142,451,666,941,570,2921,363,1006,1056,734,3177,453,655,1071,599,2954,364,1056,1063,709,3166,459,669,1018,616,2958,369,747,1079,729,3162,486,668,976,671,3078,362,545,1039,734,3188,449,671,951,674,1125,356,6183,1311,733,3263,496,757,1098,149,2955,845,454
230115,225,142236,13492,1422,1,0,10796,542,960,2851,13492,964,413,728,3095,367,1052,856,760,3236,449,659,950,761,3143,372,1145,883,743,3293,465,688,986,713,3112,365,589,817,813,3236,455,660,948,729,3159,363,6180,928,579,3308,453,670,952,710,3536,372,949,783,562,3300,449,660,948,727,3707,384,1055,875,562,3324,455,674,947,718,3294,370,723,830,546,3285,505,679,1013,707,1300,371,532,810,537,3373,476,668,961,686,3124,382,6206,927,660,3114,436,726,1092,766,3137,786,635
231115,226,139288,13313,1392,1,0,11713,816,584,3009,13313,760,173,883,2817,786,1266,329,515,3027,366,744,994,690,3120,500,1278,883,622,2987,348,754,980,708,3132,494,759,908,561,3013,336,768,984,709,3143,493,6409,141,788,2692,624,969,440,681,3161,486,832,936,552,2978,338,733,1002,720,3124,499,1190,1063,680,1301,290,511,1062,710,3120,496,895,941,619,3020,364,546,1058,738,3166,500,680,952,591,2988,340,522,1094,714,3117,503,6328,1063,735,3203,375,607,1049,779,3154,484,1083
232116,227,137789,13127,1377,1,0,11769,998,630,3041,13127,641,80,983,2813,788,1285,450,667,3109,337,525,783,768,3177,501,1306,1043,648,3107,346,536,809,773,3187,499,713,991,698,3182,344,520,796,778,3197,502,6328,1050,725,3180,344,517,786,808,748,946,446,674,836,2798,632,680,298,509,3243,508,1191,1026,734,3199,340,520,792,577,3249,497,903,1018,703,3375,364,518,830,558,3315,492,676,993,697,3176,368,532,838,538,3250,490,6327,1044,757,3255,369,114,637,110,3405,453,825
233116,228,139542,13200,1395,1,0,11739,964,706,3189,13200,635,81,714,2662,772,1286,457,648,3198,474,690,903,561,2955,459,1309,1027,724,3157,461,648,817,587,2929,475,725,981,733,3183,450,658,839,565,1059,360,6479,1063,726,3157,449,640,912,560,2932,371,1194,990,712,3156,449,914,937,568,2957,363,1275,1032,727,3160,447,745,945,572,2933,370,950,1018,727,3176,492,680,935,564,3030,354,542,1065,726,3152,452,677,941,613,2963,364,6639,1053,717,3291,489,719,1041,138,2913,831,314
234115,229,141021,13563,1410,1,0,11814,745,887,2860,13563,963,418,666,2985,366,1063,1094,726,3270,453,668,948,661,3037,363,1151,890,756,1328,451,654,969,648,3060,375,615,831,761,3212,453,666,950,675,3041,371,6170,931,752,3255,454,665,957,728,3119,365,717,817,814,3263,457,667,947,730,3118,368,1059,862,1027,3293,448,676,958,712,3181,368,765,817,565,3288,491,673,1002,727,3127,364,544,809,561,3347,456,667,953,728,3315,367,6185,917,674,3264,492,736,247,947,2819,619,1084
235116,230,137207,13174,1372,1,0,11770,315,512,3532,13174,759,173,878,2814,664,1170,343,554,1184,459,653,978,706,3136,368,1172,897,611,3014,482,670,973,704,3138,490,708,837,585,2987,456,693,976,711,3134,494,6285,936,581,2974,538,708,992,691,3127,494,744,856,568,3013,342,735,974,718,3133,495,1164,903,577,3004,336,755,987,705,3128,508,1201,929,565,2990,348,731,1006,714,3157,493,690,943,565,2993,340,750,1019,721,3110,494,6340,923,652,3103,384,616,1064,754,1264,461,812
236116,231,140699,13143,1406,1,0,11662,933,619,3051,13143,635,215,946,2816,784,1290,759,679,3071,339,520,1049,737,3151,495,1304,1039,675,3045,355,535,1040,730,3138,500,720,1010,680,3056,340,519,771,769,3189,502,6361,1051,638,3267,338,537,789,747,3155,495,1084,989,824,3149,333,524,784,750,3194,492,1183,1011,727,3169,340,521,782,734,3196,479,890,1004,684,3181,356,522,828,558,3259,498,687,981,729,3197,339,521,782,562,1369,475,6350,1055,738,3317,376,619,906,639,3303,495,687
237116,232,139333,13112,1393,1,0,11753,1003,708,3456,13112,638,86,749,2943,772,1282,448,655,3172,369,532,823,542,3342,459,1291,1030,741,3168,362,611,798,571,3338,479,698,971,712,3184,365,560,830,565,2951,539,6376,1066,726,3165,455,663,847,567,2967,446,826,974,712,3166,450,658,840,561,2965,778,1291,1030,721,3142,451,672,889,559,2950,371,973,989,724,1276,485,647,857,568,3019,363,774,1001,703,3187,452,655,935,579,2958,364,6446,1046,753,3244,493,236,726,110,3039,370,1222
238116,233,138648,13280,1386,1,0,11714,1030,716,3175,13280,758,202,815,2655,659,1120,464,658,3249,457,673,935,613,2967,357,1166,1062,735,3161,469,680,1375,666,2999,360,583,1043,752,3192,449,666,956,687,3041,364,6194,1067,199,3119,947,410,671,848,2639,666,735,315,745,3220,455,672,953,648,3365,366,1061,859,756,1318,412,680,951,838,2546,833,526,521,960,2869,788,875,431,689,3124,367,543,799,750,3249,461,673,946,714,3121,363,6212,928,574,3358,496,723,994,758,3124,351,684
239115,234,139983,13208,1399,1,0,11754,826,543,3294,13208,761,179,884,2876,666,1130,345,521,3320,453,652,941,728,3484,368,1128,891,565,3304,496,673,1006,708,3132,370,578,850,543,3322,469,666,956,691,3125,387,6228,926,590,3169,461,646,965,694,1255,506,1019,824,566,2978,457,692,975,712,3128,492,1164,850,564,2976,378,736,1000,709,3117,503,880,848,552,2974,361,750,978,707,3180,499,688,877,544,3015,337,757,1015,710,3144,502,6337,917,590,3192,373,790,1017,762,3153,498,717
240115,235,140276,13339,1402,1,0,11683,913,564,2962,13339,761,174,857,2808,797,1296,380,521,3068,339,820,1031,717,3115,500,1325,998,576,2981,354,530,1090,719,3111,496,718,934,608,1153,288,523,1068,715,3108,486,6356,1366,648,3063,339,521,1048,743,3141,506,839,985,671,3074,336,512,1072,201,3071,957,954,735,870,2705,637,711,292,768,3171,505,899,1006,657,3107,351,521,827,754,3217,494,684,984,1028,3167,340,530,793,744,3199,491,6361,1077,724,3267,395,627,892,790,3205,496,1109
241116,236,140037,13113,1400,1,0,11842,1001,711,3625,13113,638,85,715,2851,788,1285,448,661,3180,355,543,834,577,3257,499,1306,1043,719,1418,329,530,824,563,3264,505,722,1012,700,3508,387,508,818,573,3234,493,6362,1056,725,3171,375,523,829,553,3287,484,703,984,693,3175,361,553,844,565,2972,482,1188,1008,719,3176,579,618,833,545,2949,388,895,1039,731,3163,487,664,824,560,3009,439,683,973,723,3166,452,656,842,559,2970,368,6439,1049,729,3348,485,649,889,669,2987,361,907
242116,237,137792,11476,1377,1,0,11730,1004,715,3171,11476,654,130,779,752,662,1405,433,645,3196,449,678,943,554,2938,360,1399,1048,739,3176,470,671,929,570,2947,366,1041,1080,710,3148,451,666,965,609,2959,365,6609,1049,723,3155,461,666,1109,697,3121,360,954,1061,721,3173,449,672,953,684,2991,369,1056,1076,747,3204,454,667,956,674,3017,366,753,1283,760,3242,481,677,996,739,3082,366,561,807,756,3227,453,674,952,773,3076,371,6194,931,757,1401,469,741,1000,769,3122,370,562
243115,238,141166,13320,1411,1,0,10116,813,738,3257,13320,749,171,886,2721,665,1122,346,808,3256,453,669,952,725,3172,364,1150,884,595,3306,466,684,982,711,3665,374,570,829,567,3303,449,658,943,730,3630,362,6204,933,575,3296,460,671,945,716,3331,377,684,830,562,3315,468,657,967,707,3133,600,575,650,686,3187,767,854,427,647,3121,361,866,838,566,2995,479,675,987,712,3169,813,661,812,575,1136,450,684,971,714,3122,500,6288,921,577,3205,450,721,1024,766,3139,497,1102
244116,239,139678,13867,1396,1,0,11774,845,585,3010,13867,756,171,873,2809,783,1258,401,642,3517,375,703,985,721,3126,507,1490,151,795,2701,656,958,442,663,3155,505,710,931,558,2977,342,725,997,722,3125,502,6462,1024,620,3053,340,519,1054,713,3116,498,692,941,647,3094,336,515,1050,735,3095,503,1204,1008,85,2961,806,285,768,907,2818,790,1134,398,658,1214,328,544,1018,737,3185,503,687,990,649,3058,337,522,1167,771,3181,505,6357,1047,646,3165,397,633,884,777,3155,513,840
245116,240,142391,13220,1423,1,0,12368,996,648,3170,13220,636,83,1005,2823,786,1286,445,663,3478,377,532,818,743,3210,496,1316,1039,723,3163,348,546,813,836,3234,491,696,998,706,3278,341,512,785,577,3253,492,6358,1052,718,3421,340,516,786,565,3251,494,1103,993,713,3413,359,547,830,561,1375,461,1179,1024,726,3176,384,666,820,571,3293,493,893,990,698,3185,943,629,795,586,3452,486,666,974,686,3187,364,573,828,566,2939,484,6340,1055,712,3280,480,649,889,683,3475,452,702
246116,241,138955,14290,1389,1,0,11818,993,708,3173,14290,642,78,722,2661,786,1339,458,660,3168,451,659,834,571,2971,367,1388,1034,725,3172,458,669,853,579,2951,372,812,989,711,3184,452,827,85,787,2656,655,6597,458,670,1325,436,659,933,555,2921,370,906,1013,701,3182,449,660,932,584,2949,356,1051,1065,715,3184,454,657,939,611,2961,369,764,1067,722,3169,490,673,1141,147,2933,840,295,752,876,2872,730,869,416,671,2995,370,6206,1053,781,3352,488,724,1016,676,2991,366,958
247116,242,140431,13215,1404,1,0,12894,828,756,3235,13215,754,172,852,2714,655,1136,339,741,3237,454,666,954,764,3123,364,1148,894,758,3247,465,676,970,717,3118,371,598,843,702,1408,410,687,949,719,3127,361,6205,929,947,3285,455,660,956,729,3239,376,541,817,554,3305,456,671,955,724,3098,366,1043,854,557,3323,452,665,953,725,3244,358,741,832,533,3317,492,676,998,714,3175,379,542,838,546,3504,470,667,964,702,3106,370,6213,928,574,3276,443,722,1012,751,3211,374,792
248116,243,142505,13115,1425,1,0,11692,827,572,2966,13115,754,176,877,2801,817,1270,383,536,3074,381,746,1019,723,1218,476,1395,1061,773,3600,470,677,992,714,3130,499,693,853,553,3035,349,745,984,704,3116,497,6354,928,575,2961,378,750,978,701,3128,486,1359,943,573,2974,336,727,1000,715,3141,504,1188,944,551,2983,338,706,984,752,3152,502,886,935,570,2990,358,520,1077,734,3219,491,693,1074,739,3350,457,666,1021,720,3123,502,6351,1420,724,3581,535,684,1263,125,3096,972,447
249115,244,140383,13262,1403,1,0,11580,677,829,2681,13262,831,465,681,1273,480,1186,1027,712,3585,387,516,804,760,3163,497,1302,1034,659,3122,374,544,836,799,3327,486,714,995,758,3127,337,515,788,772,3245,501,6374,1060,724,3167,342,509,786,663,3224,484,826,987,710,3184,335,512,790,569,3253,500,1208,1021,732,3188,337,517,785,586,3268,509,902,1003,682,3279,368,551,955,573,3277,499,689,1002,715,3541,351,528,831,565,3293,500,6357,1063,776,1464,378,627,890,674,3304,464,1081
250116,245,140944,13102,1409,1,0,11591,983,685,3184,13102,641,81,738,2655,777,1298,451,656,3191,453,710,1229,712,3356,510,1348,1027,709,3163,472,677,881,592,2953,443,722,1004,721,3165,457,659,842,555,2944,817,6440,1061,722,3157,451,716,869,589,2947,365,781,992,709,3193,455,634,862,568,2945,365,1252,1047,718,3170,451,664,964,586,2926,371,850,1042,721,3190,489,681,949,573,3025,365,861,1035,712,1272,413,673,989,568,2927,359,6593,1061,726,3274,481,714,1102,676,3023,368,699
251116,246,141408,13309,1414,1,0,11702,1073,721,3170,13309,757,169,827,2627,661,1120,453,679,3225,448,663,955,751,3097,364,1148,1131,762,3205,474,679,1000,673,3023,370,608,839,755,3226,456,659,951,657,3066,362,6196,943,756,3219,449,667,966,989,3117,372,975,925,744,3237,448,668,957,729,3121,360,1054,866,743,3272,454,676,956,714,1256,380,771,828,557,3308,485,671,996,723,3188,364,543,820,555,3309,455,660,965,715,3201,361,6192,928,566,3355,493,726,1063,773,3601,368,546
252115,247,140231,13233,1402,1,0,11788,820,559,3296,13233,754,172,890,2834,707,1114,355,520,3308,463,668,972,696,3115,363,1166,895,603,2984,477,662,978,698,3126,475,675,818,593,3072,455,674,974,725,3106,497,6324,946,588,2999,451,673,978,710,3106,496,832,851,555,3018,334,753,984,718,1235,468,1221,898,566,2990,341,758,995,715,3127,501,871,882,568,3010,360,795,999,721,3158,482,670,936,566,2990,340,619,1063,727,3114,500,6632,946,597,3198,376,896,1047,760,3177,500,1108
253116,248,140268,13252,1402,1,0,11696,954,567,2986,13252,813,194,939,2806,785,1298,376,622,3064,336,515,1062,740,3103,501,1313,1460,657,3073,341,531,1044,743,3123,499,717,1007,634,3047,336,517,1141,216,3061,981,6130,756,887,764,551,702,305,742,3147,506,713,1011,663,3104,334,515,794,746,3172,504,1192,1014,1143,3161,343,521,790,746,3202,498,891,1002,691,3174,349,545,839,785,3214,498,675,990,698,3275,343,514,793,565,3443,478,6336,1054,716,3242,367,610,893,677,3256,504,841
254116,249,140870,13080,1408,1,0,11842,1011,689,3548,13080,641,83,731,2923,722,1378,434,659,3372,464,726,1064,665,3303,483,1312,1036,724,3172,372,518,832,571,3102,474,695,995,691,1314,364,560,823,568,2949,478,6345,1061,713,3138,500,552,953,566,2954,455,1143,1000,725,3160,450,660,847,546,2936,427,1258,1035,722,3163,458,675,850,573,2950,372,974,1018,695,3198,479,641,874,565,3024,366,752,995,704,3183,451,818,897,582,2949,365,6472,1057,715,3304,486,731,932,682,2980,368,900
255116,250,139300,11573,1393,1,0,11668,1037,719,3181,11573,760,130,782,2654,655,1508,470,785,3233,452,669,972,613,1106,366,1143,1045,713,3145,460,678,1004,629,2978,362,584,1082,719,3151,447,658,943,672,3042,364,6210,1053,748,3187,450,674,959,666,2995,359,957,1281,740,3217,451,667,953,702,3062,367,1055,867,744,3221,456,677,958,657,3069,368,761,825,745,3234,482,671,1010,708,3125,366,547,805,746,3313,449,665,948,724,3113,362,6204,941,820,3327,493,734,1015,773,3210,366,564
256115,251,138701,13257,1387,1,0,10047,809,575,3302,13257,761,177,890,771,660,1110,357,520,3313,454,668,950,715,3658,379,1124,903,574,3302,460,675,979,717,3359,384,576,856,549,3308,464,671,966,707,3111,376,6185,927,597,3347,467,660,975,695,3141,373,733,863,561,2996,391,709,1004,705,3123,643,1134,890,561,2966,426,632,1037,725,3142,501,878,863,559,2975,487,678,984,715,3155,502,678,848,569,3003,339,763,979,716,3131,496,6312,929,589,1277,406,732,1013,764,3151,497,1217
257117,252,413265,282519,4132,2,0,11725,123,768,2699,282519,968,316,534,11625,443,750,725,936,916,809,800,290,631,3005,447,1311,1043,757,3204,449,676,861,570,2956,447,719,986,766,3201,444,661,832,570,2970,335,6443,1057,753,3198,449,665,874,623,2973,336,900,1038,754,3219,452,791,889,601,2983,339,1314,1035,767,3210,462,839,151,860,2754,669,1253,444,754,3224,447,672,953,587,2949,343,791,1067,211,2947,957,401,646,806,704,535,6746,471,747,3206,451,661,946,606,2995,342,943
258386,253,556710,417799,5567,2,0,280871,1074,765,3225,417799,903,175,1257,12709,634,583,901,753,3254,456,672,957,727,3125,350,1156,889,882,3238,449,715,1113,760,3190,370,702,843,622,3291,448,677,961,716,1253,343,6169,936,642,3306,446,661,959,723,3493,356,706,845,629,3324,463,668,961,724,3437,376,1007,856,633,3412,460,663,975,699,3148,378,744,863,633,3314,468,675,968,695,3118,371,574,845,641,3035,477,654,1005,692,3135,490,6224,924,640,3050,447,677,977,714,3126,448,1094
259786,254,409650,276800,4096,1,0,416353,829,623,3016,276800,807,175,812,9845,803,1315,440,666,1297,422,614,901,581,2952,447,1319,1028,723,3161,458,670,894,576,2941,339,791,1019,189,3099,957,364,656,700,2663,632,6581,455,662,3201,462,766,926,575,2941,343,926,1002,706,3157,450,666,928,572,2953,338,1284,1039,723,3173,455,677,933,574,2953,338,1021,1065,717,3172,452,657,1120,659,2991,338,533,1066,724,3164,459,727,934,728,3016,330,6253,1087,719,3159,450,661,1027,692,3034,384,1028
261046,255,139818,13241,1398,1,0,275296,1068,756,1451,13241,751,209,849,2661,627,1146,457,732,3221,451,663,1021,1087,3103,338,1143,885,740,3224,452,666,1021,666,3060,336,574,852,760,3228,451,662,1027,1182,3117,342,6173,929,758,3252,453,657,1015,722,3120,345,563,815,759,3238,460,662,1043,729,3119,341,1025,872,594,3319,455,668,1023,730,3192,354,746,815,581,3309,450,662,1025,721,3503,356,551,875,580,3294,456,690,1032,719,1251,382,6185,941,576,3305,467,663,1047,728,3120,382,801
262046,256,140834,13261,1408,1,0,11717,927,670,3720,13261,754,224,936,2824,651,1176,349,523,3028,476,643,1031,722,3123,659,1234,896,566,2978,453,683,1034,743,3125,451,714,881,568,3002,517,705,1044,734,3119,451,6337,933,581,2976,337,738,1043,737,3135,453,1100,876,562,3017,345,763,1034,728,3115,452,1350,910,579,3003,349,746,1038,728,3110,442,871,946,565,3016,340,731,1032,721,1225,419,687,944,567,2997,343,1015,1056,717,3112,452,6353,949,626,3026,338,513,1059,717,3093,502,790
263046,257,141827,13108,1418,1,0,11728,967,653,3177,13108,634,249,931,2816,747,1305,439,668,3039,341,522,1062,732,3159,450,1298,1033,624,3050,348,523,1364,747,3170,443,722,1010,735,3088,340,519,869,761,3174,451,6351,1054,651,3139,333,523,873,751,3182,439,839,969,732,3179,342,516,874,750,3198,446,1193,1030,728,1315,300,647,918,955,3219,449,880,956,717,3222,336,639,890,567,3245,446,669,1026,758,3206,344,655,884,567,3267,451,6350,1060,724,3563,358,537,874,565,3262,473,1173
264046,258,140443,13572,1404,1,0,11698,1041,775,2810,13572,361,117,587,3395,457,1192,1028,717,3182,425,518,879,576,3377,474,1287,1065,735,3166,434,634,916,559,2943,470,694,1010,731,3157,770,660,886,564,2933,380,6398,1074,734,3162,452,725,931,582,1088,481,743,986,721,3176,460,660,889,580,2940,342,1297,1018,716,3150,457,640,894,575,2932,342,978,992,710,3209,454,802,947,570,2936,338,741,1052,722,3168,458,700,936,570,2943,331,6435,1060,746,3154,452,660,1267,148,2944,860,538
265045,259,140650,13113,1406,1,0,11754,765,927,2891,13113,763,149,849,2711,630,1137,469,666,3217,449,667,1209,138,3448,983,1100,701,926,2876,755,874,473,669,3009,341,567,1070,752,3196,450,658,1028,711,1240,287,6182,1293,762,3233,448,678,1028,671,2993,339,940,825,749,3228,450,663,1028,790,3037,340,1016,857,782,3220,467,681,1025,722,3124,334,745,815,749,3243,446,666,1030,725,3119,348,539,858,870,3295,456,692,1040,726,3173,333,6191,937,585,3307,455,663,1020,723,3115,358,659
266045,260,140805,13215,1408,1,0,11765,877,639,3288,13215,756,214,934,3065,667,1140,351,521,3308,451,665,1028,726,3117,342,1131,875,585,3385,472,664,1025,727,1209,366,564,844,565,3450,461,660,1017,726,3098,366,6204,932,594,2988,472,652,1022,716,3149,912,827,922,565,2979,455,676,1040,710,3114,452,1178,868,586,2977,526,696,1047,733,3126,446,861,860,560,2985,338,754,1044,723,3117,448,665,894,568,3005,345,801,1054,719,3133,446,6648,936,581,2983,340,722,1036,198,3054,991,938
267046,261,137835,13720,1378,1,0,11671,701,790,2793,13720,1008,469,658,3151,448,1192,956,564,1105,284,537,1051,723,3113,446,1298,969,566,2982,340,522,1062,722,3115,448,714,1064,128,2970,818,277,767,883,2807,739,6504,448,654,3038,344,524,1062,758,3151,445,692,975,672,3065,343,533,881,764,3180,445,1210,1033,656,3104,336,523,862,754,3176,455,874,966,824,3253,343,519,859,774,3185,450,683,1019,723,3176,341,547,890,740,3206,444,6340,1057,725,3271,337,525,859,1054,1374,474,516
268046,262,141378,13361,1413,1,0,11969,737,965,2810,13361,835,347,529,3254,445,1191,1041,742,3486,344,510,862,576,3252,452,1290,1032,727,3490,373,530,868,575,3295,444,720,1006,719,3159,329,504,879,572,3451,462,6348,1072,724,3175,375,559,895,567,3327,479,1079,973,724,3173,505,616,890,558,2938,463,1188,1035,725,3184,455,650,894,572,2957,375,944,1024,707,3166,468,684,891,566,2953,543,721,1043,716,3160,461,716,893,567,1091,281,6438,1059,727,3137,448,793,905,567,2932,371,767
269046,263,137836,13391,1378,1,0,11701,1026,759,3273,13391,652,120,774,2659,634,1404,448,660,3213,458,669,920,571,2950,335,1439,1052,710,3159,456,666,943,572,2951,339,562,1072,723,3171,454,668,940,609,2963,343,6377,1070,714,3154,454,671,1430,104,2931,810,425,737,905,2873,741,876,475,660,2999,336,1020,933,747,3210,460,665,1030,137,2910,805,509,536,971,927,705,868,469,642,3053,336,551,857,753,3213,458,718,1023,765,2542,811,5960,640,1034,2862,735,864,471,648,3122,395,1031
270046,264,139139,11973,1391,1,0,12011,917,168,3160,11973,454,219,713,3127,340,1021,869,602,3288,451,673,1032,728,3437,351,1161,885,609,3305,454,671,1028,742,3215,363,583,860,576,3345,454,664,1021,758,3481,356,6178,928,569,3303,483,673,1032,724,3112,376,549,852,543,3328,468,670,1027,736,3113,373,1075,875,571,1129,473,670,1031,725,3110,501,826,872,559,3014,465,680,1029,755,3134,454,674,883,558,3020,438,708,1028,709,3115,451,6287,932,580,2997,787,758,1040,725,3134,452,824
271046,265,141350,13832,1413,1,0,10019,901,655,3158,13832,740,212,926,2810,744,1366,342,545,3026,334,774,1048,720,3118,444,1698,921,556,2986,339,720,1061,707,3114,454,714,944,555,3008,340,820,1051,723,3133,456,6439,968,592,2993,341,518,1054,715,1230,419,1103,937,621,2999,341,530,1064,730,3121,450,1191,1365,660,3045,344,524,1047,740,3157,445,872,966,661,3044,340,521,1122,745,3138,445,674,1033,672,3069,342,544,892,744,3184,448,6340,1054,773,3152,341,533,870,754,3156,448,795
272046,266,141360,13124,1413,1,0,12353,1046,1046,3166,13124,639,108,954,2822,743,1293,441,651,3174,334,517,863,767,3194,448,1321,1052,730,3166,340,524,860,566,3257,450,713,1023,741,3711,336,519,875,575,1385,413,6339,1066,721,3320,353,528,867,562,3265,449,824,960,730,3513,341,505,885,573,3304,461,1192,1040,720,3170,378,524,874,571,3250,460,893,990,700,3167,364,563,897,570,2947,472,665,1029,715,3161,507,680,893,550,2943,450,6356,1065,726,3160,458,730,930,579,2957,450,1161
273047,267,138753,13880,1387,1,0,11718,1034,228,3189,13880,835,366,545,2944,344,1304,1030,731,3165,452,671,929,587,2938,339,1392,1033,720,1292,412,755,941,572,2942,341,832,1037,191,3090,957,415,661,699,2653,629,6607,447,672,3211,449,665,1025,579,2963,347,833,1070,712,3168,460,667,999,578,2952,335,1022,1068,716,3164,457,661,1044,91,2909,796,521,780,863,2866,764,878,488,669,3014,339,535,1092,765,3192,454,693,1029,667,3043,341,6156,1214,192,3090,960,406,755,932,2648,685,980
274046,268,140463,13692,1404,1,0,12675,386,756,2735,13692,455,208,793,1224,293,1008,856,756,3223,458,666,1025,1142,3519,537,1360,1204,760,3230,448,672,1026,734,3122,337,564,851,672,3300,453,669,1031,723,3103,339,6182,938,605,3273,458,666,1036,733,3149,343,924,818,591,3556,449,664,1019,720,3492,364,1054,885,589,3319,450,656,1015,721,3460,364,737,834,555,3364,465,669,1029,721,3098,368,529,868,571,3322,473,741,1036,759,3139,378,6202,925,583,2971,475,659,1049,716,1228,510,666
275045,269,141281,13356,1412,1,0,11727,901,659,3131,13356,749,211,933,2825,748,1274,334,537,3008,450,672,1044,716,3117,446,1362,1103,794,3206,344,642,1046,739,3110,448,895,940,583,2994,341,762,1040,722,3124,448,6441,920,581,2966,340,758,1073,725,3112,453,822,939,559,3002,336,708,1058,724,3120,453,1203,952,572,2977,342,522,1061,714,3117,452,878,1085,798,3150,339,523,1063,718,3109,460,674,1071,626,1162,289,686,1067,723,3122,435,6351,1062,665,3068,339,517,1053,738,3149,446,1159
276046,270,140200,13159,1402,1,0,11775,1037,655,3146,13159,649,107,970,2807,753,1296,437,674,3107,335,517,868,765,3170,451,1320,1037,657,3172,342,553,883,788,3185,443,723,1015,737,3181,337,515,869,747,3198,463,6363,1056,721,3179,334,529,863,829,2686,969,448,691,867,2825,624,684,352,520,3252,458,1201,1037,734,3250,340,526,869,581,3262,452,877,961,733,1602,409,626,916,567,3264,439,663,1020,728,3181,376,649,902,568,3252,463,6340,1060,724,3157,379,525,887,577,3452,448,885
277046,271,140787,13238,1407,1,0,11757,1020,750,3299,13238,638,110,760,2664,770,1284,457,656,3188,885,644,894,583,2942,455,1325,1039,718,3185,453,650,868,578,2955,519,764,1037,731,3177,458,662,928,590,2948,339,6419,1062,728,3169,449,632,889,572,2952,347,1178,997,717,3169,454,882,936,574,1067,287,1320,1029,783,3169,451,667,928,569,2959,348,972,1041,725,3169,458,670,953,563,2938,335,532,1086,734,3179,454,697,954,621,2998,343,6567,1061,732,3157,455,678,1054,637,2951,394,815
278046,272,141705,13676,1417,1,0,11844,1080,770,2742,13676,451,208,660,3022,338,1015,1056,731,3192,447,668,1022,665,3011,338,1144,1284,749,3233,450,664,1020,656,3129,336,566,840,765,3230,457,670,1021,679,3058,333,6275,937,788,3241,453,658,1016,742,1263,284,930,926,747,3250,455,670,1010,724,3124,346,1160,887,936,3297,455,664,1054,730,3168,338,734,805,575,3365,448,657,1038,726,3109,388,546,884,561,3311,458,693,1044,721,3327,347,6263,935,586,3290,448,667,1025,732,3118,359,641
279045,273,141749,13247,1417,1,0,11705,883,657,3305,13247,756,224,935,2818,1233,1257,326,541,3465,467,657,1044,736,3126,386,1187,885,585,2997,468,660,1029,717,3125,442,656,872,596,1101,443,686,1035,733,3112,453,6365,929,583,2975,544,706,1033,720,3108,453,1227,971,585,3007,338,744,1036,713,3133,448,1175,960,567,2978,328,753,1043,701,3125,450,1244,942,565,2987,333,742,1049,777,3135,455,663,955,559,2986,347,797,1037,711,3118,457,6478,932,563,2984,337,511,1056,733,3159,450,1144
280046,274,139876,13198,1398,1,0,11699,952,648,3161,13198,1007,219,946,2813,746,1302,500,598,3078,337,518,1066,757,3145,453,1289,1030,617,1187,300,507,1142,739,3113,447,732,1002,776,2546,816,371,651,965,2806,741,6587,453,632,3111,342,521,858,760,3170,452,697,978,791,3115,337,518,865,762,3193,446,1195,1038,740,3174,335,515,863,748,3244,448,869,960,721,3174,339,515,865,568,3246,442,679,1023,732,3225,334,554,891,621,3243,454,6427,1059,732,3149,354,528,882,565,3275,447,894
281046,275,138519,13112,1385,1,0,11783,1029,753,3447,13112,637,109,755,832,744,1335,449,661,3165,369,528,867,565,3371,442,1375,1046,739,3181,378,625,879,572,3313,368,745,1011,732,3167,369,575,887,576,2942,474,6431,1041,733,3144,459,654,895,564,2976,455,1134,985,708,3183,452,655,881,588,2954,537,1237,1014,721,3164,458,681,894,571,2963,341,960,1009,699,3183,451,662,894,667,2997,341,773,1053,724,3182,461,736,930,563,2956,363,6496,1062,730,1301,422,666,944,576,2932,379,810
282046,276,141464,13126,1414,1,0,11701,1073,760,3272,13126,756,220,820,2658,632,1137,466,651,3227,454,676,941,616,3109,326,1167,1082,726,3169,453,672,1403,616,2995,331,563,1056,752,3192,455,676,1029,668,3011,339,6194,1235,743,3201,452,666,1030,674,3046,341,691,792,760,3224,454,676,1025,659,3119,327,1032,877,758,3220,461,673,1023,1000,3105,343,736,800,743,3249,457,666,1020,732,3112,341,534,867,743,1369,412,721,1035,736,3329,339,6192,938,574,3307,457,666,1029,725,3157,378,1024
283046,277,146621,18150,1466,1,0,11599,912,659,3335,18150,753,172,894,2915,661,1118,349,525,3357,451,657,1026,724,3545,363,1142,898,602,3302,467,680,1030,744,3146,376,568,850,569,3351,468,671,1033,717,3095,373,6360,935,585,2975,454,644,1044,737,3118,512,610,854,550,3033,503,673,1037,715,3127,451,1166,873,572,2968,461,671,1033,739,1219,413,859,869,557,2985,827,760,1036,713,3116,448,648,884,558,3011,340,795,1059,720,3133,457,6934,935,585,3024,348,761,1052,723,3143,474,1187
284047,278,140666,13839,1406,1,0,16611,937,147,3015,13839,434,206,695,3153,445,1185,953,562,3017,334,636,948,716,3221,450,1311,1175,725,3392,389,613,1048,727,3132,455,713,1130,635,3042,346,530,1082,721,3123,454,6438,1391,660,3052,340,522,925,757,3164,450,1103,984,635,3070,338,510,1094,200,1135,903,984,732,883,2690,637,700,353,766,3177,446,872,970,664,3040,343,514,862,748,3177,448,678,1023,1009,3168,344,549,888,737,3196,453,6414,1060,726,3177,335,517,865,767,3195,474,778
285046,279,138618,11917,1386,1,0,11955,1039,776,2692,11917,358,123,594,3257,453,1189,1054,733,3186,335,516,871,616,3242,452,1294,1031,723,3313,334,516,864,567,3271,451,712,1008,714,3475,355,507,880,571,3256,467,6371,1067,715,1290,386,520,905,568,3218,463,833,971,712,3162,379,576,900,585,2945,461,1185,1019,723,3201,655,603,892,573,2936,449,901,989,715,3167,452,650,878,581,2946,443,687,1025,714,3185,455,685,884,555,2955,335,6445,1057,730,3140,452,648,887,577,2939,374,1192
286046,280,141722,13281,1417,1,0,10089,1037,755,3260,13281,746,119,755,2666,627,1417,428,658,3184,454,665,921,573,2953,336,1371,1055,724,3189,457,664,926,575,2932,340,921,1068,709,1282,414,665,965,635,3004,341,6675,1169,704,3160,451,666,943,609,2978,346,558,1106,731,3164,453,667,1020,676,3019,340,1021,1063,751,3191,450,665,1028,705,3541,408,903,1125,760,3188,452,674,1015,712,3055,339,541,851,761,3224,448,718,1036,842,3104,335,6251,936,753,3218,451,670,1034,724,3105,372,795
287046,281,140434,13220,1404,1,0,11889,894,755,3334,13220,760,221,929,2724,630,1135,346,748,3237,454,673,1032,722,1325,288,1122,910,607,3306,457,662,1020,722,3532,343,563,830,580,3304,455,672,1032,722,3473,341,6276,927,576,3298,453,668,1020,727,3320,381,940,1129,599,3361,469,656,1049,725,3123,417,1032,860,570,3377,479,662,1044,726,3117,371,859,826,595,2994,456,648,1033,716,3099,511,130,651,706,2701,755,974,481,649,3147,447,6364,940,603,2968,526,699,1048,732,3094,463,187
288045,282,140065,14415,1400,1,0,11683,614,799,3065,14415,976,470,644,1279,394,1167,879,586,2975,333,740,1047,707,3142,453,1351,925,575,2965,346,729,1042,712,3101,449,714,918,575,2982,339,722,1054,715,3134,448,6662,937,551,2988,337,529,1058,717,3103,440,815,943,631,3026,338,520,1049,714,3142,448,1189,1067,618,3025,338,525,1098,735,3105,439,872,971,665,3174,337,511,1066,739,3158,455,677,1017,655,3063,347,558,1315,741,3170,452,6419,1055,654,1231,286,517,895,751,3187,449,1110
289046,283,141868,13156,1418,1,0,12265,1058,652,3203,13156,637,118,1002,2808,746,1298,438,647,3171,331,515,871,751,3195,451,1299,1039,735,3167,343,509,867,885,3214,447,728,1009,707,3690,327,636,892,581,3256,449,6416,1060,726,3178,375,534,874,576,3258,510,688,978,736,3410,350,540,865,550,3256,445,1194,1031,727,3544,370,524,874,569,3302,465,881,1002,698,3180,441,562,887,579,3616,466,679,1031,718,1291,379,614,921,564,2948,484,6430,1062,732,3150,873,667,895,553,2945,393,474
290045,284,138669,14257,1386,1,0,11761,722,956,2906,14257,835,354,540,2968,450,1271,1021,725,3187,451,640,895,581,2932,344,1391,1037,724,3166,455,637,932,571,2932,339,822,1036,716,3202,464,833,145,806,2658,632,6695,451,665,3191,459,666,933,582,2935,338,1168,1014,733,3153,443,658,1232,88,2865,805,809,762,848,2850,745,861,363,510,1104,292,732,1062,724,3176,454,653,1051,97,2941,809,281,787,901,2852,746,904,477,669,2997,345,6255,1095,755,3208,451,657,1017,689,3097,384,652
291045,285,141617,13282,1416,1,0,12604,912,739,3273,13282,760,226,844,2664,626,1144,356,760,3237,449,662,1052,676,3099,340,1147,883,754,3269,457,667,1024,729,3121,349,577,858,734,3244,460,663,1035,740,3128,339,6268,932,952,3291,453,662,1021,727,3157,340,697,802,568,1440,409,677,1064,733,3120,361,1053,872,579,3285,455,662,1031,729,3290,359,744,844,552,3334,446,675,1019,721,3121,374,544,875,572,3285,468,740,1041,731,3120,436,6455,932,594,3327,466,642,1020,734,3109,370,1058
292046,286,139415,13689,1394,1,0,11752,901,138,2993,13689,447,200,723,3153,446,1164,879,570,3004,444,679,1033,191,3046,945,1046,577,722,2708,811,911,480,672,3159,443,1060,938,565,3033,341,746,1046,712,3123,453,6569,924,577,1127,292,730,1022,731,3098,448,981,952,584,2991,340,739,1050,718,3108,519,1197,942,562,2997,337,881,1041,720,3115,452,880,1049,626,3055,333,518,1068,726,3122,449,677,957,617,3053,345,550,1065,713,3109,447,6593,1058,88,2957,807,278,766,895,2798,750,1131
293046,287,141939,13157,1419,1,0,11730,462,653,3117,13157,633,229,946,2820,735,1299,438,680,3066,337,510,874,752,3212,450,1297,1042,651,3115,343,530,870,745,1301,397,723,1005,855,3173,342,517,857,755,3205,447,6515,1070,712,3183,349,529,868,736,3242,455,1101,979,714,3471,416,745,934,593,3249,446,1193,1025,733,3551,401,626,900,570,3251,446,885,972,720,3160,350,531,871,562,3247,447,671,1018,719,3660,370,583,892,565,3272,450,6531,1063,726,3138,378,517,883,569,3472,435,739
294046,288,140296,13248,1402,1,0,11747,1021,750,3280,13248,641,111,767,2661,760,1283,461,652,3174,491,552,891,565,1057,483,1410,1058,727,3170,459,664,885,564,2937,449,732,1012,722,3166,456,641,867,574,2940,710,6493,1068,738,3167,459,684,891,565,2931,348,908,993,715,3151,453,685,890,560,2961,339,1302,1034,730,3166,449,699,937,571,2948,338,947,1034,714,3178,469,677,951,566,2937,337,754,1053,720,3168,463,701,947,574,2941,341,6656,1057,727,3153,462,671,951,615,2959,371,1038
295046,289,137303,13246,1373,1,0,11770,1067,764,1396,13246,754,210,855,2650,636,1115,457,694,3216,448,654,1020,675,3068,344,1165,1088,755,3196,449,668,1028,696,2491,815,326,567,986,2847,744,887,480,665,3078,341,6194,935,755,3216,462,672,1031,870,2550,815,305,536,905,2871,731,862,478,669,3125,335,1022,867,761,3243,453,675,1018,725,3121,341,727,810,585,3282,453,661,1033,730,3166,327,529,846,566,3314,468,732,1044,725,3212,358,6204,934,577,1471,407,664,1059,709,3466,364,796
296045,290,140368,13264,1403,1,0,11702,895,668,3340,13264,754,215,921,2816,661,1119,354,527,3440,468,653,1034,732,3101,373,1201,899,594,2998,476,652,1036,720,3126,562,662,860,559,2973,453,686,1029,728,3122,453,6298,939,585,3008,457,684,1026,726,3109,447,1092,834,659,3048,337,745,1032,715,3120,444,1202,890,576,2974,341,741,1036,729,3116,444,872,892,560,3016,337,776,1058,714,1233,400,661,945,564,2986,344,736,1080,756,3147,441,6651,934,574,2985,343,794,1060,710,3112,454,755
297046,291,142081,13177,1420,1,0,11744,1026,642,3152,13177,817,210,919,2809,742,1302,520,714,3172,347,530,1071,707,3100,454,1315,1421,669,3044,339,525,1050,733,3138,448,719,1023,677,3058,339,519,1108,765,3189,445,6350,1066,1022,3147,343,524,872,750,3174,447,813,959,665,3107,340,512,874,765,3220,440,1206,1032,1032,3168,329,517,867,742,1325,411,893,971,713,3177,341,517,864,735,3189,446,670,1021,728,3167,345,552,901,670,3260,449,6367,1061,725,3185,336,526,872,576,3254,448,1168
298046,292,139939,13200,1399,1,0,11765,1077,759,3294,13200,640,108,757,2848,732,1294,433,652,3540,372,520,862,581,3235,466,1334,1050,714,3161,371,523,879,576,3367,466,703,1010,723,3195,364,619,883,573,2939,469,6434,1060,726,3142,525,607,895,582,2933,455,709,980,701,1304,416,661,913,567,2934,379,1273,1021,717,3157,451,649,905,571,2937,341,969,1006,714,3182,447,658,903,566,2934,342,755,1027,714,3170,454,727,924,567,2950,335,6592,1064,722,3162,458,664,924,587,2939,334,915
299046,293,139927,11557,1399,1,0,11789,1019,759,3216,11557,752,144,845,2656,631,1549,472,664,3186,449,660,981,591,2957,328,1143,1065,723,3181,455,657,939,619,2976,356,573,1119,724,3174,450,662,1028,613,1109,294,6263,1062,745,3210,452,672,1022,668,3055,344,935,1379,729,3209,454,667,1023,1220,3108,336,1019,868,767,3213,448,664,1024,659,3074,346,748,814,743,3286,454,678,1026,729,3119,342,530,843,750,3249,457,733,1035,735,3126,349,6259,939,800,3239,452,677,1029,729,3142,346,658
300045,294,140756,13242,1407,1,0,10023,892,653,3274,13242,755,212,931,2754,634,1128,343,531,3293,467,664,1033,740,3472,360,1152,900,605,3311,459,676,1011,726,1246,330,536,839,571,3282,478,683,1044,726,3114,376,6270,923,563,3385,479,663,1034,736,3126,370,727,831,573,3032,459,626,1032,706,3103,646,1155,888,579,2970,455,678,1040,743,3100,447,871,861,564,3023,370,737,1024,716,3112,449,675,874,560,3009,338,785,1042,729,3109,451,6408,928,589,3013,337,737,1044,718,3121,450,1330
301047,295,139674,13891,1396,1,0,11690,131,808,2739,13891,963,482,669,3156,445,1187,948,558,1114,283,736,1047,751,3148,453,1316,1058,637,3040,339,522,1055,721,3122,450,713,950,618,3065,343,523,1063,720,3121,469,6444,1034,86,2971,809,274,825,872,2808,743,1057,403,661,3065,335,512,1122,765,3170,452,1210,1036,640,3033,340,527,1433,189,3060,954,675,684,852,2701,627,699,360,757,3181,446,684,1025,787,3121,329,565,895,793,3191,441,6422,1056,735,3165,332,514,870,750,3216,450,1167
302046,296,137749,13176,1377,1,0,12175,1044,749,1292,13176,640,124,1130,2841,746,1301,436,647,3220,336,518,868,581,3246,448,1295,1048,737,3179,368,530,866,574,3261,447,718,1017,726,3597,327,505,880,573,3247,446,6434,1059,178,3121,857,275,642,687,2945,772,878,442,666,3174,368,656,894,581,3368,477,1165,1023,726,3209,365,557,894,582,2928,474,889,1004,695,3184,475,655,890,577,2941,443,688,1016,725,3178,449,667,885,563,1076,452,6470,1068,714,3151,457,659,887,577,2951,380,902
303046,297,139263,13352,1392,1,0,11767,1039,766,3337,13352,641,108,746,2657,641,1407,431,660,3164,452,804,137,806,2661,627,1741,429,674,3206,454,674,946,579,2980,334,767,1038,724,3157,450,671,931,568,2953,340,6752,1042,729,3148,454,673,1025,645,3036,340,937,1057,716,3165,450,674,1173,94,2902,814,789,768,906,2847,744,882,477,654,3018,339,729,1061,753,3194,454,674,1021,763,1149,278,541,906,747,3225,453,700,1031,665,3013,340,6254,928,749,3225,456,677,1023,819,3126,338,669
304045,298,142078,13278,1420,1,0,11964,881,768,3251,13278,754,224,937,2715,634,1132,348,741,3260,465,659,1025,723,3502,398,1417,1125,798,3244,454,672,1022,717,3113,355,580,839,565,3299,454,658,1021,733,3134,344,6184,921,573,3327,452,669,1028,718,3313,351,700,849,582,3536,463,644,1030,721,3125,377,1025,864,563,1617,410,680,1049,712,3111,372,768,842,606,3474,463,669,1023,733,3128,368,580,875,556,2992,470,722,1048,720,3113,449,6280,922,583,3009,451,675,1031,715,3115,449,1044
305046,299,141227,13372,1412,1,0,11742,893,642,3084,13372,758,212,930,2823,742,1307,327,543,3015,339,743,1045,712,3136,450,1273,904,583,2974,349,737,1047,731,3133,449,1035,921,567,2969,344,738,1049,739,3135,456,6854,1085,710,3170,348,751,1045,713,3129,456,684,959,658,1194,284,525,1024,727,3111,444,1190,964,625,3019,348,519,1054,716,3117,448,895,1445,625,3023,339,521,1080,746,3148,452,665,1016,659,3069,338,550,1056,728,3140,465,6405,1061,663,3053,339,511,874,761,3175,448,900
306046,300,140912,13133,1409,1,0,11843,1034,614,3141,13133,636,123,975,2807,744,1288,438,839,3119,339,530,866,755,3193,451,1287,1053,723,3182,337,521,867,742,3206,447,706,1007,730,3186,334,531,870,585,1388,411,6421,1053,723,3178,356,541,871,558,3251,445,1097,990,730,3251,356,543,875,562,3279,446,1205,1037,721,3380,364,549,873,567,3280,453,884,974,722,3167,385,526,881,548,3418,459,681,1017,726,3169,361,610,894,561,3355,451,6416,1079,725,3164,383,611,897,562,2962,468,763
307046,301,141489,14093,1414,1,0,11747,1015,758,3290,14093,637,105,779,2661,747,1332,436,671,3179,454,667,891,572,2943,694,1375,1052,728,1278,421,719,912,561,2912,341,792,1029,723,3184,456,645,933,572,2930,338,6483,1062,732,3158,456,680,933,571,2925,338,886,1047,713,3164,453,660,936,581,2929,341,1280,1038,733,3180,451,665,1010,573,2935,330,740,1134,746,3222,451,668,968,615,2949,332,535,1080,731,3171,450,702,1422,671,3015,343,6246,1052,748,3186,451,673,1028,660,3010,395,1027
308046,302,139689,13662,1396,1,0,12629,1057,769,2786,13662,452,206,673,3011,346,1024,858,763,1322,416,674,1035,660,3060,337,1196,892,747,3224,459,678,1018,999,3116,331,564,856,743,3256,453,667,1031,717,3120,335,6251,934,747,3247,458,666,1031,731,3116,341,543,804,665,3298,454,665,1023,727,3149,355,1026,869,567,3292,454,670,1029,731,3188,360,756,853,538,3319,453,652,1014,723,3571,475,626,1122,650,3280,477,719,1044,728,3116,539,6333,935,593,3296,466,663,1039,724,1249,383,449
309046,303,141309,13592,1413,1,0,11721,605,803,2781,13592,979,472,648,3124,515,1098,879,566,2983,448,678,1033,718,3135,452,1263,889,585,2981,519,706,1038,731,3096,445,717,878,577,2999,332,750,1051,717,3112,440,6709,927,568,2960,345,749,1037,716,3106,447,1199,913,587,3020,335,784,1027,724,3113,444,1188,959,574,2998,348,712,1051,720,3101,451,875,1111,655,3056,335,827,1062,722,3122,442,669,1014,567,3175,330,563,1066,720,1229,411,6430,947,622,3024,335,520,1071,758,3127,469,908
310046,304,141303,13219,1413,1,0,11791,1297,650,3168,13219,638,214,938,2808,739,1307,439,732,3301,337,518,1209,187,3047,954,1109,712,893,2708,629,712,348,776,3185,448,728,1023,673,3115,330,520,870,763,3170,451,6430,1056,938,3177,351,540,862,746,3198,440,1112,985,187,2995,825,279,626,974,2820,742,1295,434,667,3472,379,522,876,582,3494,386,915,1004,717,1314,316,532,915,570,3371,440,672,1005,705,3589,365,582,879,585,3253,453,6424,1069,732,3467,495,538,889,558,3455,488,751
311046,305,139048,13255,1390,1,0,11794,1119,739,3276,13255,641,111,756,3005,765,1271,451,660,3173,371,581,885,582,2948,481,1299,1038,716,3144,656,600,883,576,2952,374,776,1041,710,3195,455,623,883,569,2920,453,6447,1056,722,3157,460,659,886,574,2949,340,900,994,706,3203,451,666,963,573,2945,339,1312,1024,192,1169,905,502,649,720,2662,639,1314,401,650,3182,449,664,945,568,2934,344,737,1026,712,3146,451,701,937,579,2936,341,6727,1051,728,3168,450,663,939,622,2963,392,631
312045,306,142212,13547,1422,1,0,11850,798,1005,2904,13547,986,365,572,3037,336,1017,1096,727,3166,454,660,1024,674,3043,340,1144,1063,747,3197,456,687,1030,666,2989,336,568,1335,737,3217,456,662,1030,680,3123,335,6249,934,754,3212,460,671,1033,733,1205,281,558,833,762,3213,453,662,1035,751,3121,340,1023,869,737,3233,462,674,1025,715,3129,335,732,826,805,3237,455,665,1019,739,3272,331,543,860,577,3482,450,709,1030,728,3185,339,6262,939,585,3287,451,661,1046,741,3389,387,809
313046,307,139830,13308,1398,1,0,11751,914,672,3320,13308,751,219,934,2834,664,1137,352,520,3292,468,665,1047,744,3106,361,1147,882,591,3370,478,668,1030,722,3115,368,619,880,548,3017,467,647,1094,721,1222,740,6289,922,580,2984,458,676,1025,711,3132,453,1079,836,562,2972,461,727,1041,715,3116,451,1177,874,582,2985,346,751,1029,723,3135,455,858,882,573,2975,336,741,1052,717,3105,444,855,118,786,2706,635,990,461,648,3148,447,6802,925,577,2993,342,721,1044,719,3099,469,781
314046,308,138607,12008,1386,1,0,11775,944,679,3151,12008,745,214,925,2820,739,1293,372,560,3084,332,529,954,698,3228,451,1287,1250,98,1204,843,277,795,893,2807,734,921,460,653,3093,337,517,930,759,3178,454,6368,1060,118,2942,810,270,1105,976,2804,738,1051,400,660,3251,330,519,866,761,3184,443,1196,1040,658,3107,347,538,865,774,3194,454,876,975,719,3184,343,518,870,743,3200,449,670,1016,722,3180,349,568,904,1060,3231,453,6360,1061,728,3199,340,522,879,579,3251,451,1162
315046,309,139719,13174,1397,1,0,10509,1056,763,3786,13174,640,105,773,907,675,1274,451,659,3370,342,525,878,611,3649,452,1280,1038,709,3161,364,513,874,655,3313,461,715,1008,706,3176,459,566,883,564,3398,462,6361,1062,715,3151,382,616,888,573,2946,464,683,983,709,3182,883,661,893,580,2935,447,1214,1034,724,3172,450,665,886,579,2962,456,900,987,711,3181,442,715,899,568,2930,340,769,1042,722,3154,460,670,943,581,2936,340,6442,1068,728,3178,453,984,939,653,1129,298,906
316046,310,139947,13239,1399,1,0,11778,1009,763,3284,13239,753,119,800,2682,625,1388,458,670,3221,448,667,935,604,2989,336,1128,1067,731,3176,463,676,959,612,2958,343,567,1092,729,3180,454,664,1055,119,2900,805,5957,761,898,2860,740,866,469,652,3020,341,942,1052,745,3189,446,661,1020,665,3033,336,1019,1350,736,3214,456,673,1030,661,3066,335,752,846,765,3228,456,659,1024,847,3150,346,531,853,752,1354,412,731,1063,721,3121,336,6181,937,741,3255,454,662,1019,728,3106,385,671
317045,311,141300,13232,1413,1,0,11876,905,1154,3336,13232,755,222,933,2704,631,1146,353,545,3298,451,668,1028,736,3115,378,1141,880,584,3326,459,675,1023,731,3327,352,577,853,586,3334,452,655,1021,731,3127,377,6286,925,580,3541,470,673,1021,724,3130,366,815,844,654,3294,468,654,1033,722,3120,389,1076,874,559,3006,474,663,1026,714,3096,456,873,862,550,1121,451,680,1011,716,3092,444,669,882,572,2991,524,747,1029,729,3129,450,6301,936,573,2966,342,745,1044,720,3124,445,1128
318046,312,139483,13476,1394,1,0,11691,920,688,3142,13476,741,215,929,2815,742,1554,378,536,3054,341,688,1101,741,3147,443,1302,1077,560,2984,386,752,1045,726,3136,454,708,944,567,2985,346,533,1065,712,3117,448,6353,981,634,3036,338,517,1068,719,3133,454,687,1250,84,2935,809,288,769,894,855,697,1270,455,666,3075,339,527,1052,743,3152,444,879,969,659,3106,343,534,879,749,3177,447,687,1020,658,3106,328,554,892,741,3173,446,6338,1064,827,3152,335,515,863,763,3194,450,913
319046,313,141266,13063,1412,1,0,12001,1039,770,3210,13063,660,116,962,2814,736,1292,438,658,3489,366,512,893,563,3391,406,1343,1032,737,3243,344,533,863,584,3250,450,712,1016,730,3565,343,529,868,574,3262,447,6351,1057,725,3543,326,513,865,577,1360,437,1099,978,714,3169,374,535,880,574,3357,462,1191,1038,729,3171,377,593,885,580,2930,463,867,996,695,3188,364,561,889,567,2959,513,665,1023,723,3184,448,668,884,568,2961,446,6372,1066,726,3153,454,659,889,585,2937,812,788
320046,314,140204,13542,1402,1,0,11659,1046,772,3336,13542,642,112,761,2667,625,1404,438,658,3170,457,762,915,583,2925,344,1393,1030,727,3175,453,676,937,572,2944,337,767,1042,731,1284,414,663,948,564,2934,338,6438,1041,725,3177,463,678,1428,92,2912,807,424,765,866,2858,745,865,365,647,3012,341,1026,1066,704,3173,458,668,1305,663,2990,341,727,1056,757,3201,449,669,1030,669,3015,341,545,941,758,3212,454,716,1054,703,3103,349,6183,921,756,3232,451,659,1015,666,3034,379,1028
321046,315,141693,13243,1416,1,0,12138,914,752,3311,13243,756,217,1317,2695,632,1131,347,742,3237,447,658,1013,726,3116,345,1147,893,783,1402,422,674,1038,730,3140,340,573,846,586,3300,450,659,1034,734,3420,342,6187,938,582,3320,456,671,1024,726,3410,348,555,854,561,3347,448,659,1034,747,3559,372,1025,855,589,3297,479,679,1055,729,3134,368,756,842,556,3332,472,671,1036,720,3118,374,591,893,570,2998,478,703,1025,726,3144,554,6260,934,567,2992,460,683,1029,720,3114,442,813
322046,316,138353,13336,1383,1,0,11712,893,646,3167,13336,754,213,941,867,687,1263,325,534,3026,335,764,1032,716,3122,456,1273,898,587,2969,342,749,1036,740,3132,454,794,913,569,2999,341,763,1039,722,3104,453,6914,1120,648,3042,345,737,1050,718,3108,441,1086,955,577,2991,338,816,1063,710,3098,460,1201,975,571,2992,341,517,1064,715,3123,455,877,945,616,3011,340,515,1065,718,3115,447,681,1040,670,3050,339,555,1052,741,3124,447,6344,1059,689,3074,333,511,1066,196,1122,969,517
323046,317,142449,13398,1424,1,0,11804,763,831,2738,13398,848,359,758,3178,442,1192,1042,656,3096,335,520,874,751,3186,445,1315,1049,978,3180,345,520,859,748,3204,449,711,1007,741,3164,343,524,867,826,3242,443,6377,1065,719,3163,343,533,863,585,3256,453,822,964,735,3301,374,518,882,553,3262,450,1205,1033,729,3532,366,640,885,572,3265,445,879,966,729,3495,375,649,892,575,3239,464,696,1031,708,1301,373,561,923,563,3342,466,6349,1061,731,3161,360,556,885,566,3093,474,1169
324046,318,139856,13449,1398,1,0,11721,1038,760,3230,13449,636,105,752,2656,746,1339,436,673,3186,454,662,897,578,2949,498,1414,1054,719,3141,468,671,894,565,2938,334,806,1018,722,3178,456,659,897,579,2960,337,6428,1054,723,3177,452,769,913,574,2940,349,781,1004,714,3145,449,662,947,580,2935,337,1139,1058,729,3149,453,660,931,576,1068,278,1130,1071,713,3171,457,671,947,630,2988,340,535,1076,726,3175,449,716,1058,621,2987,341,6358,1045,724,3156,450,677,1032,677,2997,340,770
325046,319,140701,13293,1407,1,0,11929,941,744,3243,13293,755,207,846,2660,639,1118,736,753,3221,447,677,1025,685,3085,356,1141,876,756,3225,453,671,1026,652,3005,340,563,841,746,3220,499,667,1032,750,3112,341,6188,937,668,3232,457,666,1019,735,3069,340,942,826,776,3243,456,670,1022,722,1274,282,997,871,581,3247,451,664,1032,739,3115,351,732,804,572,3276,447,659,1024,728,3368,352,545,876,572,3234,454,695,1042,725,3120,372,6190,940,608,3386,456,654,1034,721,3069,461,666
326045,320,162267,17840,1622,2,0,11741,882,653,3351,13411,743,202,938,2767,721,1511,377,544,2966,454,643,1015,707,3107,752,1451,949,563,2927,6333,771,1042,745,3119,471,741,926,599,17840,473,173,951,933,2822,742,6751,353,531,1207,502,768,1034,714,3116,449,876,935,852,3118,337,667,1056,722,3124,452,1403,929,580,2999,345,734,1028,714,3109,445,868,959,578,2993,333,619,1052,739,3111,454,669,948,567,3005,350,560,1042,715,3102,444,6708,1217,649,2995,340,508,1071,720,3114,456,1216
327046,321,139888,24906,1398,2,0,11837,1131,135,2994,13600,353,436,766,3193,466,1233,1033,684,3140,357,564,1138,757,24906,238,630,375,569,2503,515,564,163,513,2812,241,413,642,389,2728,237,582,706,401,2671,247,6514,776,389,2903,241,436,615,389,792,142,513,614,412,2771,239,422,631,398,2667,244,801,617,377,2743,236,428,628,387,2664,237,574,591,378,2685,241,425,629,400,2665,243,381,608,388,2743,240,435,631,394,2653,236,6529,780,388,2712,237,429,641,403,2901,289,788
328055,322,226451,90774,2264,3,0,11778,705,434,2953,11365,523,10,493,2418,508,867,209,356,2714,241,425,638,400,2656,244,942,645,399,2721,243,424,625,389,2653,244,414,624,389,856,147,475,605,392,2622,239,6525,778,388,2725,237,428,632,402,2682,238,384,583,375,2685,6496,517,619,390,2651,251,813,655,381,2693,253,435,643,410,15057,239,252,491,521,2512,512,570,158,355,2662,279,405,644,385,2728,241,435,635,403,8985,238,6366,782,386,2747,246,440,638,90774,4325,309,255
329135,323,190573,75315,1905,2,0,10173,522,609,2652,13194,704,144,490,2752,241,802,818,435,2792,239,375,580,505,2761,285,937,694,412,2778,240,366,580,512,2759,241,75315,1020,18,4139,637,125,345,562,2448,512,6665,256,373,2823,245,520,655,405,2680,250,739,722,404,2807,239,366,570,389,2662,237,800,735,395,2780,238,367,625,398,2679,243,581,729,408,2759,240,367,588,388,793,157,350,718,403,2764,241,367,761,460,2821,260,6597,793,391,2787,238,363,592,394,2639,255,562
330195,324,170433,48461,1704,2,0,12059,747,387,2798,18007,521,10,502,2424,513,874,250,368,2822,244,366,633,393,2662,241,941,753,407,2748,237,368,586,382,2582,237,48461,793,16,2668,647,129,341,413,3092,513,6562,237,521,2879,237,368,760,421,2841,238,910,682,405,2788,393,387,635,388,2994,237,806,642,552,2917,238,365,760,451,2903,232,737,667,411,2798,383,393,632,391,2947,237,367,574,511,2892,255,433,759,385,2804,238,6580,786,390,2730,248,368,588,495,2858,234,517
331225,325,114936,12989,1149,1,0,13419,587,536,2824,12989,673,12,547,2334,501,1044,237,363,993,194,359,579,400,2830,237,936,643,382,2750,237,367,590,382,2814,231,1336,775,390,2723,240,368,600,386,2853,237,6573,782,403,2793,237,366,585,382,2865,242,741,595,387,2778,243,364,586,382,2871,236,803,637,390,2812,235,370,583,415,2851,238,571,600,387,2779,245,364,590,386,2855,237,367,573,506,2918,246,424,756,384,2808,240,6379,785,389,2729,240,366,600,512,2858,236,382
332225,326,114642,12845,1146,1,0,11787,593,384,915,12845,524,10,503,2333,500,855,199,351,2773,240,364,588,382,2816,234,937,666,383,2723,237,367,751,447,2850,235,1391,776,395,2723,396,396,638,394,2982,239,6424,786,550,2827,236,370,751,436,2892,239,679,663,407,2802,280,368,597,381,2887,240,811,640,399,2829,235,367,612,414,2895,237,571,593,407,2727,250,369,586,382,3030,238,368,573,660,2972,250,424,910,440,1035,147,6513,785,390,2739,396,388,632,401,2906,240,731
333225,327,113462,12939,1134,1,0,11732,588,389,2701,12939,527,10,503,2321,501,854,204,353,2788,241,363,584,380,2818,234,938,648,381,2717,241,366,590,381,2860,234,1254,773,395,2783,240,363,578,388,2817,236,6433,783,391,2750,236,367,591,382,2814,241,386,593,378,2707,242,368,605,391,2819,235,806,634,387,2847,236,369,579,415,2895,240,569,595,387,2716,246,366,598,384,1008,147,352,551,514,2886,253,432,747,380,2820,238,6389,785,389,2745,240,366,600,383,3009,235,531
334225,328,116403,12971,1164,1,0,11754,609,394,2743,12971,526,10,503,2325,503,849,199,352,2775,240,363,599,387,3027,235,937,649,547,2852,244,366,750,423,2918,241,1473,777,394,2785,389,390,648,392,2946,238,6422,786,411,2748,236,367,596,382,2824,230,740,598,391,2718,255,366,589,378,2831,229,801,663,546,1109,157,342,736,483,2842,229,604,618,389,2697,245,371,587,383,2820,234,367,600,556,3267,275,473,756,535,2912,237,6517,784,389,2745,240,368,584,382,2859,248,387
335225,329,114238,12805,1142,1,0,11789,587,379,2780,12805,525,10,512,2329,501,852,200,350,2810,238,368,582,382,2823,235,947,657,380,2739,236,368,600,386,2865,234,1251,773,404,2800,240,367,580,383,2816,239,6489,782,396,2782,237,365,599,385,2866,238,521,583,390,909,173,344,584,386,2889,234,807,632,388,2818,238,374,585,416,2885,235,564,611,396,2786,245,364,573,380,2862,236,367,572,500,3028,250,424,749,382,2838,236,6485,783,390,2739,240,368,586,391,2864,238,728
336225,330,116602,12904,1166,1,0,11618,593,394,2780,12904,529,10,502,2324,501,868,206,349,2779,241,363,600,392,2820,232,939,648,395,2743,237,367,585,382,2841,235,1396,773,391,2740,396,398,642,392,1198,157,6457,786,561,2905,237,369,740,424,2839,237,532,667,398,2752,395,398,635,383,3057,237,804,647,430,2864,236,369,603,413,2853,232,571,602,398,2733,250,369,584,382,2874,237,370,594,504,2913,252,431,909,448,3046,236,6699,784,388,2749,394,388,638,396,2995,239,527
337225,331,116290,12946,1162,1,0,11718,582,549,2833,12946,677,12,558,2331,502,895,219,357,2817,236,368,577,383,2822,239,946,657,380,917,180,343,592,391,2813,234,3032,786,404,2780,240,365,579,380,2818,236,6523,782,396,2748,237,366,602,384,2814,234,737,605,389,2778,244,364,575,384,2870,236,802,637,390,2854,235,369,584,416,2840,233,577,608,389,2725,246,368,594,391,2851,237,367,574,499,2930,249,421,748,383,2848,248,6405,783,394,2786,240,363,597,387,2860,238,380
338225,332,112946,12906,1129,1,0,11759,580,393,2750,12906,529,10,502,2326,504,866,199,348,979,172,349,594,397,2810,231,939,650,397,2735,232,370,585,382,2820,239,1250,774,394,2736,240,368,596,386,2811,234,6416,787,559,2854,236,370,746,424,2832,240,684,657,405,2753,392,401,637,385,2876,236,799,659,405,2806,234,370,589,416,2894,233,571,597,398,2778,251,365,595,383,2872,236,367,822,161,2870,662,206,646,586,2384,545,6652,237,365,2811,254,365,587,382,1224,163,733
339225,333,115816,11257,1158,1,0,11718,625,521,2876,11257,524,160,552,2331,500,869,204,351,2794,241,364,602,383,3020,238,938,646,439,2830,240,366,584,378,2894,236,1249,772,394,2786,248,365,599,385,2870,237,6448,784,413,2804,237,366,759,431,2891,238,535,667,405,2748,400,396,637,386,3057,237,800,649,552,2990,237,367,748,448,2902,232,737,667,399,2821,388,401,633,387,2819,232,372,821,170,2808,660,206,540,508,644,349,8025,236,364,2825,247,368,582,378,2832,239,526
340225,334,116486,12953,1164,1,0,10065,586,386,2733,12953,536,10,513,2385,503,1050,232,368,2870,390,391,631,389,3007,239,936,650,390,2741,237,367,759,419,2848,236,1477,776,390,2744,396,388,639,409,2999,239,6437,787,550,2839,242,368,750,429,2832,236,775,633,394,2743,249,370,575,387,2825,235,803,641,392,2799,241,370,583,416,2836,233,577,609,386,906,153,339,586,409,2816,232,368,597,579,3226,254,479,755,492,2848,236,6417,784,389,2788,240,363,598,392,2868,238,380
341225,335,114200,12846,1142,1,0,11764,581,376,2761,12846,524,10,502,2326,505,866,199,348,2832,240,365,599,385,2860,235,937,649,397,2752,236,368,585,382,2863,239,1258,773,390,2792,240,367,596,387,2860,237,6409,783,403,2757,236,367,590,382,2858,242,527,587,379,2777,241,365,598,385,1015,150,791,629,404,2842,236,371,584,416,2842,236,573,598,387,2733,245,367,593,383,2816,231,368,599,501,2980,251,426,746,548,2861,238,6407,784,389,2743,244,365,589,382,2814,235,734
342225,336,116264,12951,1162,1,0,11660,608,393,2723,12951,530,10,511,2328,501,868,205,350,2826,247,363,586,380,2819,229,954,664,538,2911,241,366,744,441,2887,237,1396,775,391,2820,388,388,635,394,2989,239,6437,787,550,2894,237,369,752,423,1031,156,492,674,402,2810,388,389,624,389,3016,238,797,630,436,2838,232,369,598,406,2898,233,571,618,405,2783,250,364,578,380,2821,234,367,812,38,2739,56,655,414,396,3031,239,6610,808,398,2747,393,388,639,396,3057,239,517
343225,337,117504,12887,1175,1,0,11759,580,386,2778,12887,672,13,549,2387,504,1073,236,361,2868,249,369,571,391,3077,239,936,648,544,2945,240,366,628,393,2881,241,1256,776,390,2789,248,365,602,385,1021,153,6424,785,413,2760,236,367,597,389,2874,238,911,671,402,2783,394,389,630,386,3061,238,801,652,552,2990,236,367,748,461,2909,235,579,581,393,2785,392,394,637,389,3051,239,375,601,549,3014,248,417,765,380,3046,233,6456,785,401,2792,247,367,587,383,2904,238,380
344225,338,115989,12976,1159,1,0,11702,583,386,2786,12976,533,10,506,2385,503,866,207,354,2847,387,389,633,394,3060,243,944,657,388,924,173,343,763,431,2897,237,1346,781,393,2750,248,368,588,382,3037,237,6423,787,550,2842,241,372,751,428,2832,237,681,667,399,2764,281,369,608,392,2838,232,807,640,400,2779,235,367,594,416,2828,235,578,602,384,2741,245,368,581,391,2815,237,367,578,503,2923,254,424,746,384,2847,257,6471,784,389,2789,240,363,579,388,2865,238,728
345225,339,113420,12939,1134,1,0,11788,593,394,2774,12939,527,10,502,633,349,895,224,363,2813,240,370,592,387,2820,237,935,648,378,2759,235,368,585,382,2811,237,1252,772,395,2748,240,368,601,386,2811,234,6389,785,391,2756,237,367,590,382,2815,234,387,598,380,2784,242,364,598,387,2877,236,803,638,406,2860,235,369,591,415,2903,236,736,672,400,2797,397,392,633,389,3045,238,368,580,509,2980,244,415,751,402,2862,237,6655,785,389,2799,393,396,642,394,1189,157,512
346225,340,116647,12881,1166,1,0,11754,613,408,2784,12881,558,10,520,2382,504,1047,232,361,2889,281,369,604,382,2875,240,944,658,387,2799,238,366,606,386,2868,236,1256,773,404,2811,247,367,586,383,3069,243,6405,787,399,2793,237,364,773,422,2883,238,742,591,405,2804,253,367,574,378,3103,241,798,635,553,2995,236,366,760,447,2905,235,577,602,406,2780,251,363,575,380,2949,238,367,572,566,1189,262,469,752,489,2895,236,6440,784,389,2789,240,363,595,387,2868,238,380
347225,341,115147,12921,1151,1,0,11698,581,376,2809,12921,529,10,502,2378,512,857,197,351,2837,240,367,595,387,2865,233,938,648,397,2788,241,362,577,380,2901,238,1339,775,390,2791,240,364,599,385,2861,237,6425,783,406,2801,237,366,594,382,2905,238,529,587,377,2783,248,365,590,383,2877,237,804,656,550,2996,236,367,590,417,2904,237,574,591,396,905,330,400,629,399,2886,233,550,40,796,2649,529,645,152,518,2908,238,6499,786,389,2792,248,365,590,383,2875,238,746
348225,342,120414,12930,1204,1,0,11732,601,437,2823,12930,536,10,512,2386,503,854,203,350,2851,244,363,581,383,2867,235,951,659,384,2789,241,362,591,379,2867,234,1256,774,395,2830,240,363,580,380,2860,237,6506,785,391,2792,237,366,594,390,2876,238,390,586,377,2782,248,365,591,383,1028,153,807,629,388,2857,235,370,579,427,2896,237,564,589,390,2787,245,365,581,383,2862,236,547,60,646,2614,527,648,307,412,3025,238,6424,787,392,9011,240,376,582,377,2881,242,532
349225,343,134818,12875,1348,2,0,11739,607,396,2800,12875,566,11,520,2392,511,858,12373,486,2386,1411,157,358,476,2328,500,1112,160,403,2844,240,366,1350,429,2905,234,1255,774,395,2806,248,367,584,383,2866,241,6456,783,550,2902,237,368,635,398,1017,155,736,607,409,2778,246,363,585,380,2884,6427,970,633,412,2834,245,373,604,413,2847,238,572,597,404,2795,252,367,579,385,2888,242,487,724,486,2946,349,462,643,384,3034,248,6428,785,399,2805,248,368,587,385,2875,247,389
350225,344,210688,86501,2106,2,0,11676,598,376,2802,11253,539,17,518,2390,509,856,205,363,2855,249,367,586,381,2885,244,947,660,379,2793,250,369,605,379,2872,239,3092,785,405,930,166,344,575,382,2905,86501,7591,69,659,5206,517,478,161,517,2794,246,517,717,420,2763,252,513,736,407,2694,258,824,757,401,1040,180,358,629,395,2655,245,572,787,7697,2996,249,435,661,519,2716,238,373,697,399,2772,239,364,573,381,2634,242,7502,785,389,2713,238,368,600,381,2617,245,736
351295,345,113838,12897,1138,1,0,10059,699,422,2765,12897,527,11,532,2432,512,854,255,367,2781,239,367,591,385,2623,244,945,747,423,2762,240,364,576,381,2629,240,381,701,394,2764,237,368,588,386,2626,243,7491,783,401,2733,238,365,583,379,788,161,365,738,401,2723,237,369,639,398,2658,243,811,750,411,2743,241,366,577,380,2636,242,571,707,401,2957,250,411,668,495,2764,240,371,697,413,2756,238,367,575,382,2642,243,7495,786,389,2714,244,366,586,378,2618,245,521
352295,346,132165,12875,1321,2,0,11704,703,404,2758,12875,525,11,532,2448,509,852,250,370,2777,239,367,579,383,2619,244,945,749,406,2748,240,365,581,393,2641,236,378,702,397,2783,238,369,575,382,789,151,7521,783,387,2714,238,365,585,389,2633,242,737,709,404,2737,244,365,635,403,2655,243,821,762,396,2748,239,367,591,390,2629,7464,692,731,388,2974,258,432,668,501,2757,250,376,704,408,2760,248,363,12734,496,2271,647,6095,546,497,2472,510,613,176,357,2698,246,388
353295,347,133624,17884,1336,2,0,11683,717,399,2896,17884,519,10,505,2428,511,847,291,387,2800,235,370,577,382,2617,248,949,753,405,860,153,349,583,403,2642,239,397,712,411,2755,239,370,575,382,2642,241,6346,791,385,2722,238,366,592,381,2620,243,519,724,400,2740,241,368,631,402,2670,6340,976,758,396,2760,246,375,600,381,2640,247,570,736,402,2748,246,470,713,455,14089,238,27,482,510,2474,516,464,145,509,2779,238,5847,799,385,2728,239,409,609,382,2655,240,739
354295,348,114472,12775,1144,1,0,16689,699,402,2757,12775,525,11,532,553,365,834,260,367,2791,237,367,583,387,2618,244,948,751,404,2770,240,362,578,379,2622,239,396,713,400,2741,238,369,585,380,2630,244,5817,791,382,2756,237,367,575,376,2620,247,6198,761,376,2731,246,366,653,406,2666,250,815,750,410,2761,244,364,580,386,2631,246,572,728,399,2746,247,375,756,459,2832,262,463,732,402,2760,247,361,580,398,2653,246,5807,797,386,2667,246,375,590,378,792,166,746
355295,349,126462,12951,1264,2,0,11581,762,395,2666,12951,532,14,551,2394,517,853,258,375,2734,245,363,588,383,2564,252,956,756,409,2678,243,369,604,387,2588,242,11526,779,14,2680,649,135,350,422,2353,522,5935,255,379,2807,243,372,602,390,2579,249,386,726,414,2756,251,365,628,406,2665,253,820,758,402,2748,250,372,587,385,2633,247,577,724,402,2676,248,517,740,475,2790,289,5991,790,387,878,157,356,585,395,2590,243,5863,799,391,2668,246,373,591,392,2631,254,522
