millis,sequence,total_us,max_us,avg_us,overrun_count,dropped_reports,previous_write_us,b00_baro_adc_us,b01_base_us,b02_imu_wind_us,b03_cpu_report_us,b04_base_us,b05_baro_adc_us,b06_base_us,b07_imu_us,b08_base_us,b09_gps_us,b10_baro_adc_us,b11_base_us,b12_imu_wind_us,b13_base_us,b14_base_us,b15_baro_adc_us,b16_base_us,b17_imu_us,b18_base_us,b19_thermal_detect_nav_us,b20_baro_adc_us,b21_base_us,b22_imu_wind_us,b23_base_us,b24_base_us,b25_baro_adc_us,b26_base_us,b27_imu_us,b28_base_us,b29_log_us,b30_baro_adc_us,b31_base_us,b32_imu_wind_us,b33_base_us,b34_base_us,b35_baro_adc_us,b36_base_us,b37_imu_us,b38_base_us,b39_display_us,b40_baro_adc_us,b41_base_us,b42_imu_wind_us,b43_base_us,b44_base_us,b45_baro_adc_us,b46_base_us,b47_imu_us,b48_base_us,b49_temp_rh_start_us,b50_baro_adc_us,b51_base_us,b52_imu_wind_us,b53_base_us,b54_base_us,b55_baro_adc_us,b56_base_us,b57_imu_us,b58_base_us,b59_gps_us,b60_baro_adc_us,b61_base_us,b62_imu_wind_us,b63_base_us,b64_base_us,b65_baro_adc_us,b66_base_us,b67_imu_us,b68_base_us,b69_thermal_nav_us,b70_baro_adc_us,b71_base_us,b72_imu_wind_us,b73_base_us,b74_base_us,b75_baro_adc_us,b76_base_us,b77_imu_us,b78_base_us,b79_power_sd_us,b80_baro_adc_us,b81_base_us,b82_imu_wind_us,b83_base_us,b84_base_us,b85_baro_adc_us,b86_base_us,b87_imu_us,b88_base_us,b89_display_us,b90_baro_adc_us,b91_base_us,b92_imu_wind_us,b93_base_us,b94_base_us,b95_baro_adc_us,b96_base_us,b97_imu_us,b98_base_us,b99_temp_rh_read_us,b00_button_mask,b01_button_mask,b02_button_mask,b03_button_mask,b04_button_mask,b05_button_mask,b06_button_mask,b07_button_mask,b08_button_mask,b09_button_mask,b10_button_mask,b11_button_mask,b12_button_mask,b13_button_mask,b14_button_mask,b15_button_mask,b16_button_mask,b17_button_mask,b18_button_mask,b19_button_mask,b20_button_mask,b21_button_mask,b22_button_mask,b23_button_mask,b24_button_mask,b25_button_mask,b26_button_mask,b27_button_mask,b28_button_mask,b29_button_mask,b30_button_mask,b31_button_mask,b32_button_mask,b33_button_mask,b34_button_mask,b35_button_mask,b36_button_mask,b37_button_mask,b38_button_mask,b39_button_mask,b40_button_mask,b41_button_mask,b42_button_mask,b43_button_mask,b44_button_mask,b45_button_mask,b46_button_mask,b47_button_mask,b48_button_mask,b49_button_mask,b50_button_mask,b51_button_mask,b52_button_mask,b53_button_mask,b54_button_mask,b55_button_mask,b56_button_mask,b57_button_mask,b58_button_mask,b59_button_mask,b60_button_mask,b61_button_mask,b62_button_mask,b63_button_mask,b64_button_mask,b65_button_mask,b66_button_mask,b67_button_mask,b68_button_mask,b69_button_mask,b70_button_mask,b71_button_mask,b72_button_mask,b73_button_mask,b74_button_mask,b75_button_mask,b76_button_mask,b77_button_mask,b78_button_mask,b79_button_mask,b80_button_mask,b81_button_mask,b82_button_mask,b83_button_mask,b84_button_mask,b85_button_mask,b86_button_mask,b87_button_mask,b88_button_mask,b89_button_mask,b90_button_mask,b91_button_mask,b92_button_mask,b93_button_mask,b94_button_mask,b95_button_mask,b96_button_mask,b97_button_mask,b98_button_mask,b99_button_mask,b00_button_event_mask,b01_button_event_mask,b02_button_event_mask,b03_button_event_mask,b04_button_event_mask,b05_button_event_mask,b06_button_event_mask,b07_button_event_mask,b08_button_event_mask,b09_button_event_mask,b10_button_event_mask,b11_button_event_mask,b12_button_event_mask,b13_button_event_mask,b14_button_event_mask,b15_button_event_mask,b16_button_event_mask,b17_button_event_mask,b18_button_event_mask,b19_button_event_mask,b20_button_event_mask,b21_button_event_mask,b22_button_event_mask,b23_button_event_mask,b24_button_event_mask,b25_button_event_mask,b26_button_event_mask,b27_button_event_mask,b28_button_event_mask,b29_button_event_mask,b30_button_event_mask,b31_button_event_mask,b32_button_event_mask,b33_button_event_mask,b34_button_event_mask,b35_button_event_mask,b36_button_event_mask,b37_button_event_mask,b38_button_event_mask,b39_button_event_mask,b40_button_event_mask,b41_button_event_mask,b42_button_event_mask,b43_button_event_mask,b44_button_event_mask,b45_button_event_mask,b46_button_event_mask,b47_button_event_mask,b48_button_event_mask,b49_button_event_mask,b50_button_event_mask,b51_button_event_mask,b52_button_event_mask,b53_button_event_mask,b54_button_event_mask,b55_button_event_mask,b56_button_event_mask,b57_button_event_mask,b58_button_event_mask,b59_button_event_mask,b60_button_event_mask,b61_button_event_mask,b62_button_event_mask,b63_button_event_mask,b64_button_event_mask,b65_button_event_mask,b66_button_event_mask,b67_button_event_mask,b68_button_event_mask,b69_button_event_mask,b70_button_event_mask,b71_button_event_mask,b72_button_event_mask,b73_button_event_mask,b74_button_event_mask,b75_button_event_mask,b76_button_event_mask,b77_button_event_mask,b78_button_event_mask,b79_button_event_mask,b80_button_event_mask,b81_button_event_mask,b82_button_event_mask,b83_button_event_mask,b84_button_event_mask,b85_button_event_mask,b86_button_event_mask,b87_button_event_mask,b88_button_event_mask,b89_button_event_mask,b90_button_event_mask,b91_button_event_mask,b92_button_event_mask,b93_button_event_mask,b94_button_event_mask,b95_button_event_mask,b96_button_event_mask,b97_button_event_mask,b98_button_event_mask,b99_button_event_mask,b00_display_context,b01_display_context,b02_display_context,b03_display_context,b04_display_context,b05_display_context,b06_display_context,b07_display_context,b08_display_context,b09_display_context,b10_display_context,b11_display_context,b12_display_context,b13_display_context,b14_display_context,b15_display_context,b16_display_context,b17_display_context,b18_display_context,b19_display_context,b20_display_context,b21_display_context,b22_display_context,b23_display_context,b24_display_context,b25_display_context,b26_display_context,b27_display_context,b28_display_context,b29_display_context,b30_display_context,b31_display_context,b32_display_context,b33_display_context,b34_display_context,b35_display_context,b36_display_context,b37_display_context,b38_display_context,b39_display_context,b40_display_context,b41_display_context,b42_display_context,b43_display_context,b44_display_context,b45_display_context,b46_display_context,b47_display_context,b48_display_context,b49_display_context,b50_display_context,b51_display_context,b52_display_context,b53_display_context,b54_display_context,b55_display_context,b56_display_context,b57_display_context,b58_display_context,b59_display_context,b60_display_context,b61_display_context,b62_display_context,b63_display_context,b64_display_context,b65_display_context,b66_display_context,b67_display_context,b68_display_context,b69_display_context,b70_display_context,b71_display_context,b72_display_context,b73_display_context,b74_display_context,b75_display_context,b76_display_context,b77_display_context,b78_display_context,b79_display_context,b80_display_context,b81_display_context,b82_display_context,b83_display_context,b84_display_context,b85_display_context,b86_display_context,b87_display_context,b88_display_context,b89_display_context,b90_display_context,b91_display_context,b92_display_context,b93_display_context,b94_display_context,b95_display_context,b96_display_context,b97_display_context,b98_display_context,b99_display_context
4948946,1,147226,37972,1472,4,0,0,0,37972,1059,272,463,515,454,2096,354,820,517,358,2135,222,433,422,540,2177,220,12116,552,19,2214,466,171,372,307,1829,451,348,136,341,2082,202,361,408,359,2034,203,12041,559,16,2238,467,123,344,286,1882,472,589,131,393,845,210,365,413,363,2698,214,731,596,377,2746,224,373,545,378,2541,229,391,551,393,2586,221,371,541,380,2597,225,1155,635,380,2599,226,371,543,384,2595,227,11976,671,21,2702,596,134,347,383,2328,500,808,0,16,16,16,16,16,16,16,16,16,16,16,16,16,16,16,16,16,16,0,0,0,0,0,0,0,0,0,0,0,0,0,0,0,0,0,0,0,0,0,0,0,0,0,0,0,0,0,0,0,0,0,0,0,0,0,0,0,0,0,0,0,0,0,0,0,0,0,0,0,0,0,0,0,0,0,0,0,0,0,0,0,0,0,0,0,0,0,0,0,0,0,0,0,0,0,0,0,0,0,0,16,0,0,0,0,0,0,0,0,0,0,0,0,0,0,0,0,0,16,0,0,0,0,0,0,0,0,0,0,0,0,0,0,0,0,0,0,0,0,0,0,0,0,0,0,0,0,0,0,0,0,0,0,0,0,0,0,0,0,0,0,0,0,0,0,0,0,0,0,0,0,0,0,0,0,0,0,0,0,0,0,0,0,0,0,0,0,0,0,0,0,0,0,0,0,0,0,0,0,0,3,0,0,0,0,0,0,0,0,0,0,0,0,0,0,0,0,0,3,0,0,0,0,0,0,0,0,0,0,0,0,0,0,0,0,0,0,0,3,0,0,0,0,0,0,0,0,0,0,0,0,0,0,0,0,0,0,0,0,0,0,0,0,0,0,0,0,0,0,0,0,0,0,0,0,0,0,0,0,0,0,0,0,0,0,0,0,0,3,0,0,0,0,0,0,0,0,0,0
4949915,2,165011,58165,1650,3,0,0,161,350,2687,58165,620,16,523,3733,502,751,185,360,2612,226,371,541,383,2594,224,392,549,387,817,153,346,535,396,2594,227,398,560,388,2596,225,372,535,383,2599,224,12049,689,35,2759,597,135,346,382,2395,500,599,139,346,2656,224,372,537,382,2544,224,781,620,384,2668,228,374,536,379,2609,226,385,574,397,2702,224,371,574,396,2651,228,1154,671,392,2716,226,374,585,384,2657,232,11990,708,24,2707,638,139,348,410,2417,501,841,0,0,0,0,0,0,0,0,0,0,0,0,0,0,0,0,0,0,0,0,0,0,0,0,0,0,0,0,0,0,0,0,0,0,0,0,0,0,0,0,0,0,0,0,0,0,0,0,0,0,0,0,0,0,0,0,0,0,0,0,0,0,0,0,0,0,0,0,0,0,0,0,0,0,0,0,0,0,0,0,0,0,0,0,0,0,0,0,0,0,0,0,0,0,0,0,0,0,0,0,0,0,0,0,0,0,0,0,0,0,0,0,0,0,0,0,0,0,0,0,0,0,0,0,0,0,0,0,0,0,0,0,0,0,0,0,0,0,0,0,0,0,0,0,0,0,0,0,0,0,0,0,0,0,0,0,0,0,0,0,0,0,0,0,0,0,0,0,0,0,0,0,0,0,0,0,0,0,0,0,0,0,0,0,0,0,0,0,0,0,0,0,0,0,0,0,0,0,0,0,0,0,0,0,0,0,0,0,0,0,0,0,0,0,0,0,0,0,0,0,0,0,0,0,0,0,0,0,0,0,0,0,0,0,0,0,0,0,0,3,0,0,0,0,0,0,0,0,0,0,0,0,0,0,0,0,0,0,0,0,0,0,0,0,0,0,0,0,0,0,0,0,0,0,0,0,0,0,0,0,0,0,0,0,0,0,0,0,0,3,0,0,0,0,0,0,0,0,0,0
4950955,3,114615,17695,1146,1,0,56981,169,346,2726,17695,517,15,510,2419,506,793,190,359,881,159,351,559,400,2623,228,394,592,398,2701,229,374,593,383,2655,231,395,611,400,2718,227,371,589,385,2656,230,6762,763,471,2834,229,373,591,384,2657,233,388,597,377,2710,228,371,590,389,2660,231,788,675,392,2708,233,373,586,383,2659,234,389,595,394,2713,229,370,589,387,2661,229,1150,688,396,2727,228,372,590,389,2662,231,6334,769,378,2707,228,372,591,391,2652,231,526,0,0,0,0,0,0,0,0,0,0,0,0,0,0,0,0,0,0,0,0,0,0,0,0,0,0,0,0,0,0,0,0,0,0,0,0,0,0,0,0,0,0,0,0,0,0,0,0,0,0,0,0,0,0,0,0,0,0,0,0,0,0,0,0,0,0,0,0,0,0,0,0,0,0,0,0,0,0,0,0,0,0,0,0,0,0,0,0,0,0,0,0,0,0,0,0,0,0,0,0,0,0,0,0,0,0,0,0,0,0,0,0,0,0,0,0,0,0,0,0,0,0,0,0,0,0,0,0,0,0,0,0,0,0,0,0,0,0,0,0,0,0,0,0,0,0,0,0,0,0,0,0,0,0,0,0,0,0,0,0,0,0,0,0,0,0,0,0,0,0,0,0,0,0,0,0,0,0,0,0,0,0,0,0,0,0,0,0,0,0,0,0,0,0,0,0,0,0,0,0,0,0,0,0,0,0,0,0,0,0,0,0,0,0,0,0,0,0,0,0,0,0,0,0,0,0,0,0,0,0,0,0,0,0,0,0,0,0,0,16,0,0,0,0,0,0,0,0,0,0,0,0,0,0,0,0,0,0,0,0,0,0,0,0,0,0,0,0,0,0,0,0,0,0,0,0,0,0,0,0,0,0,0,0,0,0,0,0,0,16,0,0,0,0,0,0,0,0,0,0
4951954,4,115369,17770,1153,1,0,16516,610,379,2708,17770,524,16,511,556,395,770,188,365,2743,229,371,589,391,2655,230,392,598,396,2712,227,374,589,383,2653,232,391,609,402,2713,226,372,589,386,2658,230,6374,766,470,2839,227,374,588,381,2657,233,746,609,398,2698,228,372,589,391,2658,231,740,744,404,2714,231,372,590,382,2659,236,384,593,394,2714,227,372,591,391,2658,231,1151,693,392,2728,225,374,589,384,2664,232,6329,769,378,2707,228,372,591,391,2971,231,382,0,0,0,0,0,0,0,0,0,0,0,0,0,0,0,0,0,0,0,0,0,0,0,0,0,0,0,0,0,0,0,0,0,0,0,0,0,0,0,0,0,0,0,0,0,0,0,0,0,0,0,0,0,0,0,0,0,0,0,0,0,0,0,0,0,0,0,0,0,0,0,0,0,0,0,0,0,0,0,0,0,0,0,0,0,0,0,0,0,0,0,0,0,0,0,0,0,0,0,0,0,0,0,0,0,0,0,0,0,0,0,0,0,0,0,0,0,0,0,0,0,0,0,0,0,0,0,0,0,0,0,0,0,0,0,0,0,0,0,0,0,0,0,0,0,0,0,0,0,0,0,0,0,0,0,0,0,0,0,0,0,0,0,0,0,0,0,0,0,0,0,0,0,0,0,0,0,0,0,0,0,0,0,0,0,0,0,0,0,0,0,0,0,0,0,0,0,0,0,0,0,0,0,0,0,0,0,0,0,0,0,0,0,0,0,0,0,0,0,0,0,0,0,0,0,0,0,0,0,0,0,0,0,0,0,0,0,0,0,16,0,0,0,0,0,0,0,0,0,0,0,0,0,0,0,0,0,0,0,0,0,0,0,0,0,0,0,0,0,0,0,0,0,0,0,0,0,0,0,0,0,0,0,0,0,0,0,0,0,16,0,0,0,0,0,0,0,0,0,0
4952954,5,113353,17713,1133,1,0,16582,602,378,874,17713,516,15,518,2425,507,803,195,358,2735,228,372,588,387,2659,232,391,596,397,2710,227,374,590,383,2660,234,392,610,402,2714,227,372,593,386,2663,231,6373,766,471,2837,228,374,589,382,2657,234,527,600,379,2711,229,372,585,387,2659,233,737,737,406,2719,229,373,590,383,2659,236,387,593,394,2714,227,371,593,386,2660,231,1148,693,392,2727,225,374,589,384,2664,233,6332,769,378,871,160,351,572,398,2640,228,750,0,0,0,0,0,0,0,0,0,0,0,0,0,0,0,0,0,0,0,0,0,0,0,0,0,0,0,0,0,0,0,0,0,0,0,0,0,0,0,0,0,0,0,0,0,0,0,0,0,0,0,0,0,0,0,0,0,0,0,0,0,0,0,0,0,0,0,0,0,0,0,0,0,0,0,0,0,0,0,0,0,0,0,0,0,0,0,0,0,0,0,0,0,0,0,0,0,0,0,0,0,0,0,0,0,0,0,0,0,0,0,0,0,0,0,0,0,0,0,0,0,0,0,0,0,0,0,0,0,0,0,0,0,0,0,0,0,0,0,0,0,0,0,0,0,0,0,0,0,0,0,0,0,0,0,0,0,0,0,0,0,0,0,0,0,0,0,0,0,0,0,0,0,0,0,0,0,0,0,0,0,0,0,0,0,0,0,0,0,0,0,0,0,0,0,0,0,0,0,0,0,0,0,0,0,0,0,0,0,0,0,0,0,0,0,0,0,0,0,0,0,0,0,0,0,0,0,0,0,0,0,0,0,0,0,0,0,0,0,16,0,0,0,0,0,0,0,0,0,0,0,0,0,0,0,0,0,0,0,0,0,0,0,0,0,0,0,0,0,0,0,0,0,0,0,0,0,0,0,0,0,0,0,0,0,0,0,0,0,16,0,0,0,0,0,0,0,0,0,0
4953955,6,114210,17746,1142,1,0,16573,611,398,2705,17746,524,16,514,2433,505,807,194,357,2734,228,371,590,391,2661,231,390,599,397,2713,227,374,590,383,2597,234,391,611,402,2712,227,373,590,390,2660,231,6361,822,478,2382,633,136,348,418,2340,502,512,159,347,2639,227,371,585,386,2656,231,743,974,397,2714,230,372,590,383,2659,237,385,589,395,2652,226,372,593,386,2589,231,1149,692,392,2725,224,375,586,384,811,161,6291,767,381,2706,228,372,591,391,2866,230,531,0,0,0,0,0,0,0,0,0,0,0,0,0,0,0,0,0,0,0,0,0,0,0,0,0,0,0,0,0,0,0,0,0,0,0,0,0,0,0,0,0,0,0,0,0,0,0,0,0,0,0,0,0,0,0,0,0,0,0,0,0,0,0,0,0,0,0,0,0,0,0,0,0,0,0,0,0,0,0,0,0,0,0,0,0,0,0,0,0,0,0,0,0,0,0,0,0,0,0,0,0,0,0,0,0,0,0,0,0,0,0,0,0,0,0,0,0,0,0,0,0,0,0,0,0,0,0,0,0,0,0,0,0,0,0,0,0,0,0,0,0,0,0,0,0,0,0,0,0,0,0,0,0,0,0,0,0,0,0,0,0,0,0,0,0,0,0,0,0,0,0,0,0,0,0,0,0,0,0,0,0,0,0,0,0,0,0,0,0,0,0,0,0,0,0,0,0,0,0,0,0,0,0,0,0,0,0,0,0,0,0,0,0,0,0,0,0,0,0,0,0,0,0,0,0,0,0,0,0,0,0,0,0,0,0,0,0,0,0,16,0,0,0,0,0,0,0,0,0,0,0,0,0,0,0,0,0,0,0,0,0,0,0,0,0,0,0,0,0,0,0,0,0,0,0,0,0,0,0,0,0,0,0,0,0,0,0,0,0,16,0,0,0,0,0,0,0,0,0,0
4954954,7,113866,17754,1138,1,0,16555,603,381,2643,17754,522,16,515,2369,502,805,196,357,2678,225,371,592,391,2592,232,390,602,397,2651,226,375,589,383,2648,234,391,609,402,2664,227,372,592,390,2596,230,6374,818,468,2789,231,372,588,383,2590,231,747,613,397,2635,229,373,582,384,2593,228,741,652,393,2643,228,374,588,382,2587,232,382,595,395,2650,227,373,586,390,802,158,1150,644,397,2672,226,375,591,383,2592,229,6321,769,378,2652,228,372,586,385,2589,228,384,0,0,0,0,0,0,0,0,0,0,0,0,0,0,0,0,0,0,0,0,0,0,0,0,0,0,0,0,0,0,0,0,0,0,0,0,0,0,0,0,0,0,0,0,0,0,0,0,0,0,0,0,0,0,0,0,0,0,0,0,0,0,0,0,0,0,0,0,0,0,0,0,0,0,0,0,0,0,0,0,0,0,0,0,0,0,0,0,0,0,0,0,0,0,0,0,0,0,0,0,0,0,0,0,0,0,0,0,0,0,0,0,0,0,0,0,0,0,0,0,0,0,0,0,0,0,0,0,0,0,0,0,0,0,0,0,0,0,0,0,0,0,0,0,0,0,0,0,0,0,0,0,0,0,0,0,0,0,0,0,0,0,0,0,0,0,0,0,0,0,0,0,0,0,0,0,0,0,0,0,0,0,0,0,0,0,0,0,0,0,0,0,0,0,0,0,0,0,0,0,0,0,0,0,0,0,0,0,0,0,0,0,0,0,0,0,0,0,0,0,0,0,0,0,0,0,0,0,0,0,0,0,0,0,0,0,0,0,0,16,0,0,0,0,0,0,0,0,0,0,0,0,0,0,0,0,0,0,0,0,0,0,0,0,0,0,0,0,0,0,0,0,0,0,0,0,0,0,0,0,0,0,0,0,0,0,0,0,0,16,0,0,0,0,0,0,0,0,0,0
4955954,8,114228,17819,1142,1,0,16565,605,378,2641,17819,529,15,514,2366,503,808,196,357,2676,226,371,591,391,2593,232,390,602,397,2650,226,375,589,383,2593,232,393,609,402,2651,227,372,590,390,2654,230,6372,763,469,2777,229,373,588,383,2588,231,525,609,379,2641,228,371,584,384,2654,231,741,652,391,2640,228,374,592,382,2591,232,382,593,394,876,157,347,572,404,2637,227,1145,687,397,2728,228,372,584,385,2659,231,6319,769,378,2649,228,372,586,385,2590,229,750,0,0,0,0,0,0,0,0,0,0,0,0,0,0,0,0,0,0,0,0,0,0,0,0,0,0,0,0,0,0,0,0,0,0,0,0,0,0,0,0,0,0,0,0,0,0,0,0,0,0,0,0,0,0,0,0,0,0,0,0,0,0,0,0,0,0,0,0,0,0,0,0,0,0,0,0,0,0,0,0,0,0,0,0,0,0,0,0,0,0,0,0,0,0,0,0,0,0,0,0,0,0,0,0,0,0,0,0,0,0,0,0,0,0,0,0,0,0,0,0,0,0,0,0,0,0,0,0,0,0,0,0,0,0,0,0,0,0,0,0,0,0,0,0,0,0,0,0,0,0,0,0,0,0,0,0,0,0,0,0,0,0,0,0,0,0,0,0,0,0,0,0,0,0,0,0,0,0,0,0,0,0,0,0,0,0,0,0,0,0,0,0,0,0,0,0,0,0,0,0,0,0,0,0,0,0,0,0,0,0,0,0,0,0,0,0,0,0,0,0,0,0,0,0,0,0,0,0,0,0,0,0,0,0,0,0,0,0,0,16,0,0,0,0,0,0,0,0,0,0,0,0,0,0,0,0,0,0,0,0,0,0,0,0,0,0,0,0,0,0,0,0,0,0,0,0,0,0,0,0,0,0,0,0,0,0,0,0,0,16,0,0,0,0,0,0,0,0,0,0
4956955,9,114076,17719,1140,1,0,16629,615,402,2697,17719,518,15,517,2431,505,807,194,357,2734,228,371,590,391,2596,231,390,602,397,2710,227,375,588,383,2598,232,392,609,402,2712,227,372,593,386,2597,231,6369,763,471,2774,228,373,588,383,2646,233,385,602,380,2647,228,371,588,385,2596,230,743,652,391,854,157,348,576,405,2584,227,391,602,395,2650,227,370,591,389,2594,228,1145,688,396,2731,228,371,590,389,2664,231,6316,769,378,2650,228,372,585,385,2649,230,526,0,0,0,0,0,0,0,0,0,0,0,0,0,0,0,0,0,0,0,0,0,0,0,0,0,0,0,0,0,0,0,0,0,0,0,0,0,0,0,0,0,0,0,0,0,0,0,0,0,0,0,0,0,0,0,0,0,0,0,0,0,0,0,0,0,0,0,0,0,0,0,0,0,0,0,0,0,0,0,0,0,0,0,0,0,0,0,0,0,0,0,0,0,0,0,0,0,0,0,0,0,0,0,0,0,0,0,0,0,0,0,0,0,0,0,0,0,0,0,0,0,0,0,0,0,0,0,0,0,0,0,0,0,0,0,0,0,0,0,0,0,0,0,0,0,0,0,0,0,0,0,0,0,0,0,0,0,0,0,0,0,0,0,0,0,0,0,0,0,0,0,0,0,0,0,0,0,0,0,0,0,0,0,0,0,0,0,0,0,0,0,0,0,0,0,0,0,0,0,0,0,0,0,0,0,0,0,0,0,0,0,0,0,0,0,0,0,0,0,0,0,0,0,0,0,0,0,0,0,0,0,0,0,0,0,0,0,0,0,16,0,0,0,0,0,0,0,0,0,0,0,0,0,0,0,0,0,0,0,0,0,0,0,0,0,0,0,0,0,0,0,0,0,0,0,0,0,0,0,0,0,0,0,0,0,0,0,0,0,16,0,0,0,0,0,0,0,0,0,0
4957954,10,114353,17595,1143,1,0,16527,611,380,2707,17595,517,16,515,2365,502,805,196,357,2677,225,371,592,391,2651,231,386,601,397,2711,226,374,589,382,2655,234,393,610,402,2660,227,372,590,390,2655,230,6361,766,488,2768,231,372,589,383,2648,231,748,613,399,2640,230,372,591,385,808,162,734,607,381,2687,226,374,588,383,2651,235,385,595,395,2709,227,371,592,386,2657,232,1146,690,393,2725,224,374,588,384,2665,233,6311,769,378,2652,228,372,586,385,2645,229,388,0,0,0,0,0,0,0,0,0,0,0,0,0,0,0,0,0,0,0,0,0,0,0,0,0,0,0,0,0,0,0,0,0,0,0,0,0,0,0,0,0,0,0,0,0,0,0,0,0,0,0,0,0,0,0,0,0,0,0,0,0,0,0,0,0,0,0,0,0,0,0,0,0,0,0,0,0,0,0,0,0,0,0,0,0,0,0,0,0,0,0,0,0,0,0,0,0,0,0,0,0,0,0,0,0,0,0,0,0,0,0,0,0,0,0,0,0,0,0,0,0,0,0,0,0,0,0,0,0,0,0,0,0,0,0,0,0,0,0,0,0,0,0,0,0,0,0,0,0,0,0,0,0,0,0,0,0,0,0,0,0,0,0,0,0,0,0,0,0,0,0,0,0,0,0,0,0,0,0,0,0,0,0,0,0,0,0,0,0,0,0,0,0,0,0,0,0,0,0,0,0,0,0,0,0,0,0,0,0,0,0,0,0,0,0,0,0,0,0,0,0,0,0,0,0,0,0,0,0,0,0,0,0,0,0,0,0,0,0,16,0,0,0,0,0,0,0,0,0,0,0,0,0,0,0,0,0,0,0,0,0,0,0,0,0,0,0,0,0,0,0,0,0,0,0,0,0,0,0,0,0,0,0,0,0,0,0,0,0,16,0,0,0,0,0,0,0,0,0,0
4958954,11,114828,17590,1148,1,0,16406,607,378,2701,17590,517,16,516,2427,506,803,194,357,2735,228,371,590,391,2660,231,386,600,396,2712,227,374,590,383,2660,234,392,610,402,2715,227,372,593,386,2662,231,6368,763,484,2820,228,375,588,382,804,160,503,549,396,2685,226,371,592,386,2656,232,739,646,382,2706,229,372,591,383,2657,232,390,595,395,2707,229,370,592,391,2659,230,1146,686,396,2728,228,372,588,385,2663,231,6307,769,378,2705,228,372,591,391,2652,231,748,0,0,0,0,0,0,0,0,0,0,0,0,0,0,0,0,0,0,0,0,0,0,0,0,0,0,0,0,0,0,0,0,0,0,0,0,0,0,0,0,0,0,0,0,0,0,0,0,0,0,0,0,0,0,0,0,0,0,0,0,0,0,0,0,0,0,0,0,0,0,0,0,0,0,0,0,0,0,0,0,0,0,0,0,0,0,0,0,0,0,0,0,0,0,0,0,0,0,0,0,0,0,0,0,0,0,0,0,0,0,0,0,0,0,0,0,0,0,0,0,0,0,0,0,0,0,0,0,0,0,0,0,0,0,0,0,0,0,0,0,0,0,0,0,0,0,0,0,0,0,0,0,0,0,0,0,0,0,0,0,0,0,0,0,0,0,0,0,0,0,0,0,0,0,0,0,0,0,0,0,0,0,0,0,0,0,0,0,0,0,0,0,0,0,0,0,0,0,0,0,0,0,0,0,0,0,0,0,0,0,0,0,0,0,0,0,0,0,0,0,0,0,0,0,0,0,0,0,0,0,0,0,0,0,0,0,0,0,0,16,0,0,0,0,0,0,0,0,0,0,0,0,0,0,0,0,0,0,0,0,0,0,0,0,0,0,0,0,0,0,0,0,0,0,0,0,0,0,0,0,0,0,0,0,0,0,0,0,0,16,0,0,0,0,0,0,0,0,0,0
4959955,12,116162,19397,1161,1,0,16400,614,400,2705,19397,518,15,516,2427,506,803,194,357,2733,228,371,590,391,2660,231,386,600,396,2711,227,374,590,383,2595,234,393,611,402,2711,227,373,590,390,2659,231,6298,773,459,980,203,367,617,380,2654,227,384,595,379,2706,228,372,588,385,2592,224,739,656,391,2699,227,374,591,382,2654,234,384,596,394,2709,227,372,593,391,2657,231,1144,689,392,2728,225,374,589,384,2600,232,6310,769,378,2707,228,372,591,391,2651,231,526,0,0,0,0,0,0,0,0,0,0,0,0,0,0,0,0,0,0,0,0,0,0,0,0,0,0,0,0,0,0,0,0,0,0,0,0,0,0,0,0,0,0,0,0,0,0,0,0,0,0,0,0,0,0,0,0,0,0,0,0,0,0,0,0,0,0,0,0,0,0,0,0,0,0,0,0,0,0,0,0,0,0,0,0,0,0,0,0,0,0,0,0,0,0,0,0,0,0,0,0,0,0,0,0,0,0,0,0,0,0,0,0,0,0,0,0,0,0,0,0,0,0,0,0,0,0,0,0,0,0,0,0,0,0,0,0,0,0,0,0,0,0,0,0,0,0,0,0,0,0,0,0,0,0,0,0,0,0,0,0,0,0,0,0,0,0,0,0,0,0,0,0,0,0,0,0,0,0,0,0,0,0,0,0,0,0,0,0,0,0,0,0,0,0,0,0,0,0,0,0,0,0,0,0,0,0,0,0,0,0,0,0,0,0,0,0,0,0,0,0,0,0,0,0,0,0,0,0,0,0,0,0,0,0,0,0,0,0,0,16,0,0,0,0,0,0,0,0,0,0,0,0,0,0,0,0,0,0,0,0,0,0,0,0,0,0,0,0,0,0,0,0,0,0,0,0,0,0,0,0,0,0,0,0,0,0,0,0,0,16,0,0,0,0,0,0,0,0,0,0
4960954,13,114464,17716,1144,1,0,18204,610,379,2707,17716,518,16,513,2432,506,807,194,357,2734,228,371,590,391,2663,231,390,599,397,2711,227,374,590,383,2661,234,392,610,402,870,153,346,581,412,2575,227,6362,824,476,2822,230,373,589,385,2594,232,747,610,397,2697,228,373,586,385,2659,231,739,650,385,2646,229,373,590,383,2590,231,390,600,394,2653,228,372,588,387,2592,228,1145,688,396,2674,228,373,587,383,2598,230,6312,769,378,2710,228,372,591,391,2652,230,384,0,0,0,0,0,0,0,0,0,0,0,0,0,0,0,0,0,0,0,0,0,0,0,0,0,0,0,0,0,0,0,0,0,0,0,0,0,0,0,0,0,0,0,0,0,0,0,0,0,0,0,0,0,0,0,0,0,0,0,0,0,0,0,0,0,0,0,0,0,0,0,0,0,0,0,0,0,0,0,0,0,0,0,0,0,0,0,0,0,0,0,0,0,0,0,0,0,0,0,0,0,0,0,0,0,0,0,0,0,0,0,0,0,0,0,0,0,0,0,0,0,0,0,0,0,0,0,0,0,0,0,0,0,0,0,0,0,0,0,0,0,0,0,0,0,0,0,0,0,0,0,0,0,0,0,0,0,0,0,0,0,0,0,0,0,0,0,0,0,0,0,0,0,0,0,0,0,0,0,0,0,0,0,0,0,0,0,0,0,0,0,0,0,0,0,0,0,0,0,0,0,0,0,0,0,0,0,0,0,0,0,0,0,0,0,0,0,0,0,0,0,0,0,0,0,0,0,0,0,0,0,0,0,0,0,0,0,0,0,16,0,0,0,0,0,0,0,0,0,0,0,0,0,0,0,0,0,0,0,0,0,0,0,0,0,0,0,0,0,0,0,0,0,0,0,0,0,0,0,0,0,0,0,0,0,0,0,0,0,16,0,0,0,0,0,0,0,0,0,0
4961954,14,113371,17640,1133,1,0,16528,603,378,2646,17640,524,16,515,2362,503,808,196,357,2679,225,371,591,391,2594,232,390,602,397,2648,226,375,589,383,806,163,374,573,403,2631,227,372,588,384,2654,230,6316,822,478,2383,634,136,348,418,2339,501,663,150,345,2704,230,370,586,386,2656,231,741,651,382,2640,228,374,591,382,2647,231,383,592,394,2657,228,372,591,390,2648,229,1146,685,397,2729,228,371,588,384,2597,231,6320,769,378,2705,228,372,591,391,2590,230,748,0,0,0,0,0,0,0,0,0,0,0,0,0,0,0,0,0,0,0,0,0,0,0,0,0,0,0,0,0,0,0,0,0,0,0,0,0,0,0,0,0,0,0,0,0,0,0,0,0,0,0,0,0,0,0,0,0,0,0,0,0,0,0,0,0,0,0,0,0,0,0,0,0,0,0,0,0,0,0,0,0,0,0,0,0,0,0,0,0,0,0,0,0,0,0,0,0,0,0,0,0,0,0,0,0,0,0,0,0,0,0,0,0,0,0,0,0,0,0,0,0,0,0,0,0,0,0,0,0,0,0,0,0,0,0,0,0,0,0,0,0,0,0,0,0,0,0,0,0,0,0,0,0,0,0,0,0,0,0,0,0,0,0,0,0,0,0,0,0,0,0,0,0,0,0,0,0,0,0,0,0,0,0,0,0,0,0,0,0,0,0,0,0,0,0,0,0,0,0,0,0,0,0,0,0,0,0,0,0,0,0,0,0,0,0,0,0,0,0,0,0,0,0,0,0,0,0,0,0,0,0,0,0,0,0,0,0,0,0,16,0,0,0,0,0,0,0,0,0,0,0,0,0,0,0,0,0,0,0,0,0,0,0,0,0,0,0,0,0,0,0,0,0,0,0,0,0,0,0,0,0,0,0,0,0,0,0,0,0,16,0,0,0,0,0,0,0,0,0,0
4962955,15,113854,17686,1138,1,0,16452,613,400,2641,17686,518,16,515,2369,502,808,196,357,2678,225,371,591,391,812,163,367,555,404,2621,228,374,589,384,2653,234,392,612,401,2664,227,371,587,384,2655,230,6365,766,467,2777,231,372,588,383,2589,231,384,606,378,2700,228,372,581,389,2604,230,741,650,391,2702,227,374,591,383,2653,235,385,596,396,2650,226,372,593,391,2591,231,1144,690,392,2729,225,375,586,384,2601,230,6314,769,378,2707,228,372,591,391,2590,230,525,0,0,0,0,0,0,0,0,0,0,0,0,0,0,0,0,0,0,0,0,0,0,0,0,0,0,0,0,0,0,0,0,0,0,0,0,0,0,0,0,0,0,0,0,0,0,0,0,0,0,0,0,0,0,0,0,0,0,0,0,0,0,0,0,0,0,0,0,0,0,0,0,0,0,0,0,0,0,0,0,0,0,0,0,0,0,0,0,0,0,0,0,0,0,0,0,0,0,0,0,0,0,0,0,0,0,0,0,0,0,0,0,0,0,0,0,0,0,0,0,0,0,0,0,0,0,0,0,0,0,0,0,0,0,0,0,0,0,0,0,0,0,0,0,0,0,0,0,0,0,0,0,0,0,0,0,0,0,0,0,0,0,0,0,0,0,0,0,0,0,0,0,0,0,0,0,0,0,0,0,0,0,0,0,0,0,0,0,0,0,0,0,0,0,0,0,0,0,0,0,0,0,0,0,0,0,0,0,0,0,0,0,0,0,0,0,0,0,0,0,0,0,0,0,0,0,0,0,0,0,0,0,0,0,0,0,0,0,0,16,0,0,0,0,0,0,0,0,0,0,0,0,0,0,0,0,0,0,0,0,0,0,0,0,0,0,0,0,0,0,0,0,0,0,0,0,0,0,0,0,0,0,0,0,0,0,0,0,0,16,0,0,0,0,0,0,0,0,0,0
4963954,16,113897,17767,1138,1,0,16496,609,379,2650,17767,524,15,515,2368,503,808,196,357,890,161,353,572,399,2581,227,394,601,396,2645,228,374,591,383,2594,230,395,612,400,2654,227,372,588,385,2593,230,6369,766,470,2774,230,372,586,383,2588,231,747,611,397,2636,229,373,583,384,2592,228,741,652,393,2643,227,374,588,382,2590,232,388,599,395,2651,227,373,586,390,2594,229,1146,686,397,2673,224,374,587,384,2653,233,6323,771,379,2711,228,372,591,391,2588,229,388,0,0,0,0,0,0,0,0,0,0,0,0,0,0,0,0,0,0,0,0,0,0,0,0,0,0,0,0,0,0,0,0,0,0,0,0,0,0,0,0,0,0,0,0,0,0,0,0,0,0,0,0,0,0,0,0,0,0,0,0,0,0,0,0,0,0,0,0,0,0,0,0,0,0,0,0,0,0,0,0,0,0,0,0,0,0,0,0,0,0,0,0,0,0,0,0,0,0,0,0,0,0,0,0,0,0,0,0,0,0,0,0,0,0,0,0,0,0,0,0,0,0,0,0,0,0,0,0,0,0,0,0,0,0,0,0,0,0,0,0,0,0,0,0,0,0,0,0,0,0,0,0,0,0,0,0,0,0,0,0,0,0,0,0,0,0,0,0,0,0,0,0,0,0,0,0,0,0,0,0,0,0,0,0,0,0,0,0,0,0,0,0,0,0,0,0,0,0,0,0,0,0,0,0,0,0,0,0,0,0,0,0,0,0,0,0,0,0,0,0,0,0,0,0,0,0,0,0,0,0,0,0,0,0,0,0,0,0,0,16,0,0,0,0,0,0,0,0,0,0,0,0,0,0,0,0,0,0,0,0,0,0,0,0,0,0,0,0,0,0,0,0,0,0,0,0,0,0,0,0,0,0,0,0,0,0,0,0,0,16,0,0,0,0,0,0,0,0,0,0
4964954,17,112867,17765,1128,1,0,16579,602,378,2702,17765,526,16,513,555,400,771,190,365,2684,229,371,592,391,2591,231,386,600,396,2706,225,374,586,382,2659,234,392,610,402,2709,226,372,589,386,2602,232,6372,764,471,2827,229,374,588,384,2654,234,527,600,378,2709,229,371,585,390,2653,233,739,648,385,2704,229,372,590,383,2653,232,391,595,395,2710,229,370,590,387,2656,230,1145,686,396,2729,228,372,588,385,2663,232,6315,771,379,2709,228,372,591,391,799,156,732,0,0,0,0,0,0,0,0,0,0,0,0,0,0,0,0,0,0,0,0,0,0,0,0,0,0,0,0,0,0,0,0,0,0,0,0,0,0,0,0,0,0,0,0,0,0,0,0,0,0,0,0,0,0,0,0,0,0,0,0,0,0,0,0,0,0,0,0,0,0,0,0,0,0,0,0,0,0,0,0,0,0,0,0,0,0,0,0,0,0,0,0,0,0,0,0,0,0,0,0,0,0,0,0,0,0,0,0,0,0,0,0,0,0,0,0,0,0,0,0,0,0,0,0,0,0,0,0,0,0,0,0,0,0,0,0,0,0,0,0,0,0,0,0,0,0,0,0,0,0,0,0,0,0,0,0,0,0,0,0,0,0,0,0,0,0,0,0,0,0,0,0,0,0,0,0,0,0,0,0,0,0,0,0,0,0,0,0,0,0,0,0,0,0,0,0,0,0,0,0,0,0,0,0,0,0,0,0,0,0,0,0,0,0,0,0,0,0,0,0,0,0,0,0,0,0,0,0,0,0,0,0,0,0,0,0,0,0,0,16,0,0,0,0,0,0,0,0,0,0,0,0,0,0,0,0,0,0,0,0,0,0,0,0,0,0,0,0,0,0,0,0,0,0,0,0,0,0,0,0,0,0,0,0,0,0,0,0,0,16,0,0,0,0,0,0,0,0,0,0
4965955,18,114767,17746,1147,1,0,16578,588,394,2667,17746,527,16,517,2429,505,807,194,358,2739,228,371,590,391,2660,231,390,599,397,2711,227,374,590,383,2659,234,391,610,402,2712,227,372,593,386,2662,231,6372,764,467,2860,244,374,629,383,2657,231,393,602,379,2714,231,371,584,392,2659,230,744,644,382,2705,227,374,589,383,2655,234,388,595,395,2714,226,371,590,390,2655,231,1145,690,392,2727,225,374,590,384,2663,232,6312,769,378,871,160,351,572,398,2639,228,531,0,0,0,0,0,0,0,0,0,0,0,0,0,0,0,0,0,0,0,0,0,0,0,0,0,0,0,0,0,0,0,0,0,0,0,0,0,0,0,0,0,0,0,0,0,0,0,0,0,0,0,0,0,0,0,0,0,0,0,0,0,0,0,0,0,0,0,0,0,0,0,0,0,0,0,0,0,0,0,0,0,0,0,0,0,0,0,0,0,0,0,0,0,0,0,0,0,0,0,0,0,0,0,0,0,0,0,0,0,0,0,0,0,0,0,0,0,0,0,0,0,0,0,0,0,0,0,0,0,0,0,0,0,0,0,0,0,0,0,0,0,0,0,0,0,0,0,0,0,0,0,0,0,0,0,0,0,0,0,0,0,0,0,0,0,0,0,0,0,0,0,0,0,0,0,0,0,0,0,0,0,0,0,0,0,0,0,0,0,0,0,0,0,0,0,0,0,0,0,0,0,0,0,0,0,0,0,0,0,0,0,0,0,0,0,0,0,0,0,0,0,0,0,0,0,0,0,0,0,0,0,0,0,0,0,0,0,0,0,16,0,0,0,0,0,0,0,0,0,0,0,0,0,0,0,0,0,0,0,0,0,0,0,0,0,0,0,0,0,0,0,0,0,0,0,0,0,0,0,0,0,0,0,0,0,0,0,0,0,16,0,0,0,0,0,0,0,0,0,0
4966954,19,114945,17721,1149,1,0,16555,603,377,2711,17721,518,15,517,2431,505,807,194,357,2734,228,371,590,391,2663,231,390,599,397,2711,227,374,590,383,2661,234,393,610,402,2712,227,372,593,386,2663,231,6312,777,474,2850,231,379,594,381,2671,231,747,613,396,2695,231,371,586,391,2657,229,742,651,386,2705,227,374,590,382,2655,235,389,595,395,2709,227,371,590,386,2657,232,1145,690,393,877,152,346,610,397,2654,229,6319,769,378,2711,228,372,589,386,2653,230,384,0,0,0,0,0,0,0,0,0,0,0,0,0,0,0,0,0,0,0,0,0,0,0,0,0,0,0,0,0,0,0,0,0,0,0,0,0,0,0,0,0,0,0,0,0,0,0,0,0,0,0,0,0,0,0,0,0,0,0,0,0,0,0,0,0,0,0,0,0,0,0,0,0,0,0,0,0,0,0,0,0,0,0,0,0,0,0,0,0,0,0,0,0,0,0,0,0,0,0,0,0,0,0,0,0,0,0,0,0,0,0,0,0,0,0,0,0,0,0,0,0,0,0,0,0,0,0,0,0,0,0,0,0,0,0,0,0,0,0,0,0,0,0,0,0,0,0,0,0,0,0,0,0,0,0,0,0,0,0,0,0,0,0,0,0,0,0,0,0,0,0,0,0,0,0,0,0,0,0,0,0,0,0,0,0,0,0,0,0,0,0,0,0,0,0,0,0,0,0,0,0,0,0,0,0,0,0,0,0,0,0,0,0,0,0,0,0,0,0,0,0,0,0,0,0,0,0,0,0,0,0,0,0,0,0,0,0,0,0,16,0,0,0,0,0,0,0,0,0,0,0,0,0,0,0,0,0,0,0,0,0,0,0,0,0,0,0,0,0,0,0,0,0,0,0,0,0,0,0,0,0,0,0,0,0,0,0,0,0,16,0,0,0,0,0,0,0,0,0,0
4967954,20,115043,17751,1150,1,0,16524,602,378,2706,17751,524,16,513,2431,505,807,194,357,2735,228,371,590,391,2663,231,390,599,397,2711,227,374,590,383,2659,234,392,610,402,2713,227,372,593,386,2661,231,6368,764,468,2836,228,372,591,384,2656,232,525,604,376,2712,229,371,589,385,2658,231,740,647,385,2702,229,372,591,383,2655,231,389,596,394,2710,229,370,591,391,801,154,1155,642,397,2720,226,374,589,389,2655,231,6316,768,378,2706,228,372,591,391,2652,231,749,0,0,0,0,0,0,0,0,0,0,0,0,0,0,0,0,0,0,0,0,0,0,0,0,0,0,0,0,0,0,0,0,0,0,0,0,0,0,0,0,0,0,0,0,0,0,0,0,0,0,0,0,0,0,0,0,0,0,0,0,0,0,0,0,0,0,0,0,0,0,0,0,0,0,0,0,0,0,0,0,0,0,0,0,0,0,0,0,0,0,0,0,0,0,0,0,0,0,0,0,0,0,0,0,0,0,0,0,0,0,0,0,0,0,0,0,0,0,0,0,0,0,0,0,0,0,0,0,0,0,0,0,0,0,0,0,0,0,0,0,0,0,0,0,0,0,0,0,0,0,0,0,0,0,0,0,0,0,0,0,0,0,0,0,0,0,0,0,0,0,0,0,0,0,0,0,0,0,0,0,0,0,0,0,0,0,0,0,0,0,0,0,0,0,0,0,0,0,0,0,0,0,0,0,0,0,0,0,0,0,0,0,0,0,0,0,0,0,0,0,0,0,0,0,0,0,0,0,0,0,0,0,0,0,0,0,0,0,0,16,0,0,0,0,0,0,0,0,0,0,0,0,0,0,0,0,0,0,0,0,0,0,0,0,0,0,0,0,0,0,0,0,0,0,0,0,0,0,0,0,0,0,0,0,0,0,0,0,0,16,0,0,0,0,0,0,0,0,0,0
4968955,21,114697,17747,1146,1,0,16561,615,401,2709,17747,528,15,514,2433,505,807,194,357,2734,228,371,590,391,2660,231,386,600,396,2710,227,374,590,383,2660,234,391,610,402,2715,227,372,593,386,2662,231,6381,763,468,2842,229,373,591,384,2654,232,384,599,377,2709,227,370,590,385,2660,231,739,647,385,2702,229,372,591,383,805,159,364,554,396,2690,227,373,592,391,2655,231,1144,691,392,2727,225,374,589,384,2664,232,6319,769,378,2706,228,372,591,391,2652,231,525,0,0,0,0,0,0,0,0,0,0,0,0,0,0,0,0,0,0,0,0,0,0,0,0,0,0,0,0,0,0,0,0,0,0,0,0,0,0,0,0,0,0,0,0,0,0,0,0,0,0,0,0,0,0,0,0,0,0,0,0,0,0,0,0,0,0,0,0,0,0,0,0,0,0,0,0,0,0,0,0,0,0,0,0,0,0,0,0,0,0,0,0,0,0,0,0,0,0,0,0,0,0,0,0,0,0,0,0,0,0,0,0,0,0,0,0,0,0,0,0,0,0,0,0,0,0,0,0,0,0,0,0,0,0,0,0,0,0,0,0,0,0,0,0,0,0,0,0,0,0,0,0,0,0,0,0,0,0,0,0,0,0,0,0,0,0,0,0,0,0,0,0,0,0,0,0,0,0,0,0,0,0,0,0,0,0,0,0,0,0,0,0,0,0,0,0,0,0,0,0,0,0,0,0,0,0,0,0,0,0,0,0,0,0,0,0,0,0,0,0,0,0,0,0,0,0,0,0,0,0,0,0,0,0,0,0,0,0,0,16,0,0,0,0,0,0,0,0,0,0,0,0,0,0,0,0,0,0,0,0,0,0,0,0,0,0,0,0,0,0,0,0,0,0,0,0,0,0,0,0,0,0,0,0,0,0,0,0,0,16,0,0,0,0,0,0,0,0,0,0
4969954,22,115037,17748,1150,1,0,16558,610,379,2707,17748,528,16,514,2431,505,807,194,357,2733,228,371,590,391,2662,231,390,599,397,2711,227,374,590,383,2659,234,391,610,402,2714,227,372,593,386,2662,231,6372,764,469,2826,248,376,641,372,2672,229,749,609,397,2708,229,371,588,387,2659,229,740,643,382,858,157,347,575,403,2644,230,391,592,394,2714,228,370,594,387,2660,230,1145,689,393,2725,228,372,590,389,2662,231,6320,771,379,2709,228,372,589,386,2656,231,384,0,0,0,0,0,0,0,0,0,0,0,0,0,0,0,0,0,0,0,0,0,0,0,0,0,0,0,0,0,0,0,0,0,0,0,0,0,0,0,0,0,0,0,0,0,0,0,0,0,0,0,0,0,0,0,0,0,0,0,0,0,0,0,0,0,0,0,0,0,0,0,0,0,0,0,0,0,0,0,0,0,0,0,0,0,0,0,0,0,0,0,0,0,0,0,0,0,0,0,0,0,0,0,0,0,0,0,0,0,0,0,0,0,0,0,0,0,0,0,0,0,0,0,0,0,0,0,0,0,0,0,0,0,0,0,0,0,0,0,0,0,0,0,0,0,0,0,0,0,0,0,0,0,0,0,0,0,0,0,0,0,0,0,0,0,0,0,0,0,0,0,0,0,0,0,0,0,0,0,0,0,0,0,0,0,0,0,0,0,0,0,0,0,0,0,0,0,0,0,0,0,0,0,0,0,0,0,0,0,0,0,0,0,0,0,0,0,0,0,0,0,0,0,0,0,0,0,0,0,0,0,0,0,0,0,0,0,0,0,16,0,0,0,0,0,0,0,0,0,0,0,0,0,0,0,0,0,0,0,0,0,0,0,0,0,0,0,0,0,0,0,0,0,0,0,0,0,0,0,0,0,0,0,0,0,0,0,0,0,16,0,0,0,0,0,0,0,0,0,0
4970954,23,115179,17793,1151,1,0,16558,603,378,2708,17793,527,16,513,2427,505,807,194,358,2738,228,371,590,391,2660,231,386,600,396,2711,227,374,590,383,2659,234,391,610,402,2712,227,372,593,386,2660,231,6310,772,459,2829,247,440,640,376,2658,229,528,606,376,876,164,350,569,396,2638,228,746,642,382,2707,226,375,591,382,2658,234,388,595,395,2711,227,371,591,391,2656,231,1144,690,392,2726,225,374,590,384,2663,232,6317,769,378,2710,228,372,591,391,2652,230,749,0,0,0,0,0,0,0,0,0,0,0,0,0,0,0,0,0,0,0,0,0,0,0,0,0,0,0,0,0,0,0,0,0,0,0,0,0,0,0,0,0,0,0,0,0,0,0,0,0,0,0,0,0,0,0,0,0,0,0,0,0,0,0,0,0,0,0,0,0,0,0,0,0,0,0,0,0,0,0,0,0,0,0,0,0,0,0,0,0,0,0,0,0,0,0,0,0,0,0,0,0,0,0,0,0,0,0,0,0,0,0,0,0,0,0,0,0,0,0,0,0,0,0,0,0,0,0,0,0,0,0,0,0,0,0,0,0,0,0,0,0,0,0,0,0,0,0,0,0,0,0,0,0,0,0,0,0,0,0,0,0,0,0,0,0,0,0,0,0,0,0,0,0,0,0,0,0,0,0,0,0,0,0,0,0,0,0,0,0,0,0,0,0,0,0,0,0,0,0,0,0,0,0,0,0,0,0,0,0,0,0,0,0,0,0,0,0,0,0,0,0,0,0,0,0,0,0,0,0,0,0,0,0,0,0,0,0,0,0,16,0,0,0,0,0,0,0,0,0,0,0,0,0,0,0,0,0,0,0,0,0,0,0,0,0,0,0,0,0,0,0,0,0,0,0,0,0,0,0,0,0,0,0,0,0,0,0,0,0,16,0,0,0,0,0,0,0,0,0,0
4971955,24,114706,17743,1147,1,0,16602,613,401,2702,17743,524,16,513,2433,506,807,194,357,2735,228,371,590,391,2663,231,390,599,397,2711,227,374,590,383,2660,234,391,610,402,2713,227,372,593,386,2662,231,6374,764,469,2833,229,373,591,384,808,163,368,550,394,2687,228,371,589,391,2654,231,741,646,382,2708,229,372,591,383,2656,231,389,596,394,2709,229,370,591,391,2660,229,1145,687,395,2727,228,371,589,384,2666,231,6319,769,378,2709,228,372,591,391,2652,231,525,0,0,0,0,0,0,0,0,0,0,0,0,0,0,0,0,0,0,0,0,0,0,0,0,0,0,0,0,0,0,0,0,0,0,0,0,0,0,0,0,0,0,0,0,0,0,0,0,0,0,0,0,0,0,0,0,0,0,0,0,0,0,0,0,0,0,0,0,0,0,0,0,0,0,0,0,0,0,0,0,0,0,0,0,0,0,0,0,0,0,0,0,0,0,0,0,0,0,0,0,0,0,0,0,0,0,0,0,0,0,0,0,0,0,0,0,0,0,0,0,0,0,0,0,0,0,0,0,0,0,0,0,0,0,0,0,0,0,0,0,0,0,0,0,0,0,0,0,0,0,0,0,0,0,0,0,0,0,0,0,0,0,0,0,0,0,0,0,0,0,0,0,0,0,0,0,0,0,0,0,0,0,0,0,0,0,0,0,0,0,0,0,0,0,0,0,0,0,0,0,0,0,0,0,0,0,0,0,0,0,0,0,0,0,0,0,0,0,0,0,0,0,0,0,0,0,0,0,0,0,0,0,0,0,0,0,0,0,0,16,0,0,0,0,0,0,0,0,0,0,0,0,0,0,0,0,0,0,0,0,0,0,0,0,0,0,0,0,0,0,0,0,0,0,0,0,0,0,0,0,0,0,0,0,0,0,0,0,0,16,0,0,0,0,0,0,0,0,0,0
4972954,25,122548,25162,1225,1,0,16551,610,379,2708,25162,520,16,517,2430,503,803,194,361,2735,228,370,595,384,2661,231,391,596,396,2713,229,370,591,382,2661,231,391,610,406,2708,227,370,596,384,2662,231,6429,759,484,2825,232,370,594,384,2658,231,745,614,400,2705,228,371,596,383,807,161,733,609,381,2697,228,370,589,383,2652,231,387,596,396,2712,227,370,594,384,2658,231,1147,688,394,2723,228,371,590,387,2668,230,6320,770,380,2709,228,371,593,384,2653,231,527,0,0,0,0,0,0,0,0,0,0,0,0,0,0,0,0,0,0,0,0,0,0,0,0,0,0,0,0,0,0,0,0,0,0,0,0,0,0,0,0,0,0,0,0,0,0,0,0,0,0,0,0,0,0,0,0,0,0,0,0,0,0,0,0,0,0,0,0,0,0,0,0,0,0,0,0,0,0,0,0,0,0,0,0,0,0,0,0,0,0,0,0,0,0,0,0,0,0,0,0,0,0,0,0,0,0,0,0,0,0,0,0,0,0,0,0,0,0,0,0,0,0,0,0,0,0,0,0,0,0,0,0,0,0,0,0,0,0,0,0,0,0,0,0,0,0,0,0,0,0,0,0,0,0,0,0,0,0,0,0,0,0,0,0,0,0,0,0,0,0,0,0,0,0,0,0,0,0,0,0,0,0,0,0,0,0,0,0,0,0,0,0,0,0,0,0,0,0,0,0,0,0,0,0,0,0,0,0,0,0,0,0,0,0,0,0,0,0,0,0,0,0,0,0,0,0,0,0,0,0,0,0,0,0,0,0,0,0,0,16,0,0,0,0,0,0,0,0,0,0,0,0,0,0,0,0,0,0,0,0,0,0,0,0,0,0,0,0,0,0,0,0,0,0,0,0,0,0,0,0,0,0,0,0,0,0,0,0,0,16,0,0,0,0,0,0,0,0,0,0
4973964,26,115497,18264,1154,1,0,23973,606,379,2709,18264,519,15,518,2429,505,802,194,360,2738,228,370,592,390,2663,232,392,594,398,2713,230,371,591,384,2661,232,393,609,406,2708,228,371,595,385,2661,232,6432,759,485,2825,232,370,594,384,805,163,725,577,387,2684,226,371,593,384,2656,231,743,643,381,2717,232,369,591,383,2655,229,390,596,396,2711,229,368,594,389,2660,229,1146,685,399,2726,230,368,591,385,2664,229,6319,770,380,2706,228,370,594,384,2652,230,386,0,0,0,0,0,0,0,0,0,0,0,0,0,0,0,0,0,0,0,0,0,0,0,0,0,0,0,0,0,0,0,0,0,0,0,0,0,0,0,0,0,0,0,0,0,0,0,0,0,0,0,0,0,0,0,0,0,0,0,0,0,0,0,0,0,0,0,0,0,0,0,0,0,0,0,0,0,0,0,0,0,0,0,0,0,0,0,0,0,0,0,0,0,0,0,0,0,0,0,0,0,0,0,0,0,0,0,0,0,0,0,0,0,0,0,0,0,0,0,0,0,0,0,0,0,0,0,0,0,0,0,0,0,0,0,0,0,0,0,0,0,0,0,0,0,0,0,0,0,0,0,0,0,0,0,0,0,0,0,0,0,0,0,0,0,0,0,0,0,0,0,0,0,0,0,0,0,0,0,0,0,0,0,0,0,0,0,0,0,0,0,0,0,0,0,0,0,0,0,0,0,0,0,0,0,0,0,0,0,0,0,0,0,0,0,0,0,0,0,0,0,0,0,0,0,0,0,0,0,0,0,0,0,0,0,0,0,0,0,16,0,0,0,0,0,0,0,0,0,0,0,0,0,0,0,0,0,0,0,0,0,0,0,0,0,0,0,0,0,0,0,0,0,0,0,0,0,0,0,0,0,0,0,0,0,0,0,0,0,16,0,0,0,0,0,0,0,0,0,0
4974964,27,115642,18299,1156,1,0,17073,602,378,2709,18299,520,16,518,2425,504,806,194,360,2736,229,370,592,388,2664,232,392,594,398,2712,230,371,591,384,2661,232,393,609,406,2707,228,370,595,385,2661,232,6427,759,479,945,155,346,579,395,2651,227,531,608,382,2707,229,369,594,390,2660,229,746,641,382,2713,229,370,593,383,2657,231,387,595,397,2710,227,370,595,384,2658,231,1147,688,394,2720,228,370,590,384,2664,230,6309,769,380,2706,227,371,593,384,2653,231,750,0,0,0,0,0,0,0,0,0,0,0,0,0,0,0,0,0,0,0,0,0,0,0,0,0,0,0,0,0,0,0,0,0,0,0,0,0,0,0,0,0,0,0,0,0,0,0,0,0,0,0,0,0,0,0,0,0,0,0,0,0,0,0,0,0,0,0,0,0,0,0,0,0,0,0,0,0,0,0,0,0,0,0,0,0,0,0,0,0,0,0,0,0,0,0,0,0,0,0,0,0,0,0,0,0,0,0,0,0,0,0,0,0,0,0,0,0,0,0,0,0,0,0,0,0,0,0,0,0,0,0,0,0,0,0,0,0,0,0,0,0,0,0,0,0,0,0,0,0,0,0,0,0,0,0,0,0,0,0,0,0,0,0,0,0,0,0,0,0,0,0,0,0,0,0,0,0,0,0,0,0,0,0,0,0,0,0,0,0,0,0,0,0,0,0,0,0,0,0,0,0,0,0,0,0,0,0,0,0,0,0,0,0,0,0,0,0,0,0,0,0,0,0,0,0,0,0,0,0,0,0,0,0,0,0,0,0,0,0,16,0,0,0,0,0,0,0,0,0,0,0,0,0,0,0,0,0,0,0,0,0,0,0,0,0,0,0,0,0,0,0,0,0,0,0,0,0,0,0,0,0,0,0,0,0,0,0,0,0,16,0,0,0,0,0,0,0,0,0,0
4975965,28,115412,18359,1154,1,0,17105,612,401,2712,18359,525,15,517,2426,505,806,194,360,2738,228,370,592,390,2662,232,392,594,398,2714,230,371,591,384,2661,232,393,609,406,2706,228,371,595,385,803,159,6438,761,484,2779,230,371,592,384,2660,230,384,598,380,2712,228,369,593,383,2663,230,740,646,385,2712,232,368,593,383,2659,229,389,596,396,2710,228,369,596,384,2659,229,1148,685,399,2726,230,368,591,384,2664,229,6307,769,380,2707,227,371,594,384,2653,231,527,0,0,0,0,0,0,0,0,0,0,0,0,0,0,0,0,0,0,0,0,0,0,0,0,0,0,0,0,0,0,0,0,0,0,0,0,0,0,0,0,0,0,0,0,0,0,0,0,0,0,0,0,0,0,0,0,0,0,0,0,0,0,0,0,0,0,0,0,0,0,0,0,0,0,0,0,0,0,0,0,0,0,0,0,0,0,0,0,0,0,0,0,0,0,0,0,0,0,0,0,0,0,0,0,0,0,0,0,0,0,0,0,0,0,0,0,0,0,0,0,0,0,0,0,0,0,0,0,0,0,0,0,0,0,0,0,0,0,0,0,0,0,0,0,0,0,0,0,0,0,0,0,0,0,0,0,0,0,0,0,0,0,0,0,0,0,0,0,0,0,0,0,0,0,0,0,0,0,0,0,0,0,0,0,0,0,0,0,0,0,0,0,0,0,0,0,0,0,0,0,0,0,0,0,0,0,0,0,0,0,0,0,0,0,0,0,0,0,0,0,0,0,0,0,0,0,0,0,0,0,0,0,0,0,0,0,0,0,0,16,0,0,0,0,0,0,0,0,0,0,0,0,0,0,0,0,0,0,0,0,0,0,0,0,0,0,0,0,0,0,0,0,0,0,0,0,0,0,0,0,0,0,0,0,0,0,0,0,0,16,0,0,0,0,0,0,0,0,0,0
4976964,29,115559,18358,1155,1,0,17162,606,379,2710,18358,524,16,516,2429,505,806,194,360,2736,229,371,592,385,2660,232,394,595,398,2712,230,371,591,384,804,159,375,573,403,2698,228,370,590,384,2657,232,6371,765,486,2840,232,370,591,384,2655,231,745,612,399,2703,228,371,595,383,2661,231,740,646,385,2712,232,368,593,383,2659,229,385,598,396,2709,229,369,595,389,2659,228,1146,685,399,2726,230,368,591,384,2664,229,6317,769,380,2709,228,371,593,384,2652,231,390,0,0,0,0,0,0,0,0,0,0,0,0,0,0,0,0,0,0,0,0,0,0,0,0,0,0,0,0,0,0,0,0,0,0,0,0,0,0,0,0,0,0,0,0,0,0,0,0,0,0,0,0,0,0,0,0,0,0,0,0,0,0,0,0,0,0,0,0,0,0,0,0,0,0,0,0,0,0,0,0,0,0,0,0,0,0,0,0,0,0,0,0,0,0,0,0,0,0,0,0,0,0,0,0,0,0,0,0,0,0,0,0,0,0,0,0,0,0,0,0,0,0,0,0,0,0,0,0,0,0,0,0,0,0,0,0,0,0,0,0,0,0,0,0,0,0,0,0,0,0,0,0,0,0,0,0,0,0,0,0,0,0,0,0,0,0,0,0,0,0,0,0,0,0,0,0,0,0,0,0,0,0,0,0,0,0,0,0,0,0,0,0,0,0,0,0,0,0,0,0,0,0,0,0,0,0,0,0,0,0,0,0,0,0,0,0,0,0,0,0,0,0,0,0,0,0,0,0,0,0,0,0,0,0,0,0,0,0,0,16,0,0,0,0,0,0,0,0,0,0,0,0,0,0,0,0,0,0,0,0,0,0,0,0,0,0,0,0,0,0,0,0,0,0,0,0,0,0,0,0,0,0,0,0,0,0,0,0,0,16,0,0,0,0,0,0,0,0,0,0
4977964,30,115240,18367,1152,1,0,17165,601,378,2709,18367,526,16,518,2429,505,806,194,360,2735,228,370,592,385,2660,232,394,595,398,861,156,346,573,404,2643,230,399,607,409,2711,230,371,589,385,2656,232,6373,780,502,2832,232,370,591,390,2658,231,527,604,380,2710,229,370,591,384,2657,232,743,648,390,2652,232,368,594,383,2589,229,388,593,396,2650,228,370,594,384,2595,228,1147,686,399,2668,230,369,588,383,2596,228,6307,769,380,2650,228,371,589,383,2591,229,752,0,0,0,0,0,0,0,0,0,0,0,0,0,0,0,0,0,0,0,0,0,0,0,0,0,0,0,0,0,0,0,0,0,0,0,0,0,0,0,0,0,0,0,0,0,0,0,0,0,0,0,0,0,0,0,0,0,0,0,0,0,0,0,0,0,0,0,0,0,0,0,0,0,0,0,0,0,0,0,0,0,0,0,0,0,0,0,0,0,0,0,0,0,0,0,0,0,0,0,0,0,0,0,0,0,0,0,0,0,0,0,0,0,0,0,0,0,0,0,0,0,0,0,0,0,0,0,0,0,0,0,0,0,0,0,0,0,0,0,0,0,0,0,0,0,0,0,0,0,0,0,0,0,0,0,0,0,0,0,0,0,0,0,0,0,0,0,0,0,0,0,0,0,0,0,0,0,0,0,0,0,0,0,0,0,0,0,0,0,0,0,0,0,0,0,0,0,0,0,0,0,0,0,0,0,0,0,0,0,0,0,0,0,0,0,0,0,0,0,0,0,0,0,0,0,0,0,0,0,0,0,0,0,0,0,0,0,0,0,16,0,0,0,0,0,0,0,0,0,0,0,0,0,0,0,0,0,0,0,0,0,0,0,0,0,0,0,0,0,0,0,0,0,0,0,0,0,0,0,0,0,0,0,0,0,0,0,0,0,16,0,0,0,0,0,0,0,0,0,0
4978965,31,114317,18346,1143,1,0,17169,614,401,2648,18346,524,16,518,2365,501,808,196,361,889,159,355,566,399,2575,227,395,599,396,2644,230,371,593,383,2593,228,395,612,403,2653,227,370,592,383,2591,230,6372,763,498,2770,231,370,588,383,2592,229,384,603,380,2649,227,370,587,382,2657,230,744,649,390,2651,230,369,593,382,2592,230,383,594,396,2650,227,372,594,383,2653,229,1147,683,399,2666,228,370,589,384,2598,230,6308,769,380,2709,228,371,593,384,2591,230,528,0,0,0,0,0,0,0,0,0,0,0,0,0,0,0,0,0,0,0,0,0,0,0,0,0,0,0,0,0,0,0,0,0,0,0,0,0,0,0,0,0,0,0,0,0,0,0,0,0,0,0,0,0,0,0,0,0,0,0,0,0,0,0,0,0,0,0,0,0,0,0,0,0,0,0,0,0,0,0,0,0,0,0,0,0,0,0,0,0,0,0,0,0,0,0,0,0,0,0,0,0,0,0,0,0,0,0,0,0,0,0,0,0,0,0,0,0,0,0,0,0,0,0,0,0,0,0,0,0,0,0,0,0,0,0,0,0,0,0,0,0,0,0,0,0,0,0,0,0,0,0,0,0,0,0,0,0,0,0,0,0,0,0,0,0,0,0,0,0,0,0,0,0,0,0,0,0,0,0,0,0,0,0,0,0,0,0,0,0,0,0,0,0,0,0,0,0,0,0,0,0,0,0,0,0,0,0,0,0,0,0,0,0,0,0,0,0,0,0,0,0,0,0,0,0,0,0,0,0,0,0,0,0,0,0,0,0,0,0,16,0,0,0,0,0,0,0,0,0,0,0,0,0,0,0,0,0,0,0,0,0,0,0,0,0,0,0,0,0,0,0,0,0,0,0,0,0,0,0,0,0,0,0,0,0,0,0,0,0,16,0,0,0,0,0,0,0,0,0,0
4979964,32,133516,18334,1335,2,0,17149,607,379,2705,18334,523,16,518,553,385,780,187,367,2747,229,370,592,390,2655,231,394,595,398,2711,230,371,589,384,2589,230,393,610,406,2708,227,372,587,384,2656,230,6429,759,476,2783,230,371,591,383,2593,230,746,614,402,2702,228,371,594,384,2595,229,743,643,382,2716,232,371,6660,491,2765,232,388,596,396,2647,232,369,593,13269,2944,232,1344,703,408,2714,238,370,592,389,2784,224,6696,778,396,2657,229,370,641,400,812,157,371,0,0,0,0,0,0,0,0,0,0,0,0,0,0,0,0,0,0,0,0,0,0,0,0,0,0,0,0,0,0,0,0,0,0,0,0,0,0,0,0,0,0,0,0,0,0,0,0,0,0,0,0,0,0,0,0,0,0,0,0,0,0,0,0,8,8,8,8,8,8,8,8,8,8,8,8,0,0,0,0,0,0,0,0,0,0,0,0,0,0,0,0,0,0,0,0,0,0,0,0,0,0,0,0,0,0,0,0,0,0,0,0,0,0,0,0,0,0,0,0,0,0,0,0,0,0,0,0,0,0,0,0,0,0,0,0,0,0,0,0,0,0,0,0,0,0,0,0,0,0,0,0,0,0,0,0,0,0,0,0,0,0,0,0,0,8,0,0,0,0,0,0,0,0,0,0,8,0,0,0,0,0,0,0,0,0,0,0,0,0,0,0,0,0,0,0,0,0,0,0,0,0,0,0,0,0,0,0,0,0,0,0,0,0,0,0,0,0,0,0,0,0,0,0,0,0,0,0,0,0,0,0,0,0,0,0,0,0,0,16,0,0,0,0,0,0,0,0,0,0,0,0,0,0,0,0,0,0,0,0,0,0,0,0,0,16,0,0,0,0,0,0,0,0,0,0,13,0,0,0,0,0,0,0,0,0,0,0,0,13,0,0,0,0,0,0,0,0,0,0
4980964,33,211991,58107,2119,2,0,17138,552,407,2681,18363,526,15,517,2426,505,806,194,360,2735,228,370,592,385,2660,232,394,595,398,2711,229,372,7052,490,2779,234,396,612,403,2710,232,58107,956,80,4238,728,5969,577,604,3005,871,722,341,495,2981,236,625,742,556,2777,248,458,720,6633,2952,268,1102,696,667,3131,349,515,930,575,1129,317,611,960,561,2983,6535,620,987,627,3002,337,1429,983,582,3101,432,550,798,555,2880,342,6382,940,559,9137,330,507,973,599,2933,338,957,0,0,0,0,0,0,0,0,0,0,0,0,0,0,0,0,0,0,0,0,0,0,0,0,8,8,8,8,8,8,8,8,8,8,0,0,0,0,0,0,0,0,0,0,1,1,1,1,1,1,1,1,1,1,1,1,0,0,0,0,0,0,0,0,1,1,1,1,1,1,1,1,1,0,0,0,0,0,0,0,0,1,1,1,1,1,1,1,1,1,1,1,0,0,0,0,0,0,0,0,0,0,0,0,0,0,0,0,0,0,0,0,0,0,0,0,0,0,0,0,0,0,0,0,0,8,0,0,0,0,0,0,0,0,8,0,0,0,0,0,0,0,0,0,0,1,0,0,0,0,0,0,0,0,0,0,1,0,0,0,0,0,0,0,0,1,0,0,0,0,0,0,0,1,0,0,0,0,0,0,0,0,1,0,0,0,0,0,0,0,0,0,1,0,0,0,0,0,0,0,0,0,0,0,0,0,0,0,0,0,0,0,0,0,0,0,0,0,0,0,0,0,0,0,0,13,0,0,0,0,0,0,0,0,20,0,0,0,0,20,0,0,0,0,0,0,0,0,0,0,0,0,0,0,0,0,20,0,0,0,0,0,0,0,0,0,0,0,0,0,0,0,0,20,0,0,0,0,0,0,0,0,0,0,0,0,0,0,0,20,0,0,20,0,0,0,0,0,0,0
4982005,34,152308,18688,1523,2,0,17174,923,546,2935,18688,611,94,843,2610,619,1023,371,539,2990,331,516,844,6753,3023,332,750,943,563,2919,351,510,796,560,2938,338,537,959,688,3052,334,511,839,633,2966,381,6258,953,11363,3157,550,567,809,561,2945,339,530,792,842,3118,331,512,798,549,2905,345,997,880,885,1589,387,514,829,516,2874,342,546,814,561,3015,336,509,786,549,2850,340,1341,890,595,3095,332,507,781,552,2908,348,5812,931,538,3075,331,514,782,544,2909,348,673,0,0,0,1,1,1,1,1,1,1,1,1,1,1,1,1,0,0,0,0,0,0,0,0,0,0,0,0,0,16,16,16,16,16,16,16,16,16,16,16,16,0,0,0,0,0,0,0,0,0,0,0,0,0,0,0,0,0,0,0,0,0,0,0,0,0,0,0,0,0,0,0,0,0,0,0,0,0,0,0,0,0,0,0,0,0,0,0,0,0,0,0,0,0,0,0,0,0,0,0,0,0,0,0,0,0,1,0,0,0,0,0,0,0,0,0,1,0,0,0,0,0,0,0,0,0,0,0,0,0,16,0,0,0,0,0,0,0,0,0,0,16,0,0,0,0,0,0,0,0,0,0,0,0,0,0,0,0,0,0,0,0,0,0,0,0,0,0,0,0,0,0,0,0,0,0,0,0,0,0,0,0,0,0,0,0,0,0,0,0,0,0,0,0,0,0,0,0,0,0,0,0,0,0,0,0,0,0,0,0,0,0,0,0,0,0,20,0,0,0,0,0,0,0,0,0,0,0,0,0,0,0,0,0,0,0,0,0,0,20,0,20,0,0,0,0,0,0,0,0,0,0,0,0,0,0,0,0,0,0,0,0,0,0,0,0,0,0,0,0,0,0,0,0,0,0,0,0,0,0,0,0,0,0,0,0,0,0,0,20,0,0,0,0,0,0,0,0,0,0
4983005,35,133379,18524,1333,1,0,17252,809,553,3082,18524,611,102,707,2652,616,1015,323,510,3077,327,511,777,544,2917,346,537,800,563,2979,376,527,841,522,2961,337,542,812,624,3002,366,524,903,611,3034,334,5819,938,548,2991,376,534,840,535,2954,341,939,829,541,3251,348,562,849,547,1044,305,951,866,539,2969,331,564,848,561,2884,340,543,808,558,2963,336,561,839,555,2947,338,1336,893,598,3001,330,566,837,558,2944,340,5801,930,539,2977,331,580,876,555,2921,334,542,0,0,0,0,0,0,0,0,0,0,0,0,0,0,0,0,0,0,0,0,0,0,0,0,0,0,0,0,0,0,0,0,0,0,0,0,0,0,0,0,0,0,0,0,0,0,0,0,0,0,0,0,0,0,0,0,0,0,0,0,0,0,0,0,0,0,0,0,0,0,0,0,0,0,0,0,0,0,0,0,0,0,0,0,0,0,0,0,0,0,0,0,0,0,0,0,0,0,0,0,0,0,0,0,0,0,0,0,0,0,0,0,0,0,0,0,0,0,0,0,0,0,0,0,0,0,0,0,0,0,0,0,0,0,0,0,0,0,0,0,0,0,0,0,0,0,0,0,0,0,0,0,0,0,0,0,0,0,0,0,0,0,0,0,0,0,0,0,0,0,0,0,0,0,0,0,0,0,0,0,0,0,0,0,0,0,0,0,0,0,0,0,0,0,0,0,0,0,0,0,0,0,0,0,0,0,0,0,0,0,0,0,0,0,0,0,0,0,0,0,0,0,0,0,0,0,0,0,0,0,0,0,0,0,0,0,0,0,0,20,0,0,0,0,0,0,0,0,0,0,0,0,0,0,0,0,0,0,0,0,0,0,0,0,0,0,0,0,0,0,0,0,0,0,0,0,0,0,0,0,0,0,0,0,0,0,0,0,0,20,0,0,0,0,0,0,0,0,0,0
4984004,36,133045,18590,1330,1,0,17140,806,543,2980,18590,609,99,703,2654,619,1013,325,509,2996,330,508,883,554,2945,339,536,806,559,2966,337,507,865,560,2947,339,534,812,621,3006,335,508,946,623,3013,332,5805,923,540,2974,334,506,783,639,1092,309,673,796,547,2969,327,508,791,648,2968,330,930,860,548,2970,331,508,782,640,2967,334,535,800,559,2960,334,506,785,638,2991,339,1348,900,597,3002,328,514,778,543,3022,337,5804,931,541,2979,331,508,793,547,3031,334,941,0,0,0,0,0,0,0,0,0,0,0,0,0,0,0,0,0,0,0,0,0,0,0,0,0,0,0,0,0,0,0,0,0,0,0,0,0,0,0,0,0,0,0,0,0,0,0,0,0,0,0,0,0,0,0,0,0,0,0,0,0,0,0,0,0,0,0,0,0,0,0,0,0,0,0,0,0,0,0,0,0,0,0,0,0,0,0,0,0,0,0,0,0,0,0,0,0,0,0,0,0,0,0,0,0,0,0,0,0,0,0,0,0,0,0,0,0,0,0,0,0,0,0,0,0,0,0,0,0,0,0,0,0,0,0,0,0,0,0,0,0,0,0,0,0,0,0,0,0,0,0,0,0,0,0,0,0,0,0,0,0,0,0,0,0,0,0,0,0,0,0,0,0,0,0,0,0,0,0,0,0,0,0,0,0,0,0,0,0,0,0,0,0,0,0,0,0,0,0,0,0,0,0,0,0,0,0,0,0,0,0,0,0,0,0,0,0,0,0,0,0,0,0,0,0,0,0,0,0,0,0,0,0,0,0,0,0,0,0,20,0,0,0,0,0,0,0,0,0,0,0,0,0,0,0,0,0,0,0,0,0,0,0,0,0,0,0,0,0,0,0,0,0,0,0,0,0,0,0,0,0,0,0,0,0,0,0,0,0,20,0,0,0,0,0,0,0,0,0,0
4985005,37,132645,18493,1326,1,0,17208,832,538,2968,18493,603,88,703,2697,618,994,310,506,3004,327,508,785,549,3019,336,536,795,557,2962,341,512,779,545,2965,335,539,810,620,3010,330,511,916,625,3023,376,5695,930,546,1098,296,502,770,560,2904,374,546,841,540,3009,333,510,791,554,2917,384,928,861,535,3520,381,646,841,529,2933,336,584,842,547,2990,329,512,790,553,2929,339,1407,913,580,3009,331,515,783,554,2911,339,5713,930,538,2984,326,504,785,555,2915,337,726,0,0,0,0,0,0,0,0,0,0,0,0,0,0,0,0,0,0,0,0,0,0,0,0,0,0,0,0,0,0,0,0,0,0,0,0,0,0,0,0,0,0,0,0,0,0,0,0,0,0,0,0,0,0,0,0,0,0,0,0,0,0,0,0,0,0,0,0,0,0,0,0,0,0,0,0,0,0,0,0,0,0,0,0,0,0,0,0,0,0,0,0,0,0,0,0,0,0,0,0,0,0,0,0,0,0,0,0,0,0,0,0,0,0,0,0,0,0,0,0,0,0,0,0,0,0,0,0,0,0,0,0,0,0,0,0,0,0,0,0,0,0,0,0,0,0,0,0,0,0,0,0,0,0,0,0,0,0,0,0,0,0,0,0,0,0,0,0,0,0,0,0,0,0,0,0,0,0,0,0,0,0,0,0,0,0,0,0,0,0,0,0,0,0,0,0,0,0,0,0,0,0,0,0,0,0,0,0,0,0,0,0,0,0,0,0,0,0,0,0,0,0,0,0,0,0,0,0,0,0,0,0,0,0,0,0,0,0,0,20,0,0,0,0,0,0,0,0,0,0,0,0,0,0,0,0,0,0,0,0,0,0,0,0,0,0,0,0,0,0,0,0,0,0,0,0,0,0,0,0,0,0,0,0,0,0,0,0,0,20,0,0,0,0,0,0,0,0,0,0
4986005,38,134283,18603,1342,1,0,17108,862,555,2972,18603,609,102,710,2664,616,1128,351,507,3021,331,506,790,549,2900,340,538,900,549,2975,331,514,788,554,2913,337,533,878,673,1191,285,497,908,624,3063,368,6010,958,539,2995,333,516,784,556,2914,339,925,1016,556,3001,332,506,789,556,2915,338,926,854,651,3004,334,510,787,553,2917,339,533,818,642,3019,326,512,786,549,2923,337,1338,922,644,3024,372,519,901,547,3027,335,6152,921,669,3045,368,600,815,533,2952,333,533,0,0,0,0,0,0,0,0,0,0,0,0,0,0,0,0,0,0,0,0,0,0,0,0,0,0,0,0,0,0,0,0,0,0,0,0,0,0,0,0,0,0,0,0,0,0,0,0,0,0,0,0,0,0,0,0,0,0,0,0,0,0,0,0,0,0,0,0,0,0,0,0,0,0,0,0,0,0,0,0,0,0,0,0,0,0,0,0,0,0,0,0,0,0,0,0,0,0,0,0,0,0,0,0,0,0,0,0,0,0,0,0,0,0,0,0,0,0,0,0,0,0,0,0,0,0,0,0,0,0,0,0,0,0,0,0,0,0,0,0,0,0,0,0,0,0,0,0,0,0,0,0,0,0,0,0,0,0,0,0,0,0,0,0,0,0,0,0,0,0,0,0,0,0,0,0,0,0,0,0,0,0,0,0,0,0,0,0,0,0,0,0,0,0,0,0,0,0,0,0,0,0,0,0,0,0,0,0,0,0,0,0,0,0,0,0,0,0,0,0,0,0,0,0,0,0,0,0,0,0,0,0,0,0,0,0,0,0,0,20,0,0,0,0,0,0,0,0,0,0,0,0,0,0,0,0,0,0,0,0,0,0,0,0,0,0,0,0,0,0,0,0,0,0,0,0,0,0,0,0,0,0,0,0,0,0,0,0,0,20,0,0,0,0,0,0,0,0,0,0
4987005,39,133162,18544,1331,1,0,17214,802,648,3108,18544,609,101,711,2661,617,1018,331,519,3101,331,514,783,555,2911,336,534,807,556,3067,340,509,880,561,1035,312,527,792,632,3103,372,522,930,552,3051,375,5522,657,657,2828,628,683,291,610,2959,337,665,805,559,2959,362,603,823,545,2937,338,925,847,546,2971,366,524,916,638,2966,330,533,806,550,2954,365,519,845,525,2944,335,1350,922,605,3050,326,557,838,561,2991,335,5831,936,536,2983,326,559,852,553,2940,344,937,0,0,0,0,0,0,0,0,0,0,0,0,0,0,0,0,0,0,0,0,0,0,0,0,0,0,0,0,0,0,0,0,0,0,0,0,0,0,0,0,0,0,0,0,0,0,0,0,0,0,0,0,0,0,0,0,0,0,0,0,0,0,0,0,0,0,0,0,0,0,0,0,0,0,0,0,0,0,0,0,0,0,0,0,0,0,0,0,0,0,0,0,0,0,0,0,0,0,0,0,0,0,0,0,0,0,0,0,0,0,0,0,0,0,0,0,0,0,0,0,0,0,0,0,0,0,0,0,0,0,0,0,0,0,0,0,0,0,0,0,0,0,0,0,0,0,0,0,0,0,0,0,0,0,0,0,0,0,0,0,0,0,0,0,0,0,0,0,0,0,0,0,0,0,0,0,0,0,0,0,0,0,0,0,0,0,0,0,0,0,0,0,0,0,0,0,0,0,0,0,0,0,0,0,0,0,0,0,0,0,0,0,0,0,0,0,0,0,0,0,0,0,0,0,0,0,0,0,0,0,0,0,0,0,0,0,0,0,0,20,0,0,0,0,0,0,0,0,0,0,0,0,0,0,0,0,0,0,0,0,0,0,0,0,0,0,0,0,0,0,0,0,0,0,0,0,0,0,0,0,0,0,0,0,0,0,0,0,0,20,0,0,0,0,0,0,0,0,0,0
4988005,40,134428,18599,1344,1,0,17170,827,547,2978,18599,608,99,698,2697,619,990,328,593,3022,329,566,919,553,1034,310,611,806,551,3141,340,504,880,564,3047,328,534,806,660,3023,330,512,929,566,2954,411,5935,910,638,2587,825,276,592,705,2653,612,709,305,505,2989,330,506,879,563,2930,338,923,849,555,2969,332,511,950,617,2972,334,530,804,643,3017,328,515,784,638,2992,333,1336,882,615,2992,325,512,787,644,3075,330,6715,936,574,3078,333,514,880,642,2979,336,747,0,0,0,0,0,0,0,0,0,0,0,0,0,0,0,0,0,0,0,0,0,0,0,0,0,0,0,0,0,0,0,0,0,0,0,0,0,0,0,0,0,0,0,0,0,0,0,0,0,0,0,0,0,0,0,0,0,0,0,0,0,0,0,0,0,0,0,0,0,0,0,0,0,0,0,0,0,0,0,0,0,0,0,0,0,0,0,0,0,0,0,0,0,0,0,0,0,0,0,0,0,0,0,0,0,0,0,0,0,0,0,0,0,0,0,0,0,0,0,0,0,0,0,0,0,0,0,0,0,0,0,0,0,0,0,0,0,0,0,0,0,0,0,0,0,0,0,0,0,0,0,0,0,0,0,0,0,0,0,0,0,0,0,0,0,0,0,0,0,0,0,0,0,0,0,0,0,0,0,0,0,0,0,0,0,0,0,0,0,0,0,0,0,0,0,0,0,0,0,0,0,0,0,0,0,0,0,0,0,0,0,0,0,0,0,0,0,0,0,0,0,0,0,0,0,0,0,0,0,0,0,0,0,0,0,0,0,0,0,20,0,0,0,0,0,0,0,0,0,0,0,0,0,0,0,0,0,0,0,0,0,0,0,0,0,0,0,0,0,0,0,0,0,0,0,0,0,0,0,0,0,0,0,0,0,0,0,0,0,20,0,0,0,0,0,0,0,0,0,0
4989005,41,136018,18358,1360,1,0,17231,845,557,2983,18358,603,93,797,2709,622,1006,333,510,1126,308,505,886,556,3027,335,532,797,555,2962,359,517,832,524,3023,340,541,839,662,3053,331,509,1001,544,3061,376,6826,917,621,3062,362,518,823,521,3011,344,933,827,672,3070,334,509,785,548,3050,335,997,876,551,2968,330,510,790,555,3007,370,555,829,542,3084,343,507,783,551,3031,375,1409,899,592,3015,331,506,790,553,3013,371,6705,923,538,3113,333,512,788,557,2910,336,685,0,0,0,0,0,0,0,0,0,0,0,0,0,0,0,0,0,0,0,0,0,0,0,0,0,0,0,0,0,0,0,0,0,0,0,0,0,0,0,0,0,0,0,0,0,0,0,0,0,0,0,0,0,0,0,0,0,0,0,0,0,0,0,0,0,0,0,0,0,0,0,0,0,0,0,0,0,0,0,0,0,0,0,0,0,0,0,0,0,0,0,0,0,0,0,0,0,0,0,0,0,0,0,0,0,0,0,0,0,0,0,0,0,0,0,0,0,0,0,0,0,0,0,0,0,0,0,0,0,0,0,0,0,0,0,0,0,0,0,0,0,0,0,0,0,0,0,0,0,0,0,0,0,0,0,0,0,0,0,0,0,0,0,0,0,0,0,0,0,0,0,0,0,0,0,0,0,0,0,0,0,0,0,0,0,0,0,0,0,0,0,0,0,0,0,0,0,0,0,0,0,0,0,0,0,0,0,0,0,0,0,0,0,0,0,0,0,0,0,0,0,0,0,0,0,0,0,0,0,0,0,0,0,0,0,0,0,0,0,20,0,0,0,0,0,0,0,0,0,0,0,0,0,0,0,0,0,0,0,0,0,0,0,0,0,0,0,0,0,0,0,0,0,0,0,0,0,0,0,0,0,0,0,0,0,0,0,0,0,20,0,0,0,0,0,0,0,0,0,0
4990005,42,134484,18498,1344,1,0,16975,829,543,1101,18498,606,99,710,2649,612,1099,330,516,3109,330,513,778,639,2964,336,589,983,541,2991,336,586,813,550,2910,337,593,867,673,3143,339,514,832,562,2987,375,7055,920,614,3053,336,512,792,547,2922,341,668,888,557,2997,326,512,784,642,2963,335,925,1069,610,3003,335,587,828,544,2972,333,543,884,551,2986,331,508,791,551,2914,338,1350,884,640,3025,333,514,784,540,2909,343,6699,939,642,3141,327,514,792,635,1080,313,931,0,0,0,0,0,0,0,0,0,0,0,0,0,0,0,0,0,0,0,0,0,0,0,0,0,0,0,0,0,0,0,0,0,0,0,0,0,0,0,0,0,0,0,0,0,0,0,0,0,0,0,0,0,0,0,0,0,0,0,0,0,0,0,0,0,0,0,0,0,0,0,0,0,0,0,0,0,0,0,0,0,0,0,0,0,0,0,0,0,0,0,0,0,0,0,0,0,0,0,0,0,0,0,0,0,0,0,0,0,0,0,0,0,0,0,0,0,0,0,0,0,0,0,0,0,0,0,0,0,0,0,0,0,0,0,0,0,0,0,0,0,0,0,0,0,0,0,0,0,0,0,0,0,0,0,0,0,0,0,0,0,0,0,0,0,0,0,0,0,0,0,0,0,0,0,0,0,0,0,0,0,0,0,0,0,0,0,0,0,0,0,0,0,0,0,0,0,0,0,0,0,0,0,0,0,0,0,0,0,0,0,0,0,0,0,0,0,0,0,0,0,0,0,0,0,0,0,0,0,0,0,0,0,0,0,0,0,0,0,20,0,0,0,0,0,0,0,0,0,0,0,0,0,0,0,0,0,0,0,0,0,0,0,0,0,0,0,0,0,0,0,0,0,0,0,0,0,0,0,0,0,0,0,0,0,0,0,0,0,20,0,0,0,0,0,0,0,0,0,0
4991005,43,136229,18617,1362,1,0,17145,811,654,3023,18617,605,86,698,2655,619,1015,321,588,3055,333,513,787,551,2921,343,536,809,600,3090,344,511,883,591,2958,337,535,909,610,3265,366,501,858,548,3081,374,6824,922,647,3114,336,506,887,557,2926,349,534,798,557,3088,337,509,785,545,2907,346,920,860,645,3113,333,512,807,630,2952,335,540,802,601,3154,332,587,819,548,2909,340,1337,881,608,3004,368,526,840,531,3233,335,6708,923,540,1099,359,520,817,533,2935,343,675,0,0,0,0,0,0,0,0,0,0,0,0,0,0,0,0,0,0,0,0,0,0,0,0,0,0,0,0,0,0,0,0,0,0,0,0,0,0,0,0,0,0,0,0,0,0,0,0,0,0,0,0,0,0,0,0,0,0,0,0,0,0,0,0,0,0,0,0,0,0,0,0,0,0,0,0,0,0,0,0,0,0,0,0,0,0,0,0,0,0,0,0,0,0,0,0,0,0,0,0,0,0,0,0,0,0,0,0,0,0,0,0,0,0,0,0,0,0,0,0,0,0,0,0,0,0,0,0,0,0,0,0,0,0,0,0,0,0,0,0,0,0,0,0,0,0,0,0,0,0,0,0,0,0,0,0,0,0,0,0,0,0,0,0,0,0,0,0,0,0,0,0,0,0,0,0,0,0,0,0,0,0,0,0,0,0,0,0,0,0,0,0,0,0,0,0,0,0,0,0,0,0,0,0,0,0,0,0,0,0,0,0,0,0,0,0,0,0,0,0,0,0,0,0,0,0,0,0,0,0,0,0,0,0,0,0,0,0,0,20,0,0,0,0,0,0,0,0,0,0,0,0,0,0,0,0,0,0,0,0,0,0,0,0,0,0,0,0,0,0,0,0,0,0,0,0,0,0,0,0,0,0,0,0,0,0,0,0,0,20,0,0,0,0,0,0,0,0,0,0
4992005,44,134861,18545,1348,1,0,17236,810,552,2969,18545,613,87,712,2659,616,1000,332,513,3003,326,564,849,553,2929,338,542,803,559,2957,335,559,830,561,2929,337,538,815,610,3009,330,561,887,557,2930,360,6772,915,628,3072,334,560,838,562,2934,336,939,826,549,2966,331,511,873,559,2930,338,927,847,548,2967,332,510,875,567,2925,337,541,804,563,2961,332,509,876,564,2937,346,1336,893,595,1133,296,505,881,546,2919,336,6689,934,536,2987,328,513,788,637,2987,333,669,0,0,0,0,0,0,0,0,0,0,0,0,0,0,0,0,0,0,0,0,0,0,0,0,0,0,0,0,0,0,0,0,0,0,0,0,0,0,0,0,0,0,0,0,0,0,0,0,0,0,0,0,0,0,0,0,0,0,0,0,0,0,0,0,0,0,0,0,0,0,0,0,0,0,0,0,0,0,0,0,0,0,0,0,0,0,0,0,0,0,0,0,0,0,0,0,0,0,0,0,0,0,0,0,0,0,0,0,0,0,0,0,0,0,0,0,0,0,0,0,0,0,0,0,0,0,0,0,0,0,0,0,0,0,0,0,0,0,0,0,0,0,0,0,0,0,0,0,0,0,0,0,0,0,0,0,0,0,0,0,0,0,0,0,0,0,0,0,0,0,0,0,0,0,0,0,0,0,0,0,0,0,0,0,0,0,0,0,0,0,0,0,0,0,0,0,0,0,0,0,0,0,0,0,0,0,0,0,0,0,0,0,0,0,0,0,0,0,0,0,0,0,0,0,0,0,0,0,0,0,0,0,0,0,0,0,0,0,0,20,0,0,0,0,0,0,0,0,0,0,0,0,0,0,0,0,0,0,0,0,0,0,0,0,0,0,0,0,0,0,0,0,0,0,0,0,0,0,0,0,0,0,0,0,0,0,0,0,0,20,0,0,0,0,0,0,0,0,0,0
4993005,45,134764,18493,1347,1,0,17157,807,555,2964,18493,603,88,775,2666,618,996,331,509,2991,325,504,775,634,2981,335,532,801,555,2969,335,509,784,642,2986,333,536,811,636,3014,333,507,841,569,3023,372,6759,969,623,3067,374,512,809,534,3024,336,940,827,549,2969,336,508,783,551,3023,333,920,854,550,3043,331,545,810,564,3026,334,538,805,560,2969,335,508,783,543,1098,317,1354,879,593,2993,331,510,783,548,2923,383,6690,923,542,2979,327,510,794,552,2926,376,551,0,0,0,0,0,0,0,0,0,0,0,0,0,0,0,0,0,0,0,0,0,0,0,0,0,0,0,0,0,0,0,0,0,0,0,0,0,0,0,0,0,0,0,0,0,0,0,0,0,0,0,0,0,0,0,0,0,0,0,0,0,0,0,0,0,0,0,0,0,0,0,0,0,0,0,0,0,0,0,0,0,0,0,0,0,0,0,0,0,0,0,0,0,0,0,0,0,0,0,0,0,0,0,0,0,0,0,0,0,0,0,0,0,0,0,0,0,0,0,0,0,0,0,0,0,0,0,0,0,0,0,0,0,0,0,0,0,0,0,0,0,0,0,0,0,0,0,0,0,0,0,0,0,0,0,0,0,0,0,0,0,0,0,0,0,0,0,0,0,0,0,0,0,0,0,0,0,0,0,0,0,0,0,0,0,0,0,0,0,0,0,0,0,0,0,0,0,0,0,0,0,0,0,0,0,0,0,0,0,0,0,0,0,0,0,0,0,0,0,0,0,0,0,0,0,0,0,0,0,0,0,0,0,0,0,0,0,0,0,20,0,0,0,0,0,0,0,0,0,0,0,0,0,0,0,0,0,0,0,0,0,0,0,0,0,0,0,0,0,0,0,0,0,0,0,0,0,0,0,0,0,0,0,0,0,0,0,0,0,20,0,0,0,0,0,0,0,0,0,0
4994005,46,134510,18544,1345,1,0,17093,832,538,3008,18544,601,101,704,2654,664,1003,345,516,3005,323,512,793,549,2918,336,586,856,552,2990,338,508,783,549,2920,339,596,857,639,3006,322,512,851,562,2931,348,6743,916,539,2974,332,510,784,548,2922,337,733,858,560,2989,331,510,787,549,2928,336,984,876,546,2980,331,511,792,560,1032,318,528,936,538,2968,329,511,793,553,2929,337,1336,976,589,3001,331,510,784,549,2930,344,6682,969,550,2998,332,590,891,100,2928,831,760,0,0,0,0,0,0,0,0,0,0,0,0,0,0,0,0,0,0,0,0,0,0,0,0,0,0,0,0,0,0,0,0,0,0,0,0,0,0,0,0,0,0,0,0,0,0,0,0,0,0,0,0,0,0,0,0,0,0,0,0,0,0,0,0,0,0,0,0,0,0,0,0,0,0,0,0,0,0,0,0,0,0,0,0,0,0,0,0,0,0,0,0,0,0,0,0,0,0,0,0,0,0,0,0,0,0,0,0,0,0,0,0,0,0,0,0,0,0,0,0,0,0,0,0,0,0,0,0,0,0,0,0,0,0,0,0,0,0,0,0,0,0,0,0,0,0,0,0,0,0,0,0,0,0,0,0,0,0,0,0,0,0,0,0,0,0,0,0,0,0,0,0,0,0,0,0,0,0,0,0,0,0,0,0,0,0,0,0,0,0,0,0,0,0,0,0,0,0,0,0,0,0,0,0,0,0,0,0,0,0,0,0,0,0,0,0,0,0,0,0,0,0,0,0,0,0,0,0,0,0,0,0,0,0,0,0,0,0,0,20,0,0,0,0,0,0,0,0,0,0,0,0,0,0,0,0,0,0,0,0,0,0,0,0,0,0,0,0,0,0,0,0,0,0,0,0,0,0,0,0,0,0,0,0,0,0,0,0,0,20,0,0,0,0,0,0,0,0,0,0
4995005,47,134530,18743,1345,1,0,17164,634,669,2705,18743,831,293,513,2946,336,921,850,649,3007,331,513,792,559,2905,338,534,813,640,3027,337,506,785,539,2911,339,531,814,654,3051,330,515,840,561,2929,336,6394,933,632,3178,347,503,789,553,2912,338,528,805,551,3070,329,508,780,549,2915,336,914,860,548,1223,314,504,794,551,2931,332,532,804,552,3072,327,511,788,551,2909,339,1340,877,611,3097,333,513,776,550,2911,335,6371,935,544,3039,328,581,867,602,3050,359,678,0,0,0,0,0,0,0,0,0,0,0,0,0,0,0,0,0,0,0,0,0,0,0,0,0,0,0,0,0,0,0,0,0,0,0,0,0,0,0,0,0,0,0,0,0,0,0,0,0,0,0,0,0,0,0,0,0,0,0,0,0,0,0,0,0,0,0,0,0,0,0,0,0,0,0,0,0,0,0,0,0,0,0,0,0,0,0,0,0,0,0,0,0,0,0,0,0,0,0,0,0,0,0,0,0,0,0,0,0,0,0,0,0,0,0,0,0,0,0,0,0,0,0,0,0,0,0,0,0,0,0,0,0,0,0,0,0,0,0,0,0,0,0,0,0,0,0,0,0,0,0,0,0,0,0,0,0,0,0,0,0,0,0,0,0,0,0,0,0,0,0,0,0,0,0,0,0,0,0,0,0,0,0,0,0,0,0,0,0,0,0,0,0,0,0,0,0,0,0,0,0,0,0,0,0,0,0,0,0,0,0,0,0,0,0,0,0,0,0,0,0,0,0,0,0,0,0,0,0,0,0,0,0,0,0,0,0,0,0,20,0,0,0,0,0,0,0,0,0,0,0,0,0,0,0,0,0,0,0,0,0,0,0,0,0,0,0,0,0,0,0,0,0,0,0,0,0,0,0,0,0,0,0,0,0,0,0,0,0,20,0,0,0,0,0,0,0,0,0,0
4996005,48,134688,18540,1346,1,0,17098,819,534,2999,18540,608,100,713,2649,612,1007,328,508,2984,364,531,836,532,2945,331,537,799,554,2963,374,513,847,526,2961,335,536,813,639,3018,333,555,891,557,2925,338,6642,927,544,2973,332,554,842,621,2975,333,943,822,608,1138,305,570,816,557,2922,335,912,857,552,2974,330,564,846,559,2944,348,538,806,563,2963,331,631,870,560,2948,337,1338,879,613,2998,325,510,875,559,2934,338,6626,936,543,2982,326,504,890,560,2935,332,539,0,0,0,0,0,0,0,0,0,0,0,0,0,0,0,0,0,0,0,0,0,0,0,0,0,0,0,0,0,0,0,0,0,0,0,0,0,0,0,0,0,0,0,0,0,0,0,0,0,0,0,0,0,0,0,0,0,0,0,0,0,0,0,0,0,0,0,0,0,0,0,0,0,0,0,0,0,0,0,0,0,0,0,0,0,0,0,0,0,0,0,0,0,0,0,0,0,0,0,0,0,0,0,0,0,0,0,0,0,0,0,0,0,0,0,0,0,0,0,0,0,0,0,0,0,0,0,0,0,0,0,0,0,0,0,0,0,0,0,0,0,0,0,0,0,0,0,0,0,0,0,0,0,0,0,0,0,0,0,0,0,0,0,0,0,0,0,0,0,0,0,0,0,0,0,0,0,0,0,0,0,0,0,0,0,0,0,0,0,0,0,0,0,0,0,0,0,0,0,0,0,0,0,0,0,0,0,0,0,0,0,0,0,0,0,0,0,0,0,0,0,0,0,0,0,0,0,0,0,0,0,0,0,0,0,0,0,0,0,20,0,0,0,0,0,0,0,0,0,0,0,0,0,0,0,0,0,0,0,0,0,0,0,0,0,0,0,0,0,0,0,0,0,0,0,0,0,0,0,0,0,0,0,0,0,0,0,0,0,20,0,0,0,0,0,0,0,0,0,0
4997004,49,134788,18654,1347,1,0,17148,804,613,3067,18654,605,129,778,2653,615,994,325,510,3004,332,506,847,566,2916,338,535,803,553,2957,333,510,783,632,2966,330,535,807,628,3016,334,506,844,650,2968,336,6642,936,531,2981,329,507,782,650,1089,307,679,798,539,2958,327,512,786,640,2983,333,921,865,552,2967,334,512,788,557,3024,334,542,804,562,2956,333,511,781,550,3030,336,1348,920,597,2986,322,512,787,551,3017,328,6632,934,533,2979,327,603,133,839,2768,646,1176,0,0,0,0,0,0,0,0,0,0,0,0,0,0,0,0,0,0,0,0,0,0,0,0,0,0,0,0,0,0,0,0,0,0,0,0,0,0,0,0,0,0,0,0,0,0,0,0,0,0,0,0,0,0,0,0,0,0,0,0,0,0,0,0,0,0,0,0,0,0,0,0,0,0,0,0,0,0,0,0,0,0,0,0,0,0,0,0,0,0,0,0,0,0,0,0,0,0,0,0,0,0,0,0,0,0,0,0,0,0,0,0,0,0,0,0,0,0,0,0,0,0,0,0,0,0,0,0,0,0,0,0,0,0,0,0,0,0,0,0,0,0,0,0,0,0,0,0,0,0,0,0,0,0,0,0,0,0,0,0,0,0,0,0,0,0,0,0,0,0,0,0,0,0,0,0,0,0,0,0,0,0,0,0,0,0,0,0,0,0,0,0,0,0,0,0,0,0,0,0,0,0,0,0,0,0,0,0,0,0,0,0,0,0,0,0,0,0,0,0,0,0,0,0,0,0,0,0,0,0,0,0,0,0,0,0,0,0,0,20,0,0,0,0,0,0,0,0,0,0,0,0,0,0,0,0,0,0,0,0,0,0,0,0,0,0,0,0,0,0,0,0,0,0,0,0,0,0,0,0,0,0,0,0,0,0,0,0,0,20,0,0,0,0,0,0,0,0,0,0
4998005,50,135049,18596,1350,1,0,17286,346,503,3019,18596,609,101,712,2698,617,1059,329,511,2989,328,514,779,550,2911,381,838,906,555,2980,336,508,784,549,2931,380,567,833,618,3022,330,514,845,561,1037,358,6708,932,542,2981,335,511,792,545,2914,339,588,858,565,2971,331,510,793,553,2922,338,1320,899,547,2959,337,509,788,552,2931,337,795,912,550,2958,331,510,784,549,2925,336,1408,1037,561,2993,334,515,783,554,2916,337,6761,923,546,2993,333,508,814,682,3065,365,760,0,0,0,0,0,0,0,0,0,0,0,0,0,0,0,0,0,0,0,0,0,0,0,0,0,0,0,0,0,0,0,0,0,0,0,0,0,0,0,0,0,0,0,0,0,0,0,0,0,0,0,0,0,0,0,0,0,0,0,0,0,0,0,0,0,0,0,0,0,0,0,0,0,0,0,0,0,0,0,0,0,0,0,0,0,0,0,0,0,0,0,0,0,0,0,0,0,0,0,0,0,0,0,0,0,0,0,0,0,0,0,0,0,0,0,0,0,0,0,0,0,0,0,0,0,0,0,0,0,0,0,0,0,0,0,0,0,0,0,0,0,0,0,0,0,0,0,0,0,0,0,0,0,0,0,0,0,0,0,0,0,0,0,0,0,0,0,0,0,0,0,0,0,0,0,0,0,0,0,0,0,0,0,0,0,0,0,0,0,0,0,0,0,0,0,0,0,0,0,0,0,0,0,0,0,0,0,0,0,0,0,0,0,0,0,0,0,0,0,0,0,0,0,0,0,0,0,0,0,0,0,0,0,0,0,0,0,0,0,20,0,0,0,0,0,0,0,0,0,0,0,0,0,0,0,0,0,0,0,0,0,0,0,0,0,0,0,0,0,0,0,0,0,0,0,0,0,0,0,0,0,0,0,0,0,0,0,0,0,20,0,0,0,0,0,0,0,0,0,0
4999005,51,135674,18549,1356,1,0,17219,909,625,3016,18549,610,102,706,2665,616,1058,374,535,3025,333,513,782,551,2907,339,800,927,554,2970,333,510,785,550,2924,338,551,1001,619,1164,288,504,855,593,2969,338,6800,930,663,3041,331,515,784,552,2912,337,925,821,636,3029,330,512,784,547,2922,337,969,851,654,2998,334,510,790,553,2920,338,727,881,651,3041,330,516,782,553,2906,339,1342,880,611,3088,332,513,783,549,2918,337,6782,940,542,3072,330,513,889,125,2935,169,885,0,0,0,0,0,0,0,0,0,0,0,0,0,0,0,0,0,0,0,0,0,0,0,0,0,0,0,0,0,0,0,0,0,0,0,0,0,0,0,0,0,0,0,0,0,0,0,0,0,0,0,0,0,0,0,0,0,0,0,0,0,0,0,0,0,0,0,0,0,0,0,0,0,0,0,0,0,0,0,0,0,0,0,0,0,0,0,0,0,0,0,0,0,0,0,0,0,0,0,0,0,0,0,0,0,0,0,0,0,0,0,0,0,0,0,0,0,0,0,0,0,0,0,0,0,0,0,0,0,0,0,0,0,0,0,0,0,0,0,0,0,0,0,0,0,0,0,0,0,0,0,0,0,0,0,0,0,0,0,0,0,0,0,0,0,0,0,0,0,0,0,0,0,0,0,0,0,0,0,0,0,0,0,0,0,0,0,0,0,0,0,0,0,0,0,0,0,0,0,0,0,0,0,0,0,0,0,0,0,0,0,0,0,0,0,0,0,0,0,0,0,0,0,0,0,0,0,0,0,0,0,0,0,0,0,0,0,0,0,20,0,0,0,0,0,0,0,0,0,0,0,0,0,0,0,0,0,0,0,0,0,0,0,0,0,0,0,0,0,0,0,0,0,0,0,0,0,0,0,0,0,0,0,0,0,0,0,0,0,20,0,0,0,0,0,0,0,0,0,0
5000005,52,135582,18586,1355,1,0,17178,330,602,3095,18586,604,88,707,2652,611,1064,324,507,3121,345,503,783,550,2915,334,800,883,561,1091,358,526,812,535,2917,336,562,818,601,3007,361,534,893,540,2941,338,6781,929,540,2967,368,527,841,532,2944,332,676,806,547,2953,365,527,838,533,2939,333,987,851,550,2972,332,559,834,563,2936,338,728,869,567,2977,327,559,845,560,2936,336,1350,921,604,2989,325,563,827,556,2937,336,6776,931,538,2990,332,558,876,677,3076,367,1014,0,0,0,0,0,0,0,0,0,0,0,0,0,0,0,0,0,0,0,0,0,0,0,0,0,0,0,0,0,0,0,0,0,0,0,0,0,0,0,0,0,0,0,0,0,0,0,0,0,0,0,0,0,0,0,0,0,0,0,0,0,0,0,0,0,0,0,0,0,0,0,0,0,0,0,0,0,0,0,0,0,0,0,0,0,0,0,0,0,0,0,0,0,0,0,0,0,0,0,0,0,0,0,0,0,0,0,0,0,0,0,0,0,0,0,0,0,0,0,0,0,0,0,0,0,0,0,0,0,0,0,0,0,0,0,0,0,0,0,0,0,0,0,0,0,0,0,0,0,0,0,0,0,0,0,0,0,0,0,0,0,0,0,0,0,0,0,0,0,0,0,0,0,0,0,0,0,0,0,0,0,0,0,0,0,0,0,0,0,0,0,0,0,0,0,0,0,0,0,0,0,0,0,0,0,0,0,0,0,0,0,0,0,0,0,0,0,0,0,0,0,0,0,0,0,0,0,0,0,0,0,0,0,0,0,0,0,0,0,20,0,0,0,0,0,0,0,0,0,0,0,0,0,0,0,0,0,0,0,0,0,0,0,0,0,0,0,0,0,0,0,0,0,0,0,0,0,0,0,0,0,0,0,0,0,0,0,0,0,20,0,0,0,0,0,0,0,0,0,0
5001005,53,137391,18610,1373,1,0,17205,908,621,3022,18610,606,99,699,2664,616,1060,329,514,3007,329,539,901,559,1045,309,835,908,561,2968,333,512,1578,641,2994,335,555,805,624,3002,330,514,918,627,2966,336,6765,933,540,2988,336,506,783,755,2984,335,539,797,551,2957,336,509,789,643,2965,384,998,857,544,2960,336,509,780,917,3063,334,723,880,561,2966,332,510,790,640,3101,337,1347,904,597,2999,329,508,784,682,3118,345,6768,933,546,2986,333,508,894,621,3122,374,381,0,0,0,0,0,0,0,0,0,0,0,0,0,0,0,0,0,0,0,0,0,0,0,0,0,0,0,0,0,0,0,0,0,0,0,0,0,0,0,0,0,0,0,0,0,0,0,0,0,0,0,0,0,0,0,0,0,0,0,0,0,0,0,0,0,0,0,0,0,0,0,0,0,0,0,0,0,0,0,0,0,0,0,0,0,0,0,0,0,0,0,0,0,0,0,0,0,0,0,0,0,0,0,0,0,0,0,0,0,0,0,0,0,0,0,0,0,0,0,0,0,0,0,0,0,0,0,0,0,0,0,0,0,0,0,0,0,0,0,0,0,0,0,0,0,0,0,0,0,0,0,0,0,0,0,0,0,0,0,0,0,0,0,0,0,0,0,0,0,0,0,0,0,0,0,0,0,0,0,0,0,0,0,0,0,0,0,0,0,0,0,0,0,0,0,0,0,0,0,0,0,0,0,0,0,0,0,0,0,0,0,0,0,0,0,0,0,0,0,0,0,0,0,0,0,0,0,0,0,0,0,0,0,0,0,0,0,0,0,20,0,0,0,0,0,0,0,0,0,0,0,0,0,0,0,0,0,0,0,0,0,0,0,0,0,0,0,0,0,0,0,0,0,0,0,0,0,0,0,0,0,0,0,0,0,0,0,0,0,20,0,0,0,0,0,0,0,0,0,0
5002004,54,136896,18884,1368,1,0,17240,655,771,2700,18884,829,294,512,3027,335,964,860,557,1091,287,562,805,574,3050,324,807,877,557,2968,332,510,785,553,2990,356,545,801,611,3012,330,511,837,566,3060,360,6697,933,536,2983,330,514,780,553,2917,378,939,836,533,2985,333,510,787,552,2921,377,1108,877,554,2974,332,513,787,555,2916,380,871,893,563,2971,334,509,786,549,2929,337,1492,873,596,3007,336,510,781,549,2988,336,6769,914,543,2981,332,510,887,130,2930,836,1015,0,0,0,0,0,0,0,0,0,0,0,0,0,0,0,0,0,0,0,0,0,0,0,0,0,0,0,0,0,0,0,0,0,0,0,0,0,0,0,0,0,0,0,0,0,0,0,0,0,0,0,0,0,0,0,0,0,0,0,0,0,0,0,0,0,0,0,0,0,0,0,0,0,0,0,0,0,0,0,0,0,0,0,0,0,0,0,0,0,0,0,0,0,0,0,0,0,0,0,0,0,0,0,0,0,0,0,0,0,0,0,0,0,0,0,0,0,0,0,0,0,0,0,0,0,0,0,0,0,0,0,0,0,0,0,0,0,0,0,0,0,0,0,0,0,0,0,0,0,0,0,0,0,0,0,0,0,0,0,0,0,0,0,0,0,0,0,0,0,0,0,0,0,0,0,0,0,0,0,0,0,0,0,0,0,0,0,0,0,0,0,0,0,0,0,0,0,0,0,0,0,0,0,0,0,0,0,0,0,0,0,0,0,0,0,0,0,0,0,0,0,0,0,0,0,0,0,0,0,0,0,0,0,0,0,0,0,0,0,20,0,0,0,0,0,0,0,0,0,0,0,0,0,0,0,0,0,0,0,0,0,0,0,0,0,0,0,0,0,0,0,0,0,0,0,0,0,0,0,0,0,0,0,0,0,0,0,0,0,20,0,0,0,0,0,0,0,0,0,0
5003006,55,133146,18542,1331,1,0,17237,173,625,1173,18542,606,101,711,2660,616,1151,364,503,3035,332,514,779,552,2911,336,803,929,554,2968,330,511,785,551,2926,336,552,897,618,3014,328,514,840,562,2917,335,6786,1447,98,2921,824,282,514,657,2649,616,1054,371,533,3032,328,515,790,552,2908,340,967,865,632,3016,336,510,783,548,2924,335,723,869,628,3018,333,514,779,552,2909,337,1339,880,988,3133,332,515,785,550,2910,337,6768,932,639,3159,332,514,785,632,647,791,429,0,0,0,0,0,0,0,0,0,0,0,0,0,0,0,0,0,0,0,0,0,0,0,0,0,0,0,0,0,0,0,0,0,0,0,0,0,0,0,0,0,0,0,0,0,0,0,0,0,0,0,0,0,0,0,0,0,0,0,0,0,0,0,0,0,0,0,0,0,0,0,0,0,0,0,0,0,0,0,0,0,0,0,0,0,0,0,0,0,0,0,0,0,0,0,0,0,0,0,0,0,0,0,0,0,0,0,0,0,0,0,0,0,0,0,0,0,0,0,0,0,0,0,0,0,0,0,0,0,0,0,0,0,0,0,0,0,0,0,0,0,0,0,0,0,0,0,0,0,0,0,0,0,0,0,0,0,0,0,0,0,0,0,0,0,0,0,0,0,0,0,0,0,0,0,0,0,0,0,0,0,0,0,0,0,0,0,0,0,0,0,0,0,0,0,0,0,0,0,0,0,0,0,0,0,0,0,0,0,0,0,0,0,0,0,0,0,0,0,0,0,0,0,0,0,0,0,0,0,0,0,0,0,0,0,0,0,0,0,20,0,0,0,0,0,0,0,0,0,0,0,0,0,0,0,0,0,0,0,0,0,0,0,0,0,0,0,0,0,0,0,0,0,0,0,0,0,0,0,0,0,0,0,0,0,0,0,0,0,20,0,0,0,0,0,0,0,0,0,0
5004004,56,143213,23974,1432,1,0,17193,604,778,2764,23974,832,289,508,4313,337,979,859,649,1150,295,510,779,550,2915,337,802,883,649,2540,828,288,510,657,2656,641,723,350,614,3148,339,550,816,568,2940,343,6762,933,654,3162,332,515,784,555,2905,343,673,810,557,3087,331,517,784,552,2909,345,969,859,549,3089,332,511,791,557,2911,327,731,873,564,3312,327,517,793,563,2923,345,1440,893,565,3071,344,502,781,552,2913,330,6768,936,539,3112,338,582,894,616,3014,373,1030,0,0,0,0,0,0,0,0,0,0,0,0,0,0,0,0,0,0,0,0,0,0,0,0,0,0,0,0,0,0,0,0,0,0,0,0,0,0,0,0,0,0,0,0,0,0,0,0,0,0,0,0,0,0,0,0,0,0,0,0,0,0,0,0,0,0,0,0,0,0,0,0,0,0,0,0,0,0,0,0,0,0,0,0,0,0,0,0,0,0,0,0,0,0,0,0,0,0,0,0,0,0,0,0,0,0,0,0,0,0,0,0,0,0,0,0,0,0,0,0,0,0,0,0,0,0,0,0,0,0,0,0,0,0,0,0,0,0,0,0,0,0,0,0,0,0,0,0,0,0,0,0,0,0,0,0,0,0,0,0,0,0,0,0,0,0,0,0,0,0,0,0,0,0,0,0,0,0,0,0,0,0,0,0,0,0,0,0,0,0,0,0,0,0,0,0,0,0,0,0,0,0,0,0,0,0,0,0,0,0,0,0,0,0,0,0,0,0,0,0,0,0,0,0,0,0,0,0,0,0,0,0,0,0,0,0,0,0,0,20,0,0,0,0,0,0,0,0,0,0,0,0,0,0,0,0,0,0,0,0,0,0,0,0,0,0,0,0,0,0,0,0,0,0,0,0,0,0,0,0,0,0,0,0,0,0,0,0,0,20,0,0,0,0,0,0,0,0,0,0
5005016,57,143559,18587,1435,1,0,22319,118,771,2704,18587,835,297,514,1054,289,993,861,545,2954,367,629,784,551,2985,337,797,874,552,2969,362,617,780,563,2912,342,558,876,551,2968,329,602,825,565,2903,329,6793,936,533,2983,332,556,835,553,2940,329,535,804,550,2968,330,562,946,541,2916,336,968,855,548,3616,506,818,1099,659,3674,408,1051,1098,729,3558,395,705,1186,740,3589,404,1729,1100,782,3324,443,830,1210,725,3559,517,7365,1539,131,3265,1034,379,857,861,858,723,995,0,0,0,0,0,0,0,0,0,0,0,0,0,0,0,0,0,0,0,0,0,0,0,0,0,0,0,0,0,0,0,0,0,0,0,0,0,0,0,0,0,0,0,0,0,0,0,0,0,0,0,0,0,0,0,0,0,0,0,0,0,0,0,0,0,0,0,0,0,0,0,0,0,0,0,0,0,0,0,0,0,0,0,0,0,0,0,0,0,0,0,0,0,0,0,0,0,0,0,16,0,0,0,0,0,0,0,0,0,0,0,0,0,0,0,0,0,0,0,0,0,0,0,0,0,0,0,0,0,0,0,0,0,0,0,0,0,0,0,0,0,0,0,0,0,0,0,0,0,0,0,0,0,0,0,0,0,0,0,0,0,0,0,0,0,0,0,0,0,0,0,0,0,0,0,0,0,0,0,0,0,0,0,0,0,0,0,0,0,0,0,0,0,0,0,0,0,0,0,0,0,0,0,0,0,0,0,0,0,0,0,0,0,0,0,0,0,0,0,0,0,0,0,0,0,0,0,0,0,0,0,0,0,0,0,0,0,0,0,20,0,0,0,0,0,0,0,0,0,0,0,0,0,0,0,0,0,0,0,0,0,0,0,0,0,0,0,0,0,0,0,0,0,0,0,0,0,0,0,0,0,0,0,0,0,0,0,0,0,20,0,0,0,0,0,0,0,0,0,0
5006015,58,184509,30126,1845,3,0,16908,7201,617,3299,18983,658,99,868,2965,620,1159,368,605,3127,14936,617,89,860,2636,637,1073,355,571,3304,362,522,883,645,3068,330,613,1091,654,3060,375,573,910,653,2965,446,6334,936,634,3021,364,524,822,633,3295,371,915,818,524,3097,329,517,776,642,3043,330,980,930,553,2978,324,592,818,566,3096,364,843,903,554,3094,330,511,783,641,3056,340,1582,945,554,2959,334,516,790,568,3029,370,30126,792,381,2902,246,450,668,646,2892,249,532,16,16,16,16,16,16,16,16,16,16,16,16,16,0,0,0,0,0,0,0,0,0,0,0,0,0,0,0,0,0,0,0,0,0,0,0,0,0,0,0,0,0,0,0,0,0,0,0,0,0,0,0,0,0,0,0,0,0,0,0,0,0,0,0,0,0,0,0,0,0,0,0,0,0,0,0,0,4,4,4,4,4,4,4,4,4,4,4,4,0,0,0,0,0,0,0,0,0,0,0,16,0,0,0,0,0,0,0,0,0,0,0,0,16,0,0,0,0,0,0,0,0,0,0,0,0,0,0,0,0,0,0,0,0,0,0,0,0,0,0,0,0,0,0,0,0,0,0,0,0,0,0,0,0,0,0,0,0,0,0,0,0,0,0,0,0,0,0,0,0,0,0,0,0,0,0,0,0,0,4,0,0,0,0,0,0,0,0,0,4,0,0,0,0,0,0,0,0,0,0,20,0,0,0,0,0,0,0,0,0,0,0,0,20,0,0,0,0,0,0,0,0,0,0,0,0,0,0,0,0,0,0,0,0,0,0,0,0,0,20,0,0,0,0,0,0,0,0,0,0,0,0,0,0,0,0,0,0,0,0,0,0,0,0,0,0,0,0,0,0,0,0,0,0,0,0,0,0,0,0,0,0,0,0,0,0,0,0,0,13,0,0,0,0,0,0,0,0,0,0
5007034,59,121088,20066,1210,1,0,17537,634,369,2731,20066,676,688,417,2672,230,803,643,564,2837,226,372,604,385,2658,232,659,720,418,2710,237,373,592,383,2710,227,407,614,402,2706,227,372,592,384,2658,231,6947,781,380,868,162,357,567,398,2635,228,747,609,398,2697,228,373,600,384,2651,229,801,647,384,2709,229,372,589,383,2658,231,533,675,400,2724,231,371,592,384,2698,228,1155,682,396,2721,230,370,589,384,2663,229,6908,781,465,2852,258,453,682,497,2332,639,295,0,0,0,0,0,0,0,0,0,0,0,0,0,0,0,0,0,0,0,0,0,0,0,0,0,0,0,0,0,0,0,0,0,0,0,0,0,0,0,0,0,0,0,0,0,0,0,0,0,0,0,0,0,0,0,0,0,0,0,0,0,0,0,0,0,0,0,0,0,0,0,0,0,0,0,0,0,0,0,0,0,0,0,0,0,0,0,0,0,0,0,0,0,0,0,0,0,0,0,0,0,0,0,0,0,0,0,0,0,0,0,0,0,0,0,0,0,0,0,0,0,0,0,0,0,0,0,0,0,0,0,0,0,0,0,0,0,0,0,0,0,0,0,0,0,0,0,0,0,0,0,0,0,0,0,0,0,0,0,0,0,0,0,0,0,0,0,0,0,0,0,0,0,0,0,0,0,0,0,0,0,0,0,0,0,0,0,0,0,0,0,0,0,0,0,0,0,0,0,0,0,0,0,0,0,0,0,0,0,0,0,0,0,0,0,0,0,0,0,0,0,0,0,0,0,0,0,0,0,0,0,0,0,0,0,0,0,0,0,13,0,0,0,0,0,0,0,0,0,0,0,0,0,0,0,0,0,0,0,0,0,0,0,0,0,0,0,0,0,0,0,0,0,0,0,0,0,0,0,0,0,0,0,0,0,0,0,0,0,13,0,0,0,0,0,0,0,0,0,0
5008044,60,136724,18576,1367,2,0,18877,352,421,2456,18576,682,155,345,2662,230,803,643,382,2711,228,373,591,382,2659,232,600,705,405,2715,237,371,589,384,2707,226,410,615,402,2707,229,373,590,383,801,158,6832,784,380,2708,230,371,588,384,2656,231,750,609,400,2702,227,372,594,382,2653,231,801,648,384,2711,6886,489,632,378,2667,232,534,682,395,2723,233,12821,793,25,2651,646,960,403,463,2487,668,565,173,357,2675,225,6412,766,452,2907,246,448,676,477,2819,245,395,0,0,0,0,0,0,0,0,0,0,0,0,0,0,0,0,0,0,0,0,0,0,0,0,0,0,0,0,0,0,0,0,0,0,0,0,0,0,0,0,0,0,0,0,0,0,0,0,0,0,0,0,0,0,0,0,0,0,0,0,0,0,4,4,4,4,4,4,4,4,4,4,4,4,0,0,0,0,0,0,0,0,0,0,0,0,0,0,0,0,0,0,0,0,0,0,0,0,0,0,0,0,0,0,0,0,0,0,0,0,0,0,0,0,0,0,0,0,0,0,0,0,0,0,0,0,0,0,0,0,0,0,0,0,0,0,0,0,0,0,0,0,0,0,0,0,0,0,0,0,0,0,0,0,0,0,0,0,0,0,0,0,0,4,0,0,0,0,0,0,0,0,0,0,4,0,0,0,0,0,0,0,0,0,0,0,0,0,0,0,0,0,0,0,0,0,0,0,0,0,0,0,0,0,0,0,0,0,0,0,0,0,0,0,0,0,0,0,0,0,0,0,0,0,0,0,0,0,0,0,0,0,0,0,0,0,0,0,0,13,0,0,0,0,0,0,0,0,0,0,0,0,0,0,0,0,0,0,0,0,0,0,0,13,0,0,0,0,0,0,0,0,0,0,16,0,0,0,0,0,0,0,0,0,0,0,0,0,0,16,0,0,0,0,0,0,0,0,0,0
5009044,61,135335,18318,1353,2,0,17129,614,379,2726,18318,518,16,515,2431,504,867,199,360,2738,228,371,590,384,2660,231,601,702,404,2721,235,371,590,387,853,165,386,592,397,2693,226,370,583,385,2656,229,6405,766,6532,2993,237,372,583,385,2657,237,527,607,384,15012,229,13,547,569,2450,505,881,201,361,2729,289,383,608,384,2667,232,531,672,396,2729,233,372,590,384,2692,230,1152,681,397,2720,232,371,587,384,2661,230,6442,769,387,2891,247,440,671,472,2843,231,758,0,0,0,0,0,0,0,0,0,0,0,0,0,0,0,0,0,0,0,0,0,0,0,0,0,0,0,0,0,0,0,0,0,0,0,0,0,0,0,1,1,1,1,1,1,1,1,1,1,1,1,1,1,0,0,0,0,0,0,0,0,0,0,0,0,0,0,0,0,0,0,0,0,0,0,0,0,0,0,0,0,0,0,0,0,0,0,0,0,0,0,0,0,0,0,0,0,0,0,0,0,0,0,0,0,0,0,0,0,0,0,0,0,0,0,0,0,0,0,0,0,0,0,0,0,0,0,0,0,0,0,0,0,0,0,0,0,0,0,0,0,1,0,0,0,0,0,0,0,0,0,0,1,0,0,0,0,0,0,0,0,0,0,0,0,0,0,0,0,0,0,0,0,0,0,0,0,0,0,0,0,0,0,0,0,0,0,0,0,0,0,0,0,0,0,0,0,0,0,0,0,0,0,0,0,0,0,0,0,0,0,0,0,0,0,0,0,0,0,0,0,0,0,0,0,0,0,0,0,0,0,0,0,0,0,0,0,0,0,16,0,16,0,0,0,0,0,0,0,0,0,0,16,0,0,0,0,0,0,0,0,0,0,0,0,0,0,0,0,0,0,0,0,0,0,0,0,0,0,0,0,0,0,0,0,0,0,0,0,16,0,0,0,0,0,0,0,0,0,0
5010045,62,156320,33408,1563,2,0,17126,616,395,2716,18375,524,16,515,2427,504,866,199,360,2739,228,371,590,384,2661,230,601,702,404,874,153,352,584,405,2747,230,407,607,402,2699,231,373,595,6586,2928,230,6434,774,381,2706,230,369,589,381,2650,231,383,33408,505,3680,676,146,348,427,728,413,852,211,376,2791,227,370,754,423,2706,229,580,715,405,2735,286,380,648,394,2864,226,1148,690,573,2867,225,372,763,433,2709,230,6361,781,486,2872,418,496,752,20,2708,662,297,0,0,0,0,0,0,0,0,0,0,0,0,0,0,0,0,0,0,0,0,0,0,0,0,0,0,0,0,0,0,0,0,0,0,0,16,16,16,16,16,16,16,16,16,16,16,16,16,16,16,0,0,0,0,0,0,0,0,0,0,0,0,0,0,0,0,0,0,0,0,0,0,0,0,0,0,0,0,0,0,0,0,0,0,0,0,0,0,0,0,0,0,0,0,0,0,0,0,0,0,0,0,0,0,0,0,0,0,0,0,0,0,0,0,0,0,0,0,0,0,0,0,0,0,0,0,0,0,0,0,0,0,0,0,0,0,16,0,0,0,0,0,0,0,0,0,0,0,0,0,16,0,0,0,0,0,0,0,0,0,0,0,0,0,0,0,0,0,0,0,0,0,0,0,0,0,0,0,0,0,0,0,0,0,0,0,0,0,0,0,0,0,0,0,0,0,0,0,0,0,0,0,0,0,0,0,0,0,0,0,0,0,0,0,0,0,0,0,0,0,0,0,0,0,0,0,0,0,0,0,0,0,0,0,0,0,16,0,0,16,0,0,0,0,0,0,0,0,0,0,16,0,0,0,0,0,0,0,0,0,0,0,0,0,0,0,0,0,0,0,0,0,0,0,0,0,0,0,0,0,0,0,0,0,0,0,0,0,0,16,0,0,0,0,0,0,0,0,0,0
5011064,63,208230,84212,2082,2,0,17183,353,441,2488,18097,706,155,347,2676,232,803,661,388,2771,230,371,610,387,2679,232,576,715,404,2767,229,369,646,401,2692,229,84212,1081,27,4149,653,150,356,430,2424,672,7892,231,368,2885,228,369,596,569,2790,229,747,640,397,2766,226,435,649,382,2685,231,796,661,383,2768,227,374,603,395,2698,228,1612,955,449,2818,224,545,691,412,2680,393,1202,720,409,1076,234,455,717,502,2821,265,7727,842,406,2781,228,381,597,395,2669,241,526,0,0,0,0,0,0,0,0,0,0,0,0,0,0,0,0,0,0,0,0,0,0,0,0,0,0,0,0,0,0,0,0,0,0,0,0,0,0,0,0,0,0,0,0,0,0,0,0,0,0,0,0,0,0,0,0,0,0,0,0,0,0,0,0,0,0,0,0,0,0,0,0,0,0,0,0,0,0,0,0,0,0,0,0,0,0,0,0,0,0,0,0,0,0,0,0,0,0,0,0,0,0,0,0,0,0,0,0,0,0,0,0,0,0,0,0,0,0,0,0,0,0,0,0,0,0,0,0,0,0,0,0,0,0,0,0,0,0,0,0,0,0,0,0,0,0,0,0,0,0,0,0,0,0,0,0,0,0,0,0,0,0,0,0,0,0,0,0,0,0,0,0,0,0,0,0,0,0,0,0,0,0,0,0,0,0,0,0,0,0,0,0,0,0,0,0,0,0,0,0,0,0,0,0,0,0,0,0,0,0,0,0,0,0,0,0,0,0,0,0,0,0,0,0,0,0,0,0,0,0,0,0,0,0,0,0,0,0,0,16,0,0,0,0,0,0,0,0,0,0,0,0,0,0,0,0,0,0,0,0,0,0,0,0,0,0,0,0,0,0,0,0,0,0,0,0,0,0,0,0,0,0,0,0,0,0,0,0,0,16,0,0,0,0,0,0,0,0,0,0
5012134,64,183796,55615,1837,2,0,17028,624,382,2760,23398,517,15,530,2427,504,883,203,361,2784,234,372,605,387,2730,226,1666,782,406,2754,225,371,600,394,2676,226,55615,817,18,4090,649,139,346,418,2412,503,7841,230,370,2870,228,368,598,394,2668,229,751,639,387,2752,229,369,603,393,2669,229,805,669,395,2782,225,369,605,396,826,157,1627,778,393,2757,232,369,603,395,2666,251,1223,766,506,2894,252,374,657,365,2686,228,7717,788,381,2766,233,370,604,393,2670,230,527,0,0,0,0,0,0,0,0,0,0,0,0,0,0,0,0,0,0,0,0,0,0,0,0,0,0,0,0,0,0,0,0,0,0,0,0,0,0,0,0,0,0,0,0,0,0,0,0,0,0,0,0,0,0,0,0,0,0,0,0,0,0,0,0,0,0,0,0,0,0,0,0,0,0,0,0,0,0,0,0,0,0,0,0,0,0,0,0,0,0,0,0,0,0,0,0,0,0,0,0,0,0,0,0,0,0,0,0,0,0,0,0,0,0,0,0,0,0,0,0,0,0,0,0,0,0,0,0,0,0,0,0,0,0,0,0,0,0,0,0,0,0,0,0,0,0,0,0,0,0,0,0,0,0,0,0,0,0,0,0,0,0,0,0,0,0,0,0,0,0,0,0,0,0,0,0,0,0,0,0,0,0,0,0,0,0,0,0,0,0,0,0,0,0,0,0,0,0,0,0,0,0,0,0,0,0,0,0,0,0,0,0,0,0,0,0,0,0,0,0,0,0,0,0,0,0,0,0,0,0,0,0,0,0,0,0,0,0,0,16,0,0,0,0,0,0,0,0,0,0,0,0,0,0,0,0,0,0,0,0,0,0,0,0,0,0,0,0,0,0,0,0,0,0,0,0,0,0,0,0,0,0,0,0,0,0,0,0,0,16,0,0,0,0,0,0,0,0,0,0
5013184,65,123923,18390,1239,1,0,18734,621,384,2754,18390,521,16,529,2433,506,886,202,363,2816,222,369,608,393,2688,224,1669,787,405,2752,227,369,607,395,2675,227,1341,787,386,2763,232,369,606,394,2669,231,7712,789,384,2768,230,369,604,393,2675,230,752,639,391,2760,230,369,606,387,2678,230,805,674,395,941,176,365,611,401,2650,228,1611,774,408,2760,231,371,599,394,2677,250,1226,767,527,2892,260,436,648,374,2689,228,7718,787,381,2768,233,370,605,393,2673,230,385,0,0,0,0,0,0,0,0,0,0,0,0,0,0,0,0,0,0,0,0,0,0,0,0,0,0,0,0,0,0,0,0,0,0,0,0,0,0,0,0,0,0,0,0,0,0,0,0,0,0,0,0,0,0,0,0,0,0,0,0,0,0,0,0,0,0,0,0,0,0,0,0,0,0,0,0,0,0,0,0,0,0,0,0,0,0,0,0,0,0,0,0,0,0,0,0,0,0,0,0,0,0,0,0,0,0,0,0,0,0,0,0,0,0,0,0,0,0,0,0,0,0,0,0,0,0,0,0,0,0,0,0,0,0,0,0,0,0,0,0,0,0,0,0,0,0,0,0,0,0,0,0,0,0,0,0,0,0,0,0,0,0,0,0,0,0,0,0,0,0,0,0,0,0,0,0,0,0,0,0,0,0,0,0,0,0,0,0,0,0,0,0,0,0,0,0,0,0,0,0,0,0,0,0,0,0,0,0,0,0,0,0,0,0,0,0,0,0,0,0,0,0,0,0,0,0,0,0,0,0,0,0,0,0,0,0,0,0,0,16,0,0,0,0,0,0,0,0,0,0,0,0,0,0,0,0,0,0,0,0,0,0,0,0,0,0,0,0,0,0,0,0,0,0,0,0,0,0,0,0,0,0,0,0,0,0,0,0,0,16,0,0,0,0,0,0,0,0,0,0
5014184,66,124125,18337,1241,1,0,17198,616,383,2757,18337,529,16,530,2434,506,890,202,363,2848,222,369,603,393,2688,225,1669,787,405,2756,227,369,606,395,2675,227,1422,786,386,2764,232,369,606,394,2671,231,7722,788,389,2767,230,369,604,393,2674,230,529,620,381,931,164,351,589,393,2642,231,805,671,395,2783,225,368,611,393,2682,229,1614,778,408,2762,232,369,600,394,2679,227,1242,747,489,2991,243,452,644,384,2679,226,7728,787,381,2769,231,369,606,393,2673,230,751,0,0,0,0,0,0,0,0,0,0,0,0,0,0,0,0,0,0,0,0,0,0,0,0,0,0,0,0,0,0,0,0,0,0,0,0,0,0,0,0,0,0,0,0,0,0,0,0,0,0,0,0,0,0,0,0,0,0,0,0,0,0,0,0,0,0,0,0,0,0,0,0,0,0,0,0,0,0,0,0,0,0,0,0,0,0,0,0,0,0,0,0,0,0,0,0,0,0,0,0,0,0,0,0,0,0,0,0,0,0,0,0,0,0,0,0,0,0,0,0,0,0,0,0,0,0,0,0,0,0,0,0,0,0,0,0,0,0,0,0,0,0,0,0,0,0,0,0,0,0,0,0,0,0,0,0,0,0,0,0,0,0,0,0,0,0,0,0,0,0,0,0,0,0,0,0,0,0,0,0,0,0,0,0,0,0,0,0,0,0,0,0,0,0,0,0,0,0,0,0,0,0,0,0,0,0,0,0,0,0,0,0,0,0,0,0,0,0,0,0,0,0,0,0,0,0,0,0,0,0,0,0,0,0,0,0,0,0,0,16,0,0,0,0,0,0,0,0,0,0,0,0,0,0,0,0,0,0,0,0,0,0,0,0,0,0,0,0,0,0,0,0,0,0,0,0,0,0,0,0,0,0,0,0,0,0,0,0,0,16,0,0,0,0,0,0,0,0,0,0
5015185,67,123897,18365,1238,1,0,17146,641,394,2770,18365,527,16,531,2435,505,890,202,363,2848,222,369,603,393,2687,225,1670,787,405,2758,227,369,607,395,2676,227,1337,787,386,2766,232,369,606,394,2670,231,7712,787,384,2772,230,369,604,393,823,151,369,578,411,2739,229,371,614,392,2678,231,802,670,386,2794,227,369,611,393,2682,230,1615,775,407,2765,232,369,599,395,2873,264,1230,765,515,2965,245,377,653,369,2682,225,7719,787,382,2772,233,370,604,393,2675,230,526,0,0,0,0,0,0,0,0,0,0,0,0,0,0,0,0,0,0,0,0,0,0,0,0,0,0,0,0,0,0,0,0,0,0,0,0,0,0,0,0,0,0,0,0,0,0,0,0,0,0,0,0,0,0,0,0,0,0,0,0,0,0,0,0,0,0,0,0,0,0,0,0,0,0,0,0,0,0,0,0,0,0,0,0,0,0,0,0,0,0,0,0,0,0,0,0,0,0,0,0,0,0,0,0,0,0,0,0,0,0,0,0,0,0,0,0,0,0,0,0,0,0,0,0,0,0,0,0,0,0,0,0,0,0,0,0,0,0,0,0,0,0,0,0,0,0,0,0,0,0,0,0,0,0,0,0,0,0,0,0,0,0,0,0,0,0,0,0,0,0,0,0,0,0,0,0,0,0,0,0,0,0,0,0,0,0,0,0,0,0,0,0,0,0,0,0,0,0,0,0,0,0,0,0,0,0,0,0,0,0,0,0,0,0,0,0,0,0,0,0,0,0,0,0,0,0,0,0,0,0,0,0,0,0,0,0,0,0,0,16,0,0,0,0,0,0,0,0,0,0,0,0,0,0,0,0,0,0,0,0,0,0,0,0,0,0,0,0,0,0,0,0,0,0,0,0,0,0,0,0,0,0,0,0,0,0,0,0,0,16,0,0,0,0,0,0,0,0,0,0
5016184,68,124799,18312,1247,1,0,17169,620,384,2761,18312,521,16,531,2435,505,890,202,363,2847,222,369,603,393,2689,225,1671,787,405,2758,226,369,607,395,2677,227,3113,785,391,2771,231,369,604,394,823,151,7656,788,388,2770,230,369,607,393,2673,230,753,639,391,2765,230,369,608,392,2675,230,806,674,395,2790,226,369,609,394,2680,229,1613,774,410,2768,233,369,599,395,2847,266,1226,50,690,2571,528,515,171,352,2675,226,7726,787,381,2769,232,370,605,393,2673,230,385,0,0,0,0,0,0,0,0,0,0,0,0,0,0,0,0,0,0,0,0,0,0,0,0,0,0,0,0,0,0,0,0,0,0,0,0,0,0,0,0,0,0,0,0,0,0,0,0,0,0,0,0,0,0,0,0,0,0,0,0,0,0,0,0,0,0,0,0,0,0,0,0,0,0,0,0,0,0,0,0,0,0,0,0,0,0,0,0,0,0,0,0,0,0,0,0,0,0,0,0,0,0,0,0,0,0,0,0,0,0,0,0,0,0,0,0,0,0,0,0,0,0,0,0,0,0,0,0,0,0,0,0,0,0,0,0,0,0,0,0,0,0,0,0,0,0,0,0,0,0,0,0,0,0,0,0,0,0,0,0,0,0,0,0,0,0,0,0,0,0,0,0,0,0,0,0,0,0,0,0,0,0,0,0,0,0,0,0,0,0,0,0,0,0,0,0,0,0,0,0,0,0,0,0,0,0,0,0,0,0,0,0,0,0,0,0,0,0,0,0,0,0,0,0,0,0,0,0,0,0,0,0,0,0,0,0,0,0,0,16,0,0,0,0,0,0,0,0,0,0,0,0,0,0,0,0,0,0,0,0,0,0,0,0,0,0,0,0,0,0,0,0,0,0,0,0,0,0,0,0,0,0,0,0,0,0,0,0,0,16,0,0,0,0,0,0,0,0,0,0
5017184,69,124194,18337,1241,1,0,17117,616,383,2762,18337,529,16,530,2434,506,889,202,364,2848,222,369,603,393,2686,225,1671,787,405,2757,227,369,607,395,2676,227,1337,787,386,934,162,358,594,385,2637,225,7719,788,389,2770,229,369,607,393,2673,230,529,622,381,2760,231,368,607,387,2675,230,805,671,395,2789,227,369,610,394,2681,230,1615,779,406,2765,233,369,599,395,2842,265,1225,799,486,2987,249,375,664,366,2680,226,7708,787,382,2771,232,370,604,393,2675,230,749,0,0,0,0,0,0,0,0,0,0,0,0,0,0,0,0,0,0,0,0,0,0,0,0,0,0,0,0,0,0,0,0,0,0,0,0,0,0,0,0,0,0,0,0,0,0,0,0,0,0,0,0,0,0,0,0,0,0,0,0,0,0,0,0,0,0,0,0,0,0,0,0,0,0,0,0,0,0,0,0,0,0,0,0,0,0,0,0,0,0,0,0,0,0,0,0,0,0,0,0,0,0,0,0,0,0,0,0,0,0,0,0,0,0,0,0,0,0,0,0,0,0,0,0,0,0,0,0,0,0,0,0,0,0,0,0,0,0,0,0,0,0,0,0,0,0,0,0,0,0,0,0,0,0,0,0,0,0,0,0,0,0,0,0,0,0,0,0,0,0,0,0,0,0,0,0,0,0,0,0,0,0,0,0,0,0,0,0,0,0,0,0,0,0,0,0,0,0,0,0,0,0,0,0,0,0,0,0,0,0,0,0,0,0,0,0,0,0,0,0,0,0,0,0,0,0,0,0,0,0,0,0,0,0,0,0,0,0,0,16,0,0,0,0,0,0,0,0,0,0,0,0,0,0,0,0,0,0,0,0,0,0,0,0,0,0,0,0,0,0,0,0,0,0,0,0,0,0,0,0,0,0,0,0,0,0,0,0,0,16,0,0,0,0,0,0,0,0,0,0
5018185,70,126023,18350,1260,1,0,17148,641,394,2771,18350,528,15,530,2433,506,890,202,363,2846,222,369,603,393,2687,225,1672,785,416,2763,228,368,614,395,830,157,1400,786,384,2762,402,410,644,404,2808,227,7714,786,564,2923,226,369,614,395,2678,230,402,611,385,2755,400,408,644,402,2811,229,806,670,572,2941,226,369,767,426,2714,227,1631,776,409,2762,286,382,619,386,2883,264,1237,762,526,2986,247,371,659,374,2679,229,7724,783,382,2767,241,370,603,393,2852,228,525,0,0,0,0,0,0,0,0,0,0,0,0,0,0,0,0,0,0,0,0,0,0,0,0,0,0,0,0,0,0,0,0,0,0,0,0,0,0,0,0,0,0,0,0,0,0,0,0,0,0,0,0,0,0,0,0,0,0,0,0,0,0,0,0,0,0,0,0,0,0,0,0,0,0,0,0,0,0,0,0,0,0,0,0,0,0,0,0,0,0,0,0,0,0,0,0,0,0,0,0,0,0,0,0,0,0,0,0,0,0,0,0,0,0,0,0,0,0,0,0,0,0,0,0,0,0,0,0,0,0,0,0,0,0,0,0,0,0,0,0,0,0,0,0,0,0,0,0,0,0,0,0,0,0,0,0,0,0,0,0,0,0,0,0,0,0,0,0,0,0,0,0,0,0,0,0,0,0,0,0,0,0,0,0,0,0,0,0,0,0,0,0,0,0,0,0,0,0,0,0,0,0,0,0,0,0,0,0,0,0,0,0,0,0,0,0,0,0,0,0,0,0,0,0,0,0,0,0,0,0,0,0,0,0,0,0,0,0,0,16,0,0,0,0,0,0,0,0,0,0,0,0,0,0,0,0,0,0,0,0,0,0,0,0,0,0,0,0,0,0,0,0,0,0,0,0,0,0,0,0,0,0,0,0,0,0,0,0,0,16,0,0,0,0,0,0,0,0,0,0
5019184,71,127574,18178,1275,1,0,17160,619,557,2891,18178,684,22,593,2452,504,1073,227,375,2858,398,406,649,403,952,158,1685,792,565,2912,226,370,758,431,2711,227,1594,791,384,2760,243,370,606,394,2731,231,7710,786,400,2774,230,369,613,393,2672,230,762,639,387,2758,238,369,608,394,2680,230,805,668,565,2937,229,369,768,432,2715,229,1802,786,392,2757,403,408,650,403,2864,254,1261,757,664,3030,249,373,810,437,2733,228,7745,788,382,2773,231,370,604,393,2673,230,385,0,0,0,0,0,0,0,0,0,0,0,0,0,0,0,0,0,0,0,0,0,0,0,0,0,0,0,0,0,0,0,0,0,0,0,0,0,0,0,0,0,0,0,0,0,0,0,0,0,0,0,0,0,0,0,0,0,0,0,0,0,0,0,0,0,0,0,0,0,0,0,0,0,0,0,0,0,0,0,0,0,0,0,0,0,0,0,0,0,0,0,0,0,0,0,0,0,0,0,0,0,0,0,0,0,0,0,0,0,0,0,0,0,0,0,0,0,0,0,0,0,0,0,0,0,0,0,0,0,0,0,0,0,0,0,0,0,0,0,0,0,0,0,0,0,0,0,0,0,0,0,0,0,0,0,0,0,0,0,0,0,0,0,0,0,0,0,0,0,0,0,0,0,0,0,0,0,0,0,0,0,0,0,0,0,0,0,0,0,0,0,0,0,0,0,0,0,0,0,0,0,0,0,0,0,0,0,0,0,0,0,0,0,0,0,0,0,0,0,0,0,0,0,0,0,0,0,0,0,0,0,0,0,0,0,0,0,0,0,16,0,0,0,0,0,0,0,0,0,0,0,0,0,0,0,0,0,0,0,0,0,0,0,0,0,0,0,0,0,0,0,0,0,0,0,0,0,0,0,0,0,0,0,0,0,0,0,0,0,16,0,0,0,0,0,0,0,0,0,0
5020184,72,123942,18241,1239,1,0,16986,616,383,2760,18241,521,16,531,2433,505,890,202,363,977,176,375,623,401,2668,226,1676,789,404,2761,228,370,602,394,2670,228,1343,785,391,2769,232,369,604,394,2669,231,7703,788,384,2773,230,369,604,393,2673,230,529,620,381,2763,231,368,606,387,2679,230,805,674,395,2789,227,369,609,393,2682,230,1615,779,406,2766,233,369,599,395,2732,251,1222,761,503,2912,252,374,661,366,2680,228,7714,787,382,2771,232,370,605,393,2673,230,751,0,0,0,0,0,0,0,0,0,0,0,0,0,0,0,0,0,0,0,0,0,0,0,0,0,0,0,0,0,0,0,0,0,0,0,0,0,0,0,0,0,0,0,0,0,0,0,0,0,0,0,0,0,0,0,0,0,0,0,0,0,0,0,0,0,0,0,0,0,0,0,0,0,0,0,0,0,0,0,0,0,0,0,0,0,0,0,0,0,0,0,0,0,0,0,0,0,0,0,0,0,0,0,0,0,0,0,0,0,0,0,0,0,0,0,0,0,0,0,0,0,0,0,0,0,0,0,0,0,0,0,0,0,0,0,0,0,0,0,0,0,0,0,0,0,0,0,0,0,0,0,0,0,0,0,0,0,0,0,0,0,0,0,0,0,0,0,0,0,0,0,0,0,0,0,0,0,0,0,0,0,0,0,0,0,0,0,0,0,0,0,0,0,0,0,0,0,0,0,0,0,0,0,0,0,0,0,0,0,0,0,0,0,0,0,0,0,0,0,0,0,0,0,0,0,0,0,0,0,0,0,0,0,0,0,0,0,0,0,16,0,0,0,0,0,0,0,0,0,0,0,0,0,0,0,0,0,0,0,0,0,0,0,0,0,0,0,0,0,0,0,0,0,0,0,0,0,0,0,0,0,0,0,0,0,0,0,0,0,16,0,0,0,0,0,0,0,0,0,0
5021185,73,121904,18222,1219,1,0,17052,642,394,932,18222,522,16,530,2430,505,891,205,365,2853,223,370,603,394,2687,226,1670,786,406,2759,228,369,606,396,2672,228,1421,786,386,2772,232,369,606,394,2670,231,7713,788,384,2773,230,369,604,393,2674,230,387,615,380,2763,230,368,606,387,2677,230,805,674,395,2790,227,369,609,394,2679,230,1612,777,407,2765,232,369,599,395,2748,252,1259,760,506,2957,252,374,660,366,2678,227,7715,787,382,2770,232,370,605,393,823,151,511,0,0,0,0,0,0,0,0,0,0,0,0,0,0,0,0,0,0,0,0,0,0,0,0,0,0,0,0,0,0,0,0,0,0,0,0,0,0,0,0,0,0,0,0,0,0,0,0,0,0,0,0,0,0,0,0,0,0,0,0,0,0,0,0,0,0,0,0,0,0,0,0,0,0,0,0,0,0,0,0,0,0,0,0,0,0,0,0,0,0,0,0,0,0,0,0,0,0,0,0,0,0,0,0,0,0,0,0,0,0,0,0,0,0,0,0,0,0,0,0,0,0,0,0,0,0,0,0,0,0,0,0,0,0,0,0,0,0,0,0,0,0,0,0,0,0,0,0,0,0,0,0,0,0,0,0,0,0,0,0,0,0,0,0,0,0,0,0,0,0,0,0,0,0,0,0,0,0,0,0,0,0,0,0,0,0,0,0,0,0,0,0,0,0,0,0,0,0,0,0,0,0,0,0,0,0,0,0,0,0,0,0,0,0,0,0,0,0,0,0,0,0,0,0,0,0,0,0,0,0,0,0,0,0,0,0,0,0,0,16,0,0,0,0,0,0,0,0,0,0,0,0,0,0,0,0,0,0,0,0,0,0,0,0,0,0,0,0,0,0,0,0,0,0,0,0,0,0,0,0,0,0,0,0,0,0,0,0,0,16,0,0,0,0,0,0,0,0,0,0
5022184,74,123857,18361,1238,1,0,17100,579,410,2736,18361,526,15,531,2435,506,889,202,363,2848,222,369,603,393,2687,225,1675,787,405,2758,227,369,607,395,2675,227,1339,787,386,2771,232,369,606,394,2670,231,7717,788,389,2771,230,369,604,393,2677,230,752,639,391,2771,230,369,606,387,2677,230,804,674,395,2789,227,369,611,394,2680,230,1614,777,408,2765,233,369,599,395,2735,250,1223,760,498,2905,258,371,663,365,828,151,7658,788,381,2772,231,370,604,393,2675,230,385,0,0,0,0,0,0,0,0,0,0,0,0,0,0,0,0,0,0,0,0,0,0,0,0,0,0,0,0,0,0,0,0,0,0,0,0,0,0,0,0,0,0,0,0,0,0,0,0,0,0,0,0,0,0,0,0,0,0,0,0,0,0,0,0,0,0,0,0,0,0,0,0,0,0,0,0,0,0,0,0,0,0,0,0,0,0,0,0,0,0,0,0,0,0,0,0,0,0,0,0,0,0,0,0,0,0,0,0,0,0,0,0,0,0,0,0,0,0,0,0,0,0,0,0,0,0,0,0,0,0,0,0,0,0,0,0,0,0,0,0,0,0,0,0,0,0,0,0,0,0,0,0,0,0,0,0,0,0,0,0,0,0,0,0,0,0,0,0,0,0,0,0,0,0,0,0,0,0,0,0,0,0,0,0,0,0,0,0,0,0,0,0,0,0,0,0,0,0,0,0,0,0,0,0,0,0,0,0,0,0,0,0,0,0,0,0,0,0,0,0,0,0,0,0,0,0,0,0,0,0,0,0,0,0,0,0,0,0,0,16,0,0,0,0,0,0,0,0,0,0,0,0,0,0,0,0,0,0,0,0,0,0,0,0,0,0,0,0,0,0,0,0,0,0,0,0,0,0,0,0,0,0,0,0,0,0,0,0,0,16,0,0,0,0,0,0,0,0,0,0
5023184,75,123213,18238,1232,1,0,17169,614,383,2759,18238,521,15,531,2434,506,889,202,363,2847,222,369,603,393,2686,225,1673,787,405,2758,227,369,607,395,2676,227,1423,786,386,2771,232,369,606,394,2670,231,7717,788,389,2773,230,369,604,393,2674,230,529,620,381,2763,231,368,606,387,2678,230,804,674,395,2789,227,369,610,394,2681,230,1613,779,406,2765,233,369,599,395,2844,265,1224,760,33,965,640,150,349,419,2426,497,7841,230,368,2878,230,368,598,394,2671,229,750,0,0,0,0,0,0,0,0,0,0,0,0,0,0,0,0,0,0,0,0,0,0,0,0,0,0,0,0,0,0,0,0,0,0,0,0,0,0,0,0,0,0,0,0,0,0,0,0,0,0,0,0,0,0,0,0,0,0,0,0,0,0,0,0,0,0,0,0,0,0,0,0,0,0,0,0,0,0,0,0,0,0,0,0,0,0,0,0,0,0,0,0,0,0,0,0,0,0,0,0,0,0,0,0,0,0,0,0,0,0,0,0,0,0,0,0,0,0,0,0,0,0,0,0,0,0,0,0,0,0,0,0,0,0,0,0,0,0,0,0,0,0,0,0,0,0,0,0,0,0,0,0,0,0,0,0,0,0,0,0,0,0,0,0,0,0,0,0,0,0,0,0,0,0,0,0,0,0,0,0,0,0,0,0,0,0,0,0,0,0,0,0,0,0,0,0,0,0,0,0,0,0,0,0,0,0,0,0,0,0,0,0,0,0,0,0,0,0,0,0,0,0,0,0,0,0,0,0,0,0,0,0,0,0,0,0,0,0,0,16,0,0,0,0,0,0,0,0,0,0,0,0,0,0,0,0,0,0,0,0,0,0,0,0,0,0,0,0,0,0,0,0,0,0,0,0,0,0,0,0,0,0,0,0,0,0,0,0,0,16,0,0,0,0,0,0,0,0,0,0
5024185,76,124572,18390,1245,1,0,17042,644,395,2762,18390,521,15,531,2433,505,889,202,363,2847,392,412,649,405,2806,228,1677,780,587,2905,228,368,653,409,2681,228,1357,782,390,2761,240,369,606,394,2665,231,7717,788,389,2769,230,370,607,393,2674,230,390,617,380,2761,231,368,608,387,2674,230,806,674,395,2725,227,369,612,394,2671,226,1617,774,410,927,153,355,610,385,2848,230,1259,758,493,2963,249,375,661,366,2684,225,7724,787,382,2710,229,373,604,387,2665,231,526,0,0,0,0,0,0,0,0,0,0,0,0,0,0,0,0,0,0,0,0,0,0,0,0,0,0,0,0,0,0,0,0,0,0,0,0,0,0,0,0,0,0,0,0,0,0,0,0,0,0,0,0,0,0,0,0,0,0,0,0,0,0,0,0,0,0,0,0,0,0,0,0,0,0,0,0,0,0,0,0,0,0,0,0,0,0,0,0,0,0,0,0,0,0,0,0,0,0,0,0,0,0,0,0,0,0,0,0,0,0,0,0,0,0,0,0,0,0,0,0,0,0,0,0,0,0,0,0,0,0,0,0,0,0,0,0,0,0,0,0,0,0,0,0,0,0,0,0,0,0,0,0,0,0,0,0,0,0,0,0,0,0,0,0,0,0,0,0,0,0,0,0,0,0,0,0,0,0,0,0,0,0,0,0,0,0,0,0,0,0,0,0,0,0,0,0,0,0,0,0,0,0,0,0,0,0,0,0,0,0,0,0,0,0,0,0,0,0,0,0,0,0,0,0,0,0,0,0,0,0,0,0,0,0,0,0,0,0,0,16,0,0,0,0,0,0,0,0,0,0,0,0,0,0,0,0,0,0,0,0,0,0,0,0,0,0,0,0,0,0,0,0,0,0,0,0,0,0,0,0,0,0,0,0,0,0,0,0,0,16,0,0,0,0,0,0,0,0,0,0
5025184,77,124014,18368,1240,1,0,17198,625,390,2757,18368,527,16,531,2438,504,887,202,363,2848,222,369,603,393,2689,225,1675,787,405,2756,227,369,606,395,2676,227,1341,787,386,2773,232,369,606,394,2670,231,7708,788,389,2771,230,369,604,393,2677,230,752,639,391,2771,230,369,606,387,2677,230,804,674,395,2790,227,369,611,394,829,156,1628,781,392,2762,232,369,604,394,2665,228,1245,738,495,2988,244,448,647,384,2675,226,7711,787,382,2770,231,369,605,393,2673,230,389,0,0,0,0,0,0,0,0,0,0,0,0,0,0,0,0,0,0,0,0,0,0,0,0,0,0,0,0,0,0,0,0,0,0,0,0,0,0,0,0,0,0,0,0,0,0,0,0,0,0,0,0,0,0,0,0,0,0,0,0,0,0,0,0,0,0,0,0,0,0,0,0,0,0,0,0,0,0,0,0,0,0,0,0,0,0,0,0,0,0,0,0,0,0,0,0,0,0,0,0,0,0,0,0,0,0,0,0,0,0,0,0,0,0,0,0,0,0,0,0,0,0,0,0,0,0,0,0,0,0,0,0,0,0,0,0,0,0,0,0,0,0,0,0,0,0,0,0,0,0,0,0,0,0,0,0,0,0,0,0,0,0,0,0,0,0,0,0,0,0,0,0,0,0,0,0,0,0,0,0,0,0,0,0,0,0,0,0,0,0,0,0,0,0,0,0,0,0,0,0,0,0,0,0,0,0,0,0,0,0,0,0,0,0,0,0,0,0,0,0,0,0,0,0,0,0,0,0,0,0,0,0,0,0,0,0,0,0,0,16,0,0,0,0,0,0,0,0,0,0,0,0,0,0,0,0,0,0,0,0,0,0,0,0,0,0,0,0,0,0,0,0,0,0,0,0,0,0,0,0,0,0,0,0,0,0,0,0,0,16,0,0,0,0,0,0,0,0,0,0
5026184,78,125329,18344,1253,1,0,17179,616,383,2761,18344,527,16,531,2433,505,890,202,363,2847,222,369,603,393,2688,225,1676,787,405,2756,227,369,607,395,2674,227,3212,785,391,2773,231,369,604,394,2670,231,7718,788,389,2769,230,369,607,393,2673,230,529,622,381,2759,231,368,607,387,2677,230,806,674,395,946,173,364,612,404,2652,228,1610,774,408,2764,230,371,600,394,2871,265,1239,761,519,2496,699,143,351,431,2434,502,7841,230,368,2876,230,368,598,394,2671,229,750,0,0,0,0,0,0,0,0,0,0,0,0,0,0,0,0,0,0,0,0,0,0,0,0,0,0,0,0,0,0,0,0,0,0,0,0,0,0,0,0,0,0,0,0,0,0,0,0,0,0,0,0,0,0,0,0,0,0,0,0,0,0,0,0,0,0,0,0,0,0,0,0,0,0,0,0,0,0,0,0,0,0,0,0,0,0,0,0,0,0,0,0,0,0,0,0,0,0,0,0,0,0,0,0,0,0,0,0,0,0,0,0,0,0,0,0,0,0,0,0,0,0,0,0,0,0,0,0,0,0,0,0,0,0,0,0,0,0,0,0,0,0,0,0,0,0,0,0,0,0,0,0,0,0,0,0,0,0,0,0,0,0,0,0,0,0,0,0,0,0,0,0,0,0,0,0,0,0,0,0,0,0,0,0,0,0,0,0,0,0,0,0,0,0,0,0,0,0,0,0,0,0,0,0,0,0,0,0,0,0,0,0,0,0,0,0,0,0,0,0,0,0,0,0,0,0,0,0,0,0,0,0,0,0,0,0,0,0,0,16,0,0,0,0,0,0,0,0,0,0,0,0,0,0,0,0,0,0,0,0,0,0,0,0,0,0,0,0,0,0,0,0,0,0,0,0,0,0,0,0,0,0,0,0,0,0,0,0,0,16,0,0,0,0,0,0,0,0,0,0
5027185,79,125698,18307,1256,1,0,17153,644,395,2761,18307,522,16,531,2435,506,889,202,364,2846,232,373,608,396,2684,225,1681,779,587,2906,226,369,756,430,2711,229,1360,783,385,2761,400,410,649,404,2809,227,7723,788,440,2830,231,370,605,394,2674,231,393,613,380,931,326,412,633,403,2806,226,807,675,407,2792,228,369,761,427,2715,231,1629,779,406,2765,278,383,615,383,2842,267,1226,806,486,2957,256,371,665,366,2679,229,7724,786,382,2769,231,370,606,393,2673,230,527,0,0,0,0,0,0,0,0,0,0,0,0,0,0,0,0,0,0,0,0,0,0,0,0,0,0,0,0,0,0,0,0,0,0,0,0,0,0,0,0,0,0,0,0,0,0,0,0,0,0,0,0,0,0,0,0,0,0,0,0,0,0,0,0,0,0,0,0,0,0,0,0,0,0,0,0,0,0,0,0,0,0,0,0,0,0,0,0,0,0,0,0,0,0,0,0,0,0,0,0,0,0,0,0,0,0,0,0,0,0,0,0,0,0,0,0,0,0,0,0,0,0,0,0,0,0,0,0,0,0,0,0,0,0,0,0,0,0,0,0,0,0,0,0,0,0,0,0,0,0,0,0,0,0,0,0,0,0,0,0,0,0,0,0,0,0,0,0,0,0,0,0,0,0,0,0,0,0,0,0,0,0,0,0,0,0,0,0,0,0,0,0,0,0,0,0,0,0,0,0,0,0,0,0,0,0,0,0,0,0,0,0,0,0,0,0,0,0,0,0,0,0,0,0,0,0,0,0,0,0,0,0,0,0,0,0,0,0,0,16,0,0,0,0,0,0,0,0,0,0,0,0,0,0,0,0,0,0,0,0,0,0,0,0,0,0,0,0,0,0,0,0,0,0,0,0,0,0,0,0,0,0,0,0,0,0,0,0,0,16,0,0,0,0,0,0,0,0,0,0
5028184,80,124385,18369,1243,1,0,17120,622,384,2757,18369,527,16,531,2433,505,889,202,364,2848,222,369,603,393,2687,225,1677,785,415,2763,228,368,614,395,2674,227,1429,784,386,2760,241,369,604,394,2670,231,7726,785,400,2775,230,369,755,432,867,170,757,618,394,2735,271,381,624,382,2686,226,808,670,395,2787,228,369,609,394,2678,230,1617,774,411,2764,233,369,599,395,2731,251,1223,761,503,2917,257,371,663,365,2683,228,7727,789,381,2774,232,370,605,393,2673,230,385,0,0,0,0,0,0,0,0,0,0,0,0,0,0,0,0,0,0,0,0,0,0,0,0,0,0,0,0,0,0,0,0,0,0,0,0,0,0,0,0,0,0,0,0,0,0,0,0,0,0,0,0,0,0,0,0,0,0,0,0,0,0,0,0,0,0,0,0,0,0,0,0,0,0,0,0,0,0,0,0,0,0,0,0,0,0,0,0,0,0,0,0,0,0,0,0,0,0,0,0,0,0,0,0,0,0,0,0,0,0,0,0,0,0,0,0,0,0,0,0,0,0,0,0,0,0,0,0,0,0,0,0,0,0,0,0,0,0,0,0,0,0,0,0,0,0,0,0,0,0,0,0,0,0,0,0,0,0,0,0,0,0,0,0,0,0,0,0,0,0,0,0,0,0,0,0,0,0,0,0,0,0,0,0,0,0,0,0,0,0,0,0,0,0,0,0,0,0,0,0,0,0,0,0,0,0,0,0,0,0,0,0,0,0,0,0,0,0,0,0,0,0,0,0,0,0,0,0,0,0,0,0,0,0,0,0,0,0,0,16,0,0,0,0,0,0,0,0,0,0,0,0,0,0,0,0,0,0,0,0,0,0,0,0,0,0,0,0,0,0,0,0,0,0,0,0,0,0,0,0,0,0,0,0,0,0,0,0,0,16,0,0,0,0,0,0,0,0,0,0
5029184,81,406825,291333,4068,1,0,17175,616,383,2760,291333,643,17,589,9291,503,1070,225,371,2804,394,408,660,399,2807,227,1678,782,584,2903,227,369,756,429,2707,229,1509,790,386,2763,401,409,682,415,2746,228,7726,784,400,2777,231,370,611,394,2672,231,537,727,465,2910,265,454,726,383,2690,229,800,661,566,2892,228,369,769,430,871,172,1736,778,399,2762,403,408,650,404,2721,222,1150,691,404,2770,227,369,653,406,2689,227,7725,787,382,2775,233,371,600,394,2674,231,751,0,0,0,0,0,0,0,0,0,0,0,0,0,0,0,0,0,0,0,0,0,0,0,0,0,0,0,0,0,0,0,0,0,0,0,0,0,0,0,0,0,0,0,0,0,0,0,0,0,0,0,0,0,0,0,0,0,0,0,0,0,0,0,0,0,0,0,0,0,0,0,0,0,0,0,0,0,0,0,0,0,0,0,0,0,0,0,0,0,0,0,0,0,0,0,0,0,0,0,0,0,0,0,0,0,0,0,0,0,0,0,0,0,0,0,0,0,0,0,0,0,0,0,0,0,0,0,0,0,0,0,0,0,0,0,0,0,0,0,0,0,0,0,0,0,0,0,0,0,0,0,0,0,0,0,0,0,0,0,0,0,0,0,0,0,0,0,0,0,0,0,0,0,0,0,0,0,0,0,0,0,0,0,0,0,0,0,0,0,0,0,0,0,0,0,0,0,0,0,0,0,0,0,0,0,0,0,0,0,0,0,0,0,0,0,0,0,0,0,0,0,0,0,0,0,0,0,0,0,0,0,0,0,0,0,0,0,0,0,16,0,0,0,0,0,0,0,0,0,0,0,0,0,0,0,0,0,0,0,0,0,0,0,0,0,0,0,0,0,0,0,0,0,0,0,0,0,0,0,0,0,0,0,0,0,0,0,0,0,16,0,0,0,0,0,0,0,0,0,0
5030465,82,814960,696476,8149,2,0,290143,633,395,2772,696476,645,82,642,12430,496,446,666,375,2771,399,416,642,408,2956,227,1677,777,466,2826,227,371,605,394,2670,229,1437,786,385,2762,240,371,602,394,2669,231,7720,785,564,2927,225,371,763,428,872,171,644,654,399,2747,394,413,651,403,2812,231,806,664,573,2894,229,371,659,399,2725,227,1617,767,410,2764,231,370,603,394,2677,226,1147,694,453,3024,248,446,697,484,2840,229,7724,789,382,2770,232,371,604,393,2674,230,753,0,0,0,0,0,0,0,0,0,0,0,0,0,0,0,0,0,0,0,0,0,0,0,0,0,0,0,0,0,0,0,0,0,0,0,0,0,0,0,0,0,0,0,0,0,0,0,0,0,0,0,0,0,0,0,0,0,0,0,0,0,0,0,0,0,0,0,0,0,0,0,0,0,0,0,0,0,0,0,0,0,0,0,0,0,0,0,0,0,0,0,0,0,0,0,0,0,0,0,0,0,0,0,0,0,0,0,0,0,0,0,0,0,0,0,0,0,0,0,0,0,0,0,0,0,0,0,0,0,0,0,0,0,0,0,0,0,0,0,0,0,0,0,0,0,0,0,0,0,0,0,0,0,0,0,0,0,0,0,0,0,0,0,0,0,0,0,0,0,0,0,0,0,0,0,0,0,0,0,0,0,0,0,0,0,0,0,0,0,0,0,0,0,0,0,0,0,0,0,0,0,0,0,0,0,0,0,0,0,0,0,0,0,0,0,0,0,0,0,0,0,0,0,0,0,0,0,0,0,0,0,0,0,0,0,0,0,0,0,16,0,0,0,0,0,0,0,0,0,0,0,0,0,0,0,0,0,0,0,0,0,0,0,0,0,0,0,0,0,0,0,0,0,0,0,0,0,0,0,0,0,0,0,0,0,0,0,0,0,16,0,0,0,0,0,0,0,0,0,0
5032145,83,122950,18267,1229,1,0,695281,634,396,2764,18267,519,16,531,2437,504,886,202,360,2801,234,372,606,386,2735,227,1678,785,405,2761,225,371,601,394,2681,226,1339,787,385,2771,232,371,604,394,825,153,7659,788,388,2771,230,371,606,393,2674,230,391,617,376,2761,231,370,606,387,2677,230,802,664,394,2778,232,372,605,386,2710,228,1616,776,409,2766,230,371,597,394,2681,226,1145,700,499,2429,738,209,454,566,2498,511,7850,230,368,2877,230,370,598,394,2670,229,527,0,0,0,0,0,0,0,0,0,0,0,0,0,0,0,0,0,0,0,0,0,0,0,0,0,0,0,0,0,0,0,0,0,0,0,0,0,0,0,0,0,0,0,0,0,0,0,0,0,0,0,0,0,0,0,0,0,0,0,0,0,0,0,0,0,0,0,0,0,0,0,0,0,0,0,0,0,0,0,0,0,0,0,0,0,0,0,0,0,0,0,0,0,0,0,0,0,0,0,0,0,0,0,0,0,0,0,0,0,0,0,0,0,0,0,0,0,0,0,0,0,0,0,0,0,0,0,0,0,0,0,0,0,0,0,0,0,0,0,0,0,0,0,0,0,0,0,0,0,0,0,0,0,0,0,0,0,0,0,0,0,0,0,0,0,0,0,0,0,0,0,0,0,0,0,0,0,0,0,0,0,0,0,0,0,0,0,0,0,0,0,0,0,0,0,0,0,0,0,0,0,0,0,0,0,0,0,0,0,0,0,0,0,0,0,0,0,0,0,0,0,0,0,0,0,0,0,0,0,0,0,0,0,0,0,0,0,0,0,16,0,0,0,0,0,0,0,0,0,0,0,0,0,0,0,0,0,0,0,0,0,0,0,0,0,0,0,0,0,0,0,0,0,0,0,0,0,0,0,0,0,0,0,0,0,0,0,0,0,16,0,0,0,0,0,0,0,0,0,0
5033144,84,123215,18268,1232,1,0,17079,626,380,2763,18268,520,16,531,2435,504,886,202,360,2799,234,372,606,386,2736,227,1679,784,405,2761,225,371,601,394,2681,226,1340,787,385,938,162,358,596,385,2639,226,7722,787,388,2774,230,371,605,393,2673,230,752,630,387,2762,230,371,605,387,2676,230,802,664,394,2778,232,372,606,386,2708,228,1616,775,411,2769,230,371,597,394,2680,226,1145,700,498,2447,739,208,458,567,2498,510,7853,230,368,2876,230,370,598,394,2671,229,390,0,0,0,0,0,0,0,0,0,0,0,0,0,0,0,0,0,0,0,0,0,0,0,0,0,0,0,0,0,0,0,0,0,0,0,0,0,0,0,0,0,0,0,0,0,0,0,0,0,0,0,0,0,0,0,0,0,0,0,0,0,0,0,0,0,0,0,0,0,0,0,0,0,0,0,0,0,0,0,0,0,0,0,0,0,0,0,0,0,0,0,0,0,0,0,0,0,0,0,0,0,0,0,0,0,0,0,0,0,0,0,0,0,0,0,0,0,0,0,0,0,0,0,0,0,0,0,0,0,0,0,0,0,0,0,0,0,0,0,0,0,0,0,0,0,0,0,0,0,0,0,0,0,0,0,0,0,0,0,0,0,0,0,0,0,0,0,0,0,0,0,0,0,0,0,0,0,0,0,0,0,0,0,0,0,0,0,0,0,0,0,0,0,0,0,0,0,0,0,0,0,0,0,0,0,0,0,0,0,0,0,0,0,0,0,0,0,0,0,0,0,0,0,0,0,0,0,0,0,0,0,0,0,0,0,0,0,0,0,16,0,0,0,0,0,0,0,0,0,0,0,0,0,0,0,0,0,0,0,0,0,0,0,0,0,0,0,0,0,0,0,0,0,0,0,0,0,0,0,0,0,0,0,0,0,0,0,0,0,16,0,0,0,0,0,0,0,0,0,0
5034144,85,126224,18346,1262,1,0,17087,620,379,2759,18346,525,16,531,2438,505,887,202,360,2799,234,372,605,386,2732,230,1678,786,405,2761,227,371,601,394,831,155,1642,789,388,2763,402,412,650,404,2809,227,7727,786,564,2924,226,371,660,404,2684,229,538,616,384,2762,237,372,608,395,2687,231,795,660,401,2774,233,371,617,387,2709,230,1807,788,392,2758,245,371,602,394,2852,227,1147,689,515,2918,266,468,869,511,2871,232,7730,786,382,2768,243,371,601,392,2850,228,748,0,0,0,0,0,0,0,0,0,0,0,0,0,0,0,0,0,0,0,0,0,0,0,0,0,0,0,0,0,0,0,0,0,0,0,0,0,0,0,0,0,0,0,0,0,0,0,0,0,0,0,0,0,0,0,0,0,0,0,0,0,0,0,0,0,0,0,0,0,0,0,0,0,0,0,0,0,0,0,0,0,0,0,0,0,0,0,0,0,0,0,0,0,0,0,0,0,0,0,0,0,0,0,0,0,0,0,0,0,0,0,0,0,0,0,0,0,0,0,0,0,0,0,0,0,0,0,0,0,0,0,0,0,0,0,0,0,0,0,0,0,0,0,0,0,0,0,0,0,0,0,0,0,0,0,0,0,0,0,0,0,0,0,0,0,0,0,0,0,0,0,0,0,0,0,0,0,0,0,0,0,0,0,0,0,0,0,0,0,0,0,0,0,0,0,0,0,0,0,0,0,0,0,0,0,0,0,0,0,0,0,0,0,0,0,0,0,0,0,0,0,0,0,0,0,0,0,0,0,0,0,0,0,0,0,0,0,0,0,16,0,0,0,0,0,0,0,0,0,0,0,0,0,0,0,0,0,0,0,0,0,0,0,0,0,0,0,0,0,0,0,0,0,0,0,0,0,0,0,0,0,0,0,0,0,0,0,0,0,16,0,0,0,0,0,0,0,0,0,0
5035145,86,125039,18217,1250,1,0,17160,633,408,2785,18217,533,16,528,2439,505,956,217,364,2792,244,372,606,392,886,172,1707,790,403,2775,228,369,619,396,2676,228,1344,786,386,2762,402,414,652,408,2685,228,7719,782,400,2773,230,371,613,393,2674,230,558,688,419,2772,399,416,656,404,2809,229,805,663,575,2896,230,371,770,428,2760,226,1805,787,392,2758,289,383,623,385,2685,230,1142,694,511,2433,735,211,464,567,2494,511,7855,230,368,2877,240,370,598,394,2670,229,527,0,0,0,0,0,0,0,0,0,0,0,0,0,0,0,0,0,0,0,0,0,0,0,0,0,0,0,0,0,0,0,0,0,0,0,0,0,0,0,0,0,0,0,0,0,0,0,0,0,0,0,0,0,0,0,0,0,0,0,0,0,0,0,0,0,0,0,0,0,0,0,0,0,0,0,0,0,0,0,0,0,0,0,0,0,0,0,0,0,0,0,0,0,0,0,0,0,0,0,0,0,0,0,0,0,0,0,0,0,0,0,0,0,0,0,0,0,0,0,0,0,0,0,0,0,0,0,0,0,0,0,0,0,0,0,0,0,0,0,0,0,0,0,0,0,0,0,0,0,0,0,0,0,0,0,0,0,0,0,0,0,0,0,0,0,0,0,0,0,0,0,0,0,0,0,0,0,0,0,0,0,0,0,0,0,0,0,0,0,0,0,0,0,0,0,0,0,0,0,0,0,0,0,0,0,0,0,0,0,0,0,0,0,0,0,0,0,0,0,0,0,0,0,0,0,0,0,0,0,0,0,0,0,0,0,0,0,0,0,16,0,0,0,0,0,0,0,0,0,0,0,0,0,0,0,0,0,0,0,0,0,0,0,0,0,0,0,0,0,0,0,0,0,0,0,0,0,0,0,0,0,0,0,0,0,0,0,0,0,16,0,0,0,0,0,0,0,0,0,0
5036144,87,132843,23192,1328,1,0,17035,626,380,2760,23192,515,16,531,2438,507,883,202,361,3004,222,374,604,603,2824,226,1684,962,449,2824,221,548,677,414,832,286,3274,789,390,2995,223,370,597,564,2788,230,7726,968,434,2826,223,546,688,413,2685,395,801,659,401,2823,228,371,603,408,2685,230,798,669,390,2782,228,374,604,407,2696,230,1617,772,411,2770,229,370,601,397,2682,226,1145,698,497,2432,736,215,453,563,2491,512,7854,230,368,2880,228,370,598,397,2669,229,527,0,0,0,0,0,0,0,0,0,0,0,0,0,0,0,0,0,0,0,0,0,0,0,0,0,0,0,0,0,0,0,0,0,0,0,0,0,0,0,0,0,0,0,0,0,0,0,0,0,0,0,0,0,0,0,0,0,0,0,0,0,0,0,0,0,0,0,0,0,0,0,0,0,0,0,0,0,0,0,0,0,0,0,0,0,0,0,0,0,0,0,0,0,0,0,0,0,0,0,0,0,0,0,0,0,0,0,0,0,0,0,0,0,0,0,0,0,0,0,0,0,0,0,0,0,0,0,0,0,0,0,0,0,0,0,0,0,0,0,0,0,0,0,0,0,0,0,0,0,0,0,0,0,0,0,0,0,0,0,0,0,0,0,0,0,0,0,0,0,0,0,0,0,0,0,0,0,0,0,0,0,0,0,0,0,0,0,0,0,0,0,0,0,0,0,0,0,0,0,0,0,0,0,0,0,0,0,0,0,0,0,0,0,0,0,0,0,0,0,0,0,0,0,0,0,0,0,0,0,0,0,0,0,0,0,0,0,0,0,16,0,0,0,0,0,0,0,0,0,0,0,0,0,0,0,0,0,0,0,0,0,0,0,0,0,0,0,0,0,0,0,0,0,0,0,0,0,0,0,0,0,0,0,0,0,0,0,0,0,16,0,0,0,0,0,0,0,0,0,0
5037154,88,123094,18299,1230,1,0,22008,629,378,2761,18299,521,16,531,2438,507,885,202,361,2808,226,372,605,418,2719,225,1685,785,403,923,160,353,615,387,2644,225,1346,787,391,2769,229,370,602,397,2671,230,7728,791,381,2770,229,373,602,393,2670,242,753,632,387,2761,228,370,606,395,2676,230,802,663,383,2783,227,374,604,412,2693,230,1615,772,409,2773,228,371,597,396,2683,226,1145,783,45,2805,54,678,221,480,2764,230,7727,789,381,2772,230,370,604,395,2675,230,385,0,0,0,0,0,0,0,0,0,0,0,0,0,0,0,0,0,0,0,0,0,0,0,0,0,0,0,0,0,0,0,0,0,0,0,0,0,0,0,0,0,0,0,0,0,0,0,0,0,0,0,0,0,0,0,0,0,0,0,0,0,0,0,0,0,0,0,0,0,0,0,0,0,0,0,0,0,0,0,0,0,0,0,0,0,0,0,0,0,0,0,0,0,0,0,0,0,0,0,0,0,0,0,0,0,0,0,0,0,0,0,0,0,0,0,0,0,0,0,0,0,0,0,0,0,0,0,0,0,0,0,0,0,0,0,0,0,0,0,0,0,0,0,0,0,0,0,0,0,0,0,0,0,0,0,0,0,0,0,0,0,0,0,0,0,0,0,0,0,0,0,0,0,0,0,0,0,0,0,0,0,0,0,0,0,0,0,0,0,0,0,0,0,0,0,0,0,0,0,0,0,0,0,0,0,0,0,0,0,0,0,0,0,0,0,0,0,0,0,0,0,0,0,0,0,0,0,0,0,0,0,0,0,0,0,0,0,0,0,16,0,0,0,0,0,0,0,0,0,0,0,0,0,0,0,0,0,0,0,0,0,0,0,0,0,0,0,0,0,0,0,0,0,0,0,0,0,0,0,0,0,0,0,0,0,0,0,0,0,16,0,0,0,0,0,0,0,0,0,0
5038154,89,153265,18210,1532,2,0,17114,621,377,2763,18210,517,16,530,2438,509,8343,236,374,987,164,349,592,451,2732,15357,1856,44,642,2521,499,520,161,350,2670,281,1442,789,391,2767,227,371,604,7919,2972,230,7753,797,377,2767,228,369,603,385,2674,231,525,625,377,2766,228,366,605,387,2675,229,800,666,383,2781,225,371,602,416,2701,229,1616,781,402,2769,226,367,599,393,2676,225,1144,775,17,2830,692,215,455,583,2442,504,7887,235,365,2875,227,366,595,387,2673,229,752,0,0,0,0,0,0,0,0,1,1,1,1,1,1,1,1,1,1,0,0,0,0,0,0,0,0,0,0,0,0,0,0,0,0,0,16,16,16,16,16,16,16,16,16,16,16,16,16,16,16,16,16,16,16,16,16,16,16,16,16,16,16,16,16,16,16,16,16,16,16,16,16,16,16,16,16,16,16,16,16,16,16,16,16,16,16,16,16,16,16,16,16,16,16,16,16,16,16,16,16,0,0,0,0,0,0,0,0,0,1,0,0,0,0,0,0,0,0,1,0,0,0,0,0,0,0,0,0,0,0,0,0,0,0,0,0,16,0,0,0,0,0,0,0,0,0,0,0,0,0,0,0,0,0,0,0,0,0,0,0,0,0,0,0,0,0,0,0,0,0,0,0,0,0,0,0,0,0,0,0,0,0,0,0,0,0,0,0,0,0,0,0,0,0,0,0,0,0,0,0,0,0,0,0,0,0,0,0,0,16,0,0,0,0,0,0,0,0,16,0,0,0,0,0,0,0,0,0,0,0,0,0,0,0,0,0,16,0,0,16,0,0,0,0,0,0,0,0,0,0,0,0,0,0,0,0,0,0,0,0,0,0,0,0,0,0,0,0,0,0,0,0,0,0,0,0,0,0,0,0,0,0,0,0,0,0,0,0,0,16,0,0,0,0,0,0,0,0,0,0
5039155,90,245588,92301,2455,3,0,17031,642,392,2761,18325,521,13,534,555,390,842,200,370,2820,228,367,602,92301,5712,233,1687,783,407,2711,228,543,688,406,2664,234,382,614,381,2914,231,365,590,401,2665,230,7488,955,424,2774,226,380,594,7671,2929,284,538,612,398,880,161,356,577,402,2666,232,800,653,385,2700,227,372,589,391,2653,234,1614,760,410,2865,255,448,704,456,2837,251,1174,699,393,2740,229,372,579,387,9992,229,7490,782,381,2721,229,365,587,390,2651,230,15885,16,16,16,16,16,16,16,16,16,16,16,16,16,16,16,16,16,16,16,16,16,16,16,16,16,16,16,16,16,16,16,16,16,16,16,16,16,16,16,16,16,16,16,16,16,16,0,0,0,0,0,0,0,0,0,0,0,0,0,0,0,0,0,0,0,0,0,0,0,0,0,0,0,0,0,0,0,0,0,0,0,0,0,0,0,0,16,16,16,16,16,16,16,16,16,16,16,16,16,0,0,0,0,0,0,0,0,0,0,0,0,0,0,0,0,0,16,0,0,0,0,0,0,0,0,0,0,0,0,0,0,0,0,0,0,0,0,0,0,0,0,0,0,0,0,0,16,0,0,0,0,0,0,0,0,0,0,0,0,0,0,0,0,0,0,0,0,0,0,0,0,0,0,0,0,0,0,0,0,0,0,0,0,0,0,0,0,16,0,0,0,0,0,0,0,0,0,0,0,16,0,0,0,0,0,0,0,0,0,0,0,0,0,0,0,0,30,0,0,0,0,0,0,0,0,0,0,0,0,0,0,0,0,0,0,0,0,0,0,30,0,0,0,0,0,0,30,0,0,0,0,0,0,0,0,0,0,0,0,0,0,0,0,0,0,0,0,0,0,0,0,0,0,0,0,0,0,0,0,0,0,0,0,0,0,0,0,30,0,30,0,0,0,0,0,0,0,0,0,16
5040250,91,129748,18725,1297,1,0,17141,651,19,2628,18725,256,15,369,2818,386,848,674,388,2723,223,373,589,565,2756,232,1690,776,408,2711,226,437,631,382,2660,230,409,616,399,2710,224,7823,771,381,2662,229,7702,775,374,2706,228,368,585,388,790,149,364,551,405,2686,227,370,591,386,2681,228,800,647,377,2718,226,370,588,388,2657,234,1614,763,404,2876,283,425,689,455,2838,254,1176,705,386,2724,228,364,587,390,2655,230,7702,772,374,2711,228,366,586,386,2651,230,524,0,0,0,0,0,0,0,0,0,0,0,0,0,0,0,0,0,0,0,0,0,0,0,0,0,0,0,0,0,0,0,0,0,16,16,16,16,16,16,16,16,16,16,16,16,16,16,16,16,16,16,16,16,16,16,16,16,16,16,16,16,16,16,16,16,16,16,16,16,16,16,16,16,16,16,16,16,16,16,16,16,16,16,16,16,16,16,16,16,16,16,16,16,16,16,16,16,16,16,16,0,0,0,0,0,0,0,0,0,0,0,0,0,0,0,0,0,0,0,0,0,0,0,0,0,0,0,0,0,0,0,0,0,0,16,0,0,0,0,0,0,0,0,0,0,0,0,0,0,0,0,0,0,0,0,0,0,0,0,0,0,0,0,0,0,0,0,0,0,0,0,0,0,0,0,0,0,0,0,0,0,0,0,0,0,0,0,0,0,0,0,0,0,0,0,0,0,0,0,0,0,0,0,0,0,0,0,0,0,0,0,0,0,0,0,0,0,0,0,0,0,0,0,0,0,0,0,0,0,0,0,0,0,0,16,0,0,0,0,16,0,0,0,0,0,0,0,0,0,0,0,0,0,0,0,0,0,0,0,0,0,0,0,0,0,0,0,0,0,0,0,0,0,0,0,0,0,0,0,0,0,0,0,0,0,0,0,0,0,16,0,0,0,0,0,0,0,0,0,0
5041234,92,143450,18399,1434,2,0,17126,608,379,2707,18399,517,13,516,2459,503,857,194,355,2801,227,15176,752,25,2625,646,1479,494,519,2468,503,489,152,348,2649,234,405,613,397,2708,229,368,590,392,2648,235,7691,775,376,866,156,351,575,395,2570,228,753,610,398,2696,230,373,594,391,2680,230,798,645,374,2711,225,7824,769,380,2661,233,1619,765,409,2714,251,437,671,480,2787,264,1234,706,382,2736,224,370,591,384,2655,234,7673,772,376,2651,229,368,581,386,2647,233,384,16,16,16,16,16,16,16,16,16,16,16,16,16,16,16,16,16,16,16,16,16,16,16,16,16,16,16,16,16,16,16,16,16,16,16,16,16,16,16,16,16,16,16,16,16,16,16,16,16,16,16,16,16,16,16,16,16,16,16,16,16,16,16,16,16,16,16,16,16,16,16,16,16,16,16,16,16,16,16,16,16,16,16,16,16,16,16,16,16,16,16,16,16,16,16,16,16,16,16,16,0,0,0,0,0,0,0,0,0,0,0,0,0,0,16,0,0,0,0,0,0,0,0,0,0,0,0,0,0,0,0,0,0,0,0,0,0,0,0,0,0,0,0,0,0,0,0,0,0,0,0,0,0,0,0,0,0,0,0,0,0,0,0,0,16,0,0,0,0,0,0,0,0,0,0,0,0,0,0,0,0,0,0,0,0,0,0,0,0,0,0,0,0,0,0,0,0,0,0,0,0,0,0,0,0,0,0,0,0,0,0,0,0,0,16,0,0,0,0,0,0,0,0,0,0,0,0,0,0,0,0,0,0,0,0,0,0,0,0,16,0,0,0,0,0,0,0,0,0,0,0,0,0,0,0,0,0,0,0,0,0,0,0,0,16,0,0,0,0,0,0,0,0,0,0,0,0,0,0,0,0,0,0,0,0,0,0,0,0,16,0,0,0,0,0,0,0,0,0,0
